ds,ue_id,metric,yhat,yhat_lower,yhat_upper
2024-01-01 00:00:01,1,jitter_ms,13.59664900141243,-50.00505716254084,74.24082005077256
2024-01-01 00:00:02,1,jitter_ms,13.876224675643716,-48.803026566347086,79.96761841971843
2024-01-01 00:00:03,1,jitter_ms,14.155799977230581,-50.43279982957489,82.08957479926879
2024-01-01 00:00:04,1,jitter_ms,14.435374908307736,-52.768462599781685,75.89692455247184
2024-01-01 00:00:05,1,jitter_ms,14.714949471570161,-56.28316707583162,81.31827502092055
2024-01-01 00:00:06,1,jitter_ms,14.994523675204173,-50.85374552027633,78.26226111084328
2024-01-01 00:00:07,1,jitter_ms,15.274097491084042,-50.76613105384677,87.41288785506954
2024-01-01 00:00:08,1,jitter_ms,15.553670934008803,-54.26617779349987,75.88152707508976
2024-01-01 00:00:09,1,jitter_ms,15.833243994009173,-48.55323406297559,81.8285085921588
2024-01-01 00:00:10,1,jitter_ms,16.112816691374704,-51.44343879120765,79.42094101047148
2024-01-01 00:00:11,1,jitter_ms,16.392388946576176,-51.7488729061305,84.54006690174592
2024-01-01 00:00:12,1,jitter_ms,16.671960819764994,-41.157951356584256,83.923851916058
2024-01-01 00:00:13,1,jitter_ms,16.951532307023946,-54.97833625813538,84.76582914474486
2024-01-01 00:00:14,1,jitter_ms,17.23110341709897,-51.918684848901584,82.53548449621998
2024-01-01 00:00:15,1,jitter_ms,17.510674133970124,-46.867802038702045,83.34831718372799
2024-01-01 00:00:16,1,jitter_ms,17.790244459771774,-48.01214073137164,85.34890734393163
2024-01-01 00:00:17,1,jitter_ms,18.0698143971984,-47.69224362662142,84.39401697533641
2024-01-01 00:00:18,1,jitter_ms,18.34938395443494,-47.923937062254616,87.24347852950885
2024-01-01 00:00:19,1,jitter_ms,18.628953076449562,-47.14031236236592,88.15843523475229
2024-01-01 00:00:20,1,jitter_ms,18.908521804949608,-50.44022378057326,83.76375001739487
2024-01-01 00:00:21,1,jitter_ms,19.188090136018218,-46.681418372231946,81.38290107436832
2024-01-01 00:00:22,1,jitter_ms,19.467658071789316,-45.31439955678793,85.88368432933004
2024-01-01 00:00:23,1,jitter_ms,19.747225602855778,-45.79302574295727,88.93393428331372
2024-01-01 00:00:24,1,jitter_ms,20.02679273135164,-42.20763348870294,88.69482102922765
2024-01-01 00:00:25,1,jitter_ms,20.306359453360358,-47.36212270454141,85.87863756543277
2024-01-01 00:00:26,1,jitter_ms,20.5859257836766,-45.2032413280747,88.57737997461321
2024-01-01 00:00:27,1,jitter_ms,20.865491694182552,-43.1151108701657,87.89435646212024
2024-01-01 00:00:28,1,jitter_ms,21.14505718269418,-42.52562623292239,89.37792799220361
2024-01-01 00:00:29,1,jitter_ms,21.42462226227388,-44.43831462297502,87.87054103130669
2024-01-01 00:00:30,1,jitter_ms,21.704186935055212,-45.26293664795249,89.78442406636277
2024-01-01 00:00:31,1,jitter_ms,21.983751185022086,-36.19728818022548,94.32171410881907
2024-01-01 00:00:32,1,jitter_ms,22.26331502091835,-41.88654981296315,84.29601664046996
2024-01-01 00:00:33,1,jitter_ms,22.542878438827845,-43.684230890777016,89.09998350388665
2024-01-01 00:00:34,1,jitter_ms,22.822441446933652,-36.3158628563666,91.21657638166717
2024-01-01 00:00:35,1,jitter_ms,23.102004023731137,-39.84075037418487,83.76764614239387
2024-01-01 00:00:36,1,jitter_ms,23.381566164397334,-42.27554658236178,89.07183027294613
2024-01-01 00:00:37,1,jitter_ms,23.66112787802267,-46.16443344269922,84.21470273927352
2024-01-01 00:00:38,1,jitter_ms,23.94068917334991,-43.57699928077485,90.8274968952443
2024-01-01 00:00:39,1,jitter_ms,24.22025003436481,-41.52383129426358,89.00388182400309
2024-01-01 00:00:40,1,jitter_ms,24.499810463201,-37.84483327037565,90.09624876606041
2024-01-01 00:00:41,1,jitter_ms,24.77937047244674,-48.48155546615446,90.08532296147553
2024-01-01 00:00:42,1,jitter_ms,25.05893003839666,-41.517567475368374,91.05216255987617
2024-01-01 00:00:43,1,jitter_ms,25.338489169233164,-39.76184109153021,90.04074444701152
2024-01-01 00:00:44,1,jitter_ms,25.61804786324374,-34.99462226034166,89.48622685402717
2024-01-01 00:00:45,1,jitter_ms,25.897605454846286,-38.230990969324125,96.78420937284892
2024-01-01 00:00:46,1,jitter_ms,26.177162602352222,-44.638755916230274,94.47853159182844
2024-01-01 00:00:47,1,jitter_ms,26.456719307894826,-45.95771252908668,90.79092601028889
2024-01-01 00:00:48,1,jitter_ms,26.736275569761702,-34.762915664328425,94.60018905242025
2024-01-01 00:00:49,1,jitter_ms,27.015831396133976,-39.83363062763561,89.1133159793961
2024-01-01 00:00:50,1,jitter_ms,27.29538676330943,-37.397500235852924,91.96311319700312
2024-01-01 00:00:51,1,jitter_ms,27.57494168002949,-37.96859030421933,94.68354426991128
2024-01-01 00:00:52,1,jitter_ms,27.85449614786721,-40.57036715408799,89.85529881643953
2024-01-01 00:00:53,1,jitter_ms,28.13405017556306,-38.62389756425584,94.42958514913755
2024-01-01 00:00:54,1,jitter_ms,28.413603745708485,-37.43096678270829,94.00294306917718
2024-01-01 00:00:55,1,jitter_ms,28.693156860192076,-32.35567526255071,95.79591173925392
2024-01-01 00:00:56,1,jitter_ms,28.972709517301645,-38.86711725854116,94.5507784100001
2024-01-01 00:00:57,1,jitter_ms,29.252261719169944,-37.137857402839536,92.07784946371612
2024-01-01 00:00:58,1,jitter_ms,29.53181345639496,-40.72202125055989,97.36995499948644
2024-01-01 00:00:59,1,jitter_ms,29.811364731109563,-40.95742811578692,89.79706822727597
2024-01-01 00:01:00,1,jitter_ms,30.090915541601685,-34.270342824131625,95.14948905539744
2024-01-01 00:01:01,1,jitter_ms,30.37046589605083,-37.363880043524865,98.12456604965632
2024-01-01 00:01:02,1,jitter_ms,30.6500157707595,-34.19772282116788,100.81262575770337
2024-01-01 00:01:03,1,jitter_ms,30.929565178311883,-33.013980852436354,101.67722183819836
2024-01-01 00:01:04,1,jitter_ms,31.20873424368719,-33.24282247398779,106.30719586881521
2024-01-01 00:01:05,1,jitter_ms,31.487902840124463,-29.92683997567923,97.38075105557172
2024-01-01 00:01:06,1,jitter_ms,31.76707095822298,-35.32010451277838,91.98273693638457
2024-01-01 00:01:07,1,jitter_ms,32.046238600115316,-36.61361074306042,95.66515704206594
2024-01-01 00:01:08,1,jitter_ms,32.32540576408965,-31.315272385306827,100.36957531586238
2024-01-01 00:01:09,1,jitter_ms,32.60457245832434,-32.98084832778811,104.24035928778298
2024-01-01 00:01:10,1,jitter_ms,32.88373866132708,-29.90083843563354,99.23276232936792
2024-01-01 00:01:11,1,jitter_ms,33.16290437907459,-33.481608531686916,95.87618423138801
2024-01-01 00:01:12,1,jitter_ms,33.442069614258955,-31.353160169579535,101.6839249921797
2024-01-01 00:01:13,1,jitter_ms,33.721234369012215,-31.713389241955415,98.93268221667641
2024-01-01 00:01:14,1,jitter_ms,34.00039862732956,-34.828589897245024,96.67890538727939
2024-01-01 00:01:15,1,jitter_ms,34.279562397948666,-29.844917404802214,102.1914014106192
2024-01-01 00:01:16,1,jitter_ms,34.55084849933253,-33.71980756697226,103.399916041546
2024-01-01 00:01:17,1,jitter_ms,34.82213411728196,-32.29076799010128,103.91492257283224
2024-01-01 00:01:18,1,jitter_ms,35.09341923030773,-32.22423012974791,99.77363040130103
2024-01-01 00:01:19,1,jitter_ms,35.364703846587275,-29.94017892884883,98.32851053980785
2024-01-01 00:01:20,1,jitter_ms,35.63598796825247,-31.91326619493358,105.06780368877727
2024-01-01 00:01:21,1,jitter_ms,35.90727158590512,-30.054404837462393,94.8618927079961
2024-01-01 00:01:22,1,jitter_ms,36.17855470167723,-25.907941178332557,100.53824993732029
2024-01-01 00:01:23,1,jitter_ms,36.44983731165601,-28.22426516256782,108.48902879183035
2024-01-01 00:01:24,1,jitter_ms,36.72111943062186,-28.5102855800069,105.43896451844861
2024-01-01 00:01:25,1,jitter_ms,36.99240103048404,-31.856177704019256,108.18686472236055
2024-01-01 00:01:26,1,jitter_ms,37.26368211941909,-30.38958899999286,100.36292135052112
2024-01-01 00:01:27,1,jitter_ms,37.53496270011836,-31.017795030220473,101.83904253369742
2024-01-01 00:01:28,1,jitter_ms,37.80624277471331,-25.024803255096035,103.74447383013946
2024-01-01 00:01:29,1,jitter_ms,38.04456252147632,-31.603473325249425,102.89379189797154
2024-01-01 00:01:30,1,jitter_ms,38.2828817548699,-30.891423645626098,107.6951334264354
2024-01-01 00:01:31,1,jitter_ms,38.52120047098172,-32.250806429214784,99.32558670087569
2024-01-01 00:01:32,1,jitter_ms,38.759518677986705,-26.246871459467954,103.62741858013257
2024-01-01 00:01:33,1,jitter_ms,38.99783634835816,-23.7236490427545,103.96830212179144
2024-01-01 00:01:34,1,jitter_ms,39.23615350235824,-20.464601811206784,101.75583052635264
2024-01-01 00:01:35,1,jitter_ms,39.4744701300315,-26.497539965171722,104.62756016748322
2024-01-01 00:01:36,1,jitter_ms,39.71278624615501,-25.501419779592226,102.91705143135425
2024-01-01 00:01:37,1,jitter_ms,39.95110182264437,-26.806861089490155,108.50484444086933
2024-01-01 00:01:38,1,jitter_ms,40.189416867674275,-27.717046804777347,107.13402452926108
2024-01-01 00:01:39,1,jitter_ms,40.42773138393551,-26.795868399882593,108.19272411483895
2024-01-01 00:01:40,1,jitter_ms,40.66604537355902,-22.715621903083704,112.7370797566807
2024-01-01 00:01:41,1,jitter_ms,40.841605755293465,-22.368042426791202,111.79728712703692
2024-01-01 00:01:42,1,jitter_ms,41.01716560312676,-28.744306092073106,105.07057940482908
2024-01-01 00:01:43,1,jitter_ms,41.19272491314749,-21.519268850192677,104.04916855554875
2024-01-01 00:01:44,1,jitter_ms,41.36828369352868,-26.9659199822041,106.02708912790598
2024-01-01 00:01:45,1,jitter_ms,41.54384192279204,-24.41551178950491,108.05944511047227
2024-01-01 00:01:46,1,jitter_ms,41.7193996091109,-21.489273267318165,111.4345731359872
2024-01-01 00:01:47,1,jitter_ms,41.89495674857424,-21.718459183197265,103.55822342125532
2024-01-01 00:01:48,1,jitter_ms,42.070513349914066,-26.857062834545875,109.92429231632981
2024-01-01 00:01:49,1,jitter_ms,42.246069397135976,-24.017827515912934,107.3930634979725
2024-01-01 00:01:50,1,jitter_ms,42.42162489237097,-25.974551482840976,105.37402894484187
2024-01-01 00:01:51,1,jitter_ms,42.59717983830926,-21.391179202639133,107.6775040831813
2024-01-01 00:01:52,1,jitter_ms,42.77273424092223,-19.38345084679595,115.73497465653645
2024-01-01 00:01:53,1,jitter_ms,42.94828807873504,-26.69549125999215,107.56683906148609
2024-01-01 00:01:54,1,jitter_ms,43.049078649578135,-23.422203720215872,107.73589220385139
2024-01-01 00:01:55,1,jitter_ms,43.14986866208278,-31.901469282489263,110.01255999514451
2024-01-01 00:01:56,1,jitter_ms,43.25065811837936,-23.8226969517998,107.04416758332495
2024-01-01 00:01:57,1,jitter_ms,43.35144700907629,-22.823877901117953,103.1739524138007
2024-01-01 00:01:58,1,jitter_ms,43.4522353363041,-21.369300442771788,109.00347470616983
2024-01-01 00:01:59,1,jitter_ms,43.55302309615274,-22.367076940868024,103.34606353768757
2024-01-01 00:02:00,1,jitter_ms,43.65381030119245,-25.237865805174255,106.85248346958186
2024-01-01 00:02:01,1,jitter_ms,43.75459692775198,-18.375920716479957,110.88688672708368
2024-01-01 00:02:02,1,jitter_ms,43.85538298400202,-22.759285870209403,108.77528445969726
2024-01-01 00:02:03,1,jitter_ms,43.95616847207262,-18.492336803897356,110.57781426689881
2024-01-01 00:02:04,1,jitter_ms,44.05695338257359,-21.987297266478752,105.58895364328393
2024-01-01 00:02:05,1,jitter_ms,44.15773771763514,-24.744288508908745,109.81745724798785
2024-01-01 00:02:06,1,jitter_ms,44.199462891491535,-20.311463538689168,107.18454670894978
2024-01-01 00:02:07,1,jitter_ms,44.24118749636782,-19.377334393817755,110.44931542050405
2024-01-01 00:02:08,1,jitter_ms,44.28291151079587,-19.58170233167755,113.51735158407601
2024-01-01 00:02:09,1,jitter_ms,44.32463494074568,-25.415866583606423,110.20783089835518
2024-01-01 00:02:10,1,jitter_ms,44.366357785066995,-24.18907025656953,110.7510879158894
2024-01-01 00:02:11,1,jitter_ms,44.40808005740789,-20.314980875224286,111.58437548230711
2024-01-01 00:02:12,1,jitter_ms,44.44980173026315,-20.440414942913986,109.03379011765466
2024-01-01 00:02:13,1,jitter_ms,44.49152281620026,-22.50811526327726,118.35737098594714
2024-01-01 00:02:14,1,jitter_ms,44.533243311310265,-21.014596144320933,113.18281426792561
2024-01-01 00:02:15,1,jitter_ms,44.57496321772268,-22.597095486163553,110.45390916113271
2024-01-01 00:02:16,1,jitter_ms,44.61668252604974,-18.09741390325293,110.20451007588734
2024-01-01 00:02:17,1,jitter_ms,44.658401238421156,-24.80075313657871,116.22493524641946
2024-01-01 00:02:18,1,jitter_ms,44.70011935312747,-17.44558397111871,109.63566499505075
2024-01-01 00:02:19,1,jitter_ms,44.71006448468291,-18.474774428933824,110.0522201094965
2024-01-01 00:02:20,1,jitter_ms,44.72000900527779,-18.68620444012468,109.46893130806684
2024-01-01 00:02:21,1,jitter_ms,44.72995292088055,-20.86652227019779,111.39304147700155
2024-01-01 00:02:22,1,jitter_ms,44.73989623417981,-26.69204315356435,110.75045599806593
2024-01-01 00:02:23,1,jitter_ms,44.749838947304575,-18.022872869012875,109.52297395719386
2024-01-01 00:02:24,1,jitter_ms,44.75978104427227,-19.348156687638717,110.02528249578423
2024-01-01 00:02:25,1,jitter_ms,44.76972253380871,-24.296751287073473,112.57754084623357
2024-01-01 00:02:26,1,jitter_ms,44.77966341200594,-21.333193449226105,107.34816894812882
2024-01-01 00:02:27,1,jitter_ms,44.789603687029576,-21.63516076572243,110.09591099327272
2024-01-01 00:02:28,1,jitter_ms,44.799543337420914,-18.183647891239296,105.68080135231632
2024-01-01 00:02:29,1,jitter_ms,44.809482371345894,-20.419451355316077,114.9796368252777
2024-01-01 00:02:30,1,jitter_ms,44.81942078489704,-21.606002960617857,107.68452127230726
2024-01-01 00:02:31,1,jitter_ms,44.82935858679863,-22.18221452792588,109.40296466311692
2024-01-01 00:02:32,1,jitter_ms,44.83929576107079,-23.09179733742054,108.93162837756124
2024-01-01 00:02:33,1,jitter_ms,44.84923085077716,-20.506766856477554,109.46618252552086
2024-01-01 00:02:34,1,jitter_ms,44.85916531767115,-18.98269240687743,115.25079238242495
2024-01-01 00:02:35,1,jitter_ms,44.86909916991678,-18.188350181497995,110.3227166482436
2024-01-01 00:02:36,1,jitter_ms,44.87903237946442,-20.237405037144224,116.22293021377276
2024-01-01 00:02:37,1,jitter_ms,44.88896496107337,-22.345356664329554,112.84437402764755
2024-01-01 00:02:38,1,jitter_ms,44.89889691083671,-25.85872070416963,113.06509237606872
2024-01-01 00:02:39,1,jitter_ms,44.9088282308828,-24.31881355692863,111.19026428252545
2024-01-01 00:02:40,1,jitter_ms,44.918758911829066,-18.96306429082191,110.34828100722862
2024-01-01 00:02:41,1,jitter_ms,44.92868895580403,-21.774317271389595,109.26710942522472
2024-01-01 00:02:42,1,jitter_ms,44.938618370970545,-22.922185512528092,110.36645653306417
2024-01-01 00:02:43,1,jitter_ms,44.948547135877305,-23.395425008368587,114.05693986376909
2024-01-01 00:02:44,1,jitter_ms,44.95847525868747,-23.43404515870223,110.50934870789891
2024-01-01 00:02:45,1,jitter_ms,44.96840273549489,-16.301267934275366,108.11329311290191
2024-01-01 00:02:46,1,jitter_ms,44.978329575020965,-21.461686378706872,109.60998486262493
2024-01-01 00:02:47,1,jitter_ms,44.987974468100845,-20.206420311104882,112.64704411825437
2024-01-01 00:02:48,1,jitter_ms,44.99761871005333,-24.816788116261858,112.78545088740354
2024-01-01 00:02:49,1,jitter_ms,45.00726230356557,-18.563135642430243,110.49512058341908
2024-01-01 00:02:50,1,jitter_ms,45.01690525460117,-17.429336506611296,109.25860506829775
2024-01-01 00:02:51,1,jitter_ms,45.02654754171294,-26.55780826360787,110.85603022049806
2024-01-01 00:02:52,1,jitter_ms,45.03618916702926,-20.258603862055782,113.18330078588058
2024-01-01 00:02:53,1,jitter_ms,45.0458301409087,-24.139206086871695,115.91994350081697
2024-01-01 00:02:54,1,jitter_ms,45.0554704654784,-19.519384069634263,110.33321682611962
2024-01-01 00:02:55,1,jitter_ms,45.06511011929326,-18.939510600537194,113.14043050201226
2024-01-01 00:02:56,1,jitter_ms,45.0747491105141,-15.364250035924869,110.16927946868061
2024-01-01 00:02:57,1,jitter_ms,45.084387435235875,-18.678287680451803,106.82181786876538
2024-01-01 00:02:58,1,jitter_ms,45.094025102177596,-18.38577719692355,107.37788680259754
2024-01-01 00:02:59,1,jitter_ms,45.10366209536944,-17.10980753654905,111.46793120311169
2024-01-01 00:03:00,1,jitter_ms,45.1132984169391,-25.729566953237455,112.71461385833855
2024-01-01 00:03:01,1,jitter_ms,45.12293406957311,-22.201776113790753,112.7531136413795
2024-01-01 00:03:02,1,jitter_ms,45.13256905923326,-16.298485581477266,110.27467868689303
2024-01-01 00:03:03,1,jitter_ms,45.142202913159075,-23.80254238948476,108.79093026580419
2024-01-01 00:03:04,1,jitter_ms,45.151836090829384,-22.723679138743886,113.07501310400298
2024-01-01 00:03:05,1,jitter_ms,45.16146859053672,-23.15590741836273,115.24230819861934
2024-01-01 00:03:06,1,jitter_ms,45.171100414408016,-17.116920291361335,110.14047386954542
2024-01-01 00:03:07,1,jitter_ms,45.18073155306699,-22.20391699990601,111.95523587774572
2024-01-01 00:03:08,1,jitter_ms,45.19036200864079,-17.525894676134268,109.47616106507108
2024-01-01 00:03:09,1,jitter_ms,45.19999177722549,-17.349889960780228,115.94307663717441
2024-01-01 00:03:10,1,jitter_ms,45.20962087137165,-15.420793481134226,112.80487834880385
2024-01-01 00:03:11,1,jitter_ms,45.21924926744603,-25.59841428181223,108.3638025786888
2024-01-01 00:03:12,1,jitter_ms,45.22887697360629,-19.36471827220235,112.43999771689292
2024-01-01 00:03:13,1,jitter_ms,45.23850398814526,-15.567811014642766,117.74219100724262
2024-01-01 00:03:14,1,jitter_ms,45.24813031318949,-21.735900233264946,108.9323118319395
2024-01-01 00:03:15,1,jitter_ms,45.257755939364635,-22.81781038164192,116.25956384635775
2024-01-01 00:03:16,1,jitter_ms,45.2673808687974,-21.297309781014917,108.79916829211776
2024-01-01 00:03:17,1,jitter_ms,45.27700509978085,-26.340507947868918,109.58171513474856
2024-01-01 00:03:18,1,jitter_ms,45.28662864047061,-21.94058012162619,114.76199959567901
2024-01-01 00:03:19,1,jitter_ms,45.29625146723842,-14.040241267800209,112.33954097941357
2024-01-01 00:03:20,1,jitter_ms,45.305873592632494,-20.134644603549788,111.24313114347252
2024-01-01 00:03:21,1,jitter_ms,45.31549501877882,-20.41968088911033,110.09106742525393
2024-01-01 00:03:22,1,jitter_ms,45.325115725211404,-20.933477616090325,109.41916789462326
2024-01-01 00:03:23,1,jitter_ms,45.334735725149976,-22.88477063650837,109.74136508116835
2024-01-01 00:03:24,1,jitter_ms,45.34435501469191,-20.967311970765447,111.04513222081412
2024-01-01 00:03:25,1,jitter_ms,45.35397360199136,-22.507612225713363,111.9031675715033
2024-01-01 00:03:26,1,jitter_ms,45.3635914656201,-20.29231914451802,115.64428698488962
2024-01-01 00:03:27,1,jitter_ms,45.37320861373263,-19.348274823705356,111.23687484274365
2024-01-01 00:03:28,1,jitter_ms,45.38282504242687,-22.698476829048413,110.01680570432433
2024-01-01 00:03:29,1,jitter_ms,45.39244076041543,-16.03448316374288,109.32341054682938
2024-01-01 00:03:30,1,jitter_ms,45.40205575174083,-19.077455585361086,117.02729594991925
2024-01-01 00:03:31,1,jitter_ms,45.41167001852911,-24.114781191579063,113.08404303629544
2024-01-01 00:03:32,1,jitter_ms,45.421283563465025,-22.10142779066954,109.84821412207222
2024-01-01 00:03:33,1,jitter_ms,45.430896394700866,-22.114179875856106,109.33713334539377
2024-01-01 00:03:34,1,jitter_ms,45.44050847820001,-15.239374230190723,109.37084023308053
2024-01-01 00:03:35,1,jitter_ms,45.4501198407552,-19.318100152001385,114.75902488429257
2024-01-01 00:03:36,1,jitter_ms,45.45973047243801,-21.342001860128406,111.71533860523758
2024-01-01 00:03:37,1,jitter_ms,45.469340381400045,-24.11349006600495,106.67513373215466
2024-01-01 00:03:38,1,jitter_ms,45.478949546219894,-23.669619352878968,108.829152589179
2024-01-01 00:03:39,1,jitter_ms,45.48855797504953,-20.502462501091316,114.47158089815777
2024-01-01 00:03:40,1,jitter_ms,45.498165663988104,-20.201227181456442,110.85877291386146
2024-01-01 00:03:41,1,jitter_ms,45.507695725775775,-22.262216307087414,111.23500308751343
2024-01-01 00:03:42,1,jitter_ms,45.51722504042992,-21.698639224418798,110.04324936753149
2024-01-01 00:03:43,1,jitter_ms,45.52675361007589,-22.096789786311245,109.86028016240772
2024-01-01 00:03:44,1,jitter_ms,45.53628143739775,-20.874045462460256,111.51849294396882
2024-01-01 00:03:45,1,jitter_ms,45.545808530545145,-18.561602807997826,111.36448992225588
2024-01-01 00:03:46,1,jitter_ms,45.555334861517245,-23.50638874987561,116.08386329877297
2024-01-01 00:03:47,1,jitter_ms,45.564860445048375,-17.17467719494166,114.29621029231843
2024-01-01 00:03:48,1,jitter_ms,45.57438527723838,-21.751872611873893,108.03057937367352
2024-01-01 00:03:49,1,jitter_ms,45.58390936021175,-20.139757849003395,111.11442158744303
2024-01-01 00:03:50,1,jitter_ms,45.5934326846032,-18.144688519117764,111.17015305259679
2024-01-01 00:03:51,1,jitter_ms,45.60295525253743,-24.553613316937675,114.7580947619007
2024-01-01 00:03:52,1,jitter_ms,45.61247706011487,-18.293569257451036,111.32625885735709
2024-01-01 00:03:53,1,jitter_ms,45.621998122066515,-24.093592166825648,108.99799329475634
2024-01-01 00:03:54,1,jitter_ms,45.63151841039749,-18.38077480757979,113.72245720533103
2024-01-01 00:03:55,1,jitter_ms,45.64103793325636,-22.42320251187209,109.09863330569462
2024-01-01 00:03:56,1,jitter_ms,45.65055669332645,-17.56789349591106,106.64573236976076
2024-01-01 00:03:57,1,jitter_ms,45.66007469273163,-21.419851085656553,119.25434683633118
2024-01-01 00:03:58,1,jitter_ms,45.66959191552659,-16.701369846196165,114.89020664828985
2024-01-01 00:03:59,1,jitter_ms,45.67910837041774,-22.016497275603957,113.74044046375612
2024-01-01 00:04:00,1,jitter_ms,45.688602820896605,-21.988168108465356,112.88221865330524
2024-01-01 00:04:01,1,jitter_ms,45.698096488016404,-22.755614932949435,114.56290195068122
2024-01-01 00:04:02,1,jitter_ms,45.70758937992396,-22.437650694737275,110.39988855596688
2024-01-01 00:04:03,1,jitter_ms,45.71708149491454,-20.497235207116443,113.66490351486858
2024-01-01 00:04:04,1,jitter_ms,45.72657283511175,-20.954122237626304,110.58311353350396
2024-01-01 00:04:05,1,jitter_ms,45.73606339115442,-25.20911070739795,114.36540855799953
2024-01-01 00:04:06,1,jitter_ms,45.74555316516634,-17.71948485112367,113.3225664218134
2024-01-01 00:04:07,1,jitter_ms,45.75504215324955,-21.399893848915017,110.51112551711105
2024-01-01 00:04:08,1,jitter_ms,45.76453036793563,-18.211218416417687,114.59094989534172
2024-01-01 00:04:09,1,jitter_ms,45.774017785628374,-19.189931033341832,106.62900813830484
2024-01-01 00:04:10,1,jitter_ms,45.78350441447274,-22.48636516343493,115.38161746017747
2024-01-01 00:04:11,1,jitter_ms,45.79299024674374,-18.129254615937587,112.83858004482113
2024-01-01 00:04:12,1,jitter_ms,45.80247530262656,-24.738274195140043,110.55969975719519
2024-01-01 00:04:13,1,jitter_ms,45.811959554700195,-19.992785761972925,115.38956129183616
2024-01-01 00:04:14,1,jitter_ms,45.82144301110864,-17.689887535092264,113.1761498892881
2024-01-01 00:04:15,1,jitter_ms,45.830925670147835,-25.64720222480199,113.94709988048487
2024-01-01 00:04:16,1,jitter_ms,45.840407533940606,-24.01146991216858,106.12256797149064
2024-01-01 00:04:17,1,jitter_ms,45.84988859312918,-17.700725493137863,114.46811346446076
2024-01-01 00:04:18,1,jitter_ms,45.85936884983663,-18.253774399682715,109.66019228981803
2024-01-01 00:04:19,1,jitter_ms,45.86884830016627,-18.889595330362518,109.70908799622026
2024-01-01 00:04:20,1,jitter_ms,45.8783269566455,-18.557114408673662,110.87252042825259
2024-01-01 00:04:21,1,jitter_ms,45.88780479568639,-24.828490335433006,116.89979595729011
2024-01-01 00:04:22,1,jitter_ms,45.897281825431044,-19.33323597285845,112.62735934643732
2024-01-01 00:04:23,1,jitter_ms,45.90675804417584,-17.237766085083503,112.25312595231712
2024-01-01 00:04:24,1,jitter_ms,45.91623345404309,-18.06317072437843,108.00153901788067
2024-01-01 00:04:25,1,jitter_ms,45.925708045677325,-15.068565815952473,114.42708369214834
2024-01-01 00:04:26,1,jitter_ms,45.935181821201105,-23.748058684659853,117.93167824753111
2024-01-01 00:04:27,1,jitter_ms,45.944654778911016,-22.295123984311616,115.57146298821516
2024-01-01 00:04:28,1,jitter_ms,45.95412692694683,-23.307832229791224,116.78042253670526
2024-01-01 00:04:29,1,jitter_ms,45.9635982832617,-19.341764049910523,112.74117614133526
2024-01-01 00:04:30,1,jitter_ms,45.97306881884506,-20.729867168347745,108.64537068628714
2024-01-01 00:04:31,1,jitter_ms,45.98253852980139,-17.50024694675,113.9802209416671
2024-01-01 00:04:32,1,jitter_ms,45.99200741825253,-20.509344632049803,121.32194503195818
2024-01-01 00:04:33,1,jitter_ms,46.00147547484534,-22.20754816124354,112.12104526443045
2024-01-01 00:04:34,1,jitter_ms,46.01094270170188,-21.143197904097658,112.81915658936036
2024-01-01 00:04:35,1,jitter_ms,46.020409097119156,-21.078842938642335,112.2274592746514
2024-01-01 00:04:36,1,jitter_ms,46.02987466923498,-18.436780808620913,116.97716433735853
2024-01-01 00:04:37,1,jitter_ms,46.03933939666472,-22.971963454475837,112.50038258860313
2024-01-01 00:04:38,1,jitter_ms,46.04880328535492,-21.3966873553662,111.2723913095842
2024-01-01 00:04:39,1,jitter_ms,46.058266344001964,-18.509989570412458,116.62862332269289
2024-01-01 00:04:40,1,jitter_ms,46.067728556679796,-21.502126502098633,110.07620873508327
2024-01-01 00:04:41,1,jitter_ms,46.07718992551018,-20.56902760148722,111.77892424379945
2024-01-01 00:04:42,1,jitter_ms,46.08665045317357,-22.66470582668462,113.24576826087558
2024-01-01 00:04:43,1,jitter_ms,46.09611014780585,-19.595859453414132,112.93017984510288
2024-01-01 00:04:44,1,jitter_ms,46.10556898145294,-20.037932184742914,108.58086153338097
2024-01-01 00:04:45,1,jitter_ms,46.11502696882545,-19.927244967384866,115.88599982118961
2024-01-01 00:04:46,1,jitter_ms,46.124484106029634,-20.616335869580823,108.94598403316566
2024-01-01 00:04:47,1,jitter_ms,46.1339403951863,-23.883221038485203,112.412285879604
2024-01-01 00:04:48,1,jitter_ms,46.143395826946886,-22.452299441650137,111.55933897936478
2024-01-01 00:04:49,1,jitter_ms,46.15285040343241,-13.357146686584114,108.69006001514177
2024-01-01 00:04:50,1,jitter_ms,46.162304120749795,-19.296303656903817,114.6176551806747
2024-01-01 00:04:51,1,jitter_ms,46.17175699360593,-22.545891731525728,114.05076231428822
2024-01-01 00:04:52,1,jitter_ms,46.181208994053435,-20.952365673746794,105.31241855002176
2024-01-01 00:04:53,1,jitter_ms,46.190660124213835,-16.502497111733202,113.69387648558028
2024-01-01 00:04:54,1,jitter_ms,46.20011039879324,-17.444177658401152,112.4437291420552
2024-01-01 00:04:55,1,jitter_ms,46.20955981991116,-15.998343369551202,113.59016485391562
2024-01-01 00:04:56,1,jitter_ms,46.21900835962391,-20.84965294221235,116.36082909082671
2024-01-01 00:04:57,1,jitter_ms,46.22845603263683,-15.463066164731206,105.26874724632616
2024-01-01 00:04:58,1,jitter_ms,46.23790283505762,-18.78769424499351,116.78313797305678
2024-01-01 00:04:59,1,jitter_ms,46.24734876900624,-21.666225480747837,113.36290430055408
2024-01-01 00:05:00,1,jitter_ms,46.25679382513786,-23.88501852273187,114.34445366551115
2024-01-01 00:05:01,1,jitter_ms,46.26623800557272,-19.50180176631834,110.63355013997483
2024-01-01 00:05:02,1,jitter_ms,46.275681306419145,-21.364505451879676,114.87943825455706
2024-01-01 00:05:03,1,jitter_ms,46.2851237423787,-22.803566057121095,107.94377402205359
2024-01-01 00:05:04,1,jitter_ms,46.29456528551456,-18.602347464485604,112.72548499156305
2024-01-01 00:05:05,1,jitter_ms,46.30400594395825,-21.837268009622917,112.42665523157606
2024-01-01 00:05:06,1,jitter_ms,46.3134457203887,-16.17534714101482,113.41155025613855
2024-01-01 00:05:07,1,jitter_ms,46.32288461692511,-17.55643387089891,113.11062832872254
2024-01-01 00:05:08,1,jitter_ms,46.332322617655514,-14.821929640858931,109.24561282462761
2024-01-01 00:05:09,1,jitter_ms,46.34175973126926,-19.068318923175248,113.45133437741427
2024-01-01 00:05:10,1,jitter_ms,46.3511959538755,-27.434516438283577,110.97980271904883
2024-01-01 00:05:11,1,jitter_ms,46.36063129360302,-21.7282329215089,111.74982355791674
2024-01-01 00:05:12,1,jitter_ms,46.370065729091294,-17.093430437710474,113.82495196442775
2024-01-01 00:05:13,1,jitter_ms,46.37949926846956,-15.739975109223694,113.7838139886616
2024-01-01 00:05:14,1,jitter_ms,46.38893190784766,-19.424035195219574,115.64490362495344
2024-01-01 00:05:15,1,jitter_ms,46.398363659049345,-21.277873890793188,113.12770187364944
2024-01-01 00:05:16,1,jitter_ms,46.40779450302999,-16.100664680157273,115.10468066273349
2024-01-01 00:05:17,1,jitter_ms,46.41722444190887,-18.406086768863968,111.23671847753437
2024-01-01 00:05:18,1,jitter_ms,46.42665348819151,-15.548947307014677,111.10781139161531
2024-01-01 00:05:19,1,jitter_ms,46.43608161833305,-18.796162072619005,110.93901794528203
2024-01-01 00:05:20,1,jitter_ms,46.44550884046088,-19.867861827060096,112.00619481058303
2024-01-01 00:05:21,1,jitter_ms,46.4549351528747,-17.69326950584899,109.07549778567764
2024-01-01 00:05:22,1,jitter_ms,46.46436055769285,-17.238999642969336,110.99043446706928
2024-01-01 00:05:23,1,jitter_ms,46.47378504557791,-21.050497253861483,110.81292221055966
2024-01-01 00:05:24,1,jitter_ms,46.48320861864848,-20.918960823830027,112.49502541323444
2024-01-01 00:05:25,1,jitter_ms,46.49263127520453,-24.435290427120425,111.90984929823169
2024-01-01 00:05:26,1,jitter_ms,46.50205302337078,-24.66787873734582,110.44937717499101
2024-01-01 00:05:27,1,jitter_ms,46.51147383960894,-17.63886951721533,109.3195684847151
2024-01-01 00:05:28,1,jitter_ms,46.52089373642149,-18.259935828573962,112.71201657594857
2024-01-01 00:05:29,1,jitter_ms,46.53031270991998,-19.3076789316602,110.07496275617346
2024-01-01 00:05:30,1,jitter_ms,46.53973076222216,-16.167288208398755,113.1814175917822
2024-01-01 00:05:31,1,jitter_ms,46.54914788399326,-15.795807310478263,114.74627580827811
2024-01-01 00:05:32,1,jitter_ms,46.55856407735129,-14.752211657292575,108.15115370906643
2024-01-01 00:05:33,1,jitter_ms,46.56797934059672,-15.28108112146008,113.64205345734172
2024-01-01 00:05:34,1,jitter_ms,46.5773936818521,-18.7655131041913,111.84876881902335
2024-01-01 00:05:35,1,jitter_ms,46.586807073768725,-19.200743609031246,111.65548459066638
2024-01-01 00:05:36,1,jitter_ms,46.596219536479595,-19.508484940359317,110.05564518345868
2024-01-01 00:05:37,1,jitter_ms,46.60563106228033,-15.146440391210673,117.44052106869975
2024-01-01 00:05:38,1,jitter_ms,46.61504165929237,-20.265304347377693,114.3209751073782
2024-01-01 00:05:39,1,jitter_ms,46.62445130398707,-23.457156566155327,115.13083316185437
2024-01-01 00:05:40,1,jitter_ms,46.633860008862044,-18.98968353431101,117.4475381027637
2024-01-01 00:05:41,1,jitter_ms,46.64326777003038,-20.671045229679784,111.52022300152574
2024-01-01 00:05:42,1,jitter_ms,46.652674589608914,-18.278558615067034,111.929279150855
2024-01-01 00:05:43,1,jitter_ms,46.66208045826696,-23.174250860605863,114.54098222740667
2024-01-01 00:05:44,1,jitter_ms,46.67148537812166,-25.399421198938324,114.99597708303588
2024-01-01 00:05:45,1,jitter_ms,46.68088934747421,-20.45946871758968,113.3454369816543
2024-01-01 00:05:46,1,jitter_ms,46.690292374443814,-19.15738957533092,114.69411115356856
2024-01-01 00:05:47,1,jitter_ms,46.699694437695676,-22.32132276109548,113.26160821687934
2024-01-01 00:05:48,1,jitter_ms,46.709095543162235,-19.74134536360635,114.87209350566529
2024-01-01 00:05:49,1,jitter_ms,46.718495693519486,-18.348107601810483,113.33530209121587
2024-01-01 00:05:50,1,jitter_ms,46.72789489088348,-15.251743582990988,113.4410848498299
2024-01-01 00:05:51,1,jitter_ms,46.73729311936502,-21.618855853221323,117.41168573695604
2024-01-01 00:05:52,1,jitter_ms,46.74669038764188,-20.15686683309536,113.68964189274084
2024-01-01 00:05:53,1,jitter_ms,46.75608669182873,-19.859457537626653,113.83780386209774
2024-01-01 00:05:54,1,jitter_ms,46.76548204004246,-17.7136291097767,116.65208211683776
2024-01-01 00:05:55,1,jitter_ms,46.774876410954406,-21.53163149932879,107.08970817362292
2024-01-01 00:05:56,1,jitter_ms,46.78426981268196,-17.139968483008637,110.44549025099438
2024-01-01 00:05:57,1,jitter_ms,46.79366224134051,-25.56184761930075,113.30231794865014
2024-01-01 00:05:58,1,jitter_ms,46.80305370560553,-16.453570218472024,112.82472875537626
2024-01-01 00:05:59,1,jitter_ms,46.81244418959205,-13.6564962272242,111.15522033618956
2024-01-01 00:06:00,1,jitter_ms,46.82183369541619,-20.058919079897677,113.9200191588803
2024-01-01 00:06:01,1,jitter_ms,46.831222237752016,-21.14947962067109,109.28526124018383
2024-01-01 00:06:02,1,jitter_ms,46.84060978871711,-21.194971416741513,109.64792336340848
2024-01-01 00:06:03,1,jitter_ms,46.84999635642704,-15.647942381926715,113.21910680017294
2024-01-01 00:06:04,1,jitter_ms,46.85938194355673,-19.69561864267631,115.63479029962538
2024-01-01 00:06:05,1,jitter_ms,46.868766552221075,-20.56683222327008,115.95766771049179
2024-01-01 00:06:06,1,jitter_ms,46.87815016653923,-15.564911085113136,115.85571093486831
2024-01-01 00:06:07,1,jitter_ms,46.88753279518476,-20.826443359856256,114.45265268852191
2024-01-01 00:06:08,1,jitter_ms,46.89691443427432,-15.63436927953911,108.15125972528449
2024-01-01 00:06:09,1,jitter_ms,46.90629509192047,-19.369223638103545,109.08734777693728
2024-01-01 00:06:10,1,jitter_ms,46.91567474680624,-23.20208702719863,112.86736703257971
2024-01-01 00:06:11,1,jitter_ms,46.925053451802825,-16.70875625108579,117.32771714166604
2024-01-01 00:06:12,1,jitter_ms,46.9344311522724,-17.983150406686754,113.80794766763705
2024-01-01 00:06:13,1,jitter_ms,46.94380787487745,-17.856082265802147,118.3619548999608
2024-01-01 00:06:14,1,jitter_ms,46.95318358575019,-16.594547036668157,113.50769243391892
2024-01-01 00:06:15,1,jitter_ms,46.96255829300266,-12.85994696240412,115.23142474650311
2024-01-01 00:06:16,1,jitter_ms,46.97193199930893,-15.347248760756873,109.7160119872987
2024-01-01 00:06:17,1,jitter_ms,46.981304706782936,-19.93219952765201,110.02544648762553
2024-01-01 00:06:18,1,jitter_ms,46.99067639955071,-16.63736631374885,115.61498529470944
2024-01-01 00:06:19,1,jitter_ms,47.00004708628232,-20.749626785823587,113.93415733339961
2024-01-01 00:06:20,1,jitter_ms,47.00941676309611,-23.178716421712323,112.6671377385115
2024-01-01 00:06:21,1,jitter_ms,47.01878543810102,-12.911288033733358,115.68274595562461
2024-01-01 00:06:22,1,jitter_ms,47.02815308998972,-22.934961846474124,115.76589647813135
2024-01-01 00:06:23,1,jitter_ms,47.03751972687168,-19.093606210895953,115.05798526806426
2024-01-01 00:06:24,1,jitter_ms,47.04688534486598,-17.728096865745503,118.78434189596256
2024-01-01 00:06:25,1,jitter_ms,47.0562499526403,-19.765801131927795,113.52600637540412
2024-01-01 00:06:26,1,jitter_ms,47.0656135343251,-19.482635780855233,118.17811392487292
2024-01-01 00:06:27,1,jitter_ms,47.07497609203436,-18.64868318784196,115.87692447348589
2024-01-01 00:06:28,1,jitter_ms,47.08433762844129,-20.0938401755017,113.10906051492988
2024-01-01 00:06:29,1,jitter_ms,47.093698149467826,-21.424633088468354,111.29176994135723
2024-01-01 00:06:30,1,jitter_ms,47.103057633813165,-17.045218215099027,112.45908339239728
2024-01-01 00:06:31,1,jitter_ms,47.11241608958432,-22.1971277127246,109.4061174304645
2024-01-01 00:06:32,1,jitter_ms,47.121773515085685,-17.865931299139593,115.2389890298918
2024-01-01 00:06:33,1,jitter_ms,47.1311299124301,-19.73771123506367,116.50557927116577
2024-01-01 00:06:34,1,jitter_ms,47.14048527230517,-15.769797301541688,112.44191028965734
2024-01-01 00:06:35,1,jitter_ms,47.149839596824044,-17.24714798588928,112.17684452702733
2024-01-01 00:06:36,1,jitter_ms,47.159192882107504,-16.120475549761128,113.07719579692377
2024-01-01 00:06:37,1,jitter_ms,47.16854514062744,-16.52162107790346,112.83843344496162
2024-01-01 00:06:38,1,jitter_ms,47.17789634890566,-22.339155057675296,107.71822935835844
2024-01-01 00:06:39,1,jitter_ms,47.187246515046795,-22.718373307713296,112.42458835791635
2024-01-01 00:06:40,1,jitter_ms,47.19659564116306,-19.27483831077766,114.3744634305895
2024-01-01 00:06:41,1,jitter_ms,47.20594371794474,-14.416352623576026,116.32639705989598
2024-01-01 00:06:42,1,jitter_ms,47.21529074750438,-21.866150564575953,116.60238993434616
2024-01-01 00:06:43,1,jitter_ms,47.22463672814715,-18.806242292607028,110.7576395737932
2024-01-01 00:06:44,1,jitter_ms,47.23398166797493,-12.311814678224822,114.69388154458768
2024-01-01 00:06:45,1,jitter_ms,47.24332554569935,-21.127750779061888,112.74846097230706
2024-01-01 00:06:46,1,jitter_ms,47.25266836723969,-17.834899518781096,112.41258700618508
2024-01-01 00:06:47,1,jitter_ms,47.26201013526776,-19.157853584337126,114.03347269298828
2024-01-01 00:06:48,1,jitter_ms,47.27135085189491,-17.87122977799244,111.44680967768915
2024-01-01 00:06:49,1,jitter_ms,47.28069050126548,-18.62920790914478,112.71284417987629
2024-01-01 00:06:50,1,jitter_ms,47.29002909204036,-21.136347382691824,111.39561260087537
2024-01-01 00:06:51,1,jitter_ms,47.29936662034228,-20.931698242884405,116.54109972085836
2024-01-01 00:06:52,1,jitter_ms,47.308703094270626,-18.78414687321349,111.16323130686057
2024-01-01 00:06:53,1,jitter_ms,47.318038492543764,-18.99036758502767,112.76335142512154
2024-01-01 00:06:54,1,jitter_ms,47.327372817273954,-22.547689144053184,116.83796507092926
2024-01-01 00:06:55,1,jitter_ms,47.33670607874278,-14.720890847369803,113.85447646744453
2024-01-01 00:06:56,1,jitter_ms,47.34603827906045,-20.286811868577196,115.29544288727237
2024-01-01 00:06:57,1,jitter_ms,47.35536939694877,-19.704393761142438,115.83390970764097
2024-01-01 00:06:58,1,jitter_ms,47.36469943832412,-22.07122510195357,114.72383923712952
2024-01-01 00:06:59,1,jitter_ms,47.374028405857416,-17.484722909064473,116.80991566177994
2024-01-01 00:07:00,1,jitter_ms,47.38335630165897,-18.524992916629618,108.81080795881358
2024-01-01 00:07:01,1,jitter_ms,47.392683109880494,-21.147886116604464,118.2786709937983
2024-01-01 00:07:02,1,jitter_ms,47.40200883917916,-20.245165589279026,116.5157865236126
2024-01-01 00:07:03,1,jitter_ms,47.41133348567948,-18.854646946667557,114.23240276067392
2024-01-01 00:07:04,1,jitter_ms,47.42065705747699,-21.418421011585085,117.6828673115617
2024-01-01 00:07:05,1,jitter_ms,47.42997953330038,-16.017907805963947,116.18076578959338
2024-01-01 00:07:06,1,jitter_ms,47.43930092124577,-20.38193734798693,113.50894176069919
2024-01-01 00:07:07,1,jitter_ms,47.448758256868075,-19.25976460278756,111.1920357028507
2024-01-01 00:07:08,1,jitter_ms,47.45821450939228,-17.956743813523676,112.34887902402009
2024-01-01 00:07:09,1,jitter_ms,47.46766966297483,-20.114566212456843,116.30179573643635
2024-01-01 00:07:10,1,jitter_ms,47.47712371972612,-23.66019049104209,112.85330609927459
2024-01-01 00:07:11,1,jitter_ms,47.48657668231617,-17.20494125325932,110.69956710485755
2024-01-01 00:07:12,1,jitter_ms,47.49602855883763,-19.361723908612493,112.47741322510906
2024-01-01 00:07:13,1,jitter_ms,47.505479321482646,-15.975441212236714,115.07403098767531
2024-01-01 00:07:14,1,jitter_ms,47.51492898488828,-19.60672702606051,115.54868157390975
2024-01-01 00:07:15,1,jitter_ms,47.524377545180855,-17.617030325058188,118.06073310230522
2024-01-01 00:07:16,1,jitter_ms,47.53382500446952,-19.20620693151651,115.78745351084048
2024-01-01 00:07:17,1,jitter_ms,47.543271353458664,-17.4916622224532,110.47163664929494
2024-01-01 00:07:18,1,jitter_ms,47.55271659425776,-21.130811667934054,115.52827762300033
2024-01-01 00:07:19,1,jitter_ms,47.56216073495744,-15.708567130328044,112.75732666747639
2024-01-01 00:07:20,1,jitter_ms,47.57160375429957,-19.974992963400158,110.98270048845339
2024-01-01 00:07:21,1,jitter_ms,47.58104566037536,-18.19558671723222,115.74203477140487
2024-01-01 00:07:22,1,jitter_ms,47.59048644931241,-16.267256428670546,113.43838976550282
2024-01-01 00:07:23,1,jitter_ms,47.59992612976055,-11.74986133245286,111.85931627898555
2024-01-01 00:07:24,1,jitter_ms,47.60936468588572,-23.39439606892314,112.9876644410981
2024-01-01 00:07:25,1,jitter_ms,47.61880211979701,-16.964715373732815,111.80631825793446
2024-01-01 00:07:26,1,jitter_ms,47.62823843416324,-18.60002680327014,115.13679207482028
2024-01-01 00:07:27,1,jitter_ms,47.6376736348921,-23.199348558991154,109.44938379855014
2024-01-01 00:07:28,1,jitter_ms,47.64710770073263,-13.986561336659431,111.80573633385575
2024-01-01 00:07:29,1,jitter_ms,47.65654063977338,-21.554360015361215,116.03424356302382
2024-01-01 00:07:30,1,jitter_ms,47.665972450323,-20.631207778554934,110.98797262937234
2024-01-01 00:07:31,1,jitter_ms,47.67540313448929,-15.560734492378316,116.78892792160063
2024-01-01 00:07:32,1,jitter_ms,47.68483268298279,-19.037177609719368,113.97261911891326
2024-01-01 00:07:33,1,jitter_ms,47.69426109791161,-24.24161731801911,113.37706600009905
2024-01-01 00:07:34,1,jitter_ms,47.70368837540525,-20.985538695311934,116.95473671921296
2024-01-01 00:07:35,1,jitter_ms,47.71311452790805,-15.821491031446573,113.53963675114505
2024-01-01 00:07:36,1,jitter_ms,47.72253952819848,-18.73813838046507,114.36463423510774
2024-01-01 00:07:37,1,jitter_ms,47.731963389779764,-22.532307902594543,110.23875970692629
2024-01-01 00:07:38,1,jitter_ms,47.74138611152139,-18.11735816425506,115.11073360310832
2024-01-01 00:07:39,1,jitter_ms,47.75080769932792,-12.777669299605764,114.0116069717495
2024-01-01 00:07:40,1,jitter_ms,47.760228131959295,-19.117028932498854,113.51462081832122
2024-01-01 00:07:41,1,jitter_ms,47.76964741750001,-15.498689889212923,116.27967102473613
2024-01-01 00:07:42,1,jitter_ms,47.77906555425967,-20.723620921581738,110.042529164447
2024-01-01 00:07:43,1,jitter_ms,47.788482544344994,-14.652823788601832,110.73396630502025
2024-01-01 00:07:44,1,jitter_ms,47.79789837847149,-15.919134208624817,112.82113646829777
2024-01-01 00:07:45,1,jitter_ms,47.8073130587462,-22.67616655090586,113.26055127703785
2024-01-01 00:07:46,1,jitter_ms,47.816726581300514,-22.457848995572604,108.34541756087779
2024-01-01 00:07:47,1,jitter_ms,47.826138958572784,-21.903883449730905,116.74748275943175
2024-01-01 00:07:48,1,jitter_ms,47.835550167151666,-17.62728923269281,115.11522210681308
2024-01-01 00:07:49,1,jitter_ms,47.84496021511894,-25.045592913211035,111.28645194465753
2024-01-01 00:07:50,1,jitter_ms,47.85436910078483,-20.05997301636583,111.17015552869077
2024-01-01 00:07:51,1,jitter_ms,47.86377682625532,-16.90586753293854,108.44114371604262
2024-01-01 00:07:52,1,jitter_ms,47.87318338224932,-18.253782343183467,121.0893465542591
2024-01-01 00:07:53,1,jitter_ms,47.88258877087313,-21.264197539698273,111.57780402237002
2024-01-01 00:07:54,1,jitter_ms,47.89199299043731,-19.99966221864959,115.77709129476766
2024-01-01 00:07:55,1,jitter_ms,47.90139604902026,-17.452118548513766,115.40046249631598
2024-01-01 00:07:56,1,jitter_ms,47.91079792321902,-19.068813848848826,114.302834437168
2024-01-01 00:07:57,1,jitter_ms,47.92019862546813,-20.57044340816981,113.79690567965942
2024-01-01 00:07:58,1,jitter_ms,47.92959815787269,-18.11630442939316,117.92568372016174
2024-01-01 00:07:59,1,jitter_ms,47.93899650462184,-15.746012813329548,113.86061877865238
2024-01-01 00:08:00,1,jitter_ms,47.94839367435399,-19.272642653133342,117.42112160577736
2024-01-01 00:08:01,1,jitter_ms,47.957789663202675,-15.780800907511399,116.16297281748471
2024-01-01 00:08:02,1,jitter_ms,47.96718447924384,-15.487247180602195,115.32199300436693
2024-01-01 00:08:03,1,jitter_ms,47.980519263208876,-18.803038364224257,110.52364704642757
2024-01-01 00:08:04,1,jitter_ms,47.993852861224305,-19.033116669468306,109.6478590412814
2024-01-01 00:08:05,1,jitter_ms,48.00718526942458,-19.950749223770433,117.77011308477337
2024-01-01 00:08:06,1,jitter_ms,48.020516496445296,-16.396219750719922,117.96306885264774
2024-01-01 00:08:07,1,jitter_ms,48.0338465264808,-13.133082522821871,111.46471815159597
2024-01-01 00:08:08,1,jitter_ms,48.04717536163621,-17.746289293005916,114.17227124911886
2024-01-01 00:08:09,1,jitter_ms,48.060503004576944,-16.038957293096217,114.15113898416276
2024-01-01 00:08:10,1,jitter_ms,48.07382946337589,-20.265020148103748,113.83995542892518
2024-01-01 00:08:11,1,jitter_ms,48.087154710292175,-17.6282745918972,117.85691291835114
2024-01-01 00:08:12,1,jitter_ms,48.10047875992937,-16.745131336421668,119.10302742304228
2024-01-01 00:08:13,1,jitter_ms,48.11380160245483,-21.468422342817203,119.17964507396071
2024-01-01 00:08:14,1,jitter_ms,48.12712325787679,-20.670026344780844,118.65208671032373
2024-01-01 00:08:15,1,jitter_ms,48.140443699019684,-19.094373301769192,110.23455174681051
2024-01-01 00:08:16,1,jitter_ms,48.15376293395579,-23.207712340092026,119.08105406696832
2024-01-01 00:08:17,1,jitter_ms,48.16708095882153,-15.393583294010824,114.47652513241812
2024-01-01 00:08:18,1,jitter_ms,48.18039778224842,-20.54640859788792,111.85530526811092
2024-01-01 00:08:19,1,jitter_ms,48.19371338843899,-18.21266968293457,119.00825784147601
2024-01-01 00:08:20,1,jitter_ms,48.20702777949725,-16.49342697984612,116.18273917079564
2024-01-01 00:08:21,1,jitter_ms,48.22034095808764,-22.74733653406503,109.91616074062318
2024-01-01 00:08:22,1,jitter_ms,48.2336529322787,-14.577801885378681,113.63330115130256
2024-01-01 00:08:23,1,jitter_ms,48.24696367434417,-16.298721885119786,112.0235522037937
2024-01-01 00:08:24,1,jitter_ms,48.26027319888034,-19.645539934532678,113.25266459985875
2024-01-01 00:08:25,1,jitter_ms,48.2735815020247,-19.676417811043663,111.2814761228819
2024-01-01 00:08:26,1,jitter_ms,48.28688858587986,-19.966306581274676,112.6626076802273
2024-01-01 00:08:27,1,jitter_ms,48.30019444118004,-19.6037816163708,113.5675475241605
2024-01-01 00:08:28,1,jitter_ms,48.31349907002824,-16.40341263565581,112.0217561872168
2024-01-01 00:08:29,1,jitter_ms,48.326802468562875,-19.932405079174877,113.67520017244584
2024-01-01 00:08:30,1,jitter_ms,48.340104651374915,-17.937762587569864,117.41998155849723
2024-01-01 00:08:31,1,jitter_ms,48.35340559074772,-20.390019847453093,118.68850447248467
2024-01-01 00:08:32,1,jitter_ms,48.36670529474803,-21.8179728667518,113.9882406123693
2024-01-01 00:08:33,1,jitter_ms,48.38000376603931,-19.44975434861394,119.0606711008601
2024-01-01 00:08:34,1,jitter_ms,48.39330100672312,-20.607926365629986,110.63709571485627
2024-01-01 00:08:35,1,jitter_ms,48.406597001013466,-18.289002277414824,113.13061530353771
2024-01-01 00:08:36,1,jitter_ms,48.4198917575364,-18.432148694767466,115.76483205529841
2024-01-01 00:08:37,1,jitter_ms,48.43318528218059,-15.736850121306638,118.69364111249143
2024-01-01 00:08:38,1,jitter_ms,48.44647755376144,-11.199422200934832,110.59757017791918
2024-01-01 00:08:39,1,jitter_ms,48.45976858034288,-20.053251844387866,111.71351562561075
2024-01-01 00:08:40,1,jitter_ms,48.473058360239285,-16.55143254826305,117.12257869059911
2024-01-01 00:08:41,1,jitter_ms,48.48634689555183,-20.31379787782026,118.86281677789862
2024-01-01 00:08:42,1,jitter_ms,48.49963417702151,-16.027620991740367,114.78939073908003
2024-01-01 00:08:43,1,jitter_ms,48.51292020674984,-22.855712361836872,118.42449521257004
2024-01-01 00:08:44,1,jitter_ms,48.52620498087779,-17.397780549086264,114.52509119934132
2024-01-01 00:08:45,1,jitter_ms,48.53948851181332,-13.93058412257127,117.88787257816544
2024-01-01 00:08:46,1,jitter_ms,48.552770776205946,-16.998926443774188,116.70907624703815
2024-01-01 00:08:47,1,jitter_ms,48.56605178211665,-16.34587865486817,117.26033505543562
2024-01-01 00:08:48,1,jitter_ms,48.57933152786052,-24.60077200321253,110.29090779887794
2024-01-01 00:08:49,1,jitter_ms,48.5926100155379,-19.698955123728677,115.34183631831418
2024-01-01 00:08:50,1,jitter_ms,48.605887235893476,-16.319885461586576,112.81515345773889
2024-01-01 00:08:51,1,jitter_ms,48.61916319102798,-20.719621558937316,114.38823885169839
2024-01-01 00:08:52,1,jitter_ms,48.63243787925681,-19.999860005713728,111.3640163328601
2024-01-01 00:08:53,1,jitter_ms,48.645711308637324,-17.602051141728666,114.2381354176358
2024-01-01 00:08:54,1,jitter_ms,48.65898345582811,-19.77745798521877,115.5629132453594
2024-01-01 00:08:55,1,jitter_ms,48.67225432944896,-20.704972449251837,119.38671294588376
2024-01-01 00:08:56,1,jitter_ms,48.68552393103824,-14.430629224202354,121.5782198515467
2024-01-01 00:08:57,1,jitter_ms,48.69879226921307,-19.015989430154328,112.27846336517182
2024-01-01 00:08:58,1,jitter_ms,48.712059320636214,-19.48428472332112,117.62300875911679
2024-01-01 00:08:59,1,jitter_ms,48.729942667688064,-19.522915299108167,113.28788605890351
2024-01-01 00:09:00,1,jitter_ms,48.74782473436083,-15.556402207675758,116.02785558250135
2024-01-01 00:09:01,1,jitter_ms,48.76570552275362,-12.201925435736683,114.35670415107302
2024-01-01 00:09:02,1,jitter_ms,48.78358502361672,-14.419471111763771,111.3085762951908
2024-01-01 00:09:03,1,jitter_ms,48.80146323904966,-15.461915009086498,117.07959327402594
2024-01-01 00:09:04,1,jitter_ms,48.81934016736889,-16.317817333951044,116.43612385571879
2024-01-01 00:09:05,1,jitter_ms,48.83721581662721,-14.718468989843757,115.0455791161677
2024-01-01 00:09:06,1,jitter_ms,48.85509016349654,-18.38101851704266,117.0599230893842
2024-01-01 00:09:07,1,jitter_ms,48.872963220374096,-20.443216741084957,116.85119508136096
2024-01-01 00:09:08,1,jitter_ms,48.89083498340478,-13.39870482626517,117.24143993119333
2024-01-01 00:09:09,1,jitter_ms,48.90870545468688,-17.05465337068925,114.94983180974272
2024-01-01 00:09:10,1,jitter_ms,48.92657462497451,-17.007814077696363,115.34503072598541
2024-01-01 00:09:11,1,jitter_ms,48.94444249636632,-15.446698435505375,113.53728021235787
2024-01-01 00:09:12,1,jitter_ms,48.96230906717953,-18.889119959467795,114.9630702262233
2024-01-01 00:09:13,1,jitter_ms,48.98017434546381,-18.25784048482126,113.43601343003348
2024-01-01 00:09:14,1,jitter_ms,48.998038310071266,-18.55880653348298,114.24945613750411
2024-01-01 00:09:15,1,jitter_ms,49.015900966881205,-16.700968881041156,120.02080749089662
2024-01-01 00:09:16,1,jitter_ms,49.03376232450432,-19.293205434122722,112.47722424194717
2024-01-01 00:09:17,1,jitter_ms,49.05162236718493,-18.727696241130527,109.27236144908419
2024-01-01 00:09:18,1,jitter_ms,49.06948109702123,-17.348859099304928,108.65779174589363
2024-01-01 00:09:19,1,jitter_ms,49.08733851667271,-20.37928436777688,113.51525036579118
2024-01-01 00:09:20,1,jitter_ms,49.105194634186084,-19.906008979727147,117.40540310178811
2024-01-01 00:09:21,1,jitter_ms,49.123049421908945,-16.87436260994637,116.06240481397776
2024-01-01 00:09:22,1,jitter_ms,49.14090289440077,-23.48323673169233,115.57818456166731
2024-01-01 00:09:23,1,jitter_ms,49.158755047809144,-17.173228253843345,113.37384445026959
2024-01-01 00:09:24,1,jitter_ms,49.17660588423078,-16.71211499568495,118.31345919070021
2024-01-01 00:09:25,1,jitter_ms,49.194455394426996,-19.514189975997233,119.33020503299512
2024-01-01 00:09:26,1,jitter_ms,49.21230358049489,-17.135921848867255,109.7415466695527
2024-01-01 00:09:27,1,jitter_ms,49.23015043858305,-12.001183620617013,117.91200724819747
2024-01-01 00:09:28,1,jitter_ms,49.24799598324523,-17.680121053000498,116.65659210618244
2024-01-01 00:09:29,1,jitter_ms,49.26584018683943,-14.921634432334857,119.90334293318648
2024-01-01 00:09:30,1,jitter_ms,49.283683057410386,-18.67009891591944,109.95885386807916
2024-01-01 00:09:31,1,jitter_ms,49.30152459761655,-21.898109542254627,111.00618656401716
2024-01-01 00:09:32,1,jitter_ms,49.319364809553534,-17.991296680632395,114.56078169302017
2024-01-01 00:09:33,1,jitter_ms,49.33720367747796,-15.826336764073176,115.39566786241745
2024-01-01 00:09:34,1,jitter_ms,49.35504120999467,-12.929143066706114,115.7938252668962
2024-01-01 00:09:35,1,jitter_ms,49.372877403253426,-15.071684222359048,115.31037559975933
2024-01-01 00:09:36,1,jitter_ms,49.390712265294894,-14.126196649660587,112.20757346005043
2024-01-01 00:09:37,1,jitter_ms,49.40854576905062,-18.09391869119204,116.0260762192716
2024-01-01 00:09:38,1,jitter_ms,49.42637793445208,-20.910226143614874,114.68670834385534
2024-01-01 00:09:39,1,jitter_ms,49.44420875170482,-17.687596069673766,120.30447422324202
2024-01-01 00:09:40,1,jitter_ms,49.46203823535459,-14.434126358201087,115.8074386331272
2024-01-01 00:09:41,1,jitter_ms,49.47986635777549,-16.9295160202721,117.44045047127698
2024-01-01 00:09:42,1,jitter_ms,49.49769312700754,-12.181216909192132,116.60762427125371
2024-01-01 00:09:43,1,jitter_ms,49.5155185457081,-16.792899480775475,121.45373223217189
2024-01-01 00:09:44,1,jitter_ms,49.53334261597148,-14.788923292760431,116.30957962426727
2024-01-01 00:09:45,1,jitter_ms,49.551165322063525,-11.606277640796177,115.97412067566518
2024-01-01 00:09:46,1,jitter_ms,49.56898667258452,-17.22633861376703,120.27096275880912
2024-01-01 00:09:47,1,jitter_ms,49.586806663686446,-15.310871481708206,120.22609049163903
2024-01-01 00:09:48,1,jitter_ms,49.60462530340513,-14.959586912391265,120.40160129206654
2024-01-01 00:09:49,1,jitter_ms,49.62244257063006,-19.17722096609755,109.32594641354123
2024-01-01 00:09:50,1,jitter_ms,49.64025847339775,-14.927869504497167,116.98665375993717
2024-01-01 00:09:51,1,jitter_ms,49.658073007861205,-20.75464318919341,118.36671092964683
2024-01-01 00:09:52,1,jitter_ms,49.6758861826175,-20.31836469385982,113.94696177697038
2024-01-01 00:09:53,1,jitter_ms,49.693697981938456,-17.826788577413442,114.35679682056264
2024-01-01 00:09:54,1,jitter_ms,49.711508407918416,-14.846721954362762,117.90800403238005
2024-01-01 00:09:55,1,jitter_ms,49.729317463213704,-13.584362803081179,111.69489436316853
2024-01-01 00:09:56,1,jitter_ms,49.74712515368927,-17.652048769753947,115.34016556553007
2024-01-01 00:09:57,1,jitter_ms,49.76493145824338,-13.221516130945071,115.7210457801062
2024-01-01 00:09:58,1,jitter_ms,49.78273638490931,-11.112164999422921,116.70150879233303
2024-01-01 00:09:59,1,jitter_ms,49.80053993578001,-15.639606009672582,116.77454940410186
2024-01-01 00:10:00,1,jitter_ms,49.81834210163415,-16.202725511258723,123.27619487303247
2024-01-01 00:10:01,1,jitter_ms,49.83614288456509,-14.347719352412172,116.82056012877369
2024-01-01 00:10:02,1,jitter_ms,49.85394228289468,-15.868847305870272,120.51966190114992
2024-01-01 00:10:03,1,jitter_ms,49.8717403046526,-14.491153673978474,110.55214017887313
2024-01-01 00:10:04,1,jitter_ms,49.88953692657831,-11.328108334796275,111.84862679093209
2024-01-01 00:10:05,1,jitter_ms,49.907332161035455,-14.452754177677399,117.62595486744907
2024-01-01 00:10:06,1,jitter_ms,49.925126004179596,-18.450314332467347,114.83814902522529
2024-01-01 00:10:07,1,jitter_ms,49.94291845810278,-19.22100811754237,114.97306937325003
2024-01-01 00:10:08,1,jitter_ms,49.9607095135878,-18.956760226948937,114.2830349410723
2024-01-01 00:10:09,1,jitter_ms,49.97849917272711,-15.411254995569658,114.08651041291458
2024-01-01 00:10:10,1,jitter_ms,49.99628743384332,-15.248697944381389,110.07098397233426
2024-01-01 00:10:11,1,jitter_ms,50.014074304962826,-19.743964863652337,113.11400169591985
2024-01-01 00:10:12,1,jitter_ms,50.031859765000576,-22.279610787440735,113.52717838257638
2024-01-01 00:10:13,1,jitter_ms,50.049643819817966,-13.678753116432564,119.03704923657067
2024-01-01 00:10:14,1,jitter_ms,50.06742646830128,-15.681537443830829,112.64986911736689
2024-01-01 00:10:15,1,jitter_ms,50.08520772384614,-18.302660186641848,122.02775263740988
2024-01-01 00:10:16,1,jitter_ms,50.102987559438105,-12.964288418556125,117.35085285819913
2024-01-01 00:10:17,1,jitter_ms,50.12076598743357,-15.049022683990286,117.71660061218267
2024-01-01 00:10:18,1,jitter_ms,50.138543003990435,-12.577845816663325,113.9680597837189
2024-01-01 00:10:19,1,jitter_ms,50.15631861119937,-12.756593009440719,113.73625046885562
2024-01-01 00:10:20,1,jitter_ms,50.174092799849376,-14.671170164513969,113.30821460497614
2024-01-01 00:10:21,1,jitter_ms,50.19186557203156,-16.474942023930627,119.5678967162147
2024-01-01 00:10:22,1,jitter_ms,50.20963692606971,-15.125489484575683,113.79545513817415
2024-01-01 00:10:23,1,jitter_ms,50.22740686998519,-14.808371295745888,111.39806608912352
2024-01-01 00:10:24,1,jitter_ms,50.245175382706535,-12.104181413389574,113.56594859186414
2024-01-01 00:10:25,1,jitter_ms,50.26294247009125,-15.926315683155007,118.68586547101071
2024-01-01 00:10:26,1,jitter_ms,50.280708134792775,-20.907744356566397,117.28541408337303
2024-01-01 00:10:27,1,jitter_ms,50.29847237890061,-20.43155801778668,111.33538243146656
2024-01-01 00:10:28,1,jitter_ms,50.31623518671476,-18.474543958397362,118.50641119242574
2024-01-01 00:10:29,1,jitter_ms,50.33399656681861,-13.659672061886441,117.21148963304591
2024-01-01 00:10:30,1,jitter_ms,50.351756515372344,-14.78998882093062,114.94380794951584
2024-01-01 00:10:31,1,jitter_ms,50.369515040393935,-17.872743009280722,114.1640867056975
2024-01-01 00:10:32,1,jitter_ms,50.387272120821066,-14.099452110084128,116.41593568314764
2024-01-01 00:10:33,1,jitter_ms,50.405027764672454,-17.107745852129355,110.86731036060573
2024-01-01 00:10:34,1,jitter_ms,50.42278196810935,-20.468183113162368,114.30175338495455
2024-01-01 00:10:35,1,jitter_ms,50.440534739711765,-13.7229658708092,116.16687873439179
2024-01-01 00:10:36,1,jitter_ms,50.45828606378598,-15.447604782986927,113.89335471378918
2024-01-01 00:10:37,1,jitter_ms,50.47603594242155,-17.82927712339447,118.2592165186211
2024-01-01 00:10:38,1,jitter_ms,50.49378439012372,-15.900372216337106,114.14781321509223
2024-01-01 00:10:39,1,jitter_ms,50.51153137934803,-17.424773540429374,115.97957704367019
2024-01-01 00:10:40,1,jitter_ms,50.52927691811045,-14.923043159742223,117.64063104680208
2024-01-01 00:10:41,1,jitter_ms,50.54702100906303,-22.0937370255288,119.60921321305302
2024-01-01 00:10:42,1,jitter_ms,50.56476365429353,-16.05513456590265,120.9890570544549
2024-01-01 00:10:43,1,jitter_ms,50.5825048381143,-16.549964309397403,117.39913983110138
2024-01-01 00:10:44,1,jitter_ms,50.600244569102614,-16.5803270025633,117.53620549189836
2024-01-01 00:10:45,1,jitter_ms,50.61798284342163,-17.25151376167087,115.24747530092566
2024-01-01 00:10:46,1,jitter_ms,50.635719669082846,-14.518927784572536,120.32373964367679
2024-01-01 00:10:47,1,jitter_ms,50.65345502504141,-18.677011616396797,116.72754264819935
2024-01-01 00:10:48,1,jitter_ms,50.671188919309564,-11.823859827776863,114.57741703899421
2024-01-01 00:10:49,1,jitter_ms,50.68892134805155,-17.35771135362435,121.03289010557368
2024-01-01 00:10:50,1,jitter_ms,50.706652319841226,-12.742929937952459,117.98729826429509
2024-01-01 00:10:51,1,jitter_ms,50.724381818997315,-16.010369423344272,116.93964650718094
2024-01-01 00:10:52,1,jitter_ms,50.74210984760765,-16.76897198209319,121.22379013975325
2024-01-01 00:10:53,1,jitter_ms,50.75983640832313,-17.12780820443271,119.58849925529006
2024-01-01 00:10:54,1,jitter_ms,50.77756150698974,-19.4985379338877,119.52921282182218
2024-01-01 00:10:55,1,jitter_ms,50.795285122572025,-12.935197112564241,117.19410999669978
2024-01-01 00:10:56,1,jitter_ms,50.81300725715799,-19.031085724997155,118.58679066398993
2024-01-01 00:10:57,1,jitter_ms,50.83072792091678,-12.081375623389084,119.70837400903885
2024-01-01 00:10:58,1,jitter_ms,50.848447115933595,-12.184545218709752,117.55501649661578
2024-01-01 00:10:59,1,jitter_ms,50.86616482117772,-16.27664066077883,122.69747009187954
2024-01-01 00:11:00,1,jitter_ms,50.88388104465615,-16.079550927528484,118.43937718008318
2024-01-01 00:11:01,1,jitter_ms,50.901595782535594,-18.503030020273503,112.0535590672648
2024-01-01 00:11:02,1,jitter_ms,50.9193090433849,-18.010859554764508,117.49201725934995
2024-01-01 00:11:03,1,jitter_ms,50.937020811532875,-15.318241878622137,120.07833614422745
2024-01-01 00:11:04,1,jitter_ms,50.954731089065966,-13.56704268134005,116.98668961980815
2024-01-01 00:11:05,1,jitter_ms,50.97243987863392,-17.157785209240732,118.57219770811894
2024-01-01 00:11:06,1,jitter_ms,50.9901471860786,-18.05027219049176,115.26876683839579
2024-01-01 00:11:07,1,jitter_ms,51.007852990378865,-15.303246113861299,116.71168804481621
2024-01-01 00:11:08,1,jitter_ms,51.02555729953819,-14.586566877536011,122.97687307613361
2024-01-01 00:11:09,1,jitter_ms,51.043260111885125,-17.896598453706172,117.86122111745883
2024-01-01 00:11:10,1,jitter_ms,51.06096142950442,-14.810922514151612,117.0329412086633
2024-01-01 00:11:11,1,jitter_ms,51.078661243212466,-8.665294769868238,124.32429667237483
2024-01-01 00:11:12,1,jitter_ms,51.09635955509444,-14.063759822861371,122.99887388241645
2024-01-01 00:11:13,1,jitter_ms,51.114056361319456,-14.37515990666672,120.94128868440617
2024-01-01 00:11:14,1,jitter_ms,51.1317516742065,-15.683035116131396,119.94249869200124
2024-01-01 00:11:15,1,jitter_ms,51.14944547058407,-12.789078091550408,119.9183097374306
2024-01-01 00:11:16,1,jitter_ms,51.167137758452114,-16.804760331528417,118.61964720895995
2024-01-01 00:11:17,1,jitter_ms,51.18482853989448,-18.786742310358743,121.45726350871047
2024-01-01 00:11:18,1,jitter_ms,51.20251780573152,-14.319109060844196,121.13833138445592
2024-01-01 00:11:19,1,jitter_ms,51.22020555804752,-14.132280650768255,118.1918108694008
2024-01-01 00:11:20,1,jitter_ms,51.2378917951722,-12.619653219133667,118.55803885975834
2024-01-01 00:11:21,1,jitter_ms,51.2555765251016,-17.720069048284476,117.6480977441606
2024-01-01 00:11:22,1,jitter_ms,51.27325972683266,-19.91254402623219,114.77468520534407
2024-01-01 00:11:23,1,jitter_ms,51.29094140620334,-18.285526602953603,117.57615708482622
2024-01-01 00:11:24,1,jitter_ms,51.30862156586156,-14.594901292409764,117.6862989726879
2024-01-01 00:11:25,1,jitter_ms,51.326300207889915,-11.759970837989233,121.23335124270145
2024-01-01 00:11:26,1,jitter_ms,51.34397731663729,-13.606910048843732,115.5482126186906
2024-01-01 00:11:27,1,jitter_ms,51.361652900662946,-11.469603962499002,115.58114730344921
2024-01-01 00:11:28,1,jitter_ms,51.37932695613881,-13.043517859078538,119.70294243662853
2024-01-01 00:11:29,1,jitter_ms,51.39699949105727,-17.999561537133317,116.40250733670659
2024-01-01 00:11:30,1,jitter_ms,51.4146704844251,-16.505619113350516,118.40653654202438
2024-01-01 00:11:31,1,jitter_ms,51.43233994423546,-14.823734673645141,117.27694568609469
2024-01-01 00:11:32,1,jitter_ms,51.45000786666142,-13.620954368594386,119.80113643797664
2024-01-01 00:11:33,1,jitter_ms,51.46767426025867,-18.186124171048498,117.02730069925747
2024-01-01 00:11:34,1,jitter_ms,51.48533910938276,-11.895955269685,117.25651865325676
2024-01-01 00:11:35,1,jitter_ms,51.503002416116374,-9.440075257508282,116.3427196654417
2024-01-01 00:11:36,1,jitter_ms,51.52066418310624,-15.172954190920962,120.74490344583252
2024-01-01 00:11:37,1,jitter_ms,51.53832441834081,-12.990808686122488,119.8938561650299
2024-01-01 00:11:38,1,jitter_ms,51.55598308845753,-14.134203221696309,112.92943957691935
2024-01-01 00:11:39,1,jitter_ms,51.573640219732425,-14.10276596070002,123.0945027764538
2024-01-01 00:11:40,1,jitter_ms,51.5912958024326,-14.023857101443173,119.9896353262575
2024-01-01 00:11:41,1,jitter_ms,51.608949844544995,-16.208769738921223,115.60798114816087
2024-01-01 00:11:42,1,jitter_ms,51.6266023250912,-13.502849701988735,118.73159219362245
2024-01-01 00:11:43,1,jitter_ms,51.644253252058895,-13.936964425007288,119.77256930252184
2024-01-01 00:11:44,1,jitter_ms,51.66190262162371,-15.01820246554965,120.83353969643584
2024-01-01 00:11:45,1,jitter_ms,51.679550442336094,-15.553416776818752,119.58265183460148
2024-01-01 00:11:46,1,jitter_ms,51.697196698562195,-19.41183122257131,120.70710963546028
2024-01-01 00:11:47,1,jitter_ms,51.71484139238322,-18.07963744975035,116.07619105104396
2024-01-01 00:11:48,1,jitter_ms,51.73248452644471,-15.532431206419107,110.77765808699512
2024-01-01 00:11:49,1,jitter_ms,51.750126108729546,-7.331926904317664,125.55071124228223
2024-01-01 00:11:50,1,jitter_ms,51.767766111800896,-17.23733162299921,121.06703864213617
2024-01-01 00:11:51,1,jitter_ms,51.78540455011121,-16.294484261311293,120.57894482190835
2024-01-01 00:11:52,1,jitter_ms,51.80304141983749,-15.038902697535708,116.95038565766829
2024-01-01 00:11:53,1,jitter_ms,51.82067672305916,-16.09784656802819,114.99609891146609
2024-01-01 00:11:54,1,jitter_ms,51.83831045061703,-16.18243165040481,114.41398640731282
2024-01-01 00:11:55,1,jitter_ms,51.85594260459098,-17.44069499074329,120.30936708621115
2024-01-01 00:11:56,1,jitter_ms,51.87357319296095,-9.156177895846946,120.20694623252514
2024-01-01 00:11:57,1,jitter_ms,51.89120219476738,-11.441521214714962,118.27543012576578
2024-01-01 00:11:58,1,jitter_ms,51.908829617991,-14.831065820616212,117.05568160015883
2024-01-01 00:11:59,1,jitter_ms,51.926455458810665,-12.485919394898325,117.5349073481306
2024-01-01 00:12:00,1,jitter_ms,51.94407972577017,-11.088397713577892,118.25999403905897
2024-01-01 00:12:01,1,jitter_ms,51.961702403249134,-9.929419152763334,117.09121213596089
2024-01-01 00:12:02,1,jitter_ms,51.979323493326866,-17.369985108559437,114.22554939686084
2024-01-01 00:12:03,1,jitter_ms,51.996942998647405,-11.81780794776143,122.47947610589587
2024-01-01 00:12:04,1,jitter_ms,52.014560925032036,-14.934123244185937,115.21684698701094
2024-01-01 00:12:05,1,jitter_ms,52.03217725153138,-13.613065242133159,117.36748843861206
2024-01-01 00:12:06,1,jitter_ms,52.0497919861224,-15.76733527233422,119.22035504542762
2024-01-01 00:12:07,1,jitter_ms,52.06740512713992,-19.18766230956517,119.03324650220117
2024-01-01 00:12:08,1,jitter_ms,52.08501667666147,-16.838103208264453,116.25913018047056
2024-01-01 00:12:09,1,jitter_ms,52.1026266255366,-14.596506939572903,117.30570491799025
2024-01-01 00:12:10,1,jitter_ms,52.120234975843346,-18.273216485922525,113.24336403040992
2024-01-01 00:12:11,1,jitter_ms,52.137841723763124,-9.959978616200015,123.790730972758
2024-01-01 00:12:12,1,jitter_ms,52.15544688157604,-11.165209625536797,122.06937509487739
2024-01-01 00:12:13,1,jitter_ms,52.17305042618908,-12.58805111857318,114.81785357842742
2024-01-01 00:12:14,1,jitter_ms,52.19065236557542,-12.279203616746129,116.69522447197589
2024-01-01 00:12:15,1,jitter_ms,52.208252692176416,-14.349131313190243,118.99260072743442
2024-01-01 00:12:16,1,jitter_ms,52.22585142575155,-20.048752543212707,121.23727876501958
2024-01-01 00:12:17,1,jitter_ms,52.2434485394722,-11.830586347284466,118.46754921842908
2024-01-01 00:12:18,1,jitter_ms,52.26104404130963,-13.036299843987933,116.39878847132945
2024-01-01 00:12:19,1,jitter_ms,52.2786379296,-13.220027520077224,116.54913929199894
2024-01-01 00:12:20,1,jitter_ms,52.296230206419295,-14.392768957176315,117.14046291075903
2024-01-01 00:12:21,1,jitter_ms,52.313820862624226,-14.494196084229552,114.99225742276714
2024-01-01 00:12:22,1,jitter_ms,52.331409900291234,-19.466929214258,122.24250370291033
2024-01-01 00:12:23,1,jitter_ms,52.34899731560441,-15.618111263734804,115.1414340805869
2024-01-01 00:12:24,1,jitter_ms,52.36658312083554,-10.454397231376559,117.52036371936072
2024-01-01 00:12:25,1,jitter_ms,52.384167292908415,-8.746144845271361,120.77212892581491
2024-01-01 00:12:26,1,jitter_ms,52.40174983979048,-13.51652665785078,116.42335763955364
2024-01-01 00:12:27,1,jitter_ms,52.4193307598188,-10.675915248016251,121.85001870832279
2024-01-01 00:12:28,1,jitter_ms,52.43691005506831,-10.083892023542854,120.99968401666159
2024-01-01 00:12:29,1,jitter_ms,52.45448771640053,-16.84909095186662,121.78930886389216
2024-01-01 00:12:30,1,jitter_ms,52.472063745890864,-12.118840588024277,118.97153482561927
2024-01-01 00:12:31,1,jitter_ms,52.48963814187683,-14.651417594062737,121.2444237111883
2024-01-01 00:12:32,1,jitter_ms,52.50721091232119,-16.72313200528679,118.98736560202164
2024-01-01 00:12:33,1,jitter_ms,52.524782034159394,-12.947849782433256,117.52418739029159
2024-01-01 00:12:34,1,jitter_ms,52.54235151965802,-9.54810016850179,117.91946739288963
2024-01-01 00:12:35,1,jitter_ms,52.55991937089077,-9.64757710485377,120.93198770545533
2024-01-01 00:12:36,1,jitter_ms,52.57748557226971,-12.716345063570392,121.40003451590991
2024-01-01 00:12:37,1,jitter_ms,52.59505013232301,-15.426652999040016,119.08466385595754
2024-01-01 00:12:38,1,jitter_ms,52.61261304723777,-14.939869151095825,119.34095818784546
2024-01-01 00:12:39,1,jitter_ms,52.630174324973325,-16.536894867705726,118.52545148586469
2024-01-01 00:12:40,1,jitter_ms,52.64773394462581,-15.986654941955296,124.43051205807095
2024-01-01 00:12:41,1,jitter_ms,52.66529191415541,-10.997636020709063,118.40684047613233
2024-01-01 00:12:42,1,jitter_ms,52.68284822975044,-13.394313929021923,118.37649453514356
2024-01-01 00:12:43,1,jitter_ms,52.70040289993524,-10.85408030482285,119.23305202379309
2024-01-01 00:12:44,1,jitter_ms,52.71795590912905,-13.060201925940254,120.67106481183255
2024-01-01 00:12:45,1,jitter_ms,52.735507259405665,-12.855844231177384,116.00861124016059
2024-01-01 00:12:46,1,jitter_ms,52.75305695340469,-17.073897475650547,117.66678047615105
2024-01-01 00:12:47,1,jitter_ms,52.77060499908117,-13.65566088741712,118.13141969838466
2024-01-01 00:12:48,1,jitter_ms,52.788151369092205,-15.401684645213395,118.93955656358882
2024-01-01 00:12:49,1,jitter_ms,52.805696077843734,-10.211543554080908,113.80650345045518
2024-01-01 00:12:50,1,jitter_ms,52.82323912152557,-13.442331270519666,117.76605772515168
2024-01-01 00:12:51,1,jitter_ms,52.8407805022096,-14.973147335954112,123.7857773505667
2024-01-01 00:12:52,1,jitter_ms,52.85832021077137,-10.278563631148849,116.4895837148764
2024-01-01 00:12:53,1,jitter_ms,52.87585824928328,-12.559097217920444,114.35523467704046
2024-01-01 00:12:54,1,jitter_ms,52.89339461393637,-13.102522635777893,117.42976292083755
2024-01-01 00:12:55,1,jitter_ms,52.91092931912945,-10.975889995874551,120.50043419676103
2024-01-01 00:12:56,1,jitter_ms,52.928462337532665,-8.170252193768757,118.97288506037413
2024-01-01 00:12:57,1,jitter_ms,52.94599367121925,-14.782126900681636,118.88517358330829
2024-01-01 00:12:58,1,jitter_ms,52.96352333458664,-14.061393793595567,122.11469376380236
2024-01-01 00:12:59,1,jitter_ms,52.98105132970423,-17.565372970697126,119.21723622990882
2024-01-01 00:13:00,1,jitter_ms,52.9985776292492,-9.022590451427906,118.26006044862027
2024-01-01 00:13:01,1,jitter_ms,53.01610224761755,-12.760142074789215,121.5569468260041
2024-01-01 00:13:02,1,jitter_ms,53.03362518100185,-12.33318426045285,116.99201271973637
2024-01-01 00:13:03,1,jitter_ms,53.051146431472354,-5.521850848006987,118.84235665916054
2024-01-01 00:13:04,1,jitter_ms,53.06866598991208,-12.884275310828244,122.14430768150305
2024-01-01 00:13:05,1,jitter_ms,53.086183858391806,-11.34252547861529,121.21624930583897
2024-01-01 00:13:06,1,jitter_ms,53.103700033105305,-18.682974565317835,116.07138837119535
2024-01-01 00:13:07,1,jitter_ms,53.1212145284414,-9.329411618720906,119.39824568972178
2024-01-01 00:13:08,1,jitter_ms,53.13872731709047,-15.56983531266345,116.67679901970855
2024-01-01 00:13:09,1,jitter_ms,53.156238406999144,-14.473133713046686,120.93189192537376
2024-01-01 00:13:10,1,jitter_ms,53.173747800804506,-9.484457463293094,122.95760113440346
2024-01-01 00:13:11,1,jitter_ms,53.19125550057539,-13.169704347676369,122.66605185340671
2024-01-01 00:13:12,1,jitter_ms,53.208761490758164,-15.290988518123696,121.81635356875337
2024-01-01 00:13:13,1,jitter_ms,53.22626577986419,-17.803325556160836,121.21635910571727
2024-01-01 00:13:14,1,jitter_ms,53.24376836408878,-13.557105807666776,117.34629443132295
2024-01-01 00:13:15,1,jitter_ms,53.261269251373314,-14.491953828662066,117.902241142111
2024-01-01 00:13:16,1,jitter_ms,53.2787684208625,-12.887391744062393,117.40985939525747
2024-01-01 00:13:17,1,jitter_ms,53.29626588049858,-9.93188000296851,120.39277826562008
2024-01-01 00:13:18,1,jitter_ms,53.31376163234979,-6.818312767421398,120.59455033212771
2024-01-01 00:13:19,1,jitter_ms,53.33125566730859,-11.26234503600381,121.0546336256951
2024-01-01 00:13:20,1,jitter_ms,53.3487479874437,-11.332142914301297,122.04151109204925
2024-01-01 00:13:21,1,jitter_ms,53.36623858895241,-8.959709210147391,118.68771061180469
2024-01-01 00:13:22,1,jitter_ms,53.38372748406485,-7.276496650481123,117.74420183087072
2024-01-01 00:13:23,1,jitter_ms,53.401214649789154,-8.511901385411935,116.89687510264216
2024-01-01 00:13:24,1,jitter_ms,53.41870009406399,-17.4022183345838,120.6631458002656
2024-01-01 00:13:25,1,jitter_ms,53.43618381523325,-12.779041516834516,120.5844603939032
2024-01-01 00:13:26,1,jitter_ms,53.45366581536405,-16.77684582046137,116.79588380266753
2024-01-01 00:13:27,1,jitter_ms,53.471146085353936,-12.946922380290523,123.91847354325655
2024-01-01 00:13:28,1,jitter_ms,53.48862462727055,-8.102165887855518,125.86818193585971
2024-01-01 00:13:29,1,jitter_ms,53.506101439458234,-9.13794803961133,123.05963346718266
2024-01-01 00:13:30,1,jitter_ms,53.5235765298507,-12.365503602306479,123.72916766234378
2024-01-01 00:13:31,1,jitter_ms,53.541049875468445,-11.225818835792605,117.40030366099582
2024-01-01 00:13:32,1,jitter_ms,53.55852148853608,-13.489401503464807,113.66309204198858
2024-01-01 00:13:33,1,jitter_ms,53.57599136525337,-7.759533331277148,116.73236707849082
2024-01-01 00:13:34,1,jitter_ms,53.59345950768634,-13.188226865970906,117.04203479532354
2024-01-01 00:13:35,1,jitter_ms,53.61092590673766,-8.746268759897193,119.15661704540929
2024-01-01 00:13:36,1,jitter_ms,53.62839056447387,-9.345093159269705,116.56380066341445
2024-01-01 00:13:37,1,jitter_ms,53.645853479240294,-11.705944442308612,117.95063844430625
2024-01-01 00:13:38,1,jitter_ms,53.663314658966485,-6.968991253943573,121.70132254013738
2024-01-01 00:13:39,1,jitter_ms,53.68077407696534,-12.699674491786439,126.3684264269824
2024-01-01 00:13:40,1,jitter_ms,53.69823175289523,-9.749831055381392,118.35330123625062
2024-01-01 00:13:41,1,jitter_ms,53.71568767923781,-12.340099064242537,121.11574842438395
2024-01-01 00:13:42,1,jitter_ms,53.73314186392059,-11.062072535718347,121.0921348717457
2024-01-01 00:13:43,1,jitter_ms,53.750594283982295,-13.070120097732667,116.15729561279737
2024-01-01 00:13:44,1,jitter_ms,53.76804495163852,-8.417410957716035,115.08567242844971
2024-01-01 00:13:45,1,jitter_ms,53.7854938630919,-9.676042590986922,115.5494187539653
2024-01-01 00:13:46,1,jitter_ms,53.80294102040678,-14.356908574960002,117.17819620864789
2024-01-01 00:13:47,1,jitter_ms,53.820386414493605,-11.365073034946224,121.2302909096596
2024-01-01 00:13:48,1,jitter_ms,53.83783004741724,-12.968327934934992,119.25784757820024
2024-01-01 00:13:49,1,jitter_ms,53.85527191752446,-10.28372658865998,116.42965117870334
2024-01-01 00:13:50,1,jitter_ms,53.872712032738605,-12.990516822397154,116.5815170604349
2024-01-01 00:13:51,1,jitter_ms,53.890150372253245,-12.12629962942664,120.49076704496659
2024-01-01 00:13:52,1,jitter_ms,53.9075869418501,-14.684786751480766,117.37531208819075
2024-01-01 00:13:53,1,jitter_ms,53.92502174416157,-11.175461748809811,115.05576906875935
2024-01-01 00:13:54,1,jitter_ms,53.942454781250504,-12.954630113470973,119.73806990014965
2024-01-01 00:13:55,1,jitter_ms,53.95988603760582,-5.911584585917984,120.27057366890513
2024-01-01 00:13:56,1,jitter_ms,53.977315521718005,-9.011383330933546,121.1266028581256
2024-01-01 00:13:57,1,jitter_ms,53.99474324150639,-14.711661012293028,118.89125664131433
2024-01-01 00:13:58,1,jitter_ms,54.012169169748745,-8.173526438812264,117.08010314487248
2024-01-01 00:13:59,1,jitter_ms,54.02959332079135,-12.580716565377664,119.65490864490444
2024-01-01 00:14:00,1,jitter_ms,54.04701569084048,-11.935443496913676,116.57284319994233
2024-01-01 00:14:01,1,jitter_ms,54.06443628195831,-14.589938604940698,114.97979224251084
2024-01-01 00:14:02,1,jitter_ms,54.08185508506517,-13.41160736773299,123.05567754997277
2024-01-01 00:14:03,1,jitter_ms,54.09927210222378,-12.665079206006881,119.19523059585842
2024-01-01 00:14:04,1,jitter_ms,54.11668732964171,-6.833061555661204,119.38187705767709
2024-01-01 00:14:05,1,jitter_ms,54.13410078165762,-10.674087118441971,118.67170218331577
2024-01-01 00:14:06,1,jitter_ms,54.15151243106328,-10.976094388386429,119.69211656002625
2024-01-01 00:14:07,1,jitter_ms,54.16892228577535,-11.471609537091107,120.78606000311372
2024-01-01 00:14:08,1,jitter_ms,54.186330348424576,-14.492506201270832,120.12322677642842
2024-01-01 00:14:09,1,jitter_ms,54.203736621071656,-12.271712166218645,118.67693162455869
2024-01-01 00:14:10,1,jitter_ms,54.22114108822073,-11.496580689896229,122.23661706403324
2024-01-01 00:14:11,1,jitter_ms,54.23854375835488,-13.62513839752209,120.05947525852498
2024-01-01 00:14:12,1,jitter_ms,54.255944627683235,-7.3211378765537125,121.69320771671323
2024-01-01 00:14:13,1,jitter_ms,54.27334370411697,-13.212269500490459,119.1039040808997
2024-01-01 00:14:14,1,jitter_ms,54.29074096688264,-7.117219534294222,118.65842039210555
2024-01-01 00:14:15,1,jitter_ms,54.30813642389231,-14.06172696597268,119.53910416988356
2024-01-01 00:14:16,1,jitter_ms,54.325530065506996,-11.337288695131239,125.68085997363032
2024-01-01 00:14:17,1,jitter_ms,54.34292191775404,-11.858113911264276,125.20113995185534
2024-01-01 00:14:18,1,jitter_ms,54.36031194759697,-14.298686318926244,120.19584960496071
2024-01-01 00:14:19,1,jitter_ms,54.37770016294608,-12.761585090056071,120.42496593556152
2024-01-01 00:14:20,1,jitter_ms,54.39508656643075,-7.40559821195555,119.2798675741616
2024-01-01 00:14:21,1,jitter_ms,54.41247116010992,-13.459303038331285,115.90726439818195
2024-01-01 00:14:22,1,jitter_ms,54.4298539285001,-10.992919203820488,117.91424337961205
2024-01-01 00:14:23,1,jitter_ms,54.447234880078305,-12.090409139850662,113.39429139810045
2024-01-01 00:14:24,1,jitter_ms,54.46461401105668,-10.050197434601182,125.23793124648982
2024-01-01 00:14:25,1,jitter_ms,54.48199132933986,-9.430173226180756,123.291594014867
2024-01-01 00:14:26,1,jitter_ms,54.49936681417198,-9.793098640682553,123.49605643798449
2024-01-01 00:14:27,1,jitter_ms,54.5167404734586,-10.149525204329137,116.97782983358914
2024-01-01 00:14:28,1,jitter_ms,54.53411230341321,-10.445728584573944,119.50760007589906
2024-01-01 00:14:29,1,jitter_ms,54.55148231250861,-8.89474183899538,122.44169504778503
2024-01-01 00:14:30,1,jitter_ms,54.56885048526923,-9.38369238133623,118.9070799123804
2024-01-01 00:14:31,1,jitter_ms,54.586216823754114,-6.4546936353837,126.43690260002927
2024-01-01 00:14:32,1,jitter_ms,54.60358133059129,-14.3128336348721,119.05355404103786
2024-01-01 00:14:33,1,jitter_ms,54.62094401154313,-15.885652423935065,122.31183977763658
2024-01-01 00:14:34,1,jitter_ms,54.63830484586548,-12.113042703576486,118.60220170528923
2024-01-01 00:14:35,1,jitter_ms,54.65566384145961,-7.322571527419466,122.17736259334066
2024-01-01 00:14:36,1,jitter_ms,54.67302100038258,-8.814856930806483,127.23010639570805
2024-01-01 00:14:37,1,jitter_ms,54.6903763135783,-11.372807294913839,120.3170018423527
2024-01-01 00:14:38,1,jitter_ms,54.70772978310439,-5.287910371437527,124.08718581184208
2024-01-01 00:14:39,1,jitter_ms,54.725081407313965,-6.454654352721776,117.94382013448585
2024-01-01 00:14:40,1,jitter_ms,54.742431194103546,-8.140949036998226,124.71084696166531
2024-01-01 00:14:41,1,jitter_ms,54.75977912060271,-7.909218202490028,123.08601648119384
2024-01-01 00:14:42,1,jitter_ms,54.77712519898227,-12.491173064096838,119.01024659797577
2024-01-01 00:14:43,1,jitter_ms,54.794469425459134,-15.36591139029968,123.75113271481128
2024-01-01 00:14:44,1,jitter_ms,54.811811802089196,-18.01609910919221,119.74767957026457
2024-01-01 00:14:45,1,jitter_ms,54.82915231982184,-9.310302306253458,112.59286354792113
2024-01-01 00:14:46,1,jitter_ms,54.84649098071348,-4.873083751291492,116.63217679206214
2024-01-01 00:14:47,1,jitter_ms,54.863827783118325,-14.617481843421231,119.17509851321572
2024-01-01 00:14:48,1,jitter_ms,54.88116273492843,-12.895677597920619,119.47338246764986
2024-01-01 00:14:49,1,jitter_ms,54.89849581542198,-6.897134446736712,117.90498788169396
2024-01-01 00:14:50,1,jitter_ms,54.91582703035647,-12.869048844984924,124.12905820378982
2024-01-01 00:14:51,1,jitter_ms,54.933156382357765,-16.46357243383983,117.15535187484105
2024-01-01 00:14:52,1,jitter_ms,54.95048387348021,-10.433898904151867,118.91684710147375
2024-01-01 00:14:53,1,jitter_ms,54.96780948827285,-11.569288687194712,121.73662690930787
2024-01-01 00:14:54,1,jitter_ms,54.9851332351968,-12.41899288401906,120.1732329933611
2024-01-01 00:14:55,1,jitter_ms,55.002455110472,-12.818696024976692,123.72728940586883
2024-01-01 00:14:56,1,jitter_ms,55.01977512198606,-15.506760402609958,120.39125583865092
2024-01-01 00:14:57,1,jitter_ms,55.0370932490292,-8.32049545187545,120.23542349426621
2024-01-01 00:14:58,1,jitter_ms,55.05440949365728,-13.157354156834284,123.10351667546436
2024-01-01 00:14:59,1,jitter_ms,55.07172386589191,-13.867575939602835,121.37481250392699
2024-01-01 00:15:00,1,jitter_ms,55.08903636778538,-15.759778703099467,121.29757707944968
2024-01-01 00:15:01,1,jitter_ms,55.10634697863391,-13.830140049583106,120.78795737785798
2024-01-01 00:15:02,1,jitter_ms,55.12365570418986,-11.443092357271489,126.20793048910326
2024-01-01 00:15:03,1,jitter_ms,55.140962547077656,-9.629194424180916,124.08104037826527
2024-01-01 00:15:04,1,jitter_ms,55.15826750934987,-15.211373372007811,118.43310618453401
2024-01-01 00:15:05,1,jitter_ms,55.17557057556837,-10.768609107823135,121.46785844236486
2024-01-01 00:15:06,1,jitter_ms,55.19287175418799,-9.753940903473302,121.77426887209012
2024-01-01 00:15:07,1,jitter_ms,55.210171041431735,-6.697439859828356,119.93545524723903
2024-01-01 00:15:08,1,jitter_ms,55.22746844518055,-13.481460581082999,119.78078462134759
2024-01-01 00:15:09,1,jitter_ms,55.244763944742786,-14.53743645763828,118.03891976588501
2024-01-01 00:15:10,1,jitter_ms,55.26205754800038,-10.387409863511921,129.53562874671726
2024-01-01 00:15:11,1,jitter_ms,55.27934925117772,-11.634014236017153,124.3222128517706
2024-01-01 00:15:12,1,jitter_ms,55.29663906272525,-16.62292625416464,123.15955527029452
2024-01-01 00:15:13,1,jitter_ms,55.313926967213106,-11.71605759846509,121.15219073497444
2024-01-01 00:15:14,1,jitter_ms,55.33121296669391,-8.286529279527448,119.5315715773453
2024-01-01 00:15:15,1,jitter_ms,55.34849707544226,-7.16705141043722,127.14311457721931
2024-01-01 00:15:16,1,jitter_ms,55.36577926637963,-15.241973039608176,122.56572636119203
2024-01-01 00:15:17,1,jitter_ms,55.38305954738432,-9.976924973834512,120.06655798974552
2024-01-01 00:15:18,1,jitter_ms,55.400337921079085,-9.282695214082034,122.24830304001095
2024-01-01 00:15:19,1,jitter_ms,55.41761438951414,-4.9411424692983115,122.42927073456065
2024-01-01 00:15:20,1,jitter_ms,55.434888937267615,-10.28387765681268,118.12316031590721
2024-01-01 00:15:21,1,jitter_ms,55.4521615727864,-7.904117801063181,117.27959085913152
2024-01-01 00:15:22,1,jitter_ms,55.4694322922974,-9.501530206881364,120.86254790301582
2024-01-01 00:15:23,1,jitter_ms,55.48670110367305,-7.114331959603845,125.69836190598862
2024-01-01 00:15:24,1,jitter_ms,55.50396798624475,-8.44967458810471,120.98655643540893
2024-01-01 00:15:25,1,jitter_ms,55.521232947885906,-7.757259595913941,125.8018174894546
2024-01-01 00:15:26,1,jitter_ms,55.53849598482485,-10.469602178759864,117.97082748746251
2024-01-01 00:15:27,1,jitter_ms,55.55575710550404,-9.084866653503994,118.66711961677737
2024-01-01 00:15:28,1,jitter_ms,55.57301629450995,-10.59662399943139,121.62719523942266
2024-01-01 00:15:29,1,jitter_ms,55.590273553892885,-12.294716025396244,123.29945967179255
2024-01-01 00:15:30,1,jitter_ms,55.60752888627418,-8.323123242263605,120.84059086464339
2024-01-01 00:15:31,1,jitter_ms,55.62478229739091,-9.475256952289863,117.15729675700129
2024-01-01 00:15:32,1,jitter_ms,55.64203376658688,-12.28788740399026,122.4893090758045
2024-01-01 00:15:33,1,jitter_ms,55.65928330173091,-16.301037612345542,117.63582064443403
2024-01-01 00:15:34,1,jitter_ms,55.676530901183455,-7.010085840623717,123.45053372362834
2024-01-01 00:15:35,1,jitter_ms,55.69377656699264,-8.545930448566116,123.27363952650617
2024-01-01 00:15:36,1,jitter_ms,55.71102029014378,-7.533645105246214,117.18309479901426
2024-01-01 00:15:37,1,jitter_ms,55.72826207268558,-11.675442937441574,120.16645738703369
2024-01-01 00:15:38,1,jitter_ms,55.7455019108495,-8.362961048498537,123.20779202351271
2024-01-01 00:15:39,1,jitter_ms,55.76273981675793,-6.759422164007326,126.10341307856456
2024-01-01 00:15:40,1,jitter_ms,55.77997576395145,-15.871401834147159,118.66942314867893
2024-01-01 00:15:41,1,jitter_ms,55.79720976553763,-11.519052783601753,126.54466099222935
2024-01-01 00:15:42,1,jitter_ms,55.81444182045,-10.998309436517061,121.47309389232824
2024-01-01 00:15:43,1,jitter_ms,55.83167193442023,-13.47873154516765,122.73610093060567
2024-01-01 00:15:44,1,jitter_ms,55.8489000868109,-15.131077573279098,122.38977098246724
2024-01-01 00:15:45,1,jitter_ms,55.866126285483915,-7.602950660196267,117.65989605988996
2024-01-01 00:15:46,1,jitter_ms,55.88335052880138,-8.91859088859369,120.70625282188442
2024-01-01 00:15:47,1,jitter_ms,55.900572818809536,-5.8946627521108566,125.03071752437008
2024-01-01 00:15:48,1,jitter_ms,55.91779314650238,-11.049037095609348,121.7317651666687
2024-01-01 00:15:49,1,jitter_ms,55.935011513926725,-15.711909575810758,121.66431653079398
2024-01-01 00:15:50,1,jitter_ms,55.95222791731727,-5.471087537003819,119.35096985816311
2024-01-01 00:15:51,1,jitter_ms,55.96944236878633,-11.87393823405781,121.77519762349593
2024-01-01 00:15:52,1,jitter_ms,55.986654845580986,-13.67475132792116,118.84674888198006
2024-01-01 00:15:53,1,jitter_ms,56.00386535555852,-10.59991681881423,123.41421037369608
2024-01-01 00:15:54,1,jitter_ms,56.021073900764065,-11.376326017054202,119.44266421927314
2024-01-01 00:15:55,1,jitter_ms,56.03828047219675,-8.266489869496198,124.41683392800088
2024-01-01 00:15:56,1,jitter_ms,56.05548507190229,-7.300457527669694,122.4300371027745
2024-01-01 00:15:57,1,jitter_ms,56.07268769824428,-11.68144709145832,116.87723915892317
2024-01-01 00:15:58,1,jitter_ms,56.08988835907492,-13.139067818233578,119.01088662387895
2024-01-01 00:15:59,1,jitter_ms,56.107087033780466,-13.019139217208803,126.37465433257556
2024-01-01 00:16:00,1,jitter_ms,56.12428372808746,-2.570676158359023,122.96202342104084
2024-01-01 00:16:01,1,jitter_ms,56.141478444613504,-10.166525004581766,123.6936862857959
2024-01-01 00:16:02,1,jitter_ms,56.15867118540207,-7.621538656637369,118.38617377872397
2024-01-01 00:16:03,1,jitter_ms,56.175861935078984,-6.478374373747921,119.21437270066191
2024-01-01 00:16:04,1,jitter_ms,56.19305070206787,-7.20363657845407,121.54611304306579
2024-01-01 00:16:05,1,jitter_ms,56.210237482607056,-6.96228677156148,121.04107581978232
2024-01-01 00:16:06,1,jitter_ms,56.227422284544026,-9.898717057036027,123.58379120785705
2024-01-01 00:16:07,1,jitter_ms,56.244605087277805,-7.770139411742857,124.95741614462382
2024-01-01 00:16:08,1,jitter_ms,56.26178589865688,-11.011221192386786,127.5061143167179
2024-01-01 00:16:09,1,jitter_ms,56.278964714921045,-1.4553814021686697,130.06256881904253
2024-01-01 00:16:10,1,jitter_ms,56.29614154448936,-9.147144358014202,116.34666678692636
2024-01-01 00:16:11,1,jitter_ms,56.31331637199627,-8.587136012388896,119.13782878259876
2024-01-01 00:16:12,1,jitter_ms,56.330489199485356,-13.170627409931049,123.13035140483566
2024-01-01 00:16:13,1,jitter_ms,56.347660029572765,-11.609837028374496,123.67987712902838
2024-01-01 00:16:14,1,jitter_ms,56.36482887010082,-8.8628355266777,120.99322152190716
2024-01-01 00:16:15,1,jitter_ms,56.38199569410699,-11.166866803013273,123.57394397162645
2024-01-01 00:16:16,1,jitter_ms,56.399160515809434,-9.61623662534162,121.64343251244122
2024-01-01 00:16:17,1,jitter_ms,56.41632332565028,-15.441438414432024,123.2875925244471
2024-01-01 00:16:18,1,jitter_ms,56.43348414306929,-9.518604203662614,122.41215758736965
2024-01-01 00:16:19,1,jitter_ms,56.45064294168488,-14.03020726951244,121.80225885527564
2024-01-01 00:16:20,1,jitter_ms,56.467799729338424,-12.319936499339807,122.95958063328875
2024-01-01 00:16:21,1,jitter_ms,56.484954502273,-6.8177546397439395,118.19767985576934
2024-01-01 00:16:22,1,jitter_ms,56.50210726890096,-7.072761924921512,121.43292264915523
2024-01-01 00:00:01,1,throughput_mbps,2.3646500801223778,0.6872793735834649,4.070099900464458
2024-01-01 00:00:02,1,throughput_mbps,2.3480996720032845,0.5775232024794549,4.1635308207849
2024-01-01 00:00:03,1,throughput_mbps,2.3315492084304204,0.5381088644151149,4.105907795547585
2024-01-01 00:00:04,1,throughput_mbps,2.3149986892473278,0.6044083578145639,3.935930247252798
2024-01-01 00:00:05,1,throughput_mbps,2.298448114258024,0.44105689837298084,4.078171381808329
2024-01-01 00:00:06,1,throughput_mbps,2.281897482862703,0.5418724761818011,4.0931173601288044
2024-01-01 00:00:07,1,throughput_mbps,2.2653467971212917,0.5225690147042522,3.964622533208645
2024-01-01 00:00:08,1,throughput_mbps,2.2487960559512317,0.5205860027505388,4.08854510412295
2024-01-01 00:00:09,1,throughput_mbps,2.2322452600826455,0.42116319759501253,4.102205250649945
2024-01-01 00:00:10,1,throughput_mbps,2.2156944080290373,0.4770946203532475,3.95969619559768
2024-01-01 00:00:11,1,throughput_mbps,2.199143496606985,0.5610682665887111,4.030358108168855
2024-01-01 00:00:12,1,throughput_mbps,2.182592530420695,0.37446437746632055,3.8549031696278235
2024-01-01 00:00:13,1,throughput_mbps,2.166041509757012,0.5265334415018381,3.997950034279147
2024-01-01 00:00:14,1,throughput_mbps,2.1494904339765,0.6155717541338989,3.982988216427803
2024-01-01 00:00:15,1,throughput_mbps,2.132939304252767,0.4317839357881316,3.8829247626321104
2024-01-01 00:00:16,1,throughput_mbps,2.116388120429306,0.3733785091223334,3.821472375191226
2024-01-01 00:00:17,1,throughput_mbps,2.099836882310047,0.36409530492248465,3.8203272712522085
2024-01-01 00:00:18,1,throughput_mbps,2.0832855892949893,0.2603941501732186,3.8943025670649805
2024-01-01 00:00:19,1,throughput_mbps,2.0667342429546647,0.45332897550874385,3.8667161224423565
2024-01-01 00:00:20,1,throughput_mbps,2.0501828426962136,0.3433546194205538,3.8240838770141448
2024-01-01 00:00:21,1,throughput_mbps,2.0336313888065285,0.16317746097484256,3.7433624395646663
2024-01-01 00:00:22,1,throughput_mbps,2.0170798811290442,0.12201137694342051,3.8202915736789085
2024-01-01 00:00:23,1,throughput_mbps,2.000528320354601,0.2726226442972351,3.9383075658239304
2024-01-01 00:00:24,1,throughput_mbps,1.9839767063266458,0.19216880794497812,3.7684688311654275
2024-01-01 00:00:25,1,throughput_mbps,1.967425039332119,0.14403676660067274,3.8526230680460682
2024-01-01 00:00:26,1,throughput_mbps,1.950873318287824,0.210089562059217,3.7250834114286353
2024-01-01 00:00:27,1,throughput_mbps,1.9343215452548015,0.28099365317130764,3.655482135151516
2024-01-01 00:00:28,1,throughput_mbps,1.9177697199441592,0.15884170203438142,3.6942387457254533
2024-01-01 00:00:29,1,throughput_mbps,1.9012178418485601,0.09639092137349103,3.637444866274049
2024-01-01 00:00:30,1,throughput_mbps,1.8846659108113908,0.09592481265431267,3.6614049806768056
2024-01-01 00:00:31,1,throughput_mbps,1.868113928006783,0.11041210465968905,3.7068550460415413
2024-01-01 00:00:32,1,throughput_mbps,1.851561892794994,0.07061726654915043,3.625861228152337
2024-01-01 00:00:33,1,throughput_mbps,1.835009805463011,0.12096933833394438,3.584348858631646
2024-01-01 00:00:34,1,throughput_mbps,1.818457665410596,0.1002609030096268,3.6568215903959307
2024-01-01 00:00:35,1,throughput_mbps,1.8019054742160259,-0.018586434652309143,3.6142496324795794
2024-01-01 00:00:36,1,throughput_mbps,1.7853532312093954,-0.020280886526246978,3.4949624105736468
2024-01-01 00:00:37,1,throughput_mbps,1.7688009367474296,-0.0020711748399758157,3.4724511294613487
2024-01-01 00:00:38,1,throughput_mbps,1.7522485901902367,-0.0897890060457034,3.4607054529757955
2024-01-01 00:00:39,1,throughput_mbps,1.735696192712183,-0.04832205048026347,3.4524189636283427
2024-01-01 00:00:40,1,throughput_mbps,1.7191437441566657,0.09095830415930754,3.5342911113821547
2024-01-01 00:00:41,1,throughput_mbps,1.7025912436011394,-0.02008984857917356,3.436321467069269
2024-01-01 00:00:42,1,throughput_mbps,1.6860386927852524,0.016368671565399274,3.431897065153849
2024-01-01 00:00:43,1,throughput_mbps,1.6694860911086817,0.06665978519274422,3.4360437759689524
2024-01-01 00:00:44,1,throughput_mbps,1.6529334386973935,-0.030895863996029956,3.437605311307781
2024-01-01 00:00:45,1,throughput_mbps,1.6363807361958116,-0.15740317405030194,3.343944695413231
2024-01-01 00:00:46,1,throughput_mbps,1.6198279834940703,-0.10774785643935127,3.3280915641104003
2024-01-01 00:00:47,1,throughput_mbps,1.6032751804355267,-0.18155247936535338,3.391282745445372
2024-01-01 00:00:48,1,throughput_mbps,1.5867223271461568,-0.05366995878084053,3.335967205305147
2024-01-01 00:00:49,1,throughput_mbps,1.5701694230254941,-0.3317787833232306,3.3120573571464194
2024-01-01 00:00:50,1,throughput_mbps,1.5536164698135462,-0.1971595683704549,3.3239016696715225
2024-01-01 00:00:51,1,throughput_mbps,1.5370634668702365,-0.21053905290832536,3.360793030171657
2024-01-01 00:00:52,1,throughput_mbps,1.5205104140785382,-0.23315922469604408,3.33931618441535
2024-01-01 00:00:53,1,throughput_mbps,1.5039573107982669,-0.19247965421251395,3.182535384098236
2024-01-01 00:00:54,1,throughput_mbps,1.4874041572061278,-0.26213960268538483,3.3481547417205673
2024-01-01 00:00:55,1,throughput_mbps,1.4708509542650754,-0.2948182337758253,3.0762846163169795
2024-01-01 00:00:56,1,throughput_mbps,1.4542977021011076,-0.22580196714493284,3.189849889233922
2024-01-01 00:00:57,1,throughput_mbps,1.4377444005575248,-0.4686370058573755,3.1983926480195843
2024-01-01 00:00:58,1,throughput_mbps,1.4211910503257246,-0.20116994619191822,3.2397934233662014
2024-01-01 00:00:59,1,throughput_mbps,1.4046376512490184,-0.2936522668761267,3.202036712951301
2024-01-01 00:01:00,1,throughput_mbps,1.388084203453415,-0.28571951927805156,3.0560604958469297
2024-01-01 00:01:01,1,throughput_mbps,1.3715307063382713,-0.35839465238826457,3.099842702192797
2024-01-01 00:01:02,1,throughput_mbps,1.3549771616440995,-0.37586379193672154,3.09977961691038
2024-01-01 00:01:03,1,throughput_mbps,1.338423568447868,-0.3863791149431551,3.0132626824086106
2024-01-01 00:01:04,1,throughput_mbps,1.3218699265193896,-0.47665433659532874,2.994269982479501
2024-01-01 00:01:05,1,throughput_mbps,1.3053162362193445,-0.4331663394516819,3.138217703695423
2024-01-01 00:01:06,1,throughput_mbps,1.2887624982392505,-0.4428039026632437,3.032233090125939
2024-01-01 00:01:07,1,throughput_mbps,1.2722087124223878,-0.548503720408881,3.0364208599492417
2024-01-01 00:01:08,1,throughput_mbps,1.2556548788947868,-0.5458258742372213,3.087051463952385
2024-01-01 00:01:09,1,throughput_mbps,1.23910099705569,-0.5041917873809392,2.950845918294558
2024-01-01 00:01:10,1,throughput_mbps,1.2225470684846909,-0.5056782320496077,2.980319751815599
2024-01-01 00:01:11,1,throughput_mbps,1.205993092742304,-0.592293501608361,2.8638908890628136
2024-01-01 00:01:12,1,throughput_mbps,1.1894390696320722,-0.4776993678965665,2.9566464170936797
2024-01-01 00:01:13,1,throughput_mbps,1.1728849989972248,-0.5143016295067632,3.0067425193967616
2024-01-01 00:01:14,1,throughput_mbps,1.1563308820131732,-0.6287080857051686,2.9922111607364648
2024-01-01 00:01:15,1,throughput_mbps,1.1397767180393934,-0.6563742723702636,2.908897865604316
2024-01-01 00:01:16,1,throughput_mbps,1.1232225127010982,-0.641654565168957,2.8052742605886403
2024-01-01 00:01:17,1,throughput_mbps,1.106668260059513,-0.6204493081575895,2.87173719067919
2024-01-01 00:01:18,1,throughput_mbps,1.0901139616945148,-0.6851954539009103,2.8143513844925754
2024-01-01 00:01:19,1,throughput_mbps,1.0735596170052553,-0.7024767315400281,2.8563801578986205
2024-01-01 00:01:20,1,throughput_mbps,1.0570052258349538,-0.8043963276655832,2.677200273443729
2024-01-01 00:01:21,1,throughput_mbps,1.0404507888753418,-0.6077927018263104,2.8604949576901793
2024-01-01 00:01:22,1,throughput_mbps,1.0238963059696493,-0.7338323872112652,2.7136645071044625
2024-01-01 00:01:23,1,throughput_mbps,1.0073417774052469,-0.7900269574667387,2.82848987594744
2024-01-01 00:01:24,1,throughput_mbps,0.9907872020972529,-0.7041948438811788,2.7967880409018373
2024-01-01 00:01:25,1,throughput_mbps,0.9742325821097023,-0.8398995140864537,2.8736677560916535
2024-01-01 00:01:26,1,throughput_mbps,0.9576779168416648,-0.8424852066683354,2.7645220838187985
2024-01-01 00:01:27,1,throughput_mbps,0.9411232060965812,-0.7212575798096008,2.5696360460339065
2024-01-01 00:01:28,1,throughput_mbps,0.9245684497176297,-0.8246390432125502,2.671459278589275
2024-01-01 00:01:29,1,throughput_mbps,0.9113843122090197,-0.7954134505717962,2.663861773201684
2024-01-01 00:01:30,1,throughput_mbps,0.8982001296015871,-0.8610219734568444,2.6161451871323202
2024-01-01 00:01:31,1,throughput_mbps,0.8850159021827426,-0.9137375739391731,2.485424315113087
2024-01-01 00:01:32,1,throughput_mbps,0.8718316293514139,-0.8298591654669827,2.6675831558037597
2024-01-01 00:01:33,1,throughput_mbps,0.8586473131322543,-0.849251886281513,2.565739348134466
2024-01-01 00:01:34,1,throughput_mbps,0.8454629520356943,-0.7231565538902356,2.7118190751281417
2024-01-01 00:01:35,1,throughput_mbps,0.8322785467934403,-0.7892465931051341,2.5958722318466143
2024-01-01 00:01:36,1,throughput_mbps,0.8190940963202864,-0.9099777466682829,2.6482884910939304
2024-01-01 00:01:37,1,throughput_mbps,0.8059096026808354,-1.0135663648889908,2.5809260203568436
2024-01-01 00:01:38,1,throughput_mbps,0.7927250652739948,-0.7709962407417054,2.6111007424993278
2024-01-01 00:01:39,1,throughput_mbps,0.7795404839031244,-0.9084857815130646,2.4923791464366425
2024-01-01 00:01:40,1,throughput_mbps,0.7663558584113639,-1.0414739947941685,2.5258615497733024
2024-01-01 00:01:41,1,throughput_mbps,0.7572263215255052,-0.9272398899003492,2.62979542247704
2024-01-01 00:01:42,1,throughput_mbps,0.7480967410539213,-0.8878044692315229,2.508747819446245
2024-01-01 00:01:43,1,throughput_mbps,0.7389671172841041,-1.0793310581604045,2.4134734674725653
2024-01-01 00:01:44,1,throughput_mbps,0.7298374496148233,-1.0497333879690112,2.3184337347541284
2024-01-01 00:01:45,1,throughput_mbps,0.7207077396268645,-0.8954126789506881,2.409135352014973
2024-01-01 00:01:46,1,throughput_mbps,0.711577986719016,-0.9062053054007688,2.534787539238734
2024-01-01 00:01:47,1,throughput_mbps,0.7024481911788104,-1.019820215185676,2.320931694099962
2024-01-01 00:01:48,1,throughput_mbps,0.6933183523651376,-1.0586517754973133,2.4562184085730556
2024-01-01 00:01:49,1,throughput_mbps,0.6841884714543385,-1.033180147643662,2.3751067262968766
2024-01-01 00:01:50,1,throughput_mbps,0.6750585482895647,-1.0198810450820992,2.5654894080218957
2024-01-01 00:01:51,1,throughput_mbps,0.6659285826740963,-1.0543429557350872,2.3869483899720065
2024-01-01 00:01:52,1,throughput_mbps,0.6567985741680221,-1.2033255289141167,2.384016460333998
2024-01-01 00:01:53,1,throughput_mbps,0.6476685243523831,-1.1146264653671227,2.3632742099405255
2024-01-01 00:01:54,1,throughput_mbps,0.642992440981425,-1.2256095273097556,2.555027097049333
2024-01-01 00:01:55,1,throughput_mbps,0.6383163158257247,-1.1334259340191584,2.518115668968307
2024-01-01 00:01:56,1,throughput_mbps,0.6336401487283846,-1.2011597836487276,2.3172835979912048
2024-01-01 00:01:57,1,throughput_mbps,0.6289639403816085,-1.1834676551212244,2.444288691552532
2024-01-01 00:01:58,1,throughput_mbps,0.6242876906285093,-1.1082233614885653,2.3206736154450662
2024-01-01 00:01:59,1,throughput_mbps,0.619611399756695,-0.9741672959882088,2.4152142022947016
2024-01-01 00:02:00,1,throughput_mbps,0.6149350668418097,-1.1593879083596776,2.2197980201400385
2024-01-01 00:02:01,1,throughput_mbps,0.6102586936266016,-1.1472439229701368,2.3020673117628068
2024-01-01 00:02:02,1,throughput_mbps,0.605582279509658,-1.1328035943660848,2.344869410463367
2024-01-01 00:02:03,1,throughput_mbps,0.6009058243340619,-1.194301973307809,2.31676944162524
2024-01-01 00:02:04,1,throughput_mbps,0.5962293287920999,-1.1949131988572126,2.4016883574547623
2024-01-01 00:02:05,1,throughput_mbps,0.5915527927268647,-1.1164967985503846,2.47964066668167
2024-01-01 00:02:06,1,throughput_mbps,0.5901256383198387,-1.0457796329991131,2.4167103620220387
2024-01-01 00:02:07,1,throughput_mbps,0.5886984429141803,-1.2143554774580885,2.305556550349741
2024-01-01 00:02:08,1,throughput_mbps,0.5872712080913894,-1.1173320975067655,2.2704252819833712
2024-01-01 00:02:09,1,throughput_mbps,0.5858439334114749,-1.1671367983610128,2.3574860437744665
2024-01-01 00:02:10,1,throughput_mbps,0.5844166189606962,-1.1312972619417365,2.246576503113593
2024-01-01 00:02:11,1,throughput_mbps,0.5829892637327889,-1.1549974523359772,2.3037433830770673
2024-01-01 00:02:12,1,throughput_mbps,0.5815618697539916,-1.2343198272964793,2.3504706371326956
2024-01-01 00:02:13,1,throughput_mbps,0.5801344360997223,-1.280417031410372,2.3594643856885145
2024-01-01 00:02:14,1,throughput_mbps,0.5787069630576684,-1.1429729863708424,2.3588472579887987
2024-01-01 00:02:15,1,throughput_mbps,0.5772794504708799,-1.2176610712366565,2.224419846899317
2024-01-01 00:02:16,1,throughput_mbps,0.5758518990317819,-1.2380262411264884,2.3770264802122862
2024-01-01 00:02:17,1,throughput_mbps,0.5744243085834313,-1.269290782981413,2.2310610693592086
2024-01-01 00:02:18,1,throughput_mbps,0.5729966792520091,-1.1373817460555329,2.46027949535607
2024-01-01 00:02:19,1,throughput_mbps,0.572691081614824,-1.2395133089852006,2.3540702822202633
2024-01-01 00:02:20,1,throughput_mbps,0.5723854460747613,-1.1376985072013066,2.270936515139973
2024-01-01 00:02:21,1,throughput_mbps,0.5720797721917369,-1.079343564860313,2.364969022992388
2024-01-01 00:02:22,1,throughput_mbps,0.5717740597688289,-1.2744942413814366,2.3071797892569426
2024-01-01 00:02:23,1,throughput_mbps,0.5714683086490507,-1.1536731641585924,2.3261841099007032
2024-01-01 00:02:24,1,throughput_mbps,0.5711625200096131,-1.2129261339584372,2.2640252335359357
2024-01-01 00:02:25,1,throughput_mbps,0.570856693208855,-1.1810039243719934,2.414869423931565
2024-01-01 00:02:26,1,throughput_mbps,0.5705508285345364,-1.2423781759008534,2.234393049729615
2024-01-01 00:02:27,1,throughput_mbps,0.5702449253849082,-1.1649575606010945,2.1832485727014603
2024-01-01 00:02:28,1,throughput_mbps,0.5699389853420483,-1.3193097367119238,2.367143718335063
2024-01-01 00:02:29,1,throughput_mbps,0.5696330078042243,-1.0637692899851774,2.2364023742588945
2024-01-01 00:02:30,1,throughput_mbps,0.5693269930592318,-1.3110884058490517,2.358977480247191
2024-01-01 00:02:31,1,throughput_mbps,0.5690209404652938,-1.2555386705648721,2.2835935721751373
2024-01-01 00:02:32,1,throughput_mbps,0.5687148511997936,-1.3280364607718813,2.1738435672484764
2024-01-01 00:02:33,1,throughput_mbps,0.5684087335042805,-1.2515346356215182,2.263442958963673
2024-01-01 00:02:34,1,throughput_mbps,0.5681025787832302,-1.2372617171916935,2.248932521375123
2024-01-01 00:02:35,1,throughput_mbps,0.5677963864347925,-1.091165475685666,2.2420749579582684
2024-01-01 00:02:36,1,throughput_mbps,0.5674901585261058,-1.123102430335024,2.307129843495233
2024-01-01 00:02:37,1,throughput_mbps,0.5671838939705077,-1.2061162293489733,2.3384743230881506
2024-01-01 00:02:38,1,throughput_mbps,0.5668775930558271,-0.9886623235112381,2.3908250911312146
2024-01-01 00:02:39,1,throughput_mbps,0.566571255625047,-1.119745081013726,2.288601468614917
2024-01-01 00:02:40,1,throughput_mbps,0.5662648823708516,-1.1247610413954108,2.320821154836886
2024-01-01 00:02:41,1,throughput_mbps,0.5659584731362317,-1.1747976297152942,2.2635794526159962
2024-01-01 00:02:42,1,throughput_mbps,0.5656520273192732,-1.0918579884018,2.3361089212683837
2024-01-01 00:02:43,1,throughput_mbps,0.5653455465024604,-1.1586184067281464,2.222997726906594
2024-01-01 00:02:44,1,throughput_mbps,0.5650390300838948,-1.1238634723011003,2.325554856870143
2024-01-01 00:02:45,1,throughput_mbps,0.5647324783514579,-1.0946608924954941,2.36536622195002
2024-01-01 00:02:46,1,throughput_mbps,0.5644258906631535,-1.1516228657117604,2.2638988401260454
2024-01-01 00:02:47,1,throughput_mbps,0.5641192685907741,-1.1636318973760462,2.4774241146905256
2024-01-01 00:02:48,1,throughput_mbps,0.563812611583226,-1.2472757740406135,2.358815417673186
2024-01-01 00:02:49,1,throughput_mbps,0.5635059194434169,-1.075643349137307,2.388983312936395
2024-01-01 00:02:50,1,throughput_mbps,0.5631991917310089,-1.1440846514980503,2.41265828329492
2024-01-01 00:02:51,1,throughput_mbps,0.5628924300286948,-1.0343336539565757,2.340214278563426
2024-01-01 00:02:52,1,throughput_mbps,0.5625856341794591,-1.1254224507916706,2.3942849769133114
2024-01-01 00:02:53,1,throughput_mbps,0.5622788034196126,-1.2556970931294449,2.22214673820712
2024-01-01 00:02:54,1,throughput_mbps,0.5619719375920765,-1.1953635720298905,2.3094549876650396
2024-01-01 00:02:55,1,throughput_mbps,0.5616650382796433,-1.1886649950239052,2.3329851875611434
2024-01-01 00:02:56,1,throughput_mbps,0.5613581048802885,-1.1642019059182398,2.4771037027929514
2024-01-01 00:02:57,1,throughput_mbps,0.5610511376819584,-1.1257525760953178,2.3435827325387746
2024-01-01 00:02:58,1,throughput_mbps,0.5607441360424875,-1.29694504603666,2.3452542751817416
2024-01-01 00:02:59,1,throughput_mbps,0.5604371011398456,-1.2706342876097352,2.2263053103947636
2024-01-01 00:03:00,1,throughput_mbps,0.5601300328169853,-1.1367558151662176,2.411719047203057
2024-01-01 00:03:01,1,throughput_mbps,0.5598229308767401,-1.0404694234244023,2.39110094792788
2024-01-01 00:03:02,1,throughput_mbps,0.559515794878697,-1.18980267361766,2.2577593428691225
2024-01-01 00:03:03,1,throughput_mbps,0.5592086302618987,-1.204954464316414,2.1693083148403787
2024-01-01 00:03:04,1,throughput_mbps,0.5589014325681867,-1.1781417847228777,2.1863778123647384
2024-01-01 00:03:05,1,throughput_mbps,0.5585942019238186,-1.195014952626784,2.2756327181827567
2024-01-01 00:03:06,1,throughput_mbps,0.5582869381717112,-1.1539296877596914,2.277642941135465
2024-01-01 00:03:07,1,throughput_mbps,0.5579796420048047,-1.1657213327535871,2.296050415133266
2024-01-01 00:03:08,1,throughput_mbps,0.5576723132660233,-1.1774466203106027,2.4261128534008054
2024-01-01 00:03:09,1,throughput_mbps,0.5573649522433749,-1.1001998308856291,2.285739309852539
2024-01-01 00:03:10,1,throughput_mbps,0.5570575580111736,-1.2442969704842166,2.2917854310535644
2024-01-01 00:03:11,1,throughput_mbps,0.5567501323143422,-1.3536047050853883,2.3432618292466967
2024-01-01 00:03:12,1,throughput_mbps,0.5564426745506963,-1.1521789880105362,2.250916588152994
2024-01-01 00:03:13,1,throughput_mbps,0.5561351848465038,-1.1830289848207625,2.268586227363936
2024-01-01 00:03:14,1,throughput_mbps,0.5558276630446634,-1.1919053566167257,2.264457843966558
2024-01-01 00:03:15,1,throughput_mbps,0.5555201098381851,-1.074331367460269,2.297273129151339
2024-01-01 00:03:16,1,throughput_mbps,0.5552125250699743,-1.1653585567345084,2.27986321171005
2024-01-01 00:03:17,1,throughput_mbps,0.5549049088663038,-1.129984439483673,2.3153117079904195
2024-01-01 00:03:18,1,throughput_mbps,0.5545972606249008,-1.218219938927204,2.2641233425782343
2024-01-01 00:03:19,1,throughput_mbps,0.5542895820909112,-1.1762410234551968,2.3048753579405035
2024-01-01 00:03:20,1,throughput_mbps,0.5539818723385129,-1.119225557773111,2.3074463406288497
2024-01-01 00:03:21,1,throughput_mbps,0.5536741312105773,-1.1369343628790196,2.2907494097346004
2024-01-01 00:03:22,1,throughput_mbps,0.5533663601112666,-1.2342738391998624,2.2030140810634875
2024-01-01 00:03:23,1,throughput_mbps,0.5530585581723764,-1.2805659164407737,2.265686439472534
2024-01-01 00:03:24,1,throughput_mbps,0.5527507256819797,-1.2019026951395768,2.132809835995914
2024-01-01 00:03:25,1,throughput_mbps,0.5524428620377375,-1.2185210835629217,2.1257722479165806
2024-01-01 00:03:26,1,throughput_mbps,0.5521349688231709,-1.2081858189969357,2.225802899988011
2024-01-01 00:03:27,1,throughput_mbps,0.551827045435953,-1.0879973991254832,2.469518473455686
2024-01-01 00:03:28,1,throughput_mbps,0.5515190921641869,-1.2114114564762304,2.261151213478432
2024-01-01 00:03:29,1,throughput_mbps,0.5512111083652934,-1.2035564510612884,2.3073046761775755
2024-01-01 00:03:30,1,throughput_mbps,0.5509030952178496,-1.3306107174125597,2.2581022014506074
2024-01-01 00:03:31,1,throughput_mbps,0.550595052564739,-1.1749711448410518,2.1763623072740836
2024-01-01 00:03:32,1,throughput_mbps,0.5502869802086047,-1.1616194246250549,2.34294277918409
2024-01-01 00:03:33,1,throughput_mbps,0.5499788775470256,-1.2581533375683407,2.324667658842874
2024-01-01 00:03:34,1,throughput_mbps,0.5496707470944693,-1.2275027786329447,2.247424249762734
2024-01-01 00:03:35,1,throughput_mbps,0.5493625868724944,-1.23795407593914,2.145198550439667
2024-01-01 00:03:36,1,throughput_mbps,0.5490543976144991,-1.2541996923246874,2.2349874513268335
2024-01-01 00:03:37,1,throughput_mbps,0.5487461787180387,-1.2758137637491556,2.3012984289418394
2024-01-01 00:03:38,1,throughput_mbps,0.5484379317668888,-1.1951406590543703,2.2734954463220123
2024-01-01 00:03:39,1,throughput_mbps,0.5481296561586165,-1.2085568251748773,2.3783540765010165
2024-01-01 00:03:40,1,throughput_mbps,0.5478213521813815,-1.2155005675582304,2.3599695193439554
2024-01-01 00:03:41,1,throughput_mbps,0.5475130208421074,-1.0563303223202511,2.3423564290623626
2024-01-01 00:03:42,1,throughput_mbps,0.5472046616699334,-1.1912098297733213,2.2804327922958
2024-01-01 00:03:43,1,throughput_mbps,0.5468962745077176,-1.2905793447677587,2.218191744526001
2024-01-01 00:03:44,1,throughput_mbps,0.5465878591580319,-1.249800248077621,2.188433420388387
2024-01-01 00:03:45,1,throughput_mbps,0.5462794150183529,-1.1581496752062541,2.1352510996460556
2024-01-01 00:03:46,1,throughput_mbps,0.5459709441582449,-1.0218256848714868,2.144357438325734
2024-01-01 00:03:47,1,throughput_mbps,0.5456624454895801,-1.165990938453993,2.346753590130136
2024-01-01 00:03:48,1,throughput_mbps,0.5453539193005436,-1.2093430244004035,2.288572003212015
2024-01-01 00:03:49,1,throughput_mbps,0.5450453654339628,-1.3207738772047122,2.2263145007808642
2024-01-01 00:03:50,1,throughput_mbps,0.5447367845831141,-1.2364671574866362,2.217173765995488
2024-01-01 00:03:51,1,throughput_mbps,0.5444281765908295,-1.187128006107432,2.262867098155703
2024-01-01 00:03:52,1,throughput_mbps,0.5441195417453223,-1.2127614384609098,2.330815644573204
2024-01-01 00:03:53,1,throughput_mbps,0.5438108789583151,-1.2531211407727494,2.2685039316345885
2024-01-01 00:03:54,1,throughput_mbps,0.5435021902996005,-1.3095401662216424,2.2470038608669847
2024-01-01 00:03:55,1,throughput_mbps,0.5431934751666212,-1.2227088725784416,2.3072448040905655
2024-01-01 00:03:56,1,throughput_mbps,0.5428847333618783,-1.2925831384066935,2.2536896458022926
2024-01-01 00:03:57,1,throughput_mbps,0.542575964728174,-1.042229329404355,2.258184817770986
2024-01-01 00:03:58,1,throughput_mbps,0.5422671704445878,-1.2733453984621506,2.2545520142382167
2024-01-01 00:03:59,1,throughput_mbps,0.5419583498681866,-1.2876416521504486,2.3329747534970853
2024-01-01 00:04:00,1,throughput_mbps,0.5416495031168583,-1.1452287044349152,2.434173055809766
2024-01-01 00:04:01,1,throughput_mbps,0.5413406312162228,-1.2696416487903859,2.266370179134969
2024-01-01 00:04:02,1,throughput_mbps,0.5410317335636555,-1.0955880304925303,2.357519740412124
2024-01-01 00:04:03,1,throughput_mbps,0.5407228102854809,-1.252657029110656,2.2124970538609063
2024-01-01 00:04:04,1,throughput_mbps,0.5404138612244997,-1.2184910262106623,2.128963766885719
2024-01-01 00:04:05,1,throughput_mbps,0.5401048870740842,-1.1502129469030287,2.281978063185218
2024-01-01 00:04:06,1,throughput_mbps,0.5397958876770389,-1.2172696793201971,2.356239923809979
2024-01-01 00:04:07,1,throughput_mbps,0.5394868633216414,-1.2367695871514686,2.235359647844301
2024-01-01 00:04:08,1,throughput_mbps,0.5391778130813005,-1.3320353713672324,2.238129897837624
2024-01-01 00:04:09,1,throughput_mbps,0.5388687387023297,-1.171028268076624,2.2910761903449557
2024-01-01 00:04:10,1,throughput_mbps,0.5385596395820448,-1.1500055209181734,2.3112152040021963
2024-01-01 00:04:11,1,throughput_mbps,0.5382505162922815,-1.2790769444758667,2.262829319247727
2024-01-01 00:04:12,1,throughput_mbps,0.5379413673393106,-1.218598298101664,2.2368293064660554
2024-01-01 00:04:13,1,throughput_mbps,0.5376321947530682,-1.2461397339916307,2.2612994552854633
2024-01-01 00:04:14,1,throughput_mbps,0.537322997930839,-1.1859051766368198,2.393710348163506
2024-01-01 00:04:15,1,throughput_mbps,0.5370137769989584,-1.1863307371500291,2.3261426051012606
2024-01-01 00:04:16,1,throughput_mbps,0.536704531800205,-1.2552892658999657,2.3329589272545133
2024-01-01 00:04:17,1,throughput_mbps,0.5363952630280223,-1.2308604505938379,2.213373771776479
2024-01-01 00:04:18,1,throughput_mbps,0.5360859705251937,-1.3094977125029525,2.3113525805636104
2024-01-01 00:04:19,1,throughput_mbps,0.5357766545800456,-1.2249740168056793,2.1320405935067
2024-01-01 00:04:20,1,throughput_mbps,0.5354673142658216,-1.2197872515233166,2.3707518791459687
2024-01-01 00:04:21,1,throughput_mbps,0.5351579513290764,-1.186919247492458,2.3741230402505007
2024-01-01 00:04:22,1,throughput_mbps,0.534848565167038,-1.2029264757462335,2.2545187948927654
2024-01-01 00:04:23,1,throughput_mbps,0.5345391559060464,-1.1077107437227218,2.374735803730054
2024-01-01 00:04:24,1,throughput_mbps,0.5342297233888694,-1.2553366725756399,2.320388566542559
2024-01-01 00:04:25,1,throughput_mbps,0.5339202683089912,-1.1777087028419917,2.2612290917466926
2024-01-01 00:04:26,1,throughput_mbps,0.5336107905091837,-1.1920655917147813,2.219516948199159
2024-01-01 00:04:27,1,throughput_mbps,0.5333012901157885,-1.170586556008226,2.3648630622808544
2024-01-01 00:04:28,1,throughput_mbps,0.5329917665259707,-1.2485970392413113,2.3764337949093615
2024-01-01 00:04:29,1,throughput_mbps,0.5326822218081153,-1.2964537804381697,2.361911705611356
2024-01-01 00:04:30,1,throughput_mbps,0.5323726547136863,-1.213039495948921,2.3722870949402397
2024-01-01 00:04:31,1,throughput_mbps,0.5320630655310474,-1.3214336289764042,2.252987402849461
2024-01-01 00:04:32,1,throughput_mbps,0.5317534541029544,-1.1946585371103153,2.1006802858497364
2024-01-01 00:04:33,1,throughput_mbps,0.5314438211229308,-1.2357691073956298,2.3069720841921457
2024-01-01 00:04:34,1,throughput_mbps,0.5311341664337359,-1.354014921567749,2.2319609353709513
2024-01-01 00:04:35,1,throughput_mbps,0.5308244901617184,-1.2347634448794047,2.360545009893626
2024-01-01 00:04:36,1,throughput_mbps,0.5305147917039874,-1.2511815990431017,2.3227318160412453
2024-01-01 00:04:37,1,throughput_mbps,0.5302050726453604,-1.037785700484584,2.2631940538652575
2024-01-01 00:04:38,1,throughput_mbps,0.529895332545005,-1.2251432287179247,2.456494437349136
2024-01-01 00:04:39,1,throughput_mbps,0.5295855707595212,-1.2306209548888087,2.3175920518392066
2024-01-01 00:04:40,1,throughput_mbps,0.5292757884686106,-1.2889850321701999,2.395830668477282
2024-01-01 00:04:41,1,throughput_mbps,0.5289659855150313,-1.2052378694178654,2.3047750334920916
2024-01-01 00:04:42,1,throughput_mbps,0.528656161701023,-1.1578863008597746,2.317112198150581
2024-01-01 00:04:43,1,throughput_mbps,0.5283463164236425,-1.1007200287572314,2.319935293512753
2024-01-01 00:04:44,1,throughput_mbps,0.5280364517539984,-1.135351955920939,2.270528017092163
2024-01-01 00:04:45,1,throughput_mbps,0.5277265666029727,-1.1253619142862425,2.1393961208091
2024-01-01 00:04:46,1,throughput_mbps,0.5274166612589831,-1.210132153180026,2.233504722382466
2024-01-01 00:04:47,1,throughput_mbps,0.5271067355647661,-1.2923168492962451,2.2280395449939903
2024-01-01 00:04:48,1,throughput_mbps,0.5267967902139098,-1.2945522754438477,2.2758237723708907
2024-01-01 00:04:49,1,throughput_mbps,0.5264868250491525,-1.2305924069424137,2.2047257134698013
2024-01-01 00:04:50,1,throughput_mbps,0.5261768403589352,-1.176444404319367,2.218538750781003
2024-01-01 00:04:51,1,throughput_mbps,0.5258668350540211,-1.234787724207009,2.3025415737157444
2024-01-01 00:04:52,1,throughput_mbps,0.5255568112056895,-1.2206579057675675,2.2650049780510817
2024-01-01 00:04:53,1,throughput_mbps,0.5252467686566967,-1.308932050010177,2.3095627696181356
2024-01-01 00:04:54,1,throughput_mbps,0.5249367063177762,-1.1887476506266414,2.330614197818395
2024-01-01 00:04:55,1,throughput_mbps,0.524626624031632,-1.1631264856864094,2.255984519583395
2024-01-01 00:04:56,1,throughput_mbps,0.5243165238696385,-1.102009296095498,2.2860163653793273
2024-01-01 00:04:57,1,throughput_mbps,0.5240064047424988,-1.2280873272807735,2.3334815045988053
2024-01-01 00:04:58,1,throughput_mbps,0.523696266938672,-1.1671323468303167,2.1679187911680997
2024-01-01 00:04:59,1,throughput_mbps,0.5233861103008791,-1.2059383796969694,2.391149507886998
2024-01-01 00:05:00,1,throughput_mbps,0.5230759355227528,-1.3075772406964923,2.3075386422001993
2024-01-01 00:05:01,1,throughput_mbps,0.5227657424470171,-1.1522425696769643,2.307292393585682
2024-01-01 00:05:02,1,throughput_mbps,0.5224555313621512,-1.3089828527654004,2.2197451200678158
2024-01-01 00:05:03,1,throughput_mbps,0.5221453011787476,-1.207513367219684,2.265654308581334
2024-01-01 00:05:04,1,throughput_mbps,0.5218350539683386,-1.1800342947557716,2.282861307909477
2024-01-01 00:05:05,1,throughput_mbps,0.5215247891278907,-1.2500279042294198,2.403923929112918
2024-01-01 00:05:06,1,throughput_mbps,0.5212145064595111,-1.1156157664659283,2.2667209522489933
2024-01-01 00:05:07,1,throughput_mbps,0.5209042058059036,-1.320527959939207,2.144139894410633
2024-01-01 00:05:08,1,throughput_mbps,0.5205938883471289,-1.2737459001980136,2.2267334498888647
2024-01-01 00:05:09,1,throughput_mbps,0.5202835534395002,-1.310168414708444,2.343860683243217
2024-01-01 00:05:10,1,throughput_mbps,0.5199732013715127,-1.3074860223960347,2.200648587981939
2024-01-01 00:05:11,1,throughput_mbps,0.519662831540076,-1.356003197209496,2.261286142180297
2024-01-01 00:05:12,1,throughput_mbps,0.5193524455304555,-1.3664179133001106,2.3409147516948337
2024-01-01 00:05:13,1,throughput_mbps,0.5190420427395656,-1.2307756291592866,2.3471942887398187
2024-01-01 00:05:14,1,throughput_mbps,0.5187316234559227,-1.2246888991981235,2.1207643254423094
2024-01-01 00:05:15,1,throughput_mbps,0.5184211899931495,-1.25002222015318,2.385130672213079
2024-01-01 00:05:16,1,throughput_mbps,0.5181107405740091,-1.170777841612275,2.306043137673546
2024-01-01 00:05:17,1,throughput_mbps,0.5178002750412163,-1.1152661992388906,2.301324970159962
2024-01-01 00:05:18,1,throughput_mbps,0.5174897924673236,-1.2166567654607687,2.188460011908356
2024-01-01 00:05:19,1,throughput_mbps,0.5171792945998303,-1.2160153103354951,2.2063130209193615
2024-01-01 00:05:20,1,throughput_mbps,0.5168687808356158,-1.2491480478173058,2.325519290648478
2024-01-01 00:05:21,1,throughput_mbps,0.5165582513010447,-1.206385340875465,2.330348076410765
2024-01-01 00:05:22,1,throughput_mbps,0.5162477058388154,-1.3500597646517627,2.12794221144245
2024-01-01 00:05:23,1,throughput_mbps,0.5159371451426249,-1.2527599738803352,2.2105608328823707
2024-01-01 00:05:24,1,throughput_mbps,0.5156265690551732,-1.2951518980223684,2.2774439039652887
2024-01-01 00:05:25,1,throughput_mbps,0.5153159777028257,-1.2934649715848587,2.348791855963937
2024-01-01 00:05:26,1,throughput_mbps,0.5150053704824187,-1.1833496358581463,2.2480385328203596
2024-01-01 00:05:27,1,throughput_mbps,0.5146947491415601,-1.2141668586533438,2.3275144607449585
2024-01-01 00:05:28,1,throughput_mbps,0.5143841127527154,-1.2711661539834278,2.2780222491460607
2024-01-01 00:05:29,1,throughput_mbps,0.5140734616044375,-1.2988182854555386,2.382943164797791
2024-01-01 00:05:30,1,throughput_mbps,0.5137627955394164,-1.299219158585359,2.305105853638903
2024-01-01 00:05:31,1,throughput_mbps,0.5134521152513676,-1.238260444411969,2.2118393656797526
2024-01-01 00:05:32,1,throughput_mbps,0.513141420582983,-1.0852326245999788,2.4283612358213404
2024-01-01 00:05:33,1,throughput_mbps,0.5128307116606284,-1.2103191876190476,2.236312458458767
2024-01-01 00:05:34,1,throughput_mbps,0.5125199878811051,-1.2086005512689566,2.352735652161514
2024-01-01 00:05:35,1,throughput_mbps,0.5122092512757948,-1.304366196343225,2.22177148703448
2024-01-01 00:05:36,1,throughput_mbps,0.5118985003497258,-1.177295103846056,2.314025664585777
2024-01-01 00:05:37,1,throughput_mbps,0.511587735675152,-1.2301248928546389,2.2720627658765022
2024-01-01 00:05:38,1,throughput_mbps,0.5112769566488572,-1.2061823213012752,2.0976772917723356
2024-01-01 00:05:39,1,throughput_mbps,0.5109661650185877,-1.2714686258461498,2.2143157304718795
2024-01-01 00:05:40,1,throughput_mbps,0.5106553598566925,-1.3545282203690607,2.3048442781369882
2024-01-01 00:05:41,1,throughput_mbps,0.510344541451757,-1.2967330893682154,2.287075848444706
2024-01-01 00:05:42,1,throughput_mbps,0.5100337096464619,-1.1191866095555434,2.3517024181374455
2024-01-01 00:05:43,1,throughput_mbps,0.5097228651345421,-1.1231724770029403,2.3391596252006077
2024-01-01 00:05:44,1,throughput_mbps,0.5094120077586797,-1.390626607772564,2.191380838828353
2024-01-01 00:05:45,1,throughput_mbps,0.5091011376452402,-1.2405163576541287,2.2887966551230625
2024-01-01 00:05:46,1,throughput_mbps,0.5087902541909776,-1.1926050765651455,2.2599182352708307
2024-01-01 00:05:47,1,throughput_mbps,0.5084793589814788,-1.3649968013765315,2.3057818016127625
2024-01-01 00:05:48,1,throughput_mbps,0.5081684515757449,-1.132577349761127,2.1782549050388784
2024-01-01 00:05:49,1,throughput_mbps,0.5078575317756561,-1.0989971315277651,2.192673648006132
2024-01-01 00:05:50,1,throughput_mbps,0.507546599423881,-1.106524090235617,2.1993059538623783
2024-01-01 00:05:51,1,throughput_mbps,0.5072356557009098,-1.2644461301703613,2.2882338770326056
2024-01-01 00:05:52,1,throughput_mbps,0.5069246999626722,-1.3002281815854144,2.1857039933648434
2024-01-01 00:05:53,1,throughput_mbps,0.5066137324977831,-1.3913617890763545,2.248337966267291
2024-01-01 00:05:54,1,throughput_mbps,0.5063027527029653,-1.2241644870831674,2.289745532268544
2024-01-01 00:05:55,1,throughput_mbps,0.5059917621638633,-1.1997635123771497,2.294859561595397
2024-01-01 00:05:56,1,throughput_mbps,0.5056807602772038,-1.1768853748498824,2.316581343374724
2024-01-01 00:05:57,1,throughput_mbps,0.5053697473316181,-1.2154702003327316,2.1951127653196556
2024-01-01 00:05:58,1,throughput_mbps,0.5050587226829782,-1.1628251746588232,2.2745796101483275
2024-01-01 00:05:59,1,throughput_mbps,0.504747687511833,-1.3066107626119718,2.177687569002712
2024-01-01 00:06:00,1,throughput_mbps,0.5044366416608612,-1.1428031163150096,2.4484396465631026
2024-01-01 00:06:01,1,throughput_mbps,0.5041255840399423,-1.174402481735402,2.254648224972476
2024-01-01 00:06:02,1,throughput_mbps,0.503814516721585,-1.2840480584032261,2.333548091360472
2024-01-01 00:06:03,1,throughput_mbps,0.503503439102499,-1.3176212542391132,2.3375564860294595
2024-01-01 00:06:04,1,throughput_mbps,0.503192350984488,-1.1192702650253683,2.1179910971007896
2024-01-01 00:06:05,1,throughput_mbps,0.5028812522102138,-1.155205698272403,2.302336289866897
2024-01-01 00:06:06,1,throughput_mbps,0.5025701439602845,-1.3189257558343213,2.171431816683815
2024-01-01 00:06:07,1,throughput_mbps,0.5022590255905113,-1.3004366178608053,2.314974738907251
2024-01-01 00:06:08,1,throughput_mbps,0.5019478973895423,-1.2340075653070348,2.2306802930088074
2024-01-01 00:06:09,1,throughput_mbps,0.5016367587540524,-1.1411363921503044,2.1853404298962102
2024-01-01 00:06:10,1,throughput_mbps,0.5013256112697734,-1.1717898654939924,2.2919624495272632
2024-01-01 00:06:11,1,throughput_mbps,0.5010144579393971,-1.1443247699488384,2.153722589767927
2024-01-01 00:06:12,1,throughput_mbps,0.5007032958915703,-1.3427911045116123,2.273161299096608
2024-01-01 00:06:13,1,throughput_mbps,0.500392123144057,-1.2426973009421254,2.2166064133454246
2024-01-01 00:06:14,1,throughput_mbps,0.500080942215511,-1.1681392966217254,2.2769685663780725
2024-01-01 00:06:15,1,throughput_mbps,0.49976975250260425,-1.2598688197525927,2.258186863455506
2024-01-01 00:06:16,1,throughput_mbps,0.4994585538070811,-1.143206298047888,2.2819361003796645
2024-01-01 00:06:17,1,throughput_mbps,0.4991473459715975,-1.185224729940233,2.2844497727113193
2024-01-01 00:06:18,1,throughput_mbps,0.49883613017684647,-1.2332952182591335,2.313658919402465
2024-01-01 00:06:19,1,throughput_mbps,0.49852490577854786,-1.2535066712299898,2.2433745461600756
2024-01-01 00:06:20,1,throughput_mbps,0.498213673065375,-1.176780374836452,2.130693513499686
2024-01-01 00:06:21,1,throughput_mbps,0.4979024314339701,-1.2667255503569332,2.284233234423598
2024-01-01 00:06:22,1,throughput_mbps,0.49759118247011874,-1.2525524783110296,2.2858974959644165
2024-01-01 00:06:23,1,throughput_mbps,0.4972799255704647,-1.2787449135506999,2.3003154029709116
2024-01-01 00:06:24,1,throughput_mbps,0.49696866102369447,-1.1357558520312918,2.2303725883639154
2024-01-01 00:06:25,1,throughput_mbps,0.4966573881854797,-1.2635794435863819,2.152725751227376
2024-01-01 00:06:26,1,throughput_mbps,0.49634610823655606,-1.3497910271188225,2.217744194155968
2024-01-01 00:06:27,1,throughput_mbps,0.4960348210195901,-1.345885646763646,2.3019832409815995
2024-01-01 00:06:28,1,throughput_mbps,0.4957235263362663,-1.1931530554441658,2.1982128736637403
2024-01-01 00:06:29,1,throughput_mbps,0.4954122237455427,-1.2199760668363722,2.356958713071969
2024-01-01 00:06:30,1,throughput_mbps,0.49510091483323176,-1.2285030276622775,2.283795280830323
2024-01-01 00:06:31,1,throughput_mbps,0.4947895989959587,-1.200422147634315,2.276274654338124
2024-01-01 00:06:32,1,throughput_mbps,0.4944782763600765,-1.1915949137709572,2.2496012374786294
2024-01-01 00:06:33,1,throughput_mbps,0.49416694676824374,-1.1017891112307274,2.289791530956596
2024-01-01 00:06:34,1,throughput_mbps,0.4938556109141999,-1.3673508454612857,2.14515400969049
2024-01-01 00:06:35,1,throughput_mbps,0.4935442686406028,-1.2483950362147733,2.2441585997884546
2024-01-01 00:06:36,1,throughput_mbps,0.4932329202361592,-1.275212647878033,2.3137167972028694
2024-01-01 00:06:37,1,throughput_mbps,0.492921564772767,-1.2639892817949085,2.204834809476379
2024-01-01 00:06:38,1,throughput_mbps,0.49261020399861327,-1.3259612978835336,2.24237101339993
2024-01-01 00:06:39,1,throughput_mbps,0.4922988373103066,-1.3068841216229874,2.302735325329821
2024-01-01 00:06:40,1,throughput_mbps,0.49198746455050407,-1.3771712985155338,2.2580808513125294
2024-01-01 00:06:41,1,throughput_mbps,0.49167608641293675,-1.2377289022609108,2.1875123010786752
2024-01-01 00:06:42,1,throughput_mbps,0.49136470274026095,-1.218202889133464,2.276360463948279
2024-01-01 00:06:43,1,throughput_mbps,0.4910533136588227,-1.2878181623797835,2.282265971689855
2024-01-01 00:06:44,1,throughput_mbps,0.49074191856521837,-1.254341413582262,2.2408845465909124
2024-01-01 00:06:45,1,throughput_mbps,0.4904305190452937,-1.436691622199553,2.1716129479794506
2024-01-01 00:06:46,1,throughput_mbps,0.4901191146580219,-1.29748307182125,2.234655317015915
2024-01-01 00:06:47,1,throughput_mbps,0.4898077052049942,-1.2691650082723018,2.3188337994046373
2024-01-01 00:06:48,1,throughput_mbps,0.48949629052886284,-1.234917224199272,2.2171962625389514
2024-01-01 00:06:49,1,throughput_mbps,0.4891848718104879,-1.3354619967038446,2.164398021371028
2024-01-01 00:06:50,1,throughput_mbps,0.4888734484053809,-1.314121450955047,2.2253893182704125
2024-01-01 00:06:51,1,throughput_mbps,0.4885620206022651,-1.3725814726436818,2.2719727393040725
2024-01-01 00:06:52,1,throughput_mbps,0.48825058779772473,-1.2730505961443308,2.2806591968820182
2024-01-01 00:06:53,1,throughput_mbps,0.48793915157761364,-1.2881349574057825,2.2760140273106395
2024-01-01 00:06:54,1,throughput_mbps,0.4876277117845916,-1.3637724230162884,2.1237723873868894
2024-01-01 00:06:55,1,throughput_mbps,0.4873162676528467,-1.2386509697900487,2.2459584998946776
2024-01-01 00:06:56,1,throughput_mbps,0.4870048190250326,-1.267877585041997,2.207347756248114
2024-01-01 00:06:57,1,throughput_mbps,0.4866933674870055,-1.1377395787482492,2.2884150903260227
2024-01-01 00:06:58,1,throughput_mbps,0.48638191259774516,-1.2848268968449037,2.167421329279981
2024-01-01 00:06:59,1,throughput_mbps,0.4860704541587863,-1.255145533877288,2.2660269001607634
2024-01-01 00:07:00,1,throughput_mbps,0.4857589920127812,-1.271176615711507,2.232956839774624
2024-01-01 00:07:01,1,throughput_mbps,0.4854475273406369,-1.2075864397974292,2.226330021668375
2024-01-01 00:07:02,1,throughput_mbps,0.48513605949779265,-1.2487112217525824,2.1005194632938062
2024-01-01 00:07:03,1,throughput_mbps,0.48482458877298723,-1.1892126525163202,2.2465151119155364
2024-01-01 00:07:04,1,throughput_mbps,0.48451311456279106,-1.1767940231713063,2.191280963287488
2024-01-01 00:07:05,1,throughput_mbps,0.4842016384530587,-1.1810318240015962,2.264752499147693
2024-01-01 00:07:06,1,throughput_mbps,0.4838901598403604,-1.2102715420991885,2.2071351861349715
2024-01-01 00:07:07,1,throughput_mbps,0.4835787171372259,-1.2495390979317793,2.3185319471033394
2024-01-01 00:07:08,1,throughput_mbps,0.4832672715752753,-1.379475696644427,2.202867789768484
2024-01-01 00:07:09,1,throughput_mbps,0.4829558243354365,-1.2907098567839033,2.308925103561663
2024-01-01 00:07:10,1,throughput_mbps,0.4826443752603707,-1.3400716373377637,2.334277941294015
2024-01-01 00:07:11,1,throughput_mbps,0.4823329241515568,-1.2858985614949414,2.283983476608714
2024-01-01 00:07:12,1,throughput_mbps,0.4820214704055547,-1.322715028158478,2.1457723730628904
2024-01-01 00:07:13,1,throughput_mbps,0.4817100160954967,-1.1861957104281304,2.209206544950981
2024-01-01 00:07:14,1,throughput_mbps,0.4813985601306595,-1.1840968842484316,2.1852171934032287
2024-01-01 00:07:15,1,throughput_mbps,0.48108710279979566,-1.3347168356381864,2.251084842828369
2024-01-01 00:07:16,1,throughput_mbps,0.4807756439455655,-1.2634739411216285,2.1651867915487375
2024-01-01 00:07:17,1,throughput_mbps,0.4804641842616146,-1.2700623369707262,2.184912593814791
2024-01-01 00:07:18,1,throughput_mbps,0.4801527235906008,-1.3128690925888356,2.2336974652912867
2024-01-01 00:07:19,1,throughput_mbps,0.47984126132908583,-1.4148617779107495,2.3260087791417425
2024-01-01 00:07:20,1,throughput_mbps,0.4795297990629046,-1.2770249986759998,2.124222703146866
2024-01-01 00:07:21,1,throughput_mbps,0.47921833618861587,-1.25825530347714,2.2791663319666124
2024-01-01 00:07:22,1,throughput_mbps,0.4789068729949838,-1.3238913090646536,2.162848526666169
2024-01-01 00:07:23,1,throughput_mbps,0.4785954088373302,-1.316520745565471,2.329064622614271
2024-01-01 00:07:24,1,throughput_mbps,0.47828394489661774,-1.329155814608621,2.389978399052232
2024-01-01 00:07:25,1,throughput_mbps,0.4779724810155114,-1.37047401516086,2.2768477779667036
2024-01-01 00:07:26,1,throughput_mbps,0.47766101699542113,-1.0208526383264782,2.2458984659887493
2024-01-01 00:07:27,1,throughput_mbps,0.47734955239535837,-1.3404753453410045,2.236468196348225
2024-01-01 00:07:28,1,throughput_mbps,0.47703808880113696,-1.1721166052603342,2.3025745523294123
2024-01-01 00:07:29,1,throughput_mbps,0.47672662560931445,-1.2556843380734959,2.2342299825574834
2024-01-01 00:07:30,1,throughput_mbps,0.4764151629462001,-1.3224752375812747,2.2657171693841005
2024-01-01 00:07:31,1,throughput_mbps,0.47610370065445884,-1.2947630665081744,2.334953034199539
2024-01-01 00:07:32,1,throughput_mbps,0.47579223942768345,-1.2375965011432966,2.217931115047342
2024-01-01 00:07:33,1,throughput_mbps,0.4754807791085359,-1.4049200789915444,2.302538810604749
2024-01-01 00:07:34,1,throughput_mbps,0.4751693199857885,-1.2325193755557136,2.2213170720777886
2024-01-01 00:07:35,1,throughput_mbps,0.4748578611310693,-1.3349497614164454,2.3065807104086993
2024-01-01 00:07:36,1,throughput_mbps,0.47454640457626607,-1.3284333458070163,2.247461159154375
2024-01-01 00:07:37,1,throughput_mbps,0.4742349493131392,-1.1257825263944692,2.124544809426299
2024-01-01 00:07:38,1,throughput_mbps,0.473923495426681,-1.1558913318093464,2.2289687157971954
2024-01-01 00:07:39,1,throughput_mbps,0.4736120424759258,-1.2940220646105882,2.2381487605619084
2024-01-01 00:07:40,1,throughput_mbps,0.47330059204664543,-1.2634881927604529,2.2916832367623137
2024-01-01 00:07:41,1,throughput_mbps,0.47298914353539867,-1.1623540250818698,2.354396654675568
2024-01-01 00:07:42,1,throughput_mbps,0.47267769706848195,-1.1799358377791738,2.2577591864301567
2024-01-01 00:07:43,1,throughput_mbps,0.4723662524885657,-1.280857226808508,2.221678412789228
2024-01-01 00:07:44,1,throughput_mbps,0.4720548104891925,-1.3069015145271496,2.0985288512976723
2024-01-01 00:07:45,1,throughput_mbps,0.471743370913029,-1.2749036211056766,2.2291496619971056
2024-01-01 00:07:46,1,throughput_mbps,0.4714319340488544,-1.3040340750852797,2.1033561938226337
2024-01-01 00:07:47,1,throughput_mbps,0.4711204989682629,-1.3408193195383582,2.23079449833145
2024-01-01 00:07:48,1,throughput_mbps,0.4708090674194749,-1.2714117761368084,2.223957673705335
2024-01-01 00:07:49,1,throughput_mbps,0.47049763879905426,-1.2102288134048211,2.2958847596169405
2024-01-01 00:07:50,1,throughput_mbps,0.4701862132332876,-1.3122644836733612,2.2506249309475734
2024-01-01 00:07:51,1,throughput_mbps,0.46987479056485026,-1.243479184585982,2.1633393699589547
2024-01-01 00:07:52,1,throughput_mbps,0.46956337148724653,-1.388262693919998,2.203074245027678
2024-01-01 00:07:53,1,throughput_mbps,0.4692519558431484,-1.319751360775631,2.3420218379737583
2024-01-01 00:07:54,1,throughput_mbps,0.468940543758837,-1.2842562577120864,2.1064342794550934
2024-01-01 00:07:55,1,throughput_mbps,0.46862913463088696,-1.3071894076712287,2.246488984141292
2024-01-01 00:07:56,1,throughput_mbps,0.4683177302074938,-1.278880856369159,2.224783913663139
2024-01-01 00:07:57,1,throughput_mbps,0.46800632956022226,-1.261320247743074,2.2065582663732726
2024-01-01 00:07:58,1,throughput_mbps,0.4676949325317481,-1.3350208333128266,2.2381979618651755
2024-01-01 00:07:59,1,throughput_mbps,0.46738354030305906,-1.2718519453957702,2.1545521602163085
2024-01-01 00:08:00,1,throughput_mbps,0.4670721522293122,-1.366103651245001,2.17630381381131
2024-01-01 00:08:01,1,throughput_mbps,0.4667607685992867,-1.314172842812691,2.226243718026399
2024-01-01 00:08:02,1,throughput_mbps,0.46644938880956444,-1.3223028935905061,2.2773782175837614
2024-01-01 00:08:03,1,throughput_mbps,0.46620375837901085,-1.2583593048364008,2.2310497180602704
2024-01-01 00:08:04,1,throughput_mbps,0.4659581327709877,-1.2825144599368525,2.140842516040827
2024-01-01 00:08:05,1,throughput_mbps,0.46571251227427857,-1.279861098317323,2.27421083033122
2024-01-01 00:08:06,1,throughput_mbps,0.4654668962440192,-1.2684116560568925,2.2423310778865946
2024-01-01 00:08:07,1,throughput_mbps,0.4652212858611862,-1.2623152273090241,2.4156323319458415
2024-01-01 00:08:08,1,throughput_mbps,0.46497568096846464,-1.282692461326997,2.219023006290228
2024-01-01 00:08:09,1,throughput_mbps,0.4647300813670754,-1.289351540026596,2.1089773382390042
2024-01-01 00:08:10,1,throughput_mbps,0.4644844864536087,-1.3258221485887434,2.3025333594518305
2024-01-01 00:08:11,1,throughput_mbps,0.4642388983012299,-1.2964415310082233,2.2178655462855192
2024-01-01 00:08:12,1,throughput_mbps,0.46399331581895564,-1.2678657430270326,2.178228994623881
2024-01-01 00:08:13,1,throughput_mbps,0.4637477397416582,-1.162554285327596,2.3761368908434704
2024-01-01 00:08:14,1,throughput_mbps,0.46350216857375337,-1.319332422777698,2.2660377887107224
2024-01-01 00:08:15,1,throughput_mbps,0.4632566043468972,-1.3846287728562185,2.0830958236568704
2024-01-01 00:08:16,1,throughput_mbps,0.4630110464576847,-1.3174228533066434,2.205115697309561
2024-01-01 00:08:17,1,throughput_mbps,0.4627654951949003,-1.2427011385747055,2.1914415700099146
2024-01-01 00:08:18,1,throughput_mbps,0.46251994991363843,-1.3257968198615406,2.2305841688312147
2024-01-01 00:08:19,1,throughput_mbps,0.46227441179485523,-1.2081468596140166,2.1978673164271667
2024-01-01 00:08:20,1,throughput_mbps,0.4620288806812455,-1.2415721939252595,2.298920174455925
2024-01-01 00:08:21,1,throughput_mbps,0.4617833563739798,-1.3360217194325257,2.266331291788416
2024-01-01 00:08:22,1,throughput_mbps,0.46153783826967,-1.2779901812893892,2.152845301452875
2024-01-01 00:08:23,1,throughput_mbps,0.46129232844143564,-1.2871598405288671,2.192728192155422
2024-01-01 00:08:24,1,throughput_mbps,0.4610468257982641,-1.2877728081552893,2.258287124459426
2024-01-01 00:08:25,1,throughput_mbps,0.4608013306289347,-1.2963710250422273,2.3120726899022945
2024-01-01 00:08:26,1,throughput_mbps,0.4605558427761516,-1.3524643435113073,2.2804528935209887
2024-01-01 00:08:27,1,throughput_mbps,0.46031036293321786,-1.321233416443238,2.075302669812873
2024-01-01 00:08:28,1,throughput_mbps,0.4600648909428313,-1.3653362248004548,2.110386705054909
2024-01-01 00:08:29,1,throughput_mbps,0.4598194270937741,-1.258297320769301,2.3049676161253125
2024-01-01 00:08:30,1,throughput_mbps,0.45957397029503094,-1.2426213218195077,2.1776584749819268
2024-01-01 00:08:31,1,throughput_mbps,0.4593285226196766,-1.2130225385924456,2.193600606912159
2024-01-01 00:08:32,1,throughput_mbps,0.459083083464342,-1.2092274185191558,2.1934406170209106
2024-01-01 00:08:33,1,throughput_mbps,0.4588376526301465,-1.2622957636505585,2.2654742544817963
2024-01-01 00:08:34,1,throughput_mbps,0.4585922299597981,-1.3790678279236057,2.270727332186268
2024-01-01 00:08:35,1,throughput_mbps,0.4583468166342153,-1.2710348716971993,2.2484658601183556
2024-01-01 00:08:36,1,throughput_mbps,0.45810141200843474,-1.3889795068806063,2.206531920513966
2024-01-01 00:08:37,1,throughput_mbps,0.45785601564166484,-1.3552987422666807,2.1918919167530855
2024-01-01 00:08:38,1,throughput_mbps,0.45761062911926187,-1.3236390551687736,2.080731109982837
2024-01-01 00:08:39,1,throughput_mbps,0.4573652518378702,-1.2131557926278473,2.067862479921345
2024-01-01 00:08:40,1,throughput_mbps,0.45711988392370395,-1.3364153713123712,2.3067474293676584
2024-01-01 00:08:41,1,throughput_mbps,0.4568745252194827,-1.3625139914739857,2.237799215464439
2024-01-01 00:08:42,1,throughput_mbps,0.45662917641840534,-1.2632871272257251,2.23731597534186
2024-01-01 00:08:43,1,throughput_mbps,0.4563838373631858,-1.2025882851011855,2.2409708107376347
2024-01-01 00:08:44,1,throughput_mbps,0.4561385083425993,-1.240963348118403,2.09027018439217
2024-01-01 00:08:45,1,throughput_mbps,0.4558931884281843,-1.324697644442525,2.2791508441997426
2024-01-01 00:08:46,1,throughput_mbps,0.45564787936778073,-1.2964015198890897,2.1549614272130015
2024-01-01 00:08:47,1,throughput_mbps,0.45540258055805405,-1.2427290342228994,2.3254549151080988
2024-01-01 00:08:48,1,throughput_mbps,0.45515729212520406,-1.3518959497924148,2.0990563551050094
2024-01-01 00:08:49,1,throughput_mbps,0.4549120139119608,-1.281895046212453,2.1381414419130653
2024-01-01 00:08:50,1,throughput_mbps,0.4546667466114626,-1.290467737759138,2.3251414104036354
2024-01-01 00:08:51,1,throughput_mbps,0.4544214900664331,-1.4126053972171446,2.074379005263404
2024-01-01 00:08:52,1,throughput_mbps,0.45417624440306437,-1.3039381625806712,2.033152837273783
2024-01-01 00:08:53,1,throughput_mbps,0.4539310090180549,-1.3182123414539828,2.147399673968651
2024-01-01 00:08:54,1,throughput_mbps,0.45368578565916634,-1.4514797449308758,2.2694189464025403
2024-01-01 00:08:55,1,throughput_mbps,0.453440573681382,-1.3271835565462249,2.223381087084547
2024-01-01 00:08:56,1,throughput_mbps,0.4531953729691412,-1.3469977474748656,2.246296117253976
2024-01-01 00:08:57,1,throughput_mbps,0.452950182877448,-1.4288908762063584,2.194582578151965
2024-01-01 00:08:58,1,throughput_mbps,0.45270500515401746,-1.3621110023606144,2.130098971172551
2024-01-01 00:08:59,1,throughput_mbps,0.45245984358530117,-1.4450399747545153,2.2162927767540883
2024-01-01 00:09:00,1,throughput_mbps,0.4522146939077283,-1.223210916602764,2.173155920161824
2024-01-01 00:09:01,1,throughput_mbps,0.45196955596404265,-1.2706526078756977,2.1417568282206574
2024-01-01 00:09:02,1,throughput_mbps,0.45172443044728827,-1.1412972096404976,2.196464049654203
2024-01-01 00:09:03,1,throughput_mbps,0.4514793172002025,-1.2172231548963726,2.33576418278026
2024-01-01 00:09:04,1,throughput_mbps,0.4512342163489559,-1.344676961840214,2.1836637319843275
2024-01-01 00:09:05,1,throughput_mbps,0.4509891272902886,-1.3147984788633893,2.2474910954281593
2024-01-01 00:09:06,1,throughput_mbps,0.4507440517718251,-1.3021371628130205,2.2520740960890353
2024-01-01 00:09:07,1,throughput_mbps,0.4504989888651133,-1.2744486902051249,1.9897332499289833
2024-01-01 00:09:08,1,throughput_mbps,0.4502539388589075,-1.218690094921307,2.2168743954990116
2024-01-01 00:09:09,1,throughput_mbps,0.4500089015959625,-1.4045519105142972,2.217292313619024
2024-01-01 00:09:10,1,throughput_mbps,0.4497638777692544,-1.2519816454372545,2.2279881118099047
2024-01-01 00:09:11,1,throughput_mbps,0.4495188672215318,-1.3386955744577962,2.2583967526183217
2024-01-01 00:09:12,1,throughput_mbps,0.44927387007895003,-1.2452881466029833,2.195487391570443
2024-01-01 00:09:13,1,throughput_mbps,0.4490288857382786,-1.101832092046747,2.3222026636603035
2024-01-01 00:09:14,1,throughput_mbps,0.44878391578444454,-1.3413093417307322,2.250896840696724
2024-01-01 00:09:15,1,throughput_mbps,0.4485389597768069,-1.245528360022496,2.128701720545631
2024-01-01 00:09:16,1,throughput_mbps,0.4482940170703309,-1.4355033656265184,2.0435620149782125
2024-01-01 00:09:17,1,throughput_mbps,0.44804908884573136,-1.2713433034062023,2.092992914858791
2024-01-01 00:09:18,1,throughput_mbps,0.4478041749457693,-1.3067054183369815,2.1491948426474026
2024-01-01 00:09:19,1,throughput_mbps,0.4475592751713813,-1.444576956083284,2.159620139304223
2024-01-01 00:09:20,1,throughput_mbps,0.4473143889193625,-1.2401641578998261,2.1926196549426904
2024-01-01 00:09:21,1,throughput_mbps,0.44706951826235464,-1.300329104861823,2.220093101995623
2024-01-01 00:09:22,1,throughput_mbps,0.4468246621093317,-1.2410199794593335,2.1962045946754443
2024-01-01 00:09:23,1,throughput_mbps,0.44657982074903146,-1.3875483013974383,2.2183831689045976
2024-01-01 00:09:24,1,throughput_mbps,0.4463349940242316,-1.3731954147148198,2.167121701830584
2024-01-01 00:09:25,1,throughput_mbps,0.44609018262777334,-1.351945416033269,2.194622919675479
2024-01-01 00:09:26,1,throughput_mbps,0.44584538640242655,-1.2397012334895374,2.2297066253537117
2024-01-01 00:09:27,1,throughput_mbps,0.44560060563692694,-1.3162453805755276,2.253200048852918
2024-01-01 00:09:28,1,throughput_mbps,0.4453558392402759,-1.2500444128486445,2.162793053768632
2024-01-01 00:09:29,1,throughput_mbps,0.44511108928501264,-1.3272724673481908,2.1568034157441884
2024-01-01 00:09:30,1,throughput_mbps,0.44486635516796247,-1.423073517830834,2.1609087800267552
2024-01-01 00:09:31,1,throughput_mbps,0.4446216366900161,-1.20853972363305,2.209365211597149
2024-01-01 00:09:32,1,throughput_mbps,0.44437693369396214,-1.3944210314158958,2.187351108414782
2024-01-01 00:09:33,1,throughput_mbps,0.4441322473604091,-1.197941412616217,2.164237004536307
2024-01-01 00:09:34,1,throughput_mbps,0.44388757704429527,-1.3844105023523623,2.1107821183172706
2024-01-01 00:09:35,1,throughput_mbps,0.4436429230343434,-1.3413222805303806,2.134135358880751
2024-01-01 00:09:36,1,throughput_mbps,0.4433982847274241,-1.240535681228787,2.3091671125245554
2024-01-01 00:09:37,1,throughput_mbps,0.4431536641540419,-1.3891300175521177,2.14419847062247
2024-01-01 00:09:38,1,throughput_mbps,0.4429090598192065,-1.4775895949303073,2.145701269806593
2024-01-01 00:09:39,1,throughput_mbps,0.44266447245756374,-1.3815859324133872,2.118400837024783
2024-01-01 00:09:40,1,throughput_mbps,0.44241990097814304,-1.377299341017635,2.2540927127349253
2024-01-01 00:09:41,1,throughput_mbps,0.4421753474533212,-1.3615207027877028,2.362424671775305
2024-01-01 00:09:42,1,throughput_mbps,0.4419308112799791,-1.408616885913352,2.1652909124770554
2024-01-01 00:09:43,1,throughput_mbps,0.44168629225896244,-1.388374368285252,2.1313070398644314
2024-01-01 00:09:44,1,throughput_mbps,0.4414417902330808,-1.2639101191304354,2.2195650611768896
2024-01-01 00:09:45,1,throughput_mbps,0.4411973063828489,-1.3486415855862022,2.1997385358529975
2024-01-01 00:09:46,1,throughput_mbps,0.4409528400631983,-1.2049627365333566,2.1503601767193095
2024-01-01 00:09:47,1,throughput_mbps,0.44070839156283415,-1.3966273181507753,2.3553605748964985
2024-01-01 00:09:48,1,throughput_mbps,0.4404639602786871,-1.2506084029528357,2.309110804483634
2024-01-01 00:09:49,1,throughput_mbps,0.44021954779513756,-1.2532482592924385,2.125941408027605
2024-01-01 00:09:50,1,throughput_mbps,0.43997515350910454,-1.2686409398593086,2.189610971421207
2024-01-01 00:09:51,1,throughput_mbps,0.4397307777092881,-1.4298705040790725,2.1507341132985833
2024-01-01 00:09:52,1,throughput_mbps,0.4394864197506287,-1.2848151567690425,2.160833596427348
2024-01-01 00:09:53,1,throughput_mbps,0.4392420808135721,-1.2302178679549702,2.302283787266081
2024-01-01 00:09:54,1,throughput_mbps,0.4389977607409355,-1.388263335723802,2.0936078885176768
2024-01-01 00:09:55,1,throughput_mbps,0.4387534593335231,-1.2529158140641712,2.089760777037997
2024-01-01 00:09:56,1,throughput_mbps,0.43850917615093776,-1.175230228823781,2.21674343546404
2024-01-01 00:09:57,1,throughput_mbps,0.4382649127774177,-1.2182487256151775,2.137427874790641
2024-01-01 00:09:58,1,throughput_mbps,0.43802066860992483,-1.3335243031356891,2.1382092662308474
2024-01-01 00:09:59,1,throughput_mbps,0.43777644349129713,-1.3880237683762633,2.040081913382114
2024-01-01 00:10:00,1,throughput_mbps,0.43753223811401915,-1.3497465128936057,2.1223498782797074
2024-01-01 00:10:01,1,throughput_mbps,0.4372880523209206,-1.3071866496600553,2.0938106514856933
2024-01-01 00:10:02,1,throughput_mbps,0.43704388623804646,-1.2883788933964533,2.1980719683071555
2024-01-01 00:10:03,1,throughput_mbps,0.4367997392624115,-1.2755671766247503,2.304118671422729
2024-01-01 00:10:04,1,throughput_mbps,0.43655561314075997,-1.4073121853925499,2.1884924083031967
2024-01-01 00:10:05,1,throughput_mbps,0.43631150694482046,-1.2788407041901788,2.1562241130819437
2024-01-01 00:10:06,1,throughput_mbps,0.43606742096326523,-1.2327772488324926,2.096154098888753
2024-01-01 00:10:07,1,throughput_mbps,0.43582335503894853,-1.2399046681858745,2.2413555337518614
2024-01-01 00:10:08,1,throughput_mbps,0.4355793098642644,-1.290020018398063,2.079701712217393
2024-01-01 00:10:09,1,throughput_mbps,0.43533528528205734,-1.4159650848465808,2.2510231391988187
2024-01-01 00:10:10,1,throughput_mbps,0.4350912814183544,-1.2399268195074817,2.256083004509367
2024-01-01 00:10:11,1,throughput_mbps,0.4348472976702168,-1.2738117678546954,2.141827452489513
2024-01-01 00:10:12,1,throughput_mbps,0.4346033356215979,-1.2402361018102466,2.1232044088026845
2024-01-01 00:10:13,1,throughput_mbps,0.43435939483218666,-1.3301057007250565,2.0512653326271475
2024-01-01 00:10:14,1,throughput_mbps,0.4341154753858659,-1.2687275958069204,2.1640033809443984
2024-01-01 00:10:15,1,throughput_mbps,0.4338715762760629,-1.2989472052646802,2.219249241431222
2024-01-01 00:10:16,1,throughput_mbps,0.4336276995324452,-1.3336293234076775,2.167513290311297
2024-01-01 00:10:17,1,throughput_mbps,0.43338384422680176,-1.3571442714753572,2.166325251604974
2024-01-01 00:10:18,1,throughput_mbps,0.4331400106477805,-1.296312565126467,2.165788877053641
2024-01-01 00:10:19,1,throughput_mbps,0.43289619863826023,-1.410319517011671,2.367782770941854
2024-01-01 00:10:20,1,throughput_mbps,0.43265240889049417,-1.4261666271711129,2.2216981493613837
2024-01-01 00:10:21,1,throughput_mbps,0.43240864124735257,-1.306060914644288,2.179359726642967
2024-01-01 00:10:22,1,throughput_mbps,0.43216489583482975,-1.3730348376539905,2.3057359746433974
2024-01-01 00:10:23,1,throughput_mbps,0.4319211720500646,-1.2200807666398041,2.062960548863011
2024-01-01 00:10:24,1,throughput_mbps,0.4316774714767657,-1.3750043034586945,2.2884221465737133
2024-01-01 00:10:25,1,throughput_mbps,0.43143379367470214,-1.2654491178497562,2.2277761034853816
2024-01-01 00:10:26,1,throughput_mbps,0.43119013844456866,-1.3346289661644337,2.1685536499980995
2024-01-01 00:10:27,1,throughput_mbps,0.4309465056292602,-1.300855596148804,2.125544845855171
2024-01-01 00:10:28,1,throughput_mbps,0.4307028964088717,-1.3516951724668451,2.2228221838391646
2024-01-01 00:10:29,1,throughput_mbps,0.43045931013835087,-1.3119192266648128,2.1555735635383106
2024-01-01 00:10:30,1,throughput_mbps,0.4302157471063177,-1.1492211774005607,2.1550515350730786
2024-01-01 00:10:31,1,throughput_mbps,0.4299722067099644,-1.301234945405754,2.0557952724318422
2024-01-01 00:10:32,1,throughput_mbps,0.429728690532829,-1.361108774353542,2.224798020229725
2024-01-01 00:10:33,1,throughput_mbps,0.4294851979720881,-1.2900307401399436,2.1279658572520894
2024-01-01 00:10:34,1,throughput_mbps,0.4292417293163541,-1.2792722585701373,2.125121736739223
2024-01-01 00:10:35,1,throughput_mbps,0.4289982839205955,-1.4060710153656526,2.113588737029691
2024-01-01 00:10:36,1,throughput_mbps,0.4287548629648132,-1.295266852325957,2.1747955468503655
2024-01-01 00:10:37,1,throughput_mbps,0.4285114662919127,-1.3725193407747502,2.2000765497712167
2024-01-01 00:10:38,1,throughput_mbps,0.4282680928111856,-1.2863906866039414,2.1943139901226822
2024-01-01 00:10:39,1,throughput_mbps,0.42802474459396433,-1.2864982362783797,2.215470291587482
2024-01-01 00:10:40,1,throughput_mbps,0.4277814210374741,-1.191063282621735,2.25406079188748
2024-01-01 00:10:41,1,throughput_mbps,0.42753812194235913,-1.3113371296978245,2.141084415537196
2024-01-01 00:10:42,1,throughput_mbps,0.42729484715154925,-1.442698286155969,2.118584646294967
2024-01-01 00:10:43,1,throughput_mbps,0.42705159784496255,-1.3291098274117104,2.15439655934498
2024-01-01 00:10:44,1,throughput_mbps,0.4268083733775657,-1.1847209763519715,2.0688925345807903
2024-01-01 00:10:45,1,throughput_mbps,0.4265651740379425,-1.3352769944368066,2.211673052777935
2024-01-01 00:10:46,1,throughput_mbps,0.42632199922339264,-1.4497470606975027,2.1942972363181945
2024-01-01 00:10:47,1,throughput_mbps,0.426078850517115,-1.2315721677396798,2.1594464876383905
2024-01-01 00:10:48,1,throughput_mbps,0.42583572731639313,-1.342533846951119,2.076616269036134
2024-01-01 00:10:49,1,throughput_mbps,0.4255926299098013,-1.3516621825512596,2.176428297736891
2024-01-01 00:10:50,1,throughput_mbps,0.42534955765233146,-1.4410791919992758,2.014235659076721
2024-01-01 00:10:51,1,throughput_mbps,0.4251065117237999,-1.3545168041866598,2.1868896754872753
2024-01-01 00:10:52,1,throughput_mbps,0.4248634919671462,-1.4087446337435254,2.225038270018212
2024-01-01 00:10:53,1,throughput_mbps,0.4246204981829742,-1.3661920644031658,2.1536355065834907
2024-01-01 00:10:54,1,throughput_mbps,0.4243775299312969,-1.2478024669315106,2.239926107670263
2024-01-01 00:10:55,1,throughput_mbps,0.42413458879512345,-1.3274039572853233,2.1597672905197682
2024-01-01 00:10:56,1,throughput_mbps,0.42389167461738736,-1.4755688205099953,2.1214525253868612
2024-01-01 00:10:57,1,throughput_mbps,0.423648786632802,-1.3324839784430056,2.242183466499804
2024-01-01 00:10:58,1,throughput_mbps,0.42340592468435323,-1.378557215188958,2.257139514177436
2024-01-01 00:10:59,1,throughput_mbps,0.4231630903549535,-1.2629486209506808,2.1879366780541982
2024-01-01 00:11:00,1,throughput_mbps,0.4229202830419772,-1.4331155798771171,2.149549987930007
2024-01-01 00:11:01,1,throughput_mbps,0.4226775030339647,-1.3761635509496508,2.0573523592170577
2024-01-01 00:11:02,1,throughput_mbps,0.42243474968593386,-1.2928888355219463,2.239176750908233
2024-01-01 00:11:03,1,throughput_mbps,0.42219202417754026,-1.4188198177839788,2.1541070018898947
2024-01-01 00:11:04,1,throughput_mbps,0.42194932635175286,-1.3372457592064608,2.082974907799288
2024-01-01 00:11:05,1,throughput_mbps,0.42170665600913704,-1.235892843630285,2.2514636019647707
2024-01-01 00:11:06,1,throughput_mbps,0.42146401270980277,-1.2801415260100297,2.2495922813214597
2024-01-01 00:11:07,1,throughput_mbps,0.4212213980364625,-1.3673268568207946,2.1765491757766364
2024-01-01 00:11:08,1,throughput_mbps,0.42097881138655413,-1.3149762731161396,2.246536214554562
2024-01-01 00:11:09,1,throughput_mbps,0.4207362528859398,-1.4719036710774147,2.2450199919088125
2024-01-01 00:11:10,1,throughput_mbps,0.4204937223776212,-1.245709807344186,2.1013076396445265
2024-01-01 00:11:11,1,throughput_mbps,0.4202512205531775,-1.346334875708141,2.2046061304743527
2024-01-01 00:11:12,1,throughput_mbps,0.4200087472555967,-1.2510588676101269,2.1450749992332674
2024-01-01 00:11:13,1,throughput_mbps,0.41976630277338467,-1.2610572479548983,2.129540138875689
2024-01-01 00:11:14,1,throughput_mbps,0.41952388617875397,-1.376113710602281,2.1423020272477293
2024-01-01 00:11:15,1,throughput_mbps,0.41928149921686475,-1.3650518108630678,2.0252779615473058
2024-01-01 00:11:16,1,throughput_mbps,0.4190391412852215,-1.3872797692309957,2.2063428402980447
2024-01-01 00:11:17,1,throughput_mbps,0.4187968122268449,-1.352797727601466,2.1138869988600484
2024-01-01 00:11:18,1,throughput_mbps,0.41855451273321015,-1.2095009608160696,2.195650635669441
2024-01-01 00:11:19,1,throughput_mbps,0.4183122426473257,-1.360115609087083,2.1302288870411163
2024-01-01 00:11:20,1,throughput_mbps,0.4180700020950195,-1.4062622659188102,2.115900319322296
2024-01-01 00:11:21,1,throughput_mbps,0.4178277904738746,-1.3694636948234276,2.2393708096673826
2024-01-01 00:11:22,1,throughput_mbps,0.41758560936621086,-1.5073299287902275,2.1294910035743073
2024-01-01 00:11:23,1,throughput_mbps,0.4173434583322466,-1.4045115195316715,2.139753162598056
2024-01-01 00:11:24,1,throughput_mbps,0.41710133717248865,-1.3305383351375757,2.170538670633494
2024-01-01 00:11:25,1,throughput_mbps,0.41685924572997946,-1.2473351751216157,2.1174464928253327
2024-01-01 00:11:26,1,throughput_mbps,0.4166171851840381,-1.2287908579104196,2.0207886710640146
2024-01-01 00:11:27,1,throughput_mbps,0.41637515488973165,-1.3102011287363264,2.1923651580276724
2024-01-01 00:11:28,1,throughput_mbps,0.4161331551355176,-1.1917303829878256,2.1424596305725174
2024-01-01 00:11:29,1,throughput_mbps,0.4158911853190483,-1.2585110116796727,2.2359820652721196
2024-01-01 00:11:30,1,throughput_mbps,0.4156492470224265,-1.2999613558810799,2.1665930573242487
2024-01-01 00:11:31,1,throughput_mbps,0.41540733964328647,-1.3254504601418857,2.210374415270319
2024-01-01 00:11:32,1,throughput_mbps,0.4151654634700715,-1.4008100181321272,2.1342209758983275
2024-01-01 00:11:33,1,throughput_mbps,0.41492361785788645,-1.3542319010393211,2.1561506566208855
2024-01-01 00:11:34,1,throughput_mbps,0.4146818039859247,-1.4951351626666642,2.2279230593480577
2024-01-01 00:11:35,1,throughput_mbps,0.41444002169723837,-1.3496975821546209,2.1771683672612223
2024-01-01 00:11:36,1,throughput_mbps,0.41419827079229826,-1.323750048446826,2.164144772248488
2024-01-01 00:11:37,1,throughput_mbps,0.413956550668831,-1.3938097049693308,2.2643649212549803
2024-01-01 00:11:38,1,throughput_mbps,0.4137148638420157,-1.3750030665978596,2.1633660693276155
2024-01-01 00:11:39,1,throughput_mbps,0.41347320833090806,-1.3220003966156968,2.1099729389618944
2024-01-01 00:11:40,1,throughput_mbps,0.4132315848692743,-1.4194955685873727,2.2145581772211727
2024-01-01 00:11:41,1,throughput_mbps,0.4129899928548785,-1.3825831190539042,2.133317111428995
2024-01-01 00:11:42,1,throughput_mbps,0.41274843386948296,-1.3237026622204715,2.139329979898165
2024-01-01 00:11:43,1,throughput_mbps,0.4125069073108326,-1.4131805677012625,2.0846939150754933
2024-01-01 00:11:44,1,throughput_mbps,0.412265413467329,-1.38991073566905,2.2068540099978518
2024-01-01 00:11:45,1,throughput_mbps,0.412023951694118,-1.2488565581089588,2.2251525727173362
2024-01-01 00:11:46,1,throughput_mbps,0.41178252317019753,-1.4209108354339308,2.1842311565272294
2024-01-01 00:11:47,1,throughput_mbps,0.4115411277386536,-1.22983698726425,2.21445682170412
2024-01-01 00:11:48,1,throughput_mbps,0.4112997651999213,-1.3488617622543557,2.203820365899886
2024-01-01 00:11:49,1,throughput_mbps,0.411058434951843,-1.2397046663424798,2.219073990779822
2024-01-01 00:11:50,1,throughput_mbps,0.4108171390638964,-1.3442038723536642,2.2440659018293476
2024-01-01 00:11:51,1,throughput_mbps,0.41057587644595234,-1.3691122789053278,2.1487150065158986
2024-01-01 00:11:52,1,throughput_mbps,0.4103346473863837,-1.384601457485898,2.1439522899870433
2024-01-01 00:11:53,1,throughput_mbps,0.4100934517283159,-1.4371453487465857,2.2449878410878137
2024-01-01 00:11:54,1,throughput_mbps,0.4098522901626605,-1.302739874065727,2.22908147472169
2024-01-01 00:11:55,1,throughput_mbps,0.40961116253252977,-1.295245561718803,2.076464871542938
2024-01-01 00:11:56,1,throughput_mbps,0.40937006823583394,-1.3167682671057255,2.223143394923358
2024-01-01 00:11:57,1,throughput_mbps,0.4091290088538895,-1.3951245285850584,2.1198677490330913
2024-01-01 00:11:58,1,throughput_mbps,0.40888798378458646,-1.4309008110256562,2.1600727732335043
2024-01-01 00:11:59,1,throughput_mbps,0.40864699331627147,-1.2599857759431046,2.0932995296648342
2024-01-01 00:12:00,1,throughput_mbps,0.4084060368041489,-1.3619176905472665,2.2171497651435175
2024-01-01 00:12:01,1,throughput_mbps,0.4081651154269563,-1.288686959607227,2.1829536363317836
2024-01-01 00:12:02,1,throughput_mbps,0.4079242290278253,-1.253146522086819,2.0329830996475136
2024-01-01 00:12:03,1,throughput_mbps,0.40768337740714816,-1.3867445426072025,2.297728456044493
2024-01-01 00:12:04,1,throughput_mbps,0.40744256012556385,-1.2540724803653436,2.1753540330106254
2024-01-01 00:12:05,1,throughput_mbps,0.4072017787641417,-1.26946716449258,2.2074582366637734
2024-01-01 00:12:06,1,throughput_mbps,0.4069610327208524,-1.2732510175050584,2.2634727073423706
2024-01-01 00:12:07,1,throughput_mbps,0.40672032212136705,-1.2176461090472332,2.154178738932448
2024-01-01 00:12:08,1,throughput_mbps,0.4064796468088572,-1.2438533785849144,2.2165796596392497
2024-01-01 00:12:09,1,throughput_mbps,0.40623900747398295,-1.282573406279338,2.1133182138511333
2024-01-01 00:12:10,1,throughput_mbps,0.4059984039599026,-1.4821775739168754,2.210904804453275
2024-01-01 00:12:11,1,throughput_mbps,0.4057578365549137,-1.3107621337182918,2.1514799624357965
2024-01-01 00:12:12,1,throughput_mbps,0.40551730433180794,-1.24625376339979,2.232867572242414
2024-01-01 00:12:13,1,throughput_mbps,0.40527680903404395,-1.4223311956310403,2.0178273188352795
2024-01-01 00:12:14,1,throughput_mbps,0.40503635005967564,-1.298272976030284,2.043813066749559
2024-01-01 00:12:15,1,throughput_mbps,0.4047959279794323,-1.4007572921422853,2.2050705871877994
2024-01-01 00:12:16,1,throughput_mbps,0.40455554130125126,-1.4142666645709554,2.257043629022299
2024-01-01 00:12:17,1,throughput_mbps,0.4043151920509135,-1.4193356751907662,2.0367379871023332
2024-01-01 00:12:18,1,throughput_mbps,0.4040748796265161,-1.460498466128002,2.0181891679595827
2024-01-01 00:12:19,1,throughput_mbps,0.4038346041536861,-1.4072082331868185,2.069352900249808
2024-01-01 00:12:20,1,throughput_mbps,0.40359436547563504,-1.4998267295766063,2.1762062969487475
2024-01-01 00:12:21,1,throughput_mbps,0.4033541642828128,-1.4036920807181439,2.1000618693613875
2024-01-01 00:12:22,1,throughput_mbps,0.4031140004184163,-1.424406028602007,2.0714004617050046
2024-01-01 00:12:23,1,throughput_mbps,0.4028738741706937,-1.2582044418501264,2.1185920497144344
2024-01-01 00:12:24,1,throughput_mbps,0.4026337846125789,-1.3169792857702427,2.0318877177979253
2024-01-01 00:12:25,1,throughput_mbps,0.40239373348713137,-1.2805182281632523,2.1574625099420426
2024-01-01 00:12:26,1,throughput_mbps,0.4021537201925356,-1.2632191138671174,2.203837829876508
2024-01-01 00:12:27,1,throughput_mbps,0.4019137448543886,-1.35317854685362,2.074871034908037
2024-01-01 00:12:28,1,throughput_mbps,0.4016738073159296,-1.313778949069849,2.2509195951847136
2024-01-01 00:12:29,1,throughput_mbps,0.40143390826746356,-1.2674991415762504,2.1801574690511383
2024-01-01 00:12:30,1,throughput_mbps,0.40119404755221494,-1.2568909630328673,2.0855351132562867
2024-01-01 00:12:31,1,throughput_mbps,0.4009542252957658,-1.3395666714978207,2.2101246612852723
2024-01-01 00:12:32,1,throughput_mbps,0.40071444089641267,-1.5046861711010209,2.0956119929716692
2024-01-01 00:12:33,1,throughput_mbps,0.40047469609693864,-1.3407126100035591,2.1717788418828485
2024-01-01 00:12:34,1,throughput_mbps,0.40023498997035656,-1.3604794268976372,2.2068935322850334
2024-01-01 00:12:35,1,throughput_mbps,0.3999953223599308,-1.312205774286692,2.1182894341910097
2024-01-01 00:12:36,1,throughput_mbps,0.399755694443727,-1.3962576076720934,2.159768955982517
2024-01-01 00:12:37,1,throughput_mbps,0.3995161055771044,-1.330916988427258,2.1174602863730376
2024-01-01 00:12:38,1,throughput_mbps,0.3992765560482487,-1.2843528286472066,2.2423243641093205
2024-01-01 00:12:39,1,throughput_mbps,0.39903704525553596,-1.3215823547225085,2.1117797888379486
2024-01-01 00:12:40,1,throughput_mbps,0.39879757477887867,-1.4075650054013689,2.1172566038115423
2024-01-01 00:12:41,1,throughput_mbps,0.3985581440166301,-1.327896592617694,2.128365315259757
2024-01-01 00:12:42,1,throughput_mbps,0.39831875325695465,-1.440759982805229,2.177076496066349
2024-01-01 00:12:43,1,throughput_mbps,0.39807940185526985,-1.3994284809211694,2.1757973733570823
2024-01-01 00:12:44,1,throughput_mbps,0.39784009098947754,-1.2422062291424956,2.126363736325884
2024-01-01 00:12:45,1,throughput_mbps,0.3976008205028517,-1.2568129865036024,2.1732340729354975
2024-01-01 00:12:46,1,throughput_mbps,0.39736159019567074,-1.3126414762674214,2.1125805111594245
2024-01-01 00:12:47,1,throughput_mbps,0.39712239946640765,-1.3500429166936438,2.1327723714469378
2024-01-01 00:12:48,1,throughput_mbps,0.39688325038255584,-1.4542761944169424,2.1021359444587766
2024-01-01 00:12:49,1,throughput_mbps,0.3966441418546992,-1.3317367869740877,2.144022500572122
2024-01-01 00:12:50,1,throughput_mbps,0.39640507417096715,-1.433420183588657,2.0350024143448797
2024-01-01 00:12:51,1,throughput_mbps,0.39616604717468057,-1.3046745578137269,2.1230517314483732
2024-01-01 00:12:52,1,throughput_mbps,0.395927061555714,-1.4651046008068496,2.104170486128824
2024-01-01 00:12:53,1,throughput_mbps,0.3956881171573725,-1.3490938902330547,2.1220537430578665
2024-01-01 00:12:54,1,throughput_mbps,0.3954492142677646,-1.4911150609995132,2.2318549845809166
2024-01-01 00:12:55,1,throughput_mbps,0.3952103517976107,-1.3592084245915073,2.1587819264768813
2024-01-01 00:12:56,1,throughput_mbps,0.3949715318140986,-1.3128934886828298,2.122212038047617
2024-01-01 00:12:57,1,throughput_mbps,0.39473275416052156,-1.2516742646527415,2.3801954876090567
2024-01-01 00:12:58,1,throughput_mbps,0.39449401774761655,-1.322222239600069,2.2438612870595795
2024-01-01 00:12:59,1,throughput_mbps,0.3942553224187634,-1.3587182500734054,2.0268967383288805
2024-01-01 00:13:00,1,throughput_mbps,0.394016670240992,-1.2888587889542873,2.0871017895022126
2024-01-01 00:13:01,1,throughput_mbps,0.39377806012505867,-1.3801668745315492,2.07042627697617
2024-01-01 00:13:02,1,throughput_mbps,0.39353949235903546,-1.3625245658285747,2.0593717665894506
2024-01-01 00:13:03,1,throughput_mbps,0.3933009667862889,-1.3822251505671723,2.1760622304332986
2024-01-01 00:13:04,1,throughput_mbps,0.39306248409645805,-1.313272309892102,2.0699390103189184
2024-01-01 00:13:05,1,throughput_mbps,0.39282404413289207,-1.4008076078262257,2.1540536076446704
2024-01-01 00:13:06,1,throughput_mbps,0.39258564718364175,-1.388941852874913,2.2761194041289587
2024-01-01 00:13:07,1,throughput_mbps,0.3923472921596052,-1.3998085281424637,2.1499346228029266
2024-01-01 00:13:08,1,throughput_mbps,0.39210898112749676,-1.2544989922910135,2.157577651750598
2024-01-01 00:13:09,1,throughput_mbps,0.39187071348600694,-1.4511590464505757,2.190229282686033
2024-01-01 00:13:10,1,throughput_mbps,0.3916324890353543,-1.4984489708289392,2.1031592065696905
2024-01-01 00:13:11,1,throughput_mbps,0.39139430761893823,-1.3695639137613411,2.11387794239641
2024-01-01 00:13:12,1,throughput_mbps,0.3911561704140425,-1.38395791633122,2.105261963629214
2024-01-01 00:13:13,1,throughput_mbps,0.3909180767762426,-1.3558566583898168,2.0761404189325074
2024-01-01 00:13:14,1,throughput_mbps,0.39068002699355076,-1.4383340063666847,2.085017181617556
2024-01-01 00:13:15,1,throughput_mbps,0.390442020464787,-1.4356543205506131,2.1438522883699496
2024-01-01 00:13:16,1,throughput_mbps,0.39020405876854175,-1.347212109753707,2.053089832959208
2024-01-01 00:13:17,1,throughput_mbps,0.38996614130360996,-1.3328517648565514,2.0648103496300365
2024-01-01 00:13:18,1,throughput_mbps,0.3897282679134153,-1.3677024264743316,2.0366456207784798
2024-01-01 00:13:19,1,throughput_mbps,0.3894904392872949,-1.2512047796190517,2.0965927304935237
2024-01-01 00:13:20,1,throughput_mbps,0.38925265526865527,-1.3671873446505887,2.0554077916041584
2024-01-01 00:13:21,1,throughput_mbps,0.38901491614546946,-1.4472900278165097,2.0225224862178033
2024-01-01 00:13:22,1,throughput_mbps,0.38877722099146417,-1.339488628857599,2.070985991416338
2024-01-01 00:13:23,1,throughput_mbps,0.3885395715475515,-1.3692157279556068,2.1945316012976295
2024-01-01 00:13:24,1,throughput_mbps,0.38830196721261667,-1.320277271772419,2.194519242834554
2024-01-01 00:13:25,1,throughput_mbps,0.38806440811202403,-1.354475098408504,2.0872360711383253
2024-01-01 00:13:26,1,throughput_mbps,0.38782689408922966,-1.4603030053513497,2.176975012399141
2024-01-01 00:13:27,1,throughput_mbps,0.3875894258334026,-1.235059501756698,2.128153274096271
2024-01-01 00:13:28,1,throughput_mbps,0.387352003187983,-1.3800171414437872,2.21077733712226
2024-01-01 00:13:29,1,throughput_mbps,0.38711462627831683,-1.4506819943093465,2.0651019843951364
2024-01-01 00:13:30,1,throughput_mbps,0.3868772945034229,-1.2986346022310442,2.166454261898757
2024-01-01 00:13:31,1,throughput_mbps,0.38664000960388506,-1.3074652786447005,1.9864404127252946
2024-01-01 00:13:32,1,throughput_mbps,0.38640277065353124,-1.4351007413499437,2.237665173320051
2024-01-01 00:13:33,1,throughput_mbps,0.3861655779402722,-1.4346067297306473,2.1774813499757912
2024-01-01 00:13:34,1,throughput_mbps,0.3859284313075979,-1.2924459945555609,2.1479837594648674
2024-01-01 00:13:35,1,throughput_mbps,0.3856913314445083,-1.3042699236228623,2.134675425531408
2024-01-01 00:13:36,1,throughput_mbps,0.3854542781944752,-1.4273657368278876,2.1610604490614533
2024-01-01 00:13:37,1,throughput_mbps,0.3852172716828098,-1.465889326987392,2.145217380356456
2024-01-01 00:13:38,1,throughput_mbps,0.3849803113086411,-1.3164558386858636,2.0400388712642616
2024-01-01 00:13:39,1,throughput_mbps,0.3847433990940139,-1.4168118849837452,2.1104276164346096
2024-01-01 00:13:40,1,throughput_mbps,0.384506533549285,-1.452127741082418,2.176453530454645
2024-01-01 00:13:41,1,throughput_mbps,0.3842697152441263,-1.3590198899062955,2.2274085032626383
2024-01-01 00:13:42,1,throughput_mbps,0.3840329435777218,-1.305324620585905,2.1873227391883496
2024-01-01 00:13:43,1,throughput_mbps,0.3837962202901529,-1.36612021509612,2.0995823383305043
2024-01-01 00:13:44,1,throughput_mbps,0.3835595444554385,-1.3648955392072237,2.176290385782036
2024-01-01 00:13:45,1,throughput_mbps,0.3833229163614255,-1.3783501136663339,2.0667625311500557
2024-01-01 00:13:46,1,throughput_mbps,0.3830863358516505,-1.3484611950876229,2.211527985804584
2024-01-01 00:13:47,1,throughput_mbps,0.38284980361485654,-1.4110844699817005,2.0688519087995383
2024-01-01 00:13:48,1,throughput_mbps,0.3826133194945639,-1.3116627141214643,2.1577773695504385
2024-01-01 00:13:49,1,throughput_mbps,0.3823768836160303,-1.313007836642798,2.1627478625185588
2024-01-01 00:13:50,1,throughput_mbps,0.38214049537855443,-1.4389271737756792,2.126418033429352
2024-01-01 00:13:51,1,throughput_mbps,0.3819041563593149,-1.4257400184365185,2.1224841229541274
2024-01-01 00:13:52,1,throughput_mbps,0.3816678661201395,-1.354598979810639,2.1735175538374403
2024-01-01 00:13:53,1,throughput_mbps,0.38143162446115175,-1.316311290266761,2.0958598153463956
2024-01-01 00:13:54,1,throughput_mbps,0.3811954312259275,-1.3836008041349053,2.0855260638219204
2024-01-01 00:13:55,1,throughput_mbps,0.38095928759069847,-1.3149972391312017,2.0813797785999832
2024-01-01 00:13:56,1,throughput_mbps,0.38072319291135237,-1.343814594341612,2.264139497477434
2024-01-01 00:13:57,1,throughput_mbps,0.38048714658729127,-1.3819118541736344,2.0526764359420424
2024-01-01 00:13:58,1,throughput_mbps,0.3802511506830541,-1.3925460885542944,2.1482942898320734
2024-01-01 00:13:59,1,throughput_mbps,0.38001520411035516,-1.3307919561222035,2.167151687884698
2024-01-01 00:14:00,1,throughput_mbps,0.37977930715695385,-1.4775076425639777,2.1725375351894773
2024-01-01 00:14:01,1,throughput_mbps,0.3795434596664535,-1.4615940284571889,2.13666409219609
2024-01-01 00:14:02,1,throughput_mbps,0.37930766232726215,-1.3112492289533988,2.193569251833872
2024-01-01 00:14:03,1,throughput_mbps,0.3790719149829642,-1.2882483850929354,2.0880264733026843
2024-01-01 00:14:04,1,throughput_mbps,0.3788362179212923,-1.4499104858322163,2.220375126174474
2024-01-01 00:14:05,1,throughput_mbps,0.3786005700541337,-1.4558135577624016,2.1959771285328062
2024-01-01 00:14:06,1,throughput_mbps,0.3783649734456536,-1.4392342408123395,2.1205585269278324
2024-01-01 00:14:07,1,throughput_mbps,0.37812942749533607,-1.420409084331673,2.121770574300876
2024-01-01 00:14:08,1,throughput_mbps,0.3778939320032722,-1.4079285463807187,2.159692347367466
2024-01-01 00:14:09,1,throughput_mbps,0.3776584868131041,-1.318202022572676,2.180554130458825
2024-01-01 00:14:10,1,throughput_mbps,0.3774230931006664,-1.4159992565616208,2.123075197265742
2024-01-01 00:14:11,1,throughput_mbps,0.3771877502219706,-1.373355210922856,2.0578292435291017
2024-01-01 00:14:12,1,throughput_mbps,0.3769524584647037,-1.3502893696885017,2.2416437681579633
2024-01-01 00:14:13,1,throughput_mbps,0.37671721722850254,-1.2769254866348367,2.200957408591172
2024-01-01 00:14:14,1,throughput_mbps,0.37648202808955217,-1.3723361774235934,2.086733897081551
2024-01-01 00:14:15,1,throughput_mbps,0.3762468904474583,-1.3009894014847725,2.11582749827179
2024-01-01 00:14:16,1,throughput_mbps,0.37601180503387005,-1.3604581734154553,2.170062575750496
2024-01-01 00:14:17,1,throughput_mbps,0.37577676987291564,-1.5182905828827133,2.095449970199031
2024-01-01 00:14:18,1,throughput_mbps,0.37554178747218064,-1.3268255446835326,2.0361851356448417
2024-01-01 00:14:19,1,throughput_mbps,0.3753068572313279,-1.3560014255748356,2.2386431529011808
2024-01-01 00:14:20,1,throughput_mbps,0.3750719789504256,-1.374345750206077,2.151520564327294
2024-01-01 00:14:21,1,throughput_mbps,0.3748371524731713,-1.4221992884931072,2.2193531170454266
2024-01-01 00:14:22,1,throughput_mbps,0.3746023789750674,-1.3943967541736135,2.148118767158594
2024-01-01 00:14:23,1,throughput_mbps,0.374367657812231,-1.2674080272495312,2.183251248302222
2024-01-01 00:14:24,1,throughput_mbps,0.3741329892722759,-1.444053110829907,2.1944806622785453
2024-01-01 00:14:25,1,throughput_mbps,0.3738983727550222,-1.4491876521996594,2.0657936467890847
2024-01-01 00:14:26,1,throughput_mbps,0.37366380983611436,-1.4454505948781478,2.1108437251259238
2024-01-01 00:14:27,1,throughput_mbps,0.3734292999153423,-1.4158303658654787,2.1983158031847596
2024-01-01 00:14:28,1,throughput_mbps,0.37319484328029034,-1.5206325042518944,2.0926529089540242
2024-01-01 00:14:29,1,throughput_mbps,0.3729604392871621,-1.367226439621894,2.291551705559649
2024-01-01 00:14:30,1,throughput_mbps,0.3727260891112395,-1.3067044462516009,2.1167295525594874
2024-01-01 00:14:31,1,throughput_mbps,0.3724917925962288,-1.3958822144304053,2.0234565285206094
2024-01-01 00:14:32,1,throughput_mbps,0.37225754954217505,-1.2960610861305226,2.193084515628584
2024-01-01 00:14:33,1,throughput_mbps,0.3720233595115307,-1.2406306824436282,2.0800223864692047
2024-01-01 00:14:34,1,throughput_mbps,0.3717892240795715,-1.2762733040337466,2.097133305435832
2024-01-01 00:14:35,1,throughput_mbps,0.3715551426462131,-1.4174232724123903,2.217901421320607
2024-01-01 00:14:36,1,throughput_mbps,0.3713211150552191,-1.3241529543468618,2.0546409720524688
2024-01-01 00:14:37,1,throughput_mbps,0.3710871419941745,-1.3264585480542481,2.2059242583923733
2024-01-01 00:14:38,1,throughput_mbps,0.3708532233068243,-1.3340100827520702,2.00611024933361
2024-01-01 00:14:39,1,throughput_mbps,0.3706193591181893,-1.3417242129444986,2.2420731242920833
2024-01-01 00:14:40,1,throughput_mbps,0.37038554882832686,-1.3706837038661048,2.077816015868374
2024-01-01 00:14:41,1,throughput_mbps,0.3701517941746752,-1.4735765935632905,2.179027513296213
2024-01-01 00:14:42,1,throughput_mbps,0.3699180942322813,-1.3250269920041677,2.1633931487224602
2024-01-01 00:14:43,1,throughput_mbps,0.3696844492886378,-1.3082934879045487,2.287197439293803
2024-01-01 00:14:44,1,throughput_mbps,0.36945085918754517,-1.3450380284599506,2.241305404355832
2024-01-01 00:14:45,1,throughput_mbps,0.36921732461639406,-1.4082662574976033,2.1275005905129403
2024-01-01 00:14:46,1,throughput_mbps,0.36898384541896634,-1.3915763985530756,2.093669911659132
2024-01-01 00:14:47,1,throughput_mbps,0.36875042172024286,-1.4319389401603617,2.055817219317641
2024-01-01 00:14:48,1,throughput_mbps,0.3685170529204123,-1.4375785783184376,2.212914859334337
2024-01-01 00:14:49,1,throughput_mbps,0.3682837405940425,-1.3733391866789917,2.0749681766976837
2024-01-01 00:14:50,1,throughput_mbps,0.36805048430376447,-1.350157635241747,2.0684287273754
2024-01-01 00:14:51,1,throughput_mbps,0.36781728384958856,-1.466317301082751,2.233413082784583
2024-01-01 00:14:52,1,throughput_mbps,0.3675841390753609,-1.3629942212573056,1.986322069136312
2024-01-01 00:14:53,1,throughput_mbps,0.36735105115568545,-1.4400515491150647,2.1518404012777856
2024-01-01 00:14:54,1,throughput_mbps,0.367118019446969,-1.3088471049409351,1.9947618478123084
2024-01-01 00:14:55,1,throughput_mbps,0.36688504423662405,-1.2760144652456007,2.0817097182141997
2024-01-01 00:14:56,1,throughput_mbps,0.366652124924971,-1.336364230966821,2.0745357161129467
2024-01-01 00:14:57,1,throughput_mbps,0.3664192630861907,-1.4232361702217897,2.0591167410068874
2024-01-01 00:14:58,1,throughput_mbps,0.36618645856408816,-1.3528803117789028,2.1847596536594747
2024-01-01 00:14:59,1,throughput_mbps,0.36595371059654025,-1.4584248847249002,2.0736548764854343
2024-01-01 00:15:00,1,throughput_mbps,0.3657210190274623,-1.4573580628420049,2.0867921158835854
2024-01-01 00:15:01,1,throughput_mbps,0.36548838543083884,-1.4924722492744316,2.1128772066995047
2024-01-01 00:15:02,1,throughput_mbps,0.36525580936948043,-1.4136601678714134,2.1767813683801736
2024-01-01 00:15:03,1,throughput_mbps,0.36502329064337685,-1.2858837722717655,2.205528443916595
2024-01-01 00:15:04,1,throughput_mbps,0.36479082909643323,-1.398539947413275,2.1599240820504213
2024-01-01 00:15:05,1,throughput_mbps,0.3645584259028876,-1.447632496534769,2.294474309142174
2024-01-01 00:15:06,1,throughput_mbps,0.36432608041926884,-1.474011790361067,2.1038630289549642
2024-01-01 00:15:07,1,throughput_mbps,0.36409379293290584,-1.372481342955995,2.1579105483159906
2024-01-01 00:15:08,1,throughput_mbps,0.3638615628443229,-1.4946027325754816,2.0122601186338693
2024-01-01 00:15:09,1,throughput_mbps,0.36362939172710823,-1.4687401968970204,2.087110984085293
2024-01-01 00:15:10,1,throughput_mbps,0.363397278981753,-1.4248011933187843,2.1214946282083442
2024-01-01 00:15:11,1,throughput_mbps,0.36316522489555286,-1.4366037228668032,2.127286466365045
2024-01-01 00:15:12,1,throughput_mbps,0.3629332288251366,-1.3404207023008998,2.1851328117554383
2024-01-01 00:15:13,1,throughput_mbps,0.36270129194449524,-1.3704367285296157,2.2837832503308584
2024-01-01 00:15:14,1,throughput_mbps,0.362469414097545,-1.4072173208437004,2.138920589030409
2024-01-01 00:15:15,1,throughput_mbps,0.3622375941976351,-1.3443167172418533,2.2137008629653026
2024-01-01 00:15:16,1,throughput_mbps,0.3620058343052964,-1.4334857448173395,2.2197420868920625
2024-01-01 00:15:17,1,throughput_mbps,0.36177413382113666,-1.467014714653465,2.083469379510503
2024-01-01 00:15:18,1,throughput_mbps,0.36154249254512083,-1.3987797160884492,2.1073594521851384
2024-01-01 00:15:19,1,throughput_mbps,0.361310910321232,-1.3579381553361896,2.001757210349117
2024-01-01 00:15:20,1,throughput_mbps,0.36107938832323505,-1.4439343250034697,2.0964893230169483
2024-01-01 00:15:21,1,throughput_mbps,0.3608479259078176,-1.338075618951244,2.1366013176034544
2024-01-01 00:15:22,1,throughput_mbps,0.3606165233622013,-1.4238979208201208,2.123607774290751
2024-01-01 00:15:23,1,throughput_mbps,0.3603851800871731,-1.477066150624048,2.0013087687755866
2024-01-01 00:15:24,1,throughput_mbps,0.3601538976555597,-1.5423127785048567,2.175123618998822
2024-01-01 00:15:25,1,throughput_mbps,0.3599226754681125,-1.4389342182075362,2.1870217024453202
2024-01-01 00:15:26,1,throughput_mbps,0.3596915138120189,-1.3474607945704096,2.0774224826309386
2024-01-01 00:15:27,1,throughput_mbps,0.35946041204407053,-1.361333022466843,2.249447014613996
2024-01-01 00:15:28,1,throughput_mbps,0.359229371337779,-1.4513553087277986,2.0744727013198543
2024-01-01 00:15:29,1,throughput_mbps,0.35899839153713575,-1.534441578855461,2.115965522525832
2024-01-01 00:15:30,1,throughput_mbps,0.35876747244208884,-1.3197762701684206,2.096179099056641
2024-01-01 00:15:31,1,throughput_mbps,0.3585366136159732,-1.4658814967205098,2.058763298310764
2024-01-01 00:15:32,1,throughput_mbps,0.3583058166311984,-1.394986614865062,2.178071944771375
2024-01-01 00:15:33,1,throughput_mbps,0.35807508088866075,-1.389246231464511,2.1031805189309516
2024-01-01 00:15:34,1,throughput_mbps,0.3578444065130939,-1.4202899399850029,2.1870862894187773
2024-01-01 00:15:35,1,throughput_mbps,0.35761379334855903,-1.334612293369765,2.29691807335741
2024-01-01 00:15:36,1,throughput_mbps,0.35738324208112604,-1.2736453648952515,2.2030873241112423
2024-01-01 00:15:37,1,throughput_mbps,0.35715275255483375,-1.3789220247196805,2.132309526735656
2024-01-01 00:15:38,1,throughput_mbps,0.3569223250567797,-1.3474466208675866,2.186402665156587
2024-01-01 00:15:39,1,throughput_mbps,0.3566919586632674,-1.3553594901364556,2.1177186650306576
2024-01-01 00:15:40,1,throughput_mbps,0.35646165538928487,-1.2854344213042816,2.2318465929708635
2024-01-01 00:15:41,1,throughput_mbps,0.3562314142370145,-1.3600712316751413,2.17658283878369
2024-01-01 00:15:42,1,throughput_mbps,0.35600123528701066,-1.3656887946584744,2.053948320416848
2024-01-01 00:15:43,1,throughput_mbps,0.35577111810280215,-1.2622049838642302,2.0178274798207547
2024-01-01 00:15:44,1,throughput_mbps,0.3555410642561652,-1.3872149620059568,2.069332906056874
2024-01-01 00:15:45,1,throughput_mbps,0.3553110731482133,-1.318742231912148,2.14175340078273
2024-01-01 00:15:46,1,throughput_mbps,0.35508114490361414,-1.4179863442380067,1.9226393003713709
2024-01-01 00:15:47,1,throughput_mbps,0.35485127936649297,-1.4529361206557265,2.2980628382189514
2024-01-01 00:15:48,1,throughput_mbps,0.3546214772225924,-1.5330522142627088,2.201413713379607
2024-01-01 00:15:49,1,throughput_mbps,0.3543917383160151,-1.4148056016691983,2.092166345617983
2024-01-01 00:15:50,1,throughput_mbps,0.35416206293376634,-1.3794370988558826,2.0525922991704824
2024-01-01 00:15:51,1,throughput_mbps,0.3539324501524219,-1.4405871334268963,2.045662094396666
2024-01-01 00:15:52,1,throughput_mbps,0.3537029017056878,-1.3068465188412104,2.120001418180107
2024-01-01 00:15:53,1,throughput_mbps,0.35347341699482626,-1.455622904427713,2.167880059740438
2024-01-01 00:15:54,1,throughput_mbps,0.3532439958640007,-1.475879271973552,1.9340569767273743
2024-01-01 00:15:55,1,throughput_mbps,0.3530146389987582,-1.4765879971833515,2.2068993492567053
2024-01-01 00:15:56,1,throughput_mbps,0.35278534624324037,-1.476974470004632,2.254068679453042
2024-01-01 00:15:57,1,throughput_mbps,0.3525561177220534,-1.363317073367573,2.2042606271581286
2024-01-01 00:15:58,1,throughput_mbps,0.3523269528366263,-1.3502868295212926,2.0678531342640354
2024-01-01 00:15:59,1,throughput_mbps,0.3520978531579212,-1.3578623930695166,2.058846490994767
2024-01-01 00:16:00,1,throughput_mbps,0.351868818249669,-1.4496967609003066,2.0833275025118554
2024-01-01 00:16:01,1,throughput_mbps,0.3516398479117748,-1.3425585358340804,2.1532168160693375
2024-01-01 00:16:02,1,throughput_mbps,0.3514109419884543,-1.4679280597138702,2.053340699540062
2024-01-01 00:16:03,1,throughput_mbps,0.3511821016520292,-1.4326495304889348,2.14515235095113
2024-01-01 00:16:04,1,throughput_mbps,0.35095332625968456,-1.348879377082217,2.0825964497957865
2024-01-01 00:16:05,1,throughput_mbps,0.35072461609831485,-1.3772718375682245,2.1305577650969774
2024-01-01 00:16:06,1,throughput_mbps,0.3504959705695023,-1.3266961335745993,2.1111622955743847
2024-01-01 00:16:07,1,throughput_mbps,0.35026739124376527,-1.3589798953163532,1.9608630684801525
2024-01-01 00:16:08,1,throughput_mbps,0.35003887752264895,-1.35828436408889,2.0235703581643656
2024-01-01 00:16:09,1,throughput_mbps,0.34981042969301035,-1.330923176657128,2.1803324993908952
2024-01-01 00:16:10,1,throughput_mbps,0.34958204711214813,-1.4172687100854773,2.1799364522577003
2024-01-01 00:16:11,1,throughput_mbps,0.3493537309521088,-1.3659107894521376,2.032351207244737
2024-01-01 00:16:12,1,throughput_mbps,0.3491254810571176,-1.2188847609672417,2.1618911560080174
2024-01-01 00:16:13,1,throughput_mbps,0.3488972972270631,-1.3705456367474642,2.062432146680847
2024-01-01 00:16:14,1,throughput_mbps,0.3486691788636917,-1.3626770754271749,2.186100298131999
2024-01-01 00:16:15,1,throughput_mbps,0.34844112802398874,-1.4783457423970952,2.0912640054361114
2024-01-01 00:16:16,1,throughput_mbps,0.3482131436227379,-1.3010878577224008,2.111774372831549
2024-01-01 00:16:17,1,throughput_mbps,0.3479852263892319,-1.3918434843323868,2.0513751378492397
2024-01-01 00:16:18,1,throughput_mbps,0.3477573748402814,-1.3976609016734998,2.1840352818832907
2024-01-01 00:16:19,1,throughput_mbps,0.347529590988238,-1.3731017892184323,2.127700255567072
2024-01-01 00:16:20,1,throughput_mbps,0.3473018742348804,-1.2941418314481548,2.2140939453314346
2024-01-01 00:16:21,1,throughput_mbps,0.34707422486696526,-1.4067467514244143,2.0003255674177454
2024-01-01 00:16:22,1,throughput_mbps,0.3468466422419476,-1.2392990984096643,2.0736074338871444
2024-01-01 00:00:01,2,jitter_ms,15.46926683537825,-43.6692153881429,74.55498101901173
2024-01-01 00:00:02,2,jitter_ms,15.634409277794298,-47.26980242030239,73.259387883431
2024-01-01 00:00:03,2,jitter_ms,15.799551239327265,-44.437303142633624,78.44257595231248
2024-01-01 00:00:04,2,jitter_ms,15.964692720978533,-47.67012273817281,80.885859007713
2024-01-01 00:00:05,2,jitter_ms,16.129833724015178,-40.02679473078491,78.07489612050031
2024-01-01 00:00:06,2,jitter_ms,16.29497425227727,-45.338725554685766,76.051308089858
2024-01-01 00:00:07,2,jitter_ms,16.46011429256969,-43.92520813228807,78.45000806564538
2024-01-01 00:00:08,2,jitter_ms,16.625253851837957,-39.77230831567109,73.45530286315366
2024-01-01 00:00:09,2,jitter_ms,16.790392925405087,-41.70661360649239,76.99417040279174
2024-01-01 00:00:10,2,jitter_ms,16.955531522788554,-39.62423003199846,74.07414709883994
2024-01-01 00:00:11,2,jitter_ms,17.12066965023582,-40.628371609110005,76.92279599987191
2024-01-01 00:00:12,2,jitter_ms,17.28580729241177,-41.006772499240284,78.32224014228774
2024-01-01 00:00:13,2,jitter_ms,17.450944447478697,-42.82028099347823,76.25641257848137
2024-01-01 00:00:14,2,jitter_ms,17.616081119541583,-43.71046562687378,74.81967961486342
2024-01-01 00:00:15,2,jitter_ms,17.78121730108594,-40.25053286517397,76.39076733970748
2024-01-01 00:00:16,2,jitter_ms,17.946352993112693,-39.307916511477686,81.52036680062542
2024-01-01 00:00:17,2,jitter_ms,18.111488196888352,-41.13749437461884,78.77392917053766
2024-01-01 00:00:18,2,jitter_ms,18.27662291625124,-43.261635441664275,79.97246089940609
2024-01-01 00:00:19,2,jitter_ms,18.44175715759645,-41.24889548191371,82.94815462096378
2024-01-01 00:00:20,2,jitter_ms,18.606890908282114,-40.14979939401554,76.20157847164101
2024-01-01 00:00:21,2,jitter_ms,18.772024166470963,-38.30236012318373,79.81182838523834
2024-01-01 00:00:22,2,jitter_ms,18.937156933163376,-42.16587268315621,83.04789927339847
2024-01-01 00:00:23,2,jitter_ms,19.102289203950505,-41.04633976545393,80.4625661472235
2024-01-01 00:00:24,2,jitter_ms,19.267420979832856,-42.66588221039799,78.57657573228671
2024-01-01 00:00:25,2,jitter_ms,19.43255225897356,-42.28233028294651,77.120821766328
2024-01-01 00:00:26,2,jitter_ms,19.597683048312746,-43.383832563925615,80.69975595599864
2024-01-01 00:00:27,2,jitter_ms,19.762813334665186,-36.7541980564319,80.12642352021703
2024-01-01 00:00:28,2,jitter_ms,19.927943023511045,-46.895282695688515,78.29296779179496
2024-01-01 00:00:29,2,jitter_ms,20.0930722144737,-39.1360791100741,83.08196581725494
2024-01-01 00:00:30,2,jitter_ms,20.258200908553107,-36.66342924329612,77.3736976836988
2024-01-01 00:00:31,2,jitter_ms,20.423329098239506,-34.426054724236266,80.92770088875072
2024-01-01 00:00:32,2,jitter_ms,20.58845678763536,-38.89947254859563,77.71969353623672
2024-01-01 00:00:33,2,jitter_ms,20.753583974904245,-39.18272337528284,82.62497265784205
2024-01-01 00:00:34,2,jitter_ms,20.918710663882244,-38.72669475576801,80.10160345449064
2024-01-01 00:00:35,2,jitter_ms,21.083836844490122,-39.841686715646325,80.07815471685278
2024-01-01 00:00:36,2,jitter_ms,21.248962546478992,-40.70398049894149,80.42663288432512
2024-01-01 00:00:37,2,jitter_ms,21.41408774209804,-39.4717054662236,82.84640924270015
2024-01-01 00:00:38,2,jitter_ms,21.579212435448447,-37.82378559704724,79.63491372346309
2024-01-01 00:00:39,2,jitter_ms,21.744336619022665,-38.23660727265545,84.55098372788267
2024-01-01 00:00:40,2,jitter_ms,21.90946029382072,-42.39057141185257,79.64001122165308
2024-01-01 00:00:41,2,jitter_ms,22.074583465745043,-37.68656693474841,84.93554900317712
2024-01-01 00:00:42,2,jitter_ms,22.239706123685448,-38.24323934078448,87.55662764490077
2024-01-01 00:00:43,2,jitter_ms,22.4048282714772,-39.1403162883295,83.58443662509669
2024-01-01 00:00:44,2,jitter_ms,22.569949908318307,-38.03281801687976,82.40750913665318
2024-01-01 00:00:45,2,jitter_ms,22.73507038990816,-39.57460722653723,79.09285741242519
2024-01-01 00:00:46,2,jitter_ms,22.90019035714196,-38.56074806136512,84.86868744527142
2024-01-01 00:00:47,2,jitter_ms,23.06530981101933,-39.43636068604307,80.22496263893122
2024-01-01 00:00:48,2,jitter_ms,23.230428750738394,-38.924076774738666,81.5476135364418
2024-01-01 00:00:49,2,jitter_ms,23.39554718013295,-36.9344687196428,83.06518228869368
2024-01-01 00:00:50,2,jitter_ms,23.560665088096478,-36.05041819168712,82.42901796961262
2024-01-01 00:00:51,2,jitter_ms,23.72578247872862,-36.59327677911331,85.24450253803006
2024-01-01 00:00:52,2,jitter_ms,23.8908993527632,-34.05932358034472,79.35616633800305
2024-01-01 00:00:53,2,jitter_ms,24.056015714298752,-35.995216213688956,81.90361642920057
2024-01-01 00:00:54,2,jitter_ms,24.217427182156342,-36.512452771570736,84.51617659980867
2024-01-01 00:00:55,2,jitter_ms,24.37883813024347,-37.18007121827616,85.69922496110846
2024-01-01 00:00:56,2,jitter_ms,24.540248557758538,-38.309075232920975,84.69491456714235
2024-01-01 00:00:57,2,jitter_ms,24.701658465700543,-35.651526571967835,82.39397138012627
2024-01-01 00:00:58,2,jitter_ms,24.863067849666727,-33.70915319415525,84.65963541467144
2024-01-01 00:00:59,2,jitter_ms,25.024476710656224,-33.557606918561476,81.45576909162108
2024-01-01 00:01:00,2,jitter_ms,25.185885047867558,-30.66670452349879,87.07083351089335
2024-01-01 00:01:01,2,jitter_ms,25.347292865132673,-32.391462630742815,86.9997508768547
2024-01-01 00:01:02,2,jitter_ms,25.508700151350418,-30.819948325107447,86.87097782866812
2024-01-01 00:01:03,2,jitter_ms,25.670106912418596,-36.865373543145374,84.0226924978627
2024-01-01 00:01:04,2,jitter_ms,25.828465558963387,-35.57946931456168,84.59186586883112
2024-01-01 00:01:05,2,jitter_ms,25.986823679523113,-33.92557935357951,85.97442362279034
2024-01-01 00:01:06,2,jitter_ms,26.14518126969646,-33.73578035036809,90.77056940555936
2024-01-01 00:01:07,2,jitter_ms,26.30353833048225,-31.08184912317087,84.77033134953521
2024-01-01 00:01:08,2,jitter_ms,26.46189486107926,-39.264306752919914,87.0367402980384
2024-01-01 00:01:09,2,jitter_ms,26.620250865318173,-36.408402727030236,89.97521073728161
2024-01-01 00:01:10,2,jitter_ms,26.778606333133943,-33.693131428219736,88.99895151678835
2024-01-01 00:01:11,2,jitter_ms,26.936961267325103,-30.42662038859844,86.60662660459514
2024-01-01 00:01:12,2,jitter_ms,27.09531566915543,-32.51604159187684,88.27684535286397
2024-01-01 00:01:13,2,jitter_ms,27.253669539623132,-34.015265280374386,86.2839820457245
2024-01-01 00:01:14,2,jitter_ms,27.412022871231393,-36.88868733512097,93.93811513782083
2024-01-01 00:01:15,2,jitter_ms,27.57037566807567,-33.54683949954106,87.40519219574706
2024-01-01 00:01:16,2,jitter_ms,27.705660909589866,-34.41558474481132,84.22626621093595
2024-01-01 00:01:17,2,jitter_ms,27.840945618336214,-30.35384741017339,86.45652374800446
2024-01-01 00:01:18,2,jitter_ms,27.97622978425302,-29.6417457285635,86.55376023411254
2024-01-01 00:01:19,2,jitter_ms,28.111513411169952,-30.500539176737483,83.84289266955004
2024-01-01 00:01:20,2,jitter_ms,28.246796500085054,-25.44261146844774,94.11008820786306
2024-01-01 00:01:21,2,jitter_ms,28.382079046599774,-32.125122346104426,85.08513816817205
2024-01-01 00:01:22,2,jitter_ms,28.5173610517123,-32.384699037275325,85.42400481907379
2024-01-01 00:01:23,2,jitter_ms,28.652642513590028,-30.120121769867165,90.89998048009544
2024-01-01 00:01:24,2,jitter_ms,28.787923439156934,-30.980571362300754,92.6859719268604
2024-01-01 00:01:25,2,jitter_ms,28.9232038152586,-30.670781132558016,87.06219502038101
2024-01-01 00:01:26,2,jitter_ms,29.05848364572369,-32.21218058169634,85.97985386412917
2024-01-01 00:01:27,2,jitter_ms,29.19376293181523,-32.850086300970524,89.14558731806873
2024-01-01 00:01:28,2,jitter_ms,29.329041674530785,-35.09223824646203,89.07394613339378
2024-01-01 00:01:29,2,jitter_ms,29.43714756387783,-30.41949093912503,92.96601114679031
2024-01-01 00:01:30,2,jitter_ms,29.54525290644969,-32.51789266947008,91.83118612628577
2024-01-01 00:01:31,2,jitter_ms,29.65335770041427,-28.833780640235506,93.01915528901006
2024-01-01 00:01:32,2,jitter_ms,29.761461949598523,-30.553748888841827,86.87689814898441
2024-01-01 00:01:33,2,jitter_ms,29.869565641117852,-31.8889594335157,88.93280763068344
2024-01-01 00:01:34,2,jitter_ms,29.97766878445826,-27.137901137435705,93.97118395055001
2024-01-01 00:01:35,2,jitter_ms,30.085771374958625,-26.95742398301652,89.9605135621773
2024-01-01 00:01:36,2,jitter_ms,30.19387341953942,-23.581261125420088,89.61353966744252
2024-01-01 00:01:37,2,jitter_ms,30.30197490505293,-29.867224797138775,89.10622153314135
2024-01-01 00:01:38,2,jitter_ms,30.410075835325877,-30.07739025154073,91.67362577850534
2024-01-01 00:01:39,2,jitter_ms,30.518176211620656,-28.83283684545198,87.19427853611474
2024-01-01 00:01:40,2,jitter_ms,30.626276034934328,-28.36209164747411,93.57399415452593
2024-01-01 00:01:41,2,jitter_ms,30.704884514307015,-30.699737087464694,89.9522714955806
2024-01-01 00:01:42,2,jitter_ms,30.783492437301163,-29.688415951596753,94.87738675352756
2024-01-01 00:01:43,2,jitter_ms,30.862099802085613,-28.72233045901641,88.20375048838264
2024-01-01 00:01:44,2,jitter_ms,30.940706612485343,-31.755983321479665,91.49528879593691
2024-01-01 00:01:45,2,jitter_ms,31.0193128584503,-27.88512623713417,92.91683095595772
2024-01-01 00:01:46,2,jitter_ms,31.097918543805733,-25.730796524066307,95.24381212210506
2024-01-01 00:01:47,2,jitter_ms,31.176523666720925,-21.44667025462723,93.36455510926075
2024-01-01 00:01:48,2,jitter_ms,31.255128231285298,-25.104553367832228,91.76291642604153
2024-01-01 00:01:49,2,jitter_ms,31.333732230013055,-27.35871753207276,92.86543188797101
2024-01-01 00:01:50,2,jitter_ms,31.412335663901317,-27.989521627596705,94.41562550677395
2024-01-01 00:01:51,2,jitter_ms,31.490938534211864,-28.52723417068469,93.18187397961188
2024-01-01 00:01:52,2,jitter_ms,31.56954084373757,-29.77599284127722,97.49200254992003
2024-01-01 00:01:53,2,jitter_ms,31.64814258243191,-31.173848522403055,94.61059995100351
2024-01-01 00:01:54,2,jitter_ms,31.705634800062537,-26.17643832672657,90.29012495618852
2024-01-01 00:01:55,2,jitter_ms,31.763126449886144,-27.371952848822882,92.33796688015126
2024-01-01 00:01:56,2,jitter_ms,31.820617532899213,-27.83462277315785,89.8019199078855
2024-01-01 00:01:57,2,jitter_ms,31.878108044710103,-29.952987332056853,96.38672779868337
2024-01-01 00:01:58,2,jitter_ms,31.935597986315454,-35.24527238119318,93.13693639459164
2024-01-01 00:01:59,2,jitter_ms,31.9930873558855,-25.216223164751217,86.74309910887077
2024-01-01 00:02:00,2,jitter_ms,32.05057615930323,-22.83029700118198,93.27705016149201
2024-01-01 00:02:01,2,jitter_ms,32.10806438549534,-25.266265940863853,90.6282578054607
2024-01-01 00:02:02,2,jitter_ms,32.16555203828439,-26.67520203506507,94.60982998074802
2024-01-01 00:02:03,2,jitter_ms,32.22303911866654,-27.715422615109883,88.18488992846676
2024-01-01 00:02:04,2,jitter_ms,32.28052562225156,-28.337600733496895,92.95418323362583
2024-01-01 00:02:05,2,jitter_ms,32.33801155003576,-27.15848376526038,91.50392974671378
2024-01-01 00:02:06,2,jitter_ms,32.38609019122454,-27.0274160374813,97.51343338454596
2024-01-01 00:02:07,2,jitter_ms,32.434168259634404,-23.67609801296118,97.20005694855196
2024-01-01 00:02:08,2,jitter_ms,32.4822457452256,-30.221668110317314,93.42810055572183
2024-01-01 00:02:09,2,jitter_ms,32.5303226507896,-26.193429887333767,96.866416957288
2024-01-01 00:02:10,2,jitter_ms,32.578398975792304,-27.73336145764888,95.67216581874646
2024-01-01 00:02:11,2,jitter_ms,32.62647472661403,-27.510963194191326,93.10024782191293
2024-01-01 00:02:12,2,jitter_ms,32.6745498903921,-25.939218345570684,93.88288252670799
2024-01-01 00:02:13,2,jitter_ms,32.72262447300677,-24.58160608275186,88.3523748669348
2024-01-01 00:02:14,2,jitter_ms,32.77069847262934,-32.273604044261276,95.29103351971403
2024-01-01 00:02:15,2,jitter_ms,32.818771890255434,-25.825896921109326,95.7035174412062
2024-01-01 00:02:16,2,jitter_ms,32.86684472149724,-23.9365507120103,90.31674060108247
2024-01-01 00:02:17,2,jitter_ms,32.914916967350514,-27.851937514000152,92.49049339661104
2024-01-01 00:02:18,2,jitter_ms,32.96298862701654,-27.663052470519833,92.86739098303097
2024-01-01 00:02:19,2,jitter_ms,33.01105958790385,-27.27565518852594,89.0677029046273
2024-01-01 00:02:20,2,jitter_ms,33.059129956388645,-27.58339534984349,96.27556297855591
2024-01-01 00:02:21,2,jitter_ms,33.10719973526086,-28.2332784434379,95.13170885534943
2024-01-01 00:02:22,2,jitter_ms,33.155268925780646,-24.42789814153665,95.5399836149823
2024-01-01 00:02:23,2,jitter_ms,33.20333752894313,-29.005352730346733,92.00610773290632
2024-01-01 00:02:24,2,jitter_ms,33.251405537274366,-29.366334855099602,95.20828603141494
2024-01-01 00:02:25,2,jitter_ms,33.29947295485751,-27.220587985676453,93.81760729566739
2024-01-01 00:02:26,2,jitter_ms,33.34753977986488,-23.817374500495937,94.18915964085514
2024-01-01 00:02:27,2,jitter_ms,33.39560601611409,-27.525173483606572,96.12833066706376
2024-01-01 00:02:28,2,jitter_ms,33.44367165357456,-29.94799038368847,93.56158684865458
2024-01-01 00:02:29,2,jitter_ms,33.491736696064194,-23.567596230555594,92.00085098850646
2024-01-01 00:02:30,2,jitter_ms,33.53980114175578,-25.901190381148968,94.47659531303182
2024-01-01 00:02:31,2,jitter_ms,33.587864994730985,-24.49862762667227,97.84747385347764
2024-01-01 00:02:32,2,jitter_ms,33.63592824751849,-25.86102940114394,90.70834985287108
2024-01-01 00:02:33,2,jitter_ms,33.68399085199672,-27.09359813945524,96.28279235078224
2024-01-01 00:02:34,2,jitter_ms,33.732052858541934,-25.662167373392336,97.46127868876273
2024-01-01 00:02:35,2,jitter_ms,33.78011427097016,-25.329107655433962,94.96114979610223
2024-01-01 00:02:36,2,jitter_ms,33.8281750761685,-22.003323113381693,92.62019675606432
2024-01-01 00:02:37,2,jitter_ms,33.876235281039534,-24.416170873606635,94.22264749598557
2024-01-01 00:02:38,2,jitter_ms,33.92429488375659,-33.53777013715421,91.45979013154376
2024-01-01 00:02:39,2,jitter_ms,33.97235388531415,-22.256622733950657,92.51261714222981
2024-01-01 00:02:40,2,jitter_ms,34.020412281329385,-26.77638425901524,95.96877348035773
2024-01-01 00:02:41,2,jitter_ms,34.06847007279694,-22.068269912980565,94.43306189618335
2024-01-01 00:02:42,2,jitter_ms,34.11652726353175,-24.19371409860801,92.62303833513386
2024-01-01 00:02:43,2,jitter_ms,34.16458384351032,-24.898678090844307,96.64582862285579
2024-01-01 00:02:44,2,jitter_ms,34.21263981654789,-22.523207549375837,91.89442438178119
2024-01-01 00:02:45,2,jitter_ms,34.260695180818516,-21.742869603177297,96.16162747887483
2024-01-01 00:02:46,2,jitter_ms,34.30874994040106,-28.5895972419848,93.18370108333473
2024-01-01 00:02:47,2,jitter_ms,34.356804051699115,-29.355757524143964,95.33769906230607
2024-01-01 00:02:48,2,jitter_ms,34.40485755183751,-28.657492771718385,95.20331100057277
2024-01-01 00:02:49,2,jitter_ms,34.4529104420749,-25.468766514379613,94.62439021678183
2024-01-01 00:02:50,2,jitter_ms,34.500962725196636,-24.339378365922506,95.34182424835234
2024-01-01 00:02:51,2,jitter_ms,34.549014391183064,-27.080950308982114,91.76528172255273
2024-01-01 00:02:52,2,jitter_ms,34.59706544102876,-27.1336950149754,90.49937342608916
2024-01-01 00:02:53,2,jitter_ms,34.645115879574874,-28.584638147772967,95.80364103810089
2024-01-01 00:02:54,2,jitter_ms,34.693165707814806,-26.162936884871577,96.46731742967941
2024-01-01 00:02:55,2,jitter_ms,34.741214915730865,-22.8127811791692,99.02660903165469
2024-01-01 00:02:56,2,jitter_ms,34.78926350713607,-25.224428107733413,95.54793919436342
2024-01-01 00:02:57,2,jitter_ms,34.83731148020553,-25.224154980593678,92.3609681115156
2024-01-01 00:02:58,2,jitter_ms,34.88535883901585,-25.210943458344012,92.63399522080749
2024-01-01 00:02:59,2,jitter_ms,34.93340557610521,-29.625296653474773,92.43203526946134
2024-01-01 00:03:00,2,jitter_ms,34.98145169246751,-27.42563518536212,100.73807246294321
2024-01-01 00:03:01,2,jitter_ms,35.0294971893608,-23.653036100589585,99.03511264404534
2024-01-01 00:03:02,2,jitter_ms,35.07754206956874,-22.724366477071623,92.4289879024973
2024-01-01 00:03:03,2,jitter_ms,35.12558632555391,-21.232373281759664,92.23642574117629
2024-01-01 00:03:04,2,jitter_ms,35.1736299586515,-25.54008556342512,93.15598433438437
2024-01-01 00:03:05,2,jitter_ms,35.22167296806462,-26.551378014767096,92.74524395383072
2024-01-01 00:03:06,2,jitter_ms,35.269715354786456,-24.770396240421267,93.23984132249015
2024-01-01 00:03:07,2,jitter_ms,35.31775711443996,-26.047701021373598,93.5569326884896
2024-01-01 00:03:08,2,jitter_ms,35.365798248018486,-21.478348483801184,97.30259505352261
2024-01-01 00:03:09,2,jitter_ms,35.413838753698194,-20.86094286346083,95.85920408416101
2024-01-01 00:03:10,2,jitter_ms,35.461878637343105,-21.561502847946716,94.0369082940707
2024-01-01 00:03:11,2,jitter_ms,35.50991788791623,-26.994253864666177,96.47726839387505
2024-01-01 00:03:12,2,jitter_ms,35.557956509227616,-21.321621837268577,94.55447765968347
2024-01-01 00:03:13,2,jitter_ms,35.6059945004807,-22.592837304293862,94.36004286956938
2024-01-01 00:03:14,2,jitter_ms,35.654031862668276,-16.003185469039934,99.54319852275995
2024-01-01 00:03:15,2,jitter_ms,35.70206859141505,-23.842950243884566,98.53692398271988
2024-01-01 00:03:16,2,jitter_ms,35.750104687714,-21.706467801538885,100.69070328208863
2024-01-01 00:03:17,2,jitter_ms,35.798140150768695,-26.72307542608076,98.58958316876473
2024-01-01 00:03:18,2,jitter_ms,35.84617498438741,-23.699719082220575,92.43645447539959
2024-01-01 00:03:19,2,jitter_ms,35.89420917753765,-23.38500298079115,97.25190056034542
2024-01-01 00:03:20,2,jitter_ms,35.942242736081276,-27.34065074599817,95.70998538147393
2024-01-01 00:03:21,2,jitter_ms,35.99027566101061,-24.089859884105255,96.42347782402757
2024-01-01 00:03:22,2,jitter_ms,36.03830789832229,-24.570612830284293,93.2820772616019
2024-01-01 00:03:23,2,jitter_ms,36.08633949863857,-22.17073746064984,94.8396385326562
2024-01-01 00:03:24,2,jitter_ms,36.13437046013677,-22.458204264236482,96.42093084820196
2024-01-01 00:03:25,2,jitter_ms,36.182400786623845,-28.83708272919654,97.63194987832702
2024-01-01 00:03:26,2,jitter_ms,36.230430468097424,-23.385006375702606,96.58991217327045
2024-01-01 00:03:27,2,jitter_ms,36.27845950836478,-29.635780796610184,96.75736013638044
2024-01-01 00:03:28,2,jitter_ms,36.32648790560374,-22.74097310044015,97.2938275784075
2024-01-01 00:03:29,2,jitter_ms,36.37451566388492,-23.27822516531277,96.13077726697955
2024-01-01 00:03:30,2,jitter_ms,36.42254277575782,-24.56557807796813,98.48945148122829
2024-01-01 00:03:31,2,jitter_ms,36.470569242214815,-23.680542381008593,100.28636174038228
2024-01-01 00:03:32,2,jitter_ms,36.51859506451222,-25.23053635864579,92.07719762336667
2024-01-01 00:03:33,2,jitter_ms,36.56662024645529,-19.41420542229657,92.33242049204233
2024-01-01 00:03:34,2,jitter_ms,36.61464477215452,-21.04129482542838,101.56952048064059
2024-01-01 00:03:35,2,jitter_ms,36.6626686541204,-26.79654924746241,98.06818800620127
2024-01-01 00:03:36,2,jitter_ms,36.71069188771781,-21.05931057291217,97.95771985788933
2024-01-01 00:03:37,2,jitter_ms,36.75871447675137,-27.067006606350752,102.1651602530227
2024-01-01 00:03:38,2,jitter_ms,36.80673641122485,-26.31290579947752,95.1232353110367
2024-01-01 00:03:39,2,jitter_ms,36.854757694943196,-20.101117238268714,96.43629999081152
2024-01-01 00:03:40,2,jitter_ms,36.902778326085354,-20.008731397897314,93.24002941517537
2024-01-01 00:03:41,2,jitter_ms,36.95079679609288,-24.527539323692174,96.73815798631497
2024-01-01 00:03:42,2,jitter_ms,36.99881461014644,-24.915856968382403,96.89311202634003
2024-01-01 00:03:43,2,jitter_ms,37.0468317692378,-22.26853535830522,99.87273692767319
2024-01-01 00:03:44,2,jitter_ms,37.09484827462259,-20.146239198282885,93.55216519462041
2024-01-01 00:03:45,2,jitter_ms,37.14286413010375,-23.44498296612789,94.9570473756529
2024-01-01 00:03:46,2,jitter_ms,37.19087932261313,-25.59545563698257,95.4596941263251
2024-01-01 00:03:47,2,jitter_ms,37.23889385903015,-23.651973803165973,97.87181415511931
2024-01-01 00:03:48,2,jitter_ms,37.286907737534335,-24.336979590459197,98.26068149262971
2024-01-01 00:03:49,2,jitter_ms,37.33492095911672,-20.426107896999874,97.27657632323186
2024-01-01 00:03:50,2,jitter_ms,37.38293351940994,-26.972447708946614,100.14088086191309
2024-01-01 00:03:51,2,jitter_ms,37.43094541940519,-23.54575530694103,96.8249926029906
2024-01-01 00:03:52,2,jitter_ms,37.478956657282524,-24.927131763847278,97.10643545509504
2024-01-01 00:03:53,2,jitter_ms,37.52696723991844,-23.315549915517124,96.08022528343346
2024-01-01 00:03:54,2,jitter_ms,37.57497715424999,-20.94368046819154,96.74033284840127
2024-01-01 00:03:55,2,jitter_ms,37.62298640407916,-17.79168104948461,98.73173687689035
2024-01-01 00:03:56,2,jitter_ms,37.670994990660894,-20.276049671610053,96.82647199824174
2024-01-01 00:03:57,2,jitter_ms,37.719002914985666,-26.415808026624394,98.91134318280209
2024-01-01 00:03:58,2,jitter_ms,37.76701016961373,-21.72692531187815,98.16466647879923
2024-01-01 00:03:59,2,jitter_ms,37.8150167586101,-25.772008879189574,96.86893709505941
2024-01-01 00:04:00,2,jitter_ms,37.8630164387355,-20.94948956684598,96.24321387025469
2024-01-01 00:04:01,2,jitter_ms,37.911015446020315,-20.658228581003243,94.3481184638035
2024-01-01 00:04:02,2,jitter_ms,37.959013784265,-24.15038852292921,93.30944248546466
2024-01-01 00:04:03,2,jitter_ms,38.00701145267506,-24.86671069733953,100.86639406446348
2024-01-01 00:04:04,2,jitter_ms,38.05500845224075,-21.242931531247535,96.27222785719918
2024-01-01 00:04:05,2,jitter_ms,38.103004778598205,-17.683386614022684,94.64492738714306
2024-01-01 00:04:06,2,jitter_ms,38.15100043273785,-17.948291621681207,99.92451250787953
2024-01-01 00:04:07,2,jitter_ms,38.19899541284114,-23.393418024690558,98.5351282118294
2024-01-01 00:04:08,2,jitter_ms,38.24698972475514,-24.843306404901718,98.72785316288562
2024-01-01 00:04:09,2,jitter_ms,38.2949833574755,-24.322960998369982,99.26510135126388
2024-01-01 00:04:10,2,jitter_ms,38.34297631480109,-23.959848842436404,100.94461693496015
2024-01-01 00:04:11,2,jitter_ms,38.39096859312973,-25.155139902350097,92.32107984147355
2024-01-01 00:04:12,2,jitter_ms,38.438960201875354,-24.8723249181971,97.04275894969143
2024-01-01 00:04:13,2,jitter_ms,38.486951128251896,-19.41960280942462,100.01038856910085
2024-01-01 00:04:14,2,jitter_ms,38.53494137605739,-21.018555128310165,95.61827835893676
2024-01-01 00:04:15,2,jitter_ms,38.58293094449788,-21.3698641210915,98.34708829142372
2024-01-01 00:04:16,2,jitter_ms,38.63091983456298,-21.529170444703055,99.3013742945835
2024-01-01 00:04:17,2,jitter_ms,38.67890804189168,-23.688402004033247,98.56320930741047
2024-01-01 00:04:18,2,jitter_ms,38.726895567473775,-22.382605013368224,98.57629911934018
2024-01-01 00:04:19,2,jitter_ms,38.77488240949186,-16.1905964408792,103.9743780157596
2024-01-01 00:04:20,2,jitter_ms,38.82286857378933,-21.586301757903144,97.63733124867964
2024-01-01 00:04:21,2,jitter_ms,38.87085404936892,-24.314060316200482,97.6704284508774
2024-01-01 00:04:22,2,jitter_ms,38.91883884002705,-19.089448502164913,98.25880398012096
2024-01-01 00:04:23,2,jitter_ms,38.96682294497013,-23.019722318102477,97.29285218966163
2024-01-01 00:04:24,2,jitter_ms,39.014806365187326,-23.076400705706195,101.62254769404407
2024-01-01 00:04:25,2,jitter_ms,39.06278909631957,-19.985831412225583,100.22027291158099
2024-01-01 00:04:26,2,jitter_ms,39.11077113935623,-17.903481629919288,102.7928234213982
2024-01-01 00:04:27,2,jitter_ms,39.15875249350387,-22.009172019261314,102.85209400167236
2024-01-01 00:04:28,2,jitter_ms,39.206733162556965,-20.43260121986537,100.61621657016073
2024-01-01 00:04:29,2,jitter_ms,39.2449095575949,-21.74943282708269,96.22355643979793
2024-01-01 00:04:30,2,jitter_ms,39.283085262387,-22.763438163185853,100.93929446058596
2024-01-01 00:04:31,2,jitter_ms,39.32126027511685,-22.863711753347623,97.46700981862588
2024-01-01 00:04:32,2,jitter_ms,39.35943459677319,-18.654520274991967,94.85071507488078
2024-01-01 00:04:33,2,jitter_ms,39.3976082229989,-20.83283275315516,98.82372690451687
2024-01-01 00:04:34,2,jitter_ms,39.435781154782916,-17.299485054973943,97.08901353300334
2024-01-01 00:04:35,2,jitter_ms,39.47395339133216,-20.520765398414625,102.69387785146742
2024-01-01 00:04:36,2,jitter_ms,39.512124936439456,-20.870367772922606,98.29920165368642
2024-01-01 00:04:37,2,jitter_ms,39.55029578013993,-14.413507219794742,100.07373881609088
2024-01-01 00:04:38,2,jitter_ms,39.58846592520408,-18.765310768570583,96.04311942580601
2024-01-01 00:04:39,2,jitter_ms,39.626635375688224,-19.73815145083896,100.26371216877901
2024-01-01 00:04:40,2,jitter_ms,39.664804124168995,-23.2344869467237,97.65260185229698
2024-01-01 00:04:41,2,jitter_ms,39.7029721716351,-18.86394057669149,99.73337504790109
2024-01-01 00:04:42,2,jitter_ms,39.741139519338844,-20.081090443887984,103.02812905025641
2024-01-01 00:04:43,2,jitter_ms,39.77930617107142,-20.009202075620024,97.67989588966557
2024-01-01 00:04:44,2,jitter_ms,39.81747211380467,-18.23586628860963,100.47952291865809
2024-01-01 00:04:45,2,jitter_ms,39.85563735439743,-18.728922610122417,106.09236737106188
2024-01-01 00:04:46,2,jitter_ms,39.89380189103479,-20.8953809033242,97.13731624210256
2024-01-01 00:04:47,2,jitter_ms,39.93196572470464,-18.80316284156813,95.78896353837101
2024-01-01 00:04:48,2,jitter_ms,39.97012885105357,-21.261282257749304,99.53577102994345
2024-01-01 00:04:49,2,jitter_ms,40.00829127106969,-17.51697380241923,96.01869220680442
2024-01-01 00:04:50,2,jitter_ms,40.046452982938604,-19.569171874569793,96.88793742351811
2024-01-01 00:04:51,2,jitter_ms,40.084613993516044,-18.404586194193534,102.59241296582822
2024-01-01 00:04:52,2,jitter_ms,40.1227742897794,-16.06580550508802,97.92689281222887
2024-01-01 00:04:53,2,jitter_ms,40.160933872717216,-19.953228210583188,100.55679032438383
2024-01-01 00:04:54,2,jitter_ms,40.199092749184544,-24.154222779669126,98.58139363066687
2024-01-01 00:04:55,2,jitter_ms,40.23725092016824,-25.5016993287863,100.05340315458076
2024-01-01 00:04:56,2,jitter_ms,40.275408372648755,-18.52241160765289,100.48461039542535
2024-01-01 00:04:57,2,jitter_ms,40.31356511348052,-17.942205931211532,102.33832616280384
2024-01-01 00:04:58,2,jitter_ms,40.35172114084979,-20.423471676841306,102.99601770506051
2024-01-01 00:04:59,2,jitter_ms,40.38987645574379,-24.578717058101635,101.92499306838063
2024-01-01 00:05:00,2,jitter_ms,40.428031053812134,-15.006278089141128,104.93674735236682
2024-01-01 00:05:01,2,jitter_ms,40.466184936042254,-18.649363130868586,102.75764327540458
2024-01-01 00:05:02,2,jitter_ms,40.50433810062095,-17.177960247579026,103.95362695939744
2024-01-01 00:05:03,2,jitter_ms,40.54249055439949,-22.621090515766813,100.20961128102178
2024-01-01 00:05:04,2,jitter_ms,40.58064228436399,-18.504705174446173,102.85195600515057
2024-01-01 00:05:05,2,jitter_ms,40.618793294302066,-18.37073754553952,101.04301762851583
2024-01-01 00:05:06,2,jitter_ms,40.65694358546458,-18.019319250038496,99.55571416616223
2024-01-01 00:05:07,2,jitter_ms,40.69509315883818,-25.28015537381744,98.34938441882564
2024-01-01 00:05:08,2,jitter_ms,40.73324200701115,-20.15185968663554,104.313947885991
2024-01-01 00:05:09,2,jitter_ms,40.77139013403382,-23.235293095750627,100.63305921559609
2024-01-01 00:05:10,2,jitter_ms,40.809537538093636,-22.33099347133712,97.55674475057668
2024-01-01 00:05:11,2,jitter_ms,40.847684222975985,-19.535336792475913,97.47267256179127
2024-01-01 00:05:12,2,jitter_ms,40.885830178735716,-22.27003246644338,98.49962306629261
2024-01-01 00:05:13,2,jitter_ms,40.92397540915856,-15.508585833669837,100.02140485241351
2024-01-01 00:05:14,2,jitter_ms,40.962119912432534,-18.868873268461172,96.1065287603812
2024-01-01 00:05:15,2,jitter_ms,40.9832553533531,-18.82258098184786,104.86245983966411
2024-01-01 00:05:16,2,jitter_ms,41.00439006376483,-15.094278274764699,97.97635247816301
2024-01-01 00:05:17,2,jitter_ms,41.025524044654404,-18.66246252673062,104.9536589928231
2024-01-01 00:05:18,2,jitter_ms,41.04665730184692,-21.202854900968855,103.5989359975015
2024-01-01 00:05:19,2,jitter_ms,41.06778982438057,-22.373538175103732,97.39785091887656
2024-01-01 00:05:20,2,jitter_ms,41.088921616039634,-21.691766782693012,103.7401553737054
2024-01-01 00:05:21,2,jitter_ms,41.110052676033185,-22.023203407087404,97.29227921017244
2024-01-01 00:05:22,2,jitter_ms,41.13118300534714,-16.875425820531806,99.25359569254239
2024-01-01 00:05:23,2,jitter_ms,41.152312599637014,-18.653317928134285,103.7768256656385
2024-01-01 00:05:24,2,jitter_ms,41.173441459888934,-19.475996051982424,101.8314941415546
2024-01-01 00:05:25,2,jitter_ms,41.194569585312166,-18.5441729457662,99.15897278191734
2024-01-01 00:05:26,2,jitter_ms,41.21569697968887,-17.754544744615337,101.48995468038203
2024-01-01 00:05:27,2,jitter_ms,41.23682363206248,-15.457220633801242,105.47248400097544
2024-01-01 00:05:28,2,jitter_ms,41.25794954825565,-15.990412786574785,103.48057368933121
2024-01-01 00:05:29,2,jitter_ms,41.27907472645773,-16.157255386743728,93.57789025164274
2024-01-01 00:05:30,2,jitter_ms,41.30019916765421,-14.98546304501967,104.05844395643676
2024-01-01 00:05:31,2,jitter_ms,41.32132286750267,-18.752367707251846,101.22994836936886
2024-01-01 00:05:32,2,jitter_ms,41.34244582698878,-21.199456379139193,99.03954779734454
2024-01-01 00:05:33,2,jitter_ms,41.3635680453222,-16.466088419515504,104.97230095319317
2024-01-01 00:05:34,2,jitter_ms,41.38468952628331,-17.45850039492182,102.76304448510756
2024-01-01 00:05:35,2,jitter_ms,41.40581025714529,-17.3349272082444,101.35311754873089
2024-01-01 00:05:36,2,jitter_ms,41.426930247279046,-15.713894930248506,103.49689137017216
2024-01-01 00:05:37,2,jitter_ms,41.448049493099276,-18.595427045891704,97.67566946539337
2024-01-01 00:05:38,2,jitter_ms,41.46916799838549,-18.906420435388252,101.95314778482654
2024-01-01 00:05:39,2,jitter_ms,41.490285752188825,-20.65745123309035,95.68852076640529
2024-01-01 00:05:40,2,jitter_ms,41.511402760327954,-19.55934384599853,98.89800946966821
2024-01-01 00:05:41,2,jitter_ms,41.53251902099352,-16.863925260202393,99.78748521390676
2024-01-01 00:05:42,2,jitter_ms,41.553634535170254,-22.457011858179985,102.48620544327242
2024-01-01 00:05:43,2,jitter_ms,41.57474929851894,-14.62158322593305,101.25923392462491
2024-01-01 00:05:44,2,jitter_ms,41.59586331202453,-19.081079814913668,98.55481298328492
2024-01-01 00:05:45,2,jitter_ms,41.616976574897265,-21.609152406460034,101.42638400169758
2024-01-01 00:05:46,2,jitter_ms,41.6380890909149,-26.529375950048973,100.04471576541273
2024-01-01 00:05:47,2,jitter_ms,41.65920085015267,-18.39286512978074,100.05093330648607
2024-01-01 00:05:48,2,jitter_ms,41.680311855369816,-22.92502729393378,103.70536644020876
2024-01-01 00:05:49,2,jitter_ms,41.701422107814565,-18.575938561711624,99.09435951572124
2024-01-01 00:05:50,2,jitter_ms,41.72253160847106,-16.60417969008092,104.54668959745062
2024-01-01 00:05:51,2,jitter_ms,41.74364034994589,-20.82523186078326,104.14637489038094
2024-01-01 00:05:52,2,jitter_ms,41.76474833627984,-17.212088034078285,103.06468028013934
2024-01-01 00:05:53,2,jitter_ms,41.785855565664804,-16.56335404844708,102.95111046348448
2024-01-01 00:05:54,2,jitter_ms,41.8069620418767,-16.123289375448707,100.45281562654257
2024-01-01 00:05:55,2,jitter_ms,41.82806775499557,-20.86929232417895,102.54863828461859
2024-01-01 00:05:56,2,jitter_ms,41.84917270879774,-16.4691437382835,102.59113171729727
2024-01-01 00:05:57,2,jitter_ms,41.87027690147565,-17.22314137276959,100.46895090249703
2024-01-01 00:05:58,2,jitter_ms,41.89138033706825,-13.852620768335361,101.402969369681
2024-01-01 00:05:59,2,jitter_ms,41.91248300818546,-18.126350391155103,109.02329432120798
2024-01-01 00:06:00,2,jitter_ms,41.93358491581147,-18.493564591172465,98.86679146038296
2024-01-01 00:06:01,2,jitter_ms,41.954686066775224,-19.96632430399168,104.66081593718815
2024-01-01 00:06:02,2,jitter_ms,41.975786448106376,-15.76807114582115,104.24875729240688
2024-01-01 00:06:03,2,jitter_ms,41.99688606357982,-17.269214392579414,101.75044002137751
2024-01-01 00:06:04,2,jitter_ms,42.017984914442884,-18.63971363022698,99.99226400979643
2024-01-01 00:06:05,2,jitter_ms,42.039083001678776,-16.85420233097036,101.77932073721168
2024-01-01 00:06:06,2,jitter_ms,42.06018031790068,-19.359958407972925,103.27334242541349
2024-01-01 00:06:07,2,jitter_ms,42.081276867145974,-16.14843982443888,104.59113485773962
2024-01-01 00:06:08,2,jitter_ms,42.10237264760812,-14.325869289913804,101.86411308279297
2024-01-01 00:06:09,2,jitter_ms,42.12346766305964,-18.615607823989713,103.4434239423741
2024-01-01 00:06:10,2,jitter_ms,42.14456190358967,-21.779387297927244,102.40596159718034
2024-01-01 00:06:11,2,jitter_ms,42.159368229351,-18.141536146974087,102.09357823666912
2024-01-01 00:06:12,2,jitter_ms,42.17417377936896,-18.217576044385556,103.88506227370824
2024-01-01 00:06:13,2,jitter_ms,42.1889785660456,-17.652098690092462,106.90267636339874
2024-01-01 00:06:14,2,jitter_ms,42.2037825736309,-19.888278629995543,104.6015862758883
2024-01-01 00:06:15,2,jitter_ms,42.218585805897014,-15.22311691399933,105.28788524627434
2024-01-01 00:06:16,2,jitter_ms,42.233388264090514,-16.302954266792625,105.54544506761447
2024-01-01 00:06:17,2,jitter_ms,42.24818994919388,-16.801638136635425,102.67228210002412
2024-01-01 00:06:18,2,jitter_ms,42.26299085382564,-15.689385495419398,101.39108510578649
2024-01-01 00:06:19,2,jitter_ms,42.277790982020385,-13.679328277423087,99.70382399965027
2024-01-01 00:06:20,2,jitter_ms,42.29259033197289,-16.223914847541337,100.30322456233776
2024-01-01 00:06:21,2,jitter_ms,42.30738890745289,-21.945467654849043,101.97308563767712
2024-01-01 00:06:22,2,jitter_ms,42.32218669855692,-22.745226241662465,105.55071103054522
2024-01-01 00:06:23,2,jitter_ms,42.336983709055076,-14.652594531168354,103.2277885263489
2024-01-01 00:06:24,2,jitter_ms,42.35177993714277,-16.945681575334127,102.9967991711339
2024-01-01 00:06:25,2,jitter_ms,42.36657538685267,-18.20913038345705,107.76407962484721
2024-01-01 00:06:26,2,jitter_ms,42.38137005080673,-19.796882829337832,103.631348144205
2024-01-01 00:06:27,2,jitter_ms,42.396163929987495,-19.043233058731236,99.92783537345385
2024-01-01 00:06:28,2,jitter_ms,42.41095702564078,-13.355489512722878,104.63562645959752
2024-01-01 00:06:29,2,jitter_ms,42.425749340517754,-12.396366415073004,102.65250163130308
2024-01-01 00:06:30,2,jitter_ms,42.44054086471989,-18.263116865783655,101.59737678704013
2024-01-01 00:06:31,2,jitter_ms,42.45533160201545,-20.09537725081331,100.16894196329518
2024-01-01 00:06:32,2,jitter_ms,42.47012155161709,-19.058505002730932,101.1057376143352
2024-01-01 00:06:33,2,jitter_ms,42.484910714506455,-19.964246340257624,99.5699413414479
2024-01-01 00:06:34,2,jitter_ms,42.49969908635827,-18.844741715116985,102.29473665237789
2024-01-01 00:06:35,2,jitter_ms,42.514486668154404,-17.007173435705635,98.38629748480378
2024-01-01 00:06:36,2,jitter_ms,42.52927345809155,-17.674828723437184,104.69056462816164
2024-01-01 00:06:37,2,jitter_ms,42.54405946196809,-15.403874643251504,102.01402602401538
2024-01-01 00:06:38,2,jitter_ms,42.558844668874286,-16.448653178795528,105.5177613711175
2024-01-01 00:06:39,2,jitter_ms,42.573629082576524,-17.16108547664888,99.82914538953709
2024-01-01 00:06:40,2,jitter_ms,42.588412704056026,-15.660963908756734,100.34915366225954
2024-01-01 00:06:41,2,jitter_ms,42.603195528989495,-20.74596639854722,99.5254751986692
2024-01-01 00:06:42,2,jitter_ms,42.61797755835836,-17.958562992275503,99.4907117397413
2024-01-01 00:06:43,2,jitter_ms,42.63275879137584,-19.65006700606806,101.988511603875
2024-01-01 00:06:44,2,jitter_ms,42.64753923180629,-19.23733980316917,104.688470784589
2024-01-01 00:06:45,2,jitter_ms,42.6623188697606,-18.21531988267022,101.14064652930318
2024-01-01 00:06:46,2,jitter_ms,42.67709770798794,-16.000267587016676,99.1192165640837
2024-01-01 00:06:47,2,jitter_ms,42.691875747732944,-17.395854240812454,105.62823773000669
2024-01-01 00:06:48,2,jitter_ms,42.70665298997615,-15.79409480691091,105.26943243356084
2024-01-01 00:06:49,2,jitter_ms,42.72142942735016,-14.672314692994359,100.48296239007583
2024-01-01 00:06:50,2,jitter_ms,42.73620506388228,-18.91546505794828,100.05951501953885
2024-01-01 00:06:51,2,jitter_ms,42.75097989777069,-19.67680424167389,102.8666386096687
2024-01-01 00:06:52,2,jitter_ms,42.76575393277784,-14.214235651525353,104.77956789847826
2024-01-01 00:06:53,2,jitter_ms,42.780527159019705,-18.225550654796372,97.94664150182462
2024-01-01 00:06:54,2,jitter_ms,42.79529957747751,-12.672383229416724,108.37750158211456
2024-01-01 00:06:55,2,jitter_ms,42.81007119292852,-22.326210192383297,96.59531510054207
2024-01-01 00:06:56,2,jitter_ms,42.82484200635241,-17.490348449115753,108.16812099180335
2024-01-01 00:06:57,2,jitter_ms,42.83961200786774,-14.042651020949757,105.32283237207733
2024-01-01 00:06:58,2,jitter_ms,42.85438120022151,-17.232947089207542,101.52809640470848
2024-01-01 00:06:59,2,jitter_ms,42.869149584657606,-16.892777575927287,101.83492741450898
2024-01-01 00:07:00,2,jitter_ms,42.88391716215577,-18.85127373022571,105.72136352670285
2024-01-01 00:07:01,2,jitter_ms,42.898683925354185,-21.51791920007594,101.09345242431714
2024-01-01 00:07:02,2,jitter_ms,42.91344987827728,-14.666732193261208,102.02681586108048
2024-01-01 00:07:03,2,jitter_ms,42.92821501912459,-13.841106524625328,104.77097788156995
2024-01-01 00:07:04,2,jitter_ms,42.94297935165565,-14.098243228481333,106.06905384409991
2024-01-01 00:07:05,2,jitter_ms,42.95774286599418,-13.293718697286083,107.41469081817671
2024-01-01 00:07:06,2,jitter_ms,42.9725055659001,-16.670838239780615,100.84722350812606
2024-01-01 00:07:07,2,jitter_ms,42.987266322541586,-13.93961721056913,99.71571068433288
2024-01-01 00:07:08,2,jitter_ms,43.002026266973054,-16.818116884924464,105.59582818940103
2024-01-01 00:07:09,2,jitter_ms,43.016785391836294,-21.42622599657929,105.61413306928183
2024-01-01 00:07:10,2,jitter_ms,43.03154369811112,-15.423351874725904,107.96005409986142
2024-01-01 00:07:11,2,jitter_ms,43.04630118704063,-16.397238207901086,101.95536759044073
2024-01-01 00:07:12,2,jitter_ms,43.06105786238224,-14.910923150446072,106.11374174764812
2024-01-01 00:07:13,2,jitter_ms,43.075813711222736,-18.329083130818457,105.7763537309619
2024-01-01 00:07:14,2,jitter_ms,43.090568740362215,-19.05343646257574,100.43974226905489
2024-01-01 00:07:15,2,jitter_ms,43.1053229480016,-15.563533449969686,102.30253506950288
2024-01-01 00:07:16,2,jitter_ms,43.12007633511979,-14.738599941542072,104.9083086285743
2024-01-01 00:07:17,2,jitter_ms,43.13482889740388,-14.69968247088502,100.2718198307001
2024-01-01 00:07:18,2,jitter_ms,43.14958063583302,-15.292152049543528,106.8748790990771
2024-01-01 00:07:19,2,jitter_ms,43.164331554163084,-17.860207801498092,108.07620391090725
2024-01-01 00:07:20,2,jitter_ms,43.179081642527535,-17.106648149385194,104.69029665197557
2024-01-01 00:07:21,2,jitter_ms,43.193830904682656,-14.816055711447454,106.18031457224355
2024-01-01 00:07:22,2,jitter_ms,43.20857933883036,-15.842122687422368,103.80869746722156
2024-01-01 00:07:23,2,jitter_ms,43.223326948989396,-16.481713266163233,103.25275768621407
2024-01-01 00:07:24,2,jitter_ms,43.23807372780861,-13.720168764434883,101.31692196274557
2024-01-01 00:07:25,2,jitter_ms,43.25281967626688,-15.057877763121326,107.04300571586407
2024-01-01 00:07:26,2,jitter_ms,43.26756479560631,-19.825567635982544,102.88839175435979
2024-01-01 00:07:27,2,jitter_ms,43.28230908856751,-16.61596757879375,104.69051509263139
2024-01-01 00:07:28,2,jitter_ms,43.297052545289176,-16.608395803815217,104.46495264695905
2024-01-01 00:07:29,2,jitter_ms,43.31179516952566,-19.54810998687999,104.33176781779515
2024-01-01 00:07:30,2,jitter_ms,43.32653696049272,-11.836995505915086,109.32970846423862
2024-01-01 00:07:31,2,jitter_ms,43.34127791916828,-16.848272227737233,107.29699545856563
2024-01-01 00:07:32,2,jitter_ms,43.356018041243885,-14.770711192097508,102.69022056192247
2024-01-01 00:07:33,2,jitter_ms,43.37075732769768,-15.65009595108413,103.84191004171794
2024-01-01 00:07:34,2,jitter_ms,43.38549577673297,-15.627925126772364,102.86206835864844
2024-01-01 00:07:35,2,jitter_ms,43.400233394127135,-11.312705779952712,106.24235674594091
2024-01-01 00:07:36,2,jitter_ms,43.41497016724995,-16.004295247030953,102.26126154949128
2024-01-01 00:07:37,2,jitter_ms,43.429706102364335,-15.834977725148086,99.1831097169126
2024-01-01 00:07:38,2,jitter_ms,43.44444119895002,-20.587435845351756,105.74292997761228
2024-01-01 00:07:39,2,jitter_ms,43.45917545974531,-16.62590668695849,103.02236306465781
2024-01-01 00:07:40,2,jitter_ms,43.47390887489692,-16.15044170445088,104.96743821333087
2024-01-01 00:07:41,2,jitter_ms,43.4886414481562,-18.52143763131488,101.3609768335895
2024-01-01 00:07:42,2,jitter_ms,43.503373178739565,-14.792712881119375,103.79438435685644
2024-01-01 00:07:43,2,jitter_ms,43.518104067624165,-13.875582538050352,101.52133118648872
2024-01-01 00:07:44,2,jitter_ms,43.53283411050512,-13.95076396792042,105.39304483696932
2024-01-01 00:07:45,2,jitter_ms,43.54756330835983,-17.565557392500843,106.71424950966427
2024-01-01 00:07:46,2,jitter_ms,43.56229165939294,-14.078488947334625,104.4659818454077
2024-01-01 00:07:47,2,jitter_ms,43.57701916937742,-15.562373762999322,108.96071204528222
2024-01-01 00:07:48,2,jitter_ms,43.59174582745326,-16.57071103658597,100.51388554540955
2024-01-01 00:07:49,2,jitter_ms,43.606471637369815,-15.781159697997817,103.0735017309822
2024-01-01 00:07:50,2,jitter_ms,43.62119659834397,-20.489295861561274,101.03808655286493
2024-01-01 00:07:51,2,jitter_ms,43.63592071135231,-11.425451261184918,104.61251210854975
2024-01-01 00:07:52,2,jitter_ms,43.650643972092425,-16.79527066198885,109.63378406531803
2024-01-01 00:07:53,2,jitter_ms,43.665366381541126,-16.48302065803068,103.6966086819785
2024-01-01 00:07:54,2,jitter_ms,43.68008793891553,-16.415730850335887,101.28493984338678
2024-01-01 00:07:55,2,jitter_ms,43.694808647962546,-15.06034772463045,104.88984170506019
2024-01-01 00:07:56,2,jitter_ms,43.709528497828245,-17.497933785924292,105.16845974864054
2024-01-01 00:07:57,2,jitter_ms,43.724247494282764,-14.029438294332046,102.42914963454974
2024-01-01 00:07:58,2,jitter_ms,43.73896563830203,-18.676180988726625,99.01041923850013
2024-01-01 00:07:59,2,jitter_ms,43.75368292255202,-12.217121714898537,107.84220341777963
2024-01-01 00:08:00,2,jitter_ms,43.76839935104283,-14.427975169176294,104.87764891130608
2024-01-01 00:08:01,2,jitter_ms,43.78311492198072,-14.425914749733005,101.90981495744485
2024-01-01 00:08:02,2,jitter_ms,43.797829639110816,-18.653383198926168,100.3991991494447
2024-01-01 00:08:03,2,jitter_ms,43.81254353328355,-12.892631584551136,105.86766808831753
2024-01-01 00:08:04,2,jitter_ms,43.82725656755623,-15.074548497074717,105.0007082142377
2024-01-01 00:08:05,2,jitter_ms,43.841968740135826,-16.537259011917946,105.76326959496599
2024-01-01 00:08:06,2,jitter_ms,43.8566800550303,-17.612229374023638,101.0640200762635
2024-01-01 00:08:07,2,jitter_ms,43.87139050490943,-17.421933952756216,105.84251650592249
2024-01-01 00:08:08,2,jitter_ms,43.88610009074922,-13.5397543282261,99.73170108151531
2024-01-01 00:08:09,2,jitter_ms,43.90080881378892,-21.00454920928086,101.26088975912036
2024-01-01 00:08:10,2,jitter_ms,43.915516677771436,-18.50246272044625,101.59007299363097
2024-01-01 00:08:11,2,jitter_ms,43.930223669832955,-17.2144671951913,105.53110523053454
2024-01-01 00:08:12,2,jitter_ms,43.94492979674847,-19.240791339538394,103.02202678629418
2024-01-01 00:08:13,2,jitter_ms,43.95963505395851,-16.570293385364284,105.95540065398045
2024-01-01 00:08:14,2,jitter_ms,43.97433945073966,-13.759588389863605,103.3736128750696
2024-01-01 00:08:15,2,jitter_ms,43.98904297449501,-14.987780867477193,100.17294662204901
2024-01-01 00:08:16,2,jitter_ms,44.003745628967,-15.545554204751637,108.73253629004877
2024-01-01 00:08:17,2,jitter_ms,44.018447412364054,-15.2287688585597,106.00743516734713
2024-01-01 00:08:18,2,jitter_ms,44.03314832869105,-18.017004404490674,101.69878463360884
2024-01-01 00:08:19,2,jitter_ms,44.04784837062374,-19.232607829273544,104.12299261737205
2024-01-01 00:08:20,2,jitter_ms,44.06254753913731,-16.401200515034198,106.39957348679353
2024-01-01 00:08:21,2,jitter_ms,44.07724583547022,-15.138186836150028,106.0492872426232
2024-01-01 00:08:22,2,jitter_ms,44.09194326336224,-14.041668160907612,107.59900354273807
2024-01-01 00:08:23,2,jitter_ms,44.10663980996016,-16.25470558623246,106.90699086782728
2024-01-01 00:08:24,2,jitter_ms,44.12133548203359,-13.96410541190504,104.70642510924174
2024-01-01 00:08:25,2,jitter_ms,44.13603027779166,-16.862855035864502,101.60789439363255
2024-01-01 00:08:26,2,jitter_ms,44.15072419820862,-15.654007131375085,106.91675879330552
2024-01-01 00:08:27,2,jitter_ms,44.165417238992845,-19.478278494189446,103.92736437792058
2024-01-01 00:08:28,2,jitter_ms,44.1801094011188,-12.159895073845261,102.97419634615643
2024-01-01 00:08:29,2,jitter_ms,44.19480068279631,-14.329827892301921,107.46533658675986
2024-01-01 00:08:30,2,jitter_ms,44.20949109079114,-19.422636252296872,103.20340838969945
2024-01-01 00:08:31,2,jitter_ms,44.22418061225699,-17.782117187545772,106.22308981397845
2024-01-01 00:08:32,2,jitter_ms,44.238869250932346,-15.607999552087486,103.7852822380049
2024-01-01 00:08:33,2,jitter_ms,44.25355700805487,-16.258613509083307,99.60966005640381
2024-01-01 00:08:34,2,jitter_ms,44.268243884598,-18.472114468963554,108.33654985196189
2024-01-01 00:08:35,2,jitter_ms,44.28292987324575,-15.875269202857917,104.80404086585709
2024-01-01 00:08:36,2,jitter_ms,44.29761497799893,-11.161092762809433,107.99877203933265
2024-01-01 00:08:37,2,jitter_ms,44.31229920158462,-20.263230730897707,103.22240705668334
2024-01-01 00:08:38,2,jitter_ms,44.326982534189284,-16.584103164229113,104.69694263247015
2024-01-01 00:08:39,2,jitter_ms,44.34166497954942,-20.4426045884066,101.27776546691135
2024-01-01 00:08:40,2,jitter_ms,44.356346536884814,-19.633944128192677,105.07723369161118
2024-01-01 00:08:41,2,jitter_ms,44.3710272071686,-12.978138218393681,103.80334789096636
2024-01-01 00:08:42,2,jitter_ms,44.38570698611396,-15.079429449561683,108.48307574199035
2024-01-01 00:08:43,2,jitter_ms,44.400385874694294,-13.659105595656671,103.67241192706953
2024-01-01 00:08:44,2,jitter_ms,44.41506387112127,-14.528511796948603,100.94388715309871
2024-01-01 00:08:45,2,jitter_ms,44.429740981145564,-12.183087404604176,103.4203856787959
2024-01-01 00:08:46,2,jitter_ms,44.444417193950926,-10.900895502852057,106.11243030558872
2024-01-01 00:08:47,2,jitter_ms,44.45909251327171,-17.28331657057636,106.00735937494805
2024-01-01 00:08:48,2,jitter_ms,44.47376693832818,-12.984967162026308,100.92402414353957
2024-01-01 00:08:49,2,jitter_ms,44.488440470092925,-15.203404209647154,102.03006555572355
2024-01-01 00:08:50,2,jitter_ms,44.50311310428168,-14.15010291099617,100.7462775715198
2024-01-01 00:08:51,2,jitter_ms,44.51778484186728,-12.281946404642353,107.00497774438018
2024-01-01 00:08:52,2,jitter_ms,44.53245568207023,-17.91873508057881,106.22810414340297
2024-01-01 00:08:53,2,jitter_ms,44.5471256286223,-13.623844020726402,107.51292999155442
2024-01-01 00:08:54,2,jitter_ms,44.56179467071367,-12.843018161777312,102.2793969444072
2024-01-01 00:08:55,2,jitter_ms,44.576462812340544,-17.58434647171027,105.54975642500875
2024-01-01 00:08:56,2,jitter_ms,44.59113005421142,-16.85745480581012,106.00374535268203
2024-01-01 00:08:57,2,jitter_ms,44.6057964003206,-14.573031429772987,106.88473123824767
2024-01-01 00:08:58,2,jitter_ms,44.62046183986118,-15.440277139817116,107.76452826667462
2024-01-01 00:08:59,2,jitter_ms,44.635126346331816,-14.47249234650032,105.81275971335259
2024-01-01 00:09:00,2,jitter_ms,44.649789949185994,-16.305081441436467,103.32296000522679
2024-01-01 00:09:01,2,jitter_ms,44.66445264939544,-16.843222392126023,104.31015195437693
2024-01-01 00:09:02,2,jitter_ms,44.67911444267979,-10.36779986508527,103.68029714854208
2024-01-01 00:09:03,2,jitter_ms,44.693775330011015,-17.47201041293555,103.32642248729796
2024-01-01 00:09:04,2,jitter_ms,44.70843531061034,-20.138638685973817,104.8659483117503
2024-01-01 00:09:05,2,jitter_ms,44.723094388206334,-14.508720333280172,100.87187692948537
2024-01-01 00:09:06,2,jitter_ms,44.737752551998554,-12.18005685706629,107.68156049257433
2024-01-01 00:09:07,2,jitter_ms,44.752409807729904,-10.971832783769894,106.29642651758823
2024-01-01 00:09:08,2,jitter_ms,44.7670661536149,-17.071775176049897,108.80825021456548
2024-01-01 00:09:09,2,jitter_ms,44.78172159062467,-14.638391707257142,104.39738011202634
2024-01-01 00:09:10,2,jitter_ms,44.79637611448145,-15.915477514607826,102.26713484086422
2024-01-01 00:09:11,2,jitter_ms,44.811029726156654,-19.73652320015399,105.77160627913973
2024-01-01 00:09:12,2,jitter_ms,44.825682424871985,-17.685424436750857,104.49297394062981
2024-01-01 00:09:13,2,jitter_ms,44.84033421435386,-16.22476604827415,103.77652961481353
2024-01-01 00:09:14,2,jitter_ms,44.85498508481454,-12.306263271231868,101.20465222742965
2024-01-01 00:09:15,2,jitter_ms,44.86963503897454,-18.604040244696847,106.65599572162306
2024-01-01 00:09:16,2,jitter_ms,44.88428408082351,-17.34510665422896,103.61877127074291
2024-01-01 00:09:17,2,jitter_ms,44.89893220306699,-16.290036550671733,104.75026554971375
2024-01-01 00:09:18,2,jitter_ms,44.91357940667606,-14.964851885312761,108.29400458753528
2024-01-01 00:09:19,2,jitter_ms,44.92822569288521,-16.071659475927103,101.38956241301459
2024-01-01 00:09:20,2,jitter_ms,44.94287106541873,-15.815122228837865,103.74660679211874
2024-01-01 00:09:21,2,jitter_ms,44.95751551147601,-12.74913408270513,105.26558169964244
2024-01-01 00:09:22,2,jitter_ms,44.97215903779998,-15.549712578364597,106.20273579205787
2024-01-01 00:09:23,2,jitter_ms,44.98680164260705,-16.119652305106673,104.95578726398318
2024-01-01 00:09:24,2,jitter_ms,45.001443326867275,-18.12432773548791,106.09493701338118
2024-01-01 00:09:25,2,jitter_ms,45.01608408630783,-14.131280164239422,106.34127796770238
2024-01-01 00:09:26,2,jitter_ms,45.03072392189904,-17.475919546170534,104.90169592942098
2024-01-01 00:09:27,2,jitter_ms,45.045362831858,-17.950095377300332,107.61108325841616
2024-01-01 00:09:28,2,jitter_ms,45.06000082292362,-16.789059009761807,100.62843940946848
2024-01-01 00:09:29,2,jitter_ms,45.074637882302554,-9.777209700654957,105.2296588166486
2024-01-01 00:09:30,2,jitter_ms,45.08927401371775,-13.942706595298086,103.34531044300525
2024-01-01 00:09:31,2,jitter_ms,45.10390921840283,-12.88203844364743,104.4877263017546
2024-01-01 00:09:32,2,jitter_ms,45.11854349732709,-15.056304381027584,103.2495046142718
2024-01-01 00:09:33,2,jitter_ms,45.133176843204744,-22.26749335588523,104.36101795228382
2024-01-01 00:09:34,2,jitter_ms,45.14780926002115,-17.989206376067912,104.88568567106444
2024-01-01 00:09:35,2,jitter_ms,45.16244074599423,-13.556195386270439,106.58768418480794
2024-01-01 00:09:36,2,jitter_ms,45.17707130484409,-18.562613096110034,107.88124118685558
2024-01-01 00:09:37,2,jitter_ms,45.19170092404919,-14.617045784278133,102.41454463075787
2024-01-01 00:09:38,2,jitter_ms,45.206329612831674,-17.347235699171875,107.19627802485587
2024-01-01 00:09:39,2,jitter_ms,45.2209573666593,-14.307468972404594,104.88390380206899
2024-01-01 00:09:40,2,jitter_ms,45.23558419226526,-21.555396079350622,106.31999105515713
2024-01-01 00:09:41,2,jitter_ms,45.250210076867475,-15.7175500823121,107.78936736020042
2024-01-01 00:09:42,2,jitter_ms,45.264835024185594,-14.768454474165159,105.44015903190864
2024-01-01 00:09:43,2,jitter_ms,45.2794590354524,-11.889631760513259,105.12196962174957
2024-01-01 00:09:44,2,jitter_ms,45.29408211163627,-17.318658729736022,108.18549733975472
2024-01-01 00:09:45,2,jitter_ms,45.308704245457875,-15.21673626627817,104.21377209914297
2024-01-01 00:09:46,2,jitter_ms,45.32332544089929,-18.23112060695188,103.41955957166715
2024-01-01 00:09:47,2,jitter_ms,45.337945696179986,-16.497149151113582,103.69233909825694
2024-01-01 00:09:48,2,jitter_ms,45.352565015016715,-11.899939050172959,106.50706925214052
2024-01-01 00:09:49,2,jitter_ms,45.3671833876476,-20.848714472770222,106.23228489156183
2024-01-01 00:09:50,2,jitter_ms,45.38180081778985,-15.24529318484992,107.7316054336162
2024-01-01 00:09:51,2,jitter_ms,45.396417303663675,-16.902275299857003,104.77235377219058
2024-01-01 00:09:52,2,jitter_ms,45.41103284924887,-16.72108679491,106.58565250030614
2024-01-01 00:09:53,2,jitter_ms,45.42564744727022,-14.780772945659805,104.08199131561243
2024-01-01 00:09:54,2,jitter_ms,45.44026109869619,-14.25862541616307,106.74144106753172
2024-01-01 00:09:55,2,jitter_ms,45.454873804758705,-14.439977531027065,97.51924619552564
2024-01-01 00:09:56,2,jitter_ms,45.469485568168466,-12.908759795254317,98.62597741568744
2024-01-01 00:09:57,2,jitter_ms,45.48409637916963,-15.206138213337134,104.7673251987175
2024-01-01 00:09:58,2,jitter_ms,45.49870624147712,-14.017223500608665,106.19812854915301
2024-01-01 00:09:59,2,jitter_ms,45.51331515605842,-14.696911089754593,107.56346779951362
2024-01-01 00:10:00,2,jitter_ms,45.527923118652524,-15.824632302928354,109.16582998809231
2024-01-01 00:10:01,2,jitter_ms,45.54253013022715,-12.181090662317025,109.31271644169013
2024-01-01 00:10:02,2,jitter_ms,45.55713619000714,-14.354871356292557,106.26694240672538
2024-01-01 00:10:03,2,jitter_ms,45.57174130170503,-13.695646127514417,108.68501684569246
2024-01-01 00:10:04,2,jitter_ms,45.58634545456718,-16.705989401309793,105.64730538448237
2024-01-01 00:10:05,2,jitter_ms,45.60094865431279,-14.55817957450476,107.64858403431441
2024-01-01 00:10:06,2,jitter_ms,45.61555089916381,-14.124043419988498,101.6436824095207
2024-01-01 00:10:07,2,jitter_ms,45.6301521900871,-12.84676026327507,105.23127677141645
2024-01-01 00:10:08,2,jitter_ms,45.64475252282443,-11.550492743847323,102.4151707569321
2024-01-01 00:10:09,2,jitter_ms,45.65935189834289,-14.082136286645055,100.67059775471655
2024-01-01 00:10:10,2,jitter_ms,45.673950315867856,-11.101338990753483,104.21802587342465
2024-01-01 00:10:11,2,jitter_ms,45.68854777910956,-13.14130664248,110.83980448399564
2024-01-01 00:10:12,2,jitter_ms,45.70314427832355,-15.132333427973736,104.16903091944238
2024-01-01 00:10:13,2,jitter_ms,45.7177398162181,-16.18883047181147,104.59694617015174
2024-01-01 00:10:14,2,jitter_ms,45.73233439228308,-10.899365972266152,107.34319989307197
2024-01-01 00:10:15,2,jitter_ms,45.746928012706604,-10.465652911895146,102.9434730744761
2024-01-01 00:10:16,2,jitter_ms,45.76152066500421,-14.61444533720984,106.49066047140107
2024-01-01 00:10:17,2,jitter_ms,45.77611235489,-16.900543020336304,100.78647582846234
2024-01-01 00:10:18,2,jitter_ms,45.790703080587576,-12.619754916327176,103.70634750349942
2024-01-01 00:10:19,2,jitter_ms,45.805292843062844,-12.25829552675024,109.67822851495146
2024-01-01 00:10:20,2,jitter_ms,45.81988163806173,-11.317024776287996,103.95509548183355
2024-01-01 00:10:21,2,jitter_ms,45.834469466550445,-12.078681663726947,100.62196517466064
2024-01-01 00:10:22,2,jitter_ms,45.849056327755115,-12.955186096884638,106.63569907490962
2024-01-01 00:10:23,2,jitter_ms,45.863642225382534,-14.265210041310903,108.26534502974391
2024-01-01 00:10:24,2,jitter_ms,45.87822714969748,-19.316440630355487,107.8602076422463
2024-01-01 00:10:25,2,jitter_ms,45.89281110340559,-13.784099529070007,107.84092924970363
2024-01-01 00:10:26,2,jitter_ms,45.90739408773659,-19.539917189808097,103.56697276982172
2024-01-01 00:10:27,2,jitter_ms,45.921976103655595,-14.064009385684086,103.23305978866317
2024-01-01 00:10:28,2,jitter_ms,45.93655714390685,-17.17290115984646,102.41580756545085
2024-01-01 00:10:29,2,jitter_ms,45.9511372124604,-21.204895524735136,102.33702047419281
2024-01-01 00:10:30,2,jitter_ms,45.96571630754144,-16.40782449388335,106.54487317198918
2024-01-01 00:10:31,2,jitter_ms,45.98029443285445,-18.261766763455526,104.78456686903918
2024-01-01 00:10:32,2,jitter_ms,45.99487157867036,-12.838256904546334,101.33388310989561
2024-01-01 00:10:33,2,jitter_ms,46.00944774869417,-15.525478948065249,103.94112912515433
2024-01-01 00:10:34,2,jitter_ms,46.024022941151784,-14.824298208708294,105.25888299792734
2024-01-01 00:10:35,2,jitter_ms,46.03859716001092,-12.39680385733877,109.69795584296598
2024-01-01 00:10:36,2,jitter_ms,46.0531703980201,-14.747719141709936,105.68371055551799
2024-01-01 00:10:37,2,jitter_ms,46.06774265614449,-12.753450931855811,107.5214801933917
2024-01-01 00:10:38,2,jitter_ms,46.08231394108893,-15.62734407208192,104.8984497274005
2024-01-01 00:10:39,2,jitter_ms,46.09688424012743,-16.589156163077284,104.42887659627318
2024-01-01 00:10:40,2,jitter_ms,46.111453556963156,-16.688511879196056,100.60171498771619
2024-01-01 00:10:41,2,jitter_ms,46.126021892824724,-13.662867474722885,107.78941212391938
2024-01-01 00:10:42,2,jitter_ms,46.14058924867608,-15.829472551189587,109.74416704951612
2024-01-01 00:10:43,2,jitter_ms,46.155155617269905,-15.18998921871606,105.89623061997516
2024-01-01 00:10:44,2,jitter_ms,46.16972100257194,-14.105604060305135,103.52401326690341
2024-01-01 00:10:45,2,jitter_ms,46.18428540280942,-13.45800592210502,109.75987593733669
2024-01-01 00:10:46,2,jitter_ms,46.19884882168245,-17.519808314402923,110.79622547483699
2024-01-01 00:10:47,2,jitter_ms,46.213411249473694,-13.704753245541403,111.22769286893232
2024-01-01 00:10:48,2,jitter_ms,46.22797268988377,-17.811150854725614,107.8728623392686
2024-01-01 00:10:49,2,jitter_ms,46.24253314114063,-12.141294182598573,108.3594537531966
2024-01-01 00:10:50,2,jitter_ms,46.257092607207674,-14.151119369135252,107.5167539550989
2024-01-01 00:10:51,2,jitter_ms,46.27165108084189,-15.193113925730346,109.35411967184689
2024-01-01 00:10:52,2,jitter_ms,46.2862085630073,-15.024469867906369,110.50685295718057
2024-01-01 00:10:53,2,jitter_ms,46.300765054931645,-14.4917128403166,103.44750059360544
2024-01-01 00:10:54,2,jitter_ms,46.315320559312866,-10.778442439363065,110.58271854622373
2024-01-01 00:10:55,2,jitter_ms,46.32987506643997,-13.557568918981596,107.20127853666638
2024-01-01 00:10:56,2,jitter_ms,46.34442857727704,-15.792264758593328,110.12163534360755
2024-01-01 00:10:57,2,jitter_ms,46.35898109652105,-17.575629203906853,110.26078073755427
2024-01-01 00:10:58,2,jitter_ms,46.37353262513419,-10.35722840748216,108.99811393714913
2024-01-01 00:10:59,2,jitter_ms,46.38808315340863,-10.711690293203558,104.17701168114017
2024-01-01 00:11:00,2,jitter_ms,46.40263268504145,-13.361463963050003,107.8804919665398
2024-01-01 00:11:01,2,jitter_ms,46.41718121826226,-17.134789317097635,110.47431707755533
2024-01-01 00:11:02,2,jitter_ms,46.43172875703097,-20.376378027185556,100.2643347008413
2024-01-01 00:11:03,2,jitter_ms,46.4462752941114,-12.284493938507584,109.20269705035732
2024-01-01 00:11:04,2,jitter_ms,46.46082083046665,-13.049027570429407,107.08187672018029
2024-01-01 00:11:05,2,jitter_ms,46.475365367323576,-12.864929075738761,107.41079708013531
2024-01-01 00:11:06,2,jitter_ms,46.4899089073774,-10.960973678378279,101.21230599333808
2024-01-01 00:11:07,2,jitter_ms,46.50445144092666,-18.44529999661281,105.38201126454888
2024-01-01 00:11:08,2,jitter_ms,46.51899297166604,-13.56716690055258,108.88941734257314
2024-01-01 00:11:09,2,jitter_ms,46.53353349882481,-15.016964925541668,106.96899937962492
2024-01-01 00:11:10,2,jitter_ms,46.54807302336491,-14.331314253096139,104.57681548944855
2024-01-01 00:11:11,2,jitter_ms,46.5626115410504,-12.106040998111897,112.64365469175794
2024-01-01 00:11:12,2,jitter_ms,46.57714905284354,-18.14983700206879,107.28190259264085
2024-01-01 00:11:13,2,jitter_ms,46.59168555697558,-14.326975119975641,108.0255579663881
2024-01-01 00:11:14,2,jitter_ms,46.606221059134924,-11.20332311890615,106.4419602100969
2024-01-01 00:11:15,2,jitter_ms,46.62075554862818,-15.463795613297485,104.73312579252006
2024-01-01 00:11:16,2,jitter_ms,46.63528902914764,-11.288548395367464,106.76542920650508
2024-01-01 00:11:17,2,jitter_ms,46.6498215016547,-11.308917122819437,105.98011189865248
2024-01-01 00:11:18,2,jitter_ms,46.66435296191597,-9.920260893114415,103.97175052275544
2024-01-01 00:11:19,2,jitter_ms,46.67888341089312,-14.740707461671706,108.99291080803879
2024-01-01 00:11:20,2,jitter_ms,46.69341284781617,-12.547426292890911,106.65869340334534
2024-01-01 00:11:21,2,jitter_ms,46.707941276374825,-17.093570707846602,108.87529188481282
2024-01-01 00:11:22,2,jitter_ms,46.722468686879644,-16.52885614719249,105.92654699466357
2024-01-01 00:11:23,2,jitter_ms,46.736995082023306,-9.65308552301998,109.68043952814094
2024-01-01 00:11:24,2,jitter_ms,46.75152046303127,-13.647553414543133,111.50963372998409
2024-01-01 00:11:25,2,jitter_ms,46.76604483086403,-11.036883834086508,111.17614312298845
2024-01-01 00:11:26,2,jitter_ms,46.78056817829898,-12.651249012987916,107.83042463790686
2024-01-01 00:11:27,2,jitter_ms,46.795090509289295,-20.417647946041487,104.5690244124204
2024-01-01 00:11:28,2,jitter_ms,46.80961182206819,-9.00530942140075,111.51361064876032
2024-01-01 00:11:29,2,jitter_ms,46.82413212032292,-8.80886467675616,110.7488775636936
2024-01-01 00:11:30,2,jitter_ms,46.83865139437056,-11.3077878038842,108.45189382826368
2024-01-01 00:11:31,2,jitter_ms,46.85316964789889,-11.083829404627945,109.16645326061068
2024-01-01 00:11:32,2,jitter_ms,46.86768687914187,-15.449565381185385,108.98024703200633
2024-01-01 00:11:33,2,jitter_ms,46.88220309205027,-14.460553346501397,108.01335627299487
2024-01-01 00:11:34,2,jitter_ms,46.89671827940592,-10.178920319372333,104.08380984369147
2024-01-01 00:11:35,2,jitter_ms,46.91123244216938,-14.413528336454652,111.31381247777618
2024-01-01 00:11:36,2,jitter_ms,46.92574558156524,-14.568248483913859,108.29580808012963
2024-01-01 00:11:37,2,jitter_ms,46.94025770127813,-16.169877086584528,109.67159378973747
2024-01-01 00:11:38,2,jitter_ms,46.95476878591714,-16.50532656538259,108.45264677092366
2024-01-01 00:11:39,2,jitter_ms,46.969278847607214,-11.098149592656927,109.39644272555498
2024-01-01 00:11:40,2,jitter_ms,46.98378788185812,-15.078182361102272,107.17834148002764
2024-01-01 00:11:41,2,jitter_ms,46.99829589235351,-10.058861894491919,106.06133441528407
2024-01-01 00:11:42,2,jitter_ms,47.01280286942021,-13.44298260974602,111.47959942794381
2024-01-01 00:11:43,2,jitter_ms,47.027308816742405,-12.085301102941223,106.62517884337689
2024-01-01 00:11:44,2,jitter_ms,47.04181373255571,-14.75160790724756,104.0281011670612
2024-01-01 00:11:45,2,jitter_ms,47.05631762080733,-9.070322483312083,108.09345781804649
2024-01-01 00:11:46,2,jitter_ms,47.07082047428615,-15.548633368423744,107.84594136190043
2024-01-01 00:11:47,2,jitter_ms,47.08532229395179,-11.429704267157911,106.13031686633605
2024-01-01 00:11:48,2,jitter_ms,47.09982308102789,-15.216159057513822,103.7519441112386
2024-01-01 00:11:49,2,jitter_ms,47.11432283919544,-17.638719028364875,105.92205397034449
2024-01-01 00:11:50,2,jitter_ms,47.12882155580086,-13.877380512716835,108.57494314223354
2024-01-01 00:11:51,2,jitter_ms,47.14331923751284,-10.61443346759644,109.05693496847198
2024-01-01 00:11:52,2,jitter_ms,47.157815882567974,-13.98574722019879,109.997268998342
2024-01-01 00:11:53,2,jitter_ms,47.17231149192469,-17.678809626730285,108.84729039260516
2024-01-01 00:11:54,2,jitter_ms,47.18680606136297,-14.960220600812335,108.48106879150417
2024-01-01 00:11:55,2,jitter_ms,47.20129959184154,-12.660806623873496,106.88564586481559
2024-01-01 00:11:56,2,jitter_ms,47.215792087039446,-13.103474966287965,106.21727318894156
2024-01-01 00:11:57,2,jitter_ms,47.23028353729589,-8.81736604649556,103.02043809598962
2024-01-01 00:11:58,2,jitter_ms,47.24477394629042,-10.920915207464535,106.08329868614202
2024-01-01 00:11:59,2,jitter_ms,47.259263312260856,-12.505445800543855,108.31912569731101
2024-01-01 00:12:00,2,jitter_ms,47.273751639149836,-12.453082400515354,100.8247798367831
2024-01-01 00:12:01,2,jitter_ms,47.28823891975519,-13.095324937726527,112.1949508510028
2024-01-01 00:12:02,2,jitter_ms,47.302725155035304,-11.683054100657765,111.6800127418442
2024-01-01 00:12:03,2,jitter_ms,47.317210346212676,-12.536888881960296,104.82307495285384
2024-01-01 00:12:04,2,jitter_ms,47.331694495969074,-11.157386808244501,107.29835428382019
2024-01-01 00:12:05,2,jitter_ms,47.346177594650385,-7.379556269526136,106.2348315424992
2024-01-01 00:12:06,2,jitter_ms,47.360659645933666,-13.25188910754831,102.02285977053852
2024-01-01 00:12:07,2,jitter_ms,47.37514064905223,-13.939446263527582,104.61745337842363
2024-01-01 00:12:08,2,jitter_ms,47.38962060496327,-11.043801797959373,112.27543086174867
2024-01-01 00:12:09,2,jitter_ms,47.40409950945243,-12.011884511788292,103.27338124541674
2024-01-01 00:12:10,2,jitter_ms,47.41857736347721,-10.715467570475361,110.65488602057137
2024-01-01 00:12:11,2,jitter_ms,47.43305416527715,-12.148821418276082,105.78642901392122
2024-01-01 00:12:12,2,jitter_ms,47.44752992051446,-8.673066964704772,109.09381728903622
2024-01-01 00:12:13,2,jitter_ms,47.46200461854761,-15.26588798310987,105.94479733437416
2024-01-01 00:12:14,2,jitter_ms,47.47647826305118,-13.185871902830542,111.08400768724898
2024-01-01 00:12:15,2,jitter_ms,47.490950850542525,-16.35619263738405,109.18988954303948
2024-01-01 00:12:16,2,jitter_ms,47.50542239012766,-14.985507385565974,107.79813229561421
2024-01-01 00:12:17,2,jitter_ms,47.51989286944583,-14.64200788551147,105.42519617480097
2024-01-01 00:12:18,2,jitter_ms,47.53436229217034,-8.06824321009852,112.87406287235157
2024-01-01 00:12:19,2,jitter_ms,47.54883065753534,-17.74518075837852,108.79820864564269
2024-01-01 00:12:20,2,jitter_ms,47.563297966497046,-10.300632790573989,107.35348641889722
2024-01-01 00:12:21,2,jitter_ms,47.57776421484567,-12.810766804975108,106.62817517225464
2024-01-01 00:12:22,2,jitter_ms,47.592229403537715,-11.637120750751407,109.44270365651602
2024-01-01 00:12:23,2,jitter_ms,47.60669353081448,-12.927997757047086,107.7814469954315
2024-01-01 00:12:24,2,jitter_ms,47.621156602332604,-14.243627308593686,105.07429143520265
2024-01-01 00:12:25,2,jitter_ms,47.635618607461595,-12.836904879290062,105.8528002348732
2024-01-01 00:12:26,2,jitter_ms,47.65007954987223,-16.440541976279743,111.29435053189175
2024-01-01 00:12:27,2,jitter_ms,47.66453942879926,-12.961335801318997,109.37039298325966
2024-01-01 00:12:28,2,jitter_ms,47.67899824519819,-11.87070278121195,104.32133147620249
2024-01-01 00:12:29,2,jitter_ms,47.69345599486235,-14.067706770634285,108.4110844711093
2024-01-01 00:12:30,2,jitter_ms,47.70791267874755,-14.523190384620104,111.61306304495682
2024-01-01 00:12:31,2,jitter_ms,47.72236829608882,-13.361173265745487,105.00079519347767
2024-01-01 00:12:32,2,jitter_ms,47.736822850553885,-12.226875824769051,106.27553208607696
2024-01-01 00:12:33,2,jitter_ms,47.75127633151986,-8.825337541949631,105.79197769145036
2024-01-01 00:12:34,2,jitter_ms,47.765728744639915,-8.996590496493306,110.48767043748879
2024-01-01 00:12:35,2,jitter_ms,47.78018009086874,-15.241478395528294,107.26574072639744
2024-01-01 00:12:36,2,jitter_ms,47.794630363025576,-8.059712856113398,108.98339421622532
2024-01-01 00:12:37,2,jitter_ms,47.80907956504243,-9.658855679864917,107.81101104771882
2024-01-01 00:12:38,2,jitter_ms,47.82352769516258,-14.364940193439574,111.96970679316739
2024-01-01 00:12:39,2,jitter_ms,47.83797475705155,-12.212494324334305,107.04778754215553
2024-01-01 00:12:40,2,jitter_ms,47.85242074108481,-9.364820942387649,106.64218442817963
2024-01-01 00:12:41,2,jitter_ms,47.8668656509284,-12.123928856068137,104.707254981011
2024-01-01 00:12:42,2,jitter_ms,47.881309484826446,-10.773615117407205,110.1628622478853
2024-01-01 00:12:43,2,jitter_ms,47.89575224670837,-7.937540887313951,102.58547865003075
2024-01-01 00:12:44,2,jitter_ms,47.91019392939811,-12.688611103606144,107.89737107068557
2024-01-01 00:12:45,2,jitter_ms,47.92463453385045,-12.331619759496812,108.44240536264772
2024-01-01 00:12:46,2,jitter_ms,47.93907406128458,-13.833479198370167,106.67918763512401
2024-01-01 00:12:47,2,jitter_ms,47.95351251536323,-12.584347794490249,109.1488960673937
2024-01-01 00:12:48,2,jitter_ms,47.96794988349471,-11.180731406513875,109.13536646220618
2024-01-01 00:12:49,2,jitter_ms,47.98238617231656,-13.058384493990767,106.41821286403571
2024-01-01 00:12:50,2,jitter_ms,47.996821380073854,-11.502420248286894,108.59941077784103
2024-01-01 00:12:51,2,jitter_ms,48.011255507720136,-9.297825756929523,107.7756292673373
2024-01-01 00:12:52,2,jitter_ms,48.025688551057684,-11.693168094535833,112.12529745371998
2024-01-01 00:12:53,2,jitter_ms,48.04012051104035,-11.081499445971131,110.47093815485749
2024-01-01 00:12:54,2,jitter_ms,48.054551385914024,-13.240709757996626,109.85534946848288
2024-01-01 00:12:55,2,jitter_ms,48.06898118231156,-14.24384229502466,104.46904491212874
2024-01-01 00:12:56,2,jitter_ms,48.08340988764975,-13.73360500873149,109.33500830260606
2024-01-01 00:12:57,2,jitter_ms,48.09783750288305,-11.46657201294439,106.44148227424297
2024-01-01 00:12:58,2,jitter_ms,48.112264034643374,-15.181188707496872,107.78110961742546
2024-01-01 00:12:59,2,jitter_ms,48.12668948388263,-11.686238764770057,112.98204231627687
2024-01-01 00:13:00,2,jitter_ms,48.141113838022235,-14.135499202578469,106.50826874084949
2024-01-01 00:13:01,2,jitter_ms,48.155537103693156,-12.177525702414254,108.44660184389814
2024-01-01 00:13:02,2,jitter_ms,48.16995927914223,-12.10787094352505,109.96512155286541
2024-01-01 00:13:03,2,jitter_ms,48.184380365322006,-15.24751798324831,110.76277298050206
2024-01-01 00:13:04,2,jitter_ms,48.19880035803946,-13.864550851948454,106.76966019318796
2024-01-01 00:13:05,2,jitter_ms,48.21321925824745,-13.40267541797464,106.34183070453795
2024-01-01 00:13:06,2,jitter_ms,48.22763706419363,-15.220667290380337,109.06988912422159
2024-01-01 00:13:07,2,jitter_ms,48.24205378250424,-14.072445592524211,111.40494804755029
2024-01-01 00:13:08,2,jitter_ms,48.25646940060926,-15.617167772849344,109.08901109319315
2024-01-01 00:13:09,2,jitter_ms,48.270883922165964,-12.761954662129222,105.50919638127631
2024-01-01 00:13:10,2,jitter_ms,48.285297348391666,-9.79307693861809,104.6906520598938
2024-01-01 00:13:11,2,jitter_ms,48.299709680237974,-18.823943334140612,107.72154991027702
2024-01-01 00:13:12,2,jitter_ms,48.3141209105465,-11.03212992392261,108.60563564803121
2024-01-01 00:13:13,2,jitter_ms,48.32853104323793,-9.333334256125617,110.79989957183487
2024-01-01 00:13:14,2,jitter_ms,48.34294007656095,-15.268226483034878,102.98507185251265
2024-01-01 00:13:15,2,jitter_ms,48.357348014169446,-9.30630197081991,111.09728223083141
2024-01-01 00:13:16,2,jitter_ms,48.371754846470125,-6.274732070833676,107.71468317779826
2024-01-01 00:13:17,2,jitter_ms,48.38616057711744,-10.947380371330452,104.94560602746459
2024-01-01 00:13:18,2,jitter_ms,48.40056520706257,-2.6498064096758815,112.72688306169917
2024-01-01 00:13:19,2,jitter_ms,48.41496873211851,-11.737310965979148,109.83172064676147
2024-01-01 00:13:20,2,jitter_ms,48.4293711532368,-13.686871551909325,104.30659936748653
2024-01-01 00:13:21,2,jitter_ms,48.44377246866739,-4.879423343014232,108.64249851485961
2024-01-01 00:13:22,2,jitter_ms,48.45817268403944,-14.491222942915961,107.27340846323371
2024-01-01 00:13:23,2,jitter_ms,48.47257178877703,-11.14540141343615,105.22249596352628
2024-01-01 00:13:24,2,jitter_ms,48.48696978653229,-10.424135728568665,112.35709373167433
2024-01-01 00:13:25,2,jitter_ms,48.501366676544244,-10.835792871840086,111.74172608967297
2024-01-01 00:13:26,2,jitter_ms,48.51576245976339,-11.659595763793776,111.66212752846243
2024-01-01 00:13:27,2,jitter_ms,48.530157132005925,-9.55461314377835,112.02248982361378
2024-01-01 00:13:28,2,jitter_ms,48.54455069422268,-14.094065224022904,109.18011589290691
2024-01-01 00:13:29,2,jitter_ms,48.55894314565297,-6.502344489630673,112.24679103457675
2024-01-01 00:13:30,2,jitter_ms,48.573334489945736,-12.35011489999726,109.70401560311392
2024-01-01 00:13:31,2,jitter_ms,48.58772471653299,-10.385557163326151,107.6664782189557
2024-01-01 00:13:32,2,jitter_ms,48.60211383104027,-11.67757921388175,105.82499041708344
2024-01-01 00:13:33,2,jitter_ms,48.61650183171914,-8.997507314301808,108.88689627547637
2024-01-01 00:13:34,2,jitter_ms,48.63088871951939,-11.258742765091245,111.24797422988505
2024-01-01 00:13:35,2,jitter_ms,48.64527449026046,-8.66380732932089,111.15460790261407
2024-01-01 00:13:36,2,jitter_ms,48.65965914489247,-13.813033312806333,112.090104854365
2024-01-01 00:13:37,2,jitter_ms,48.67404268265534,-12.33537165591812,103.34977884742588
2024-01-01 00:13:38,2,jitter_ms,48.688425107195364,-11.194116581508151,106.17385022935395
2024-01-01 00:13:39,2,jitter_ms,48.70280640624304,-11.001026140024395,106.44059704530328
2024-01-01 00:13:40,2,jitter_ms,48.71718658883869,-14.118255592030076,106.90611783802632
2024-01-01 00:13:41,2,jitter_ms,48.7315656515257,-12.673819753344432,112.71495369879122
2024-01-01 00:13:42,2,jitter_ms,48.745943597949015,-6.036680671083492,108.60233273452569
2024-01-01 00:13:43,2,jitter_ms,48.76032041755228,-9.019693421122458,110.58422296840679
2024-01-01 00:13:44,2,jitter_ms,48.7746961159552,-11.911717080003728,108.04198457317119
2024-01-01 00:13:45,2,jitter_ms,48.78907069141118,-4.572461529162687,109.34974791958395
2024-01-01 00:13:46,2,jitter_ms,48.80344414486895,-15.018658511043235,112.43128064673562
2024-01-01 00:13:47,2,jitter_ms,48.817816472152835,-16.854949890586447,107.17152601686153
2024-01-01 00:13:48,2,jitter_ms,48.832187674211866,-11.739844290332742,107.0294118269467
2024-01-01 00:13:49,2,jitter_ms,48.846557750286905,-8.464112169294859,107.14658651225196
2024-01-01 00:13:50,2,jitter_ms,48.86092670402023,-14.266691871890671,105.94818787496514
2024-01-01 00:13:51,2,jitter_ms,48.87529452584971,-12.903129605914602,103.72741241988452
2024-01-01 00:13:52,2,jitter_ms,48.889661218431876,-14.603366387916509,107.80422730007899
2024-01-01 00:13:53,2,jitter_ms,48.90402678298062,-10.10813488002867,103.88393502398145
2024-01-01 00:13:54,2,jitter_ms,48.91839122044371,-7.643258451601639,113.8564494936586
2024-01-01 00:13:55,2,jitter_ms,48.93275452369023,-10.759838905682264,106.99314933953455
2024-01-01 00:13:56,2,jitter_ms,48.94711669662703,-10.940104667636978,104.79568501782246
2024-01-01 00:13:57,2,jitter_ms,48.961477742893805,-10.15761217222515,107.01893790688423
2024-01-01 00:13:58,2,jitter_ms,48.975837649976924,-7.629724447190002,112.40808293978947
2024-01-01 00:13:59,2,jitter_ms,48.990196424474725,-10.608540763393206,110.42990672972466
2024-01-01 00:14:00,2,jitter_ms,49.004554064642946,-11.096538791724011,107.29165411993498
2024-01-01 00:14:01,2,jitter_ms,49.01891057142896,-10.806554115188836,109.49225019472732
2024-01-01 00:14:02,2,jitter_ms,49.03326594066328,-11.94066452493005,110.79614539587966
2024-01-01 00:14:03,2,jitter_ms,49.04762017329358,-10.439898891502414,111.52258657056348
2024-01-01 00:14:04,2,jitter_ms,49.06197326757649,-8.99971425946409,108.51027681064961
2024-01-01 00:14:05,2,jitter_ms,49.076325230105404,-9.479879613901357,112.61407782693422
2024-01-01 00:14:06,2,jitter_ms,49.09067604837561,-11.080800017345352,106.36352270113463
2024-01-01 00:14:07,2,jitter_ms,49.10502572602513,-14.118950987416984,112.53218254409221
2024-01-01 00:14:08,2,jitter_ms,49.119374264266696,-12.325519307805582,106.95820931318207
2024-01-01 00:14:09,2,jitter_ms,49.1337216640467,-12.42739868263838,106.91106713055008
2024-01-01 00:14:10,2,jitter_ms,49.14806791824398,-8.658808075042726,111.2414549319553
2024-01-01 00:14:11,2,jitter_ms,49.16241303076047,-9.801227465534621,110.27951338454307
2024-01-01 00:14:12,2,jitter_ms,49.17675699985381,-9.267425940554244,104.49917698083019
2024-01-01 00:14:13,2,jitter_ms,49.19109982915854,-6.546246070490924,110.73298567746146
2024-01-01 00:14:14,2,jitter_ms,49.20544150913338,-7.636203698429277,104.72965449855475
2024-01-01 00:14:15,2,jitter_ms,49.21978204341343,-13.549909831705811,111.7507357911348
2024-01-01 00:14:16,2,jitter_ms,49.23412142756972,-13.211361696891984,108.02681137067478
2024-01-01 00:14:17,2,jitter_ms,49.24845967356393,-10.845494782503179,107.76641555418269
2024-01-01 00:14:18,2,jitter_ms,49.262796766217434,-13.16771146711993,106.68518052539999
2024-01-01 00:14:19,2,jitter_ms,49.277132709164206,-11.373525108215777,107.92865016641993
2024-01-01 00:14:20,2,jitter_ms,49.291467503615955,-9.636923804161057,111.36356368525928
2024-01-01 00:14:21,2,jitter_ms,49.30580115051801,-13.23915039782996,105.35004798622903
2024-01-01 00:14:22,2,jitter_ms,49.32013364275707,-11.125704238598168,113.17214854890435
2024-01-01 00:14:23,2,jitter_ms,49.33446498423112,-11.148681233167581,108.83848702104909
2024-01-01 00:14:24,2,jitter_ms,49.348795173199704,-7.414537388285846,114.80798963621815
2024-01-01 00:14:25,2,jitter_ms,49.36312421329323,-11.846689194680723,111.40529918517659
2024-01-01 00:14:26,2,jitter_ms,49.37745209498147,-12.322694341189472,112.14324511343587
2024-01-01 00:14:27,2,jitter_ms,49.39177882189543,-4.354519697325566,108.28627363198851
2024-01-01 00:14:28,2,jitter_ms,49.40610439229552,-11.016943967577815,112.65969309225663
2024-01-01 00:14:29,2,jitter_ms,49.420428810076956,-6.894779778121658,108.84407387458701
2024-01-01 00:14:30,2,jitter_ms,49.434752068131516,-7.874680688655664,111.55333151546026
2024-01-01 00:14:31,2,jitter_ms,49.44907416740457,-8.509923845786588,110.19252522665093
2024-01-01 00:14:32,2,jitter_ms,49.46339510910688,-8.617211221107029,112.10050792547334
2024-01-01 00:14:33,2,jitter_ms,49.4777148958828,-13.440484830959658,108.12271209248243
2024-01-01 00:14:34,2,jitter_ms,49.49203351820948,-10.306592294280184,109.77970086795811
2024-01-01 00:14:35,2,jitter_ms,49.50635097971518,-8.813376841207504,107.81566042903121
2024-01-01 00:14:36,2,jitter_ms,49.52066728134407,-17.20038130064815,109.82115007493907
2024-01-01 00:14:37,2,jitter_ms,49.534982418941276,-10.553955665109223,110.55142650234636
2024-01-01 00:14:38,2,jitter_ms,49.54929639345131,-4.934847959570864,113.65237506781432
2024-01-01 00:14:39,2,jitter_ms,49.56360920411891,-8.598553137525826,108.94025712066214
2024-01-01 00:14:40,2,jitter_ms,49.57792085456935,-10.917464767121627,110.69150291483115
2024-01-01 00:14:41,2,jitter_ms,49.59223133430385,-14.850627570219144,109.32766859602387
2024-01-01 00:14:42,2,jitter_ms,49.60654064891318,-8.406003629321528,110.31130690539378
2024-01-01 00:14:43,2,jitter_ms,49.62084879665992,-12.019533628784309,106.06977551276188
2024-01-01 00:14:44,2,jitter_ms,49.63515577848749,-13.99481874027495,115.62899472939655
2024-01-01 00:14:45,2,jitter_ms,49.649461590244414,-10.430931519006418,111.50730568218913
2024-01-01 00:14:46,2,jitter_ms,49.663766232874465,-19.97040564881419,110.78991320764702
2024-01-01 00:14:47,2,jitter_ms,49.67806970562303,-11.47855573366134,112.8332702733343
2024-01-01 00:14:48,2,jitter_ms,49.69237201211257,-12.90808271327834,107.58386756206481
2024-01-01 00:14:49,2,jitter_ms,49.706673142834234,-10.89027950669683,110.01075531885019
2024-01-01 00:14:50,2,jitter_ms,49.7209731004294,-15.277811385724654,109.21664498415323
2024-01-01 00:14:51,2,jitter_ms,49.73527188610721,-13.220705626893185,113.63400301436664
2024-01-01 00:14:52,2,jitter_ms,49.74956950081015,-11.05910208855372,106.34208018161503
2024-01-01 00:14:53,2,jitter_ms,49.763865937445544,-7.6032357830269355,112.80098989359608
2024-01-01 00:14:54,2,jitter_ms,49.778161199901,-9.54575616306132,106.07899983024544
2024-01-01 00:14:55,2,jitter_ms,49.792455286441026,-10.157868922055895,111.31206300742578
2024-01-01 00:14:56,2,jitter_ms,49.806748200685306,-8.707321917577568,109.42855598937493
2024-01-01 00:14:57,2,jitter_ms,49.821039933132475,-11.975464811572508,112.18123004934954
2024-01-01 00:14:58,2,jitter_ms,49.835330484725944,-12.471225126970914,110.08575374985769
2024-01-01 00:14:59,2,jitter_ms,49.84961986006606,-12.674850551737755,108.87922058480781
2024-01-01 00:15:00,2,jitter_ms,49.863908060094005,-6.643444420573233,108.65328584872947
2024-01-01 00:15:01,2,jitter_ms,49.87819507531215,-6.879608828818372,111.78674089922353
2024-01-01 00:15:02,2,jitter_ms,49.892480908358685,-14.876524238302437,113.36823685451894
2024-01-01 00:15:03,2,jitter_ms,49.90676556044179,-10.529642443041235,111.49571988326423
2024-01-01 00:15:04,2,jitter_ms,49.921049032502765,-9.724099679147677,105.49952234019132
2024-01-01 00:15:05,2,jitter_ms,49.935331317457084,-7.275190673014033,107.94382999053258
2024-01-01 00:15:06,2,jitter_ms,49.949612419188256,-9.172673267837304,108.85255483176297
2024-01-01 00:15:07,2,jitter_ms,49.96389233596274,-7.278855433369389,114.91395622371681
2024-01-01 00:15:08,2,jitter_ms,49.97817107139603,-11.98833045151359,109.88984809442347
2024-01-01 00:15:09,2,jitter_ms,49.99244861599807,-12.344663188396515,108.43480145605946
2024-01-01 00:15:10,2,jitter_ms,50.00672497338495,-10.395101014510388,106.3724660757691
2024-01-01 00:15:11,2,jitter_ms,50.02100014182401,-10.516352323983071,112.16229076524121
2024-01-01 00:15:12,2,jitter_ms,50.035274125195976,-13.134175571754469,109.53852399700902
2024-01-01 00:15:13,2,jitter_ms,50.04954691642148,-12.51241950815672,111.49569873957608
2024-01-01 00:15:14,2,jitter_ms,50.06381851644191,-12.819823475125515,112.99529069530783
2024-01-01 00:15:15,2,jitter_ms,50.07808893180943,-10.152164237274972,111.44179905707664
2024-01-01 00:15:16,2,jitter_ms,50.092358150101504,-5.031517543052265,108.92713726138521
2024-01-01 00:15:17,2,jitter_ms,50.10662617493196,-3.588824839628841,108.2319455082326
2024-01-01 00:15:18,2,jitter_ms,50.12089300750774,-9.29015861476491,108.55954309357371
2024-01-01 00:15:19,2,jitter_ms,50.13515864876873,-10.518589488060401,113.37208495223197
2024-01-01 00:15:20,2,jitter_ms,50.149423091640585,-8.032747767423823,108.65336902395208
2024-01-01 00:15:21,2,jitter_ms,50.16368634000173,-8.51964724281507,107.02527763668779
2024-01-01 00:15:22,2,jitter_ms,50.17794839212107,-7.760672195912796,108.49642109972581
2024-01-01 00:15:23,2,jitter_ms,50.192209251608766,-11.288919291255725,113.33199062064627
2024-01-01 00:15:24,2,jitter_ms,50.20646890898908,-8.5899572528304,110.79546980087319
2024-01-01 00:15:25,2,jitter_ms,50.220727367872776,-11.147820742036322,111.29849430062094
2024-01-01 00:15:26,2,jitter_ms,50.234984626529666,-11.460229581444802,110.51671859345963
2024-01-01 00:15:27,2,jitter_ms,50.24924068883532,-13.281196849415403,112.81772864831476
2024-01-01 00:15:28,2,jitter_ms,50.26349554772065,-6.686371559700456,113.89821808394049
2024-01-01 00:15:29,2,jitter_ms,50.2777492041256,-10.829909891297147,112.11819589552945
2024-01-01 00:15:30,2,jitter_ms,50.2920016592561,-7.8837981344013714,108.1400192246004
2024-01-01 00:15:31,2,jitter_ms,50.3062529157409,-8.444414098008972,109.54182394181879
2024-01-01 00:15:32,2,jitter_ms,50.320502964111924,-8.391682874787788,110.59271173802996
2024-01-01 00:15:33,2,jitter_ms,50.33475180797711,-7.24882315268356,108.79277106245665
2024-01-01 00:15:34,2,jitter_ms,50.34899944658565,-8.981982983055536,109.78581671986464
2024-01-01 00:15:35,2,jitter_ms,50.363245880876164,-10.584727120253836,112.27387980782846
2024-01-01 00:15:36,2,jitter_ms,50.37749110671923,-10.57518543401832,109.93169803833739
2024-01-01 00:15:37,2,jitter_ms,50.39173512505381,-11.042748439316043,107.17285917162681
2024-01-01 00:15:38,2,jitter_ms,50.40597793415173,-9.679612106018029,112.6020719955486
2024-01-01 00:15:39,2,jitter_ms,50.42021953957294,-8.522115390047867,111.31541167602276
2024-01-01 00:15:40,2,jitter_ms,50.434459929190915,-8.727922893152757,111.35260186045699
2024-01-01 00:15:41,2,jitter_ms,50.448699109010185,-12.855475215678668,112.49216957627046
2024-01-01 00:15:42,2,jitter_ms,50.46293707854709,-11.834401579951201,110.4221930000355
2024-01-01 00:15:43,2,jitter_ms,50.47717384042707,-4.556336393175245,113.23113000262671
2024-01-01 00:15:44,2,jitter_ms,50.49140938519366,-8.96911866710532,109.47401057865918
2024-01-01 00:15:45,2,jitter_ms,50.50564371645045,-12.809345583500594,110.75806360494536
2024-01-01 00:15:46,2,jitter_ms,50.51987683344768,-10.198313049263245,108.47452988311436
2024-01-01 00:15:47,2,jitter_ms,50.534108737122764,-9.418603222415356,111.03418955788175
2024-01-01 00:15:48,2,jitter_ms,50.54833942335162,-9.2913722552682,114.73802770994752
2024-01-01 00:15:49,2,jitter_ms,50.56256889307205,-10.910727188637962,111.7820655532066
2024-01-01 00:15:50,2,jitter_ms,50.576797144557844,-11.149016764309742,111.23464095021299
2024-01-01 00:15:51,2,jitter_ms,50.591024183362656,-11.909006744709506,113.55795126245631
2024-01-01 00:15:52,2,jitter_ms,50.605249999060995,-9.010159478315645,110.12073442357467
2024-01-01 00:15:53,2,jitter_ms,50.61947459525358,-10.483282205563084,112.82533074475329
2024-01-01 00:15:54,2,jitter_ms,50.63369797287715,-7.668161313000715,110.16885621670204
2024-01-01 00:15:55,2,jitter_ms,50.64792012781075,-7.774881556076659,116.48161322769451
2024-01-01 00:15:56,2,jitter_ms,50.66214106099147,-9.385224540603415,110.17230506911136
2024-01-01 00:15:57,2,jitter_ms,50.67636077167047,-8.87748215371234,112.05544174328355
2024-01-01 00:15:58,2,jitter_ms,50.69057926344528,-6.532615750022789,109.92009191204357
2024-01-01 00:15:59,2,jitter_ms,50.70479652687406,-11.350224473057944,113.21969433108717
2024-01-01 00:16:00,2,jitter_ms,50.719012564579124,-11.692806521683428,109.54463937663019
2024-01-01 00:16:01,2,jitter_ms,50.73322737776377,-12.779652421084903,112.61040871242754
2024-01-01 00:16:02,2,jitter_ms,50.747440967363715,-8.64073702299405,109.16967526367164
2024-01-01 00:16:03,2,jitter_ms,50.76165332633445,-15.429899438604266,111.12726416731816
2024-01-01 00:16:04,2,jitter_ms,50.7758644585394,-7.631198602161188,109.23949511697916
2024-01-01 00:16:05,2,jitter_ms,50.7900743622547,-13.227774289251373,113.30036140490304
2024-01-01 00:16:06,2,jitter_ms,50.80428304107495,-7.693921738203738,109.58963745312056
2024-01-01 00:16:07,2,jitter_ms,50.81849048556619,-12.87032864026884,109.98687691537626
2024-01-01 00:16:08,2,jitter_ms,50.83269669932368,-6.097950988003973,108.86876878354354
2024-01-01 00:16:09,2,jitter_ms,50.84690168062441,-12.903148693991453,108.8349331756563
2024-01-01 00:16:10,2,jitter_ms,50.86110543332896,-7.5522477154158,108.17296657062172
2024-01-01 00:16:11,2,jitter_ms,50.87530795039816,-5.112818744973819,109.30417347589623
2024-01-01 00:16:12,2,jitter_ms,50.88950923276781,-7.614129658619803,111.15512432596839
2024-01-01 00:16:13,2,jitter_ms,50.90370928164019,-4.509246168489219,117.23662459944933
2024-01-01 00:16:14,2,jitter_ms,50.91790810060676,-8.30893266343679,111.15305962904739
2024-01-01 00:16:15,2,jitter_ms,50.93210567731735,-13.733467808450706,110.36764453364083
2024-01-01 00:16:16,2,jitter_ms,50.946302018288364,-11.155093805490392,109.84792320719022
2024-01-01 00:16:17,2,jitter_ms,50.960497119141806,-9.281843843153576,112.87047991322237
2024-01-01 00:16:18,2,jitter_ms,50.97469098878044,-9.123249913057837,112.76911254112416
2024-01-01 00:16:19,2,jitter_ms,50.988883615125715,-13.083106526475303,109.31658502777361
2024-01-01 00:16:20,2,jitter_ms,51.003075001768494,-13.298479475347495,112.4838208903799
2024-01-01 00:16:21,2,jitter_ms,51.01726514698787,-3.8407631645404394,106.59096940160563
2024-01-01 00:16:22,2,jitter_ms,51.03145405464009,-8.95086928306908,115.96542728627303
2024-01-01 00:00:01,2,throughput_mbps,2.3901566526813935,0.6163230452989316,4.296078607648144
2024-01-01 00:00:02,2,throughput_mbps,2.376860613271125,0.5421868692090716,4.19772576194673
2024-01-01 00:00:03,2,throughput_mbps,2.3635645185927023,0.47255080250547915,4.1127926314666015
2024-01-01 00:00:04,2,throughput_mbps,2.350268368520144,0.5461930522574944,4.045028913968978
2024-01-01 00:00:05,2,throughput_mbps,2.336972162895731,0.4653279894744545,4.259906606218259
2024-01-01 00:00:06,2,throughput_mbps,2.3236759012364727,0.36106654793714615,4.117744343500455
2024-01-01 00:00:07,2,throughput_mbps,2.3103795852010536,0.4735875357663426,4.172906451575285
2024-01-01 00:00:08,2,throughput_mbps,2.2970832139178663,0.41995948207312817,4.168856353503334
2024-01-01 00:00:09,2,throughput_mbps,2.2837867879748193,0.4985216846491718,4.029348946332204
2024-01-01 00:00:10,2,throughput_mbps,2.270490306174919,0.3809451093205903,4.284752293749157
2024-01-01 00:00:11,2,throughput_mbps,2.2571937702798346,0.4447182559480294,4.0975531239196945
2024-01-01 00:00:12,2,throughput_mbps,2.243897179672046,0.29628243107345437,4.0489446844418175
2024-01-01 00:00:13,2,throughput_mbps,2.230600534582527,0.37469256530355166,4.01937653682591
2024-01-01 00:00:14,2,throughput_mbps,2.217303834496449,0.4311799767198466,4.147487041493703
2024-01-01 00:00:15,2,throughput_mbps,2.2040070803588625,0.3593271367063243,4.024647990516233
2024-01-01 00:00:16,2,throughput_mbps,2.1907102720437344,0.19799360237145405,3.997661303593213
2024-01-01 00:00:17,2,throughput_mbps,2.1774134093932584,0.3816633093329038,3.905050477274606
2024-01-01 00:00:18,2,throughput_mbps,2.164116491924248,0.3578123963250234,4.123901600763406
2024-01-01 00:00:19,2,throughput_mbps,2.1508195211156202,0.2813137055598663,3.9032227782639293
2024-01-01 00:00:20,2,throughput_mbps,2.1375224962758375,0.4353536240443801,4.121709938781441
2024-01-01 00:00:21,2,throughput_mbps,2.1242254176359228,0.29207473452615623,3.9248631134162513
2024-01-01 00:00:22,2,throughput_mbps,2.1109282850697824,0.31290066078181583,3.9914845486813757
2024-01-01 00:00:23,2,throughput_mbps,2.097631099133835,0.2568664287913537,3.97947071934853
2024-01-01 00:00:24,2,throughput_mbps,2.0843338597019994,0.23124100280864435,3.8036609839341606
2024-01-01 00:00:25,2,throughput_mbps,2.071036567005346,0.07135704879219196,3.9988324914416546
2024-01-01 00:00:26,2,throughput_mbps,2.0577392201716256,0.11676408351884812,3.8243451531470884
2024-01-01 00:00:27,2,throughput_mbps,2.0444418208606394,0.23158538225723158,3.8059030150984494
2024-01-01 00:00:28,2,throughput_mbps,2.031144369651433,0.22502247218583274,3.830451077667959
2024-01-01 00:00:29,2,throughput_mbps,2.0178468653238077,0.20428799918192117,3.727131542835371
2024-01-01 00:00:30,2,throughput_mbps,2.0045493077516223,0.259289983450264,3.875645040620351
2024-01-01 00:00:31,2,throughput_mbps,1.9912516978804558,0.09816518733403838,3.9172267755665295
2024-01-01 00:00:32,2,throughput_mbps,1.977954035195167,0.05609372346053348,3.893778355494595
2024-01-01 00:00:33,2,throughput_mbps,1.9646563199268745,0.1851930233971769,3.709198949405713
2024-01-01 00:00:34,2,throughput_mbps,1.9513585515921543,0.1475570156111675,3.8259568878003125
2024-01-01 00:00:35,2,throughput_mbps,1.938060731462177,0.06548787932915391,3.6774323802148703
2024-01-01 00:00:36,2,throughput_mbps,1.9247628594198547,0.04835000048672591,3.8154107825838044
2024-01-01 00:00:37,2,throughput_mbps,1.9114649353300392,0.08955404354268369,3.791333883781162
2024-01-01 00:00:38,2,throughput_mbps,1.8981669586774423,0.10319525229742377,3.748441107834817
2024-01-01 00:00:39,2,throughput_mbps,1.8848689304078767,0.060347685980979886,3.7579041183473283
2024-01-01 00:00:40,2,throughput_mbps,1.8715708503952133,0.12260341334644453,3.641993306728618
2024-01-01 00:00:41,2,throughput_mbps,1.8582727178964713,-0.139197687620913,3.616225224267938
2024-01-01 00:00:42,2,throughput_mbps,1.8449745343128194,-0.20304673173059182,3.684989508643939
2024-01-01 00:00:43,2,throughput_mbps,1.8316762991607478,0.05350852169926986,3.6104295568608196
2024-01-01 00:00:44,2,throughput_mbps,1.8183780125417297,-0.03763099545424619,3.831026664342386
2024-01-01 00:00:45,2,throughput_mbps,1.805079674959806,-0.014976261545282988,3.6182947085682047
2024-01-01 00:00:46,2,throughput_mbps,1.791781286341545,0.01437629454378542,3.681161949866892
2024-01-01 00:00:47,2,throughput_mbps,1.7784828465607752,-0.08160010910573759,3.590293350368032
2024-01-01 00:00:48,2,throughput_mbps,1.7651843557189797,-0.16913230297893514,3.444949928990822
2024-01-01 00:00:49,2,throughput_mbps,1.7518858133325035,-0.2802568467810046,3.6610054142600434
2024-01-01 00:00:50,2,throughput_mbps,1.7385872208028799,-0.05130041792932419,3.568814982570142
2024-01-01 00:00:51,2,throughput_mbps,1.7252885776146294,-0.17011007296866534,3.6030425321432227
2024-01-01 00:00:52,2,throughput_mbps,1.711989883673411,-0.023097905883178973,3.4774075965918363
2024-01-01 00:00:53,2,throughput_mbps,1.6986911384636354,-0.1764741382226386,3.4689610996131464
2024-01-01 00:00:54,2,throughput_mbps,1.685392343113052,-0.07735037986566497,3.4606182155358853
2024-01-01 00:00:55,2,throughput_mbps,1.67209349741191,-0.28286643999498956,3.459045671301189
2024-01-01 00:00:56,2,throughput_mbps,1.6587946014617145,-0.13136128807405775,3.4703990310210973
2024-01-01 00:00:57,2,throughput_mbps,1.645495655136237,-0.19960301866163538,3.411898113210896
2024-01-01 00:00:58,2,throughput_mbps,1.6321966589924575,-0.20092413043499543,3.4332727946048216
2024-01-01 00:00:59,2,throughput_mbps,1.618897612904158,-0.3062483580410956,3.5716884693852093
2024-01-01 00:01:00,2,throughput_mbps,1.6055985169728546,-0.21211395828967305,3.419111411438431
2024-01-01 00:01:01,2,throughput_mbps,1.592299370714712,-0.13138327045048237,3.385793580233809
2024-01-01 00:01:02,2,throughput_mbps,1.5790001755317775,-0.3016867790451516,3.4203287262223463
2024-01-01 00:01:03,2,throughput_mbps,1.5657009306805758,-0.16376866480798818,3.425992204083622
2024-01-01 00:01:04,2,throughput_mbps,1.5524017350456512,-0.4220785277042681,3.289126048889563
2024-01-01 00:01:05,2,throughput_mbps,1.5391024898475556,-0.334300044202982,3.263768796405108
2024-01-01 00:01:06,2,throughput_mbps,1.5258031956433913,-0.2826565376346866,3.421394643078654
2024-01-01 00:01:07,2,throughput_mbps,1.51250385230691,-0.3358790656752608,3.2906145326267002
2024-01-01 00:01:08,2,throughput_mbps,1.4992044599396495,-0.3632482865749939,3.3909231673953926
2024-01-01 00:01:09,2,throughput_mbps,1.4859050180576556,-0.4057510397967416,3.38498436205453
2024-01-01 00:01:10,2,throughput_mbps,1.472605527933441,-0.40630518755411305,3.3324389368981526
2024-01-01 00:01:11,2,throughput_mbps,1.4593059892129499,-0.39537921241842294,3.326652136491816
2024-01-01 00:01:12,2,throughput_mbps,1.4460064017379801,-0.39075811956370343,3.359579226615244
2024-01-01 00:01:13,2,throughput_mbps,1.43270676538223,-0.390714514962412,3.408695218173138
2024-01-01 00:01:14,2,throughput_mbps,1.4194070810925814,-0.5042993593134786,3.118437661117566
2024-01-01 00:01:15,2,throughput_mbps,1.406107348353096,-0.4760247053753432,3.2731402548029433
2024-01-01 00:01:16,2,throughput_mbps,1.3928441935995792,-0.4834831718713074,3.1162921216081574
2024-01-01 00:01:17,2,throughput_mbps,1.3795809901436002,-0.287791197499113,3.2205433417834635
2024-01-01 00:01:18,2,throughput_mbps,1.366317739257964,-0.6215390127661494,3.288540062889363
2024-01-01 00:01:19,2,throughput_mbps,1.3530544404586218,-0.485399121042048,3.1757168528976103
2024-01-01 00:01:20,2,throughput_mbps,1.3397910936192625,-0.4218712880588848,3.1685349775087572
2024-01-01 00:01:21,2,throughput_mbps,1.3265276992972077,-0.4767370760063039,3.0784647856404823
2024-01-01 00:01:22,2,throughput_mbps,1.3132642573661562,-0.5608012090632642,3.1111803199312464
2024-01-01 00:01:23,2,throughput_mbps,1.3000007680576176,-0.43366853072967576,3.1159218946372778
2024-01-01 00:01:24,2,throughput_mbps,1.2867372304976183,-0.5900701796613838,3.08473116648203
2024-01-01 00:01:25,2,throughput_mbps,1.2734736463490173,-0.5933349477090412,3.07742176620676
2024-01-01 00:01:26,2,throughput_mbps,1.2602100151276816,-0.6322616977306054,3.134308859085267
2024-01-01 00:01:27,2,throughput_mbps,1.2469463366753022,-0.5447772094566282,2.9517577230364207
2024-01-01 00:01:28,2,throughput_mbps,1.2336826108655246,-0.6207169648697822,3.126623984530542
2024-01-01 00:01:29,2,throughput_mbps,1.2219271859682685,-0.718275857603552,3.104171263173218
2024-01-01 00:01:30,2,throughput_mbps,1.2101717141447217,-0.5654970241912152,3.0711130234218706
2024-01-01 00:01:31,2,throughput_mbps,1.1984161956264365,-0.6235655981324129,2.93225260211388
2024-01-01 00:01:32,2,throughput_mbps,1.1866606299291311,-0.7091046407298933,3.045901905709567
2024-01-01 00:01:33,2,throughput_mbps,1.1749050186840813,-0.5577869196390397,3.0593717584962796
2024-01-01 00:01:34,2,throughput_mbps,1.1631493606911611,-0.6300736960968265,2.9948101635558744
2024-01-01 00:01:35,2,throughput_mbps,1.1513936565398923,-0.6593722115786982,3.1094269682954807
2024-01-01 00:01:36,2,throughput_mbps,1.1396379053559658,-0.7782382124867172,2.9964465952051635
2024-01-01 00:01:37,2,throughput_mbps,1.1278821088028304,-0.6407550300450998,2.975502384315702
2024-01-01 00:01:38,2,throughput_mbps,1.1161262663961846,-0.7527762270757458,3.04475577421539
2024-01-01 00:01:39,2,throughput_mbps,1.1043703779776362,-0.8036725548819303,2.967543072961944
2024-01-01 00:01:40,2,throughput_mbps,1.092614443420789,-0.8216084378158022,2.899819570396976
2024-01-01 00:01:41,2,throughput_mbps,1.0839844316824723,-0.721458579423146,3.0284384329261385
2024-01-01 00:01:42,2,throughput_mbps,1.0753543742370901,-0.7755652450841003,2.978914911777654
2024-01-01 00:01:43,2,throughput_mbps,1.0667242713162794,-0.8226319182960957,2.913254572060758
2024-01-01 00:01:44,2,throughput_mbps,1.0580941224355942,-0.7461261214159957,2.8718908783984807
2024-01-01 00:01:45,2,throughput_mbps,1.0494639288687853,-0.7081601444765087,2.8897053977773632
2024-01-01 00:01:46,2,throughput_mbps,1.0408336901314268,-0.8301106650778155,2.817369964688445
2024-01-01 00:01:47,2,throughput_mbps,1.0322034064551966,-0.9575011317540095,2.8450141117962775
2024-01-01 00:01:48,2,throughput_mbps,1.0235730773235472,-0.799478605184144,2.8429906116707
2024-01-01 00:01:49,2,throughput_mbps,1.0149427036843313,-0.8580793905083837,2.9795528293472544
2024-01-01 00:01:50,2,throughput_mbps,1.0063122854111635,-0.8563742320487834,2.8761264891708187
2024-01-01 00:01:51,2,throughput_mbps,0.9976818223455688,-0.8782968316534467,2.7687813339047667
2024-01-01 00:01:52,2,throughput_mbps,0.9890513141330495,-0.7850910806279061,2.8565467093631467
2024-01-01 00:01:53,2,throughput_mbps,0.9804207620476256,-0.866366277020043,2.8373066787180448
2024-01-01 00:01:54,2,throughput_mbps,0.9741785945799613,-0.9637423620194394,2.829258308145426
2024-01-01 00:01:55,2,throughput_mbps,0.9679363828565082,-0.9486120744663544,2.724367861538954
2024-01-01 00:01:56,2,throughput_mbps,0.9616941267508324,-0.8418155326525052,2.8811411737080013
2024-01-01 00:01:57,2,throughput_mbps,0.9554518268207522,-0.7678630533996558,2.778151365057944
2024-01-01 00:01:58,2,throughput_mbps,0.9492094829398428,-0.8997305014574402,2.785473946442543
2024-01-01 00:01:59,2,throughput_mbps,0.9429670953398632,-0.8957531444823698,2.8073404747246857
2024-01-01 00:02:00,2,throughput_mbps,0.9367246632759577,-0.729478823950955,2.85344894287519
2024-01-01 00:02:01,2,throughput_mbps,0.9304821881525062,-0.8714070675750919,2.810310871368215
2024-01-01 00:02:02,2,throughput_mbps,0.9242396694848698,-0.8351234092865136,2.8338901320335563
2024-01-01 00:02:03,2,throughput_mbps,0.9179971071465923,-0.9832598985985379,2.7030119636973176
2024-01-01 00:02:04,2,throughput_mbps,0.9117545016955818,-1.0044075985311656,2.808742401665836
2024-01-01 00:02:05,2,throughput_mbps,0.905511853005392,-1.0373771786664763,2.8966995629822394
2024-01-01 00:02:06,2,throughput_mbps,0.9015572556476411,-1.0411262506757102,2.747822568098893
2024-01-01 00:02:07,2,throughput_mbps,0.8976026146676345,-1.0498396876891374,2.6324282387604327
2024-01-01 00:02:08,2,throughput_mbps,0.893647931339882,-0.851527410216292,2.7980354181439338
2024-01-01 00:02:09,2,throughput_mbps,0.8896932053098001,-1.0894547480353116,2.818445912508371
2024-01-01 00:02:10,2,throughput_mbps,0.8857384366469417,-0.8271495253350319,2.783422300334684
2024-01-01 00:02:11,2,throughput_mbps,0.8817836245403349,-0.8841624747119793,2.730517983957388
2024-01-01 00:02:12,2,throughput_mbps,0.8778287706229301,-0.9735296007091218,2.8479939890868233
2024-01-01 00:02:13,2,throughput_mbps,0.8738738741496328,-0.9492932748217489,2.7428148433664408
2024-01-01 00:02:14,2,throughput_mbps,0.8699189353522871,-0.8528994548297173,2.8260483230562032
2024-01-01 00:02:15,2,throughput_mbps,0.8659639541043991,-0.9226084336456503,2.691020302629403
2024-01-01 00:02:16,2,throughput_mbps,0.8620089309640279,-0.9674934282718318,2.7578750116483413
2024-01-01 00:02:17,2,throughput_mbps,0.858053865804689,-1.0280544530256532,2.6217868186663487
2024-01-01 00:02:18,2,throughput_mbps,0.8540987587280806,-1.0455568949158696,2.523393935286265
2024-01-01 00:02:19,2,throughput_mbps,0.8521220050841231,-0.9450509886686066,2.7286112151898476
2024-01-01 00:02:20,2,throughput_mbps,0.8501452103128835,-0.7829121192700411,2.8181852537032523
2024-01-01 00:02:21,2,throughput_mbps,0.8481683740596783,-1.1712062369524985,2.7473712492329363
2024-01-01 00:02:22,2,throughput_mbps,0.8461914961658205,-1.1348484130171204,2.6923851547705397
2024-01-01 00:02:23,2,throughput_mbps,0.8442145765047786,-1.0143291463804178,2.7181845787826466
2024-01-01 00:02:24,2,throughput_mbps,0.8422376160253316,-0.8589667005764949,2.6799931915691726
2024-01-01 00:02:25,2,throughput_mbps,0.8402606142103481,-1.0125993497019277,2.6590881457153452
2024-01-01 00:02:26,2,throughput_mbps,0.8382835712917495,-0.8874599691219095,2.671597075276401
2024-01-01 00:02:27,2,throughput_mbps,0.8363064867845358,-1.0522009639737686,2.634149045831109
2024-01-01 00:02:28,2,throughput_mbps,0.834329361963842,-0.8910165204002655,2.627056199296657
2024-01-01 00:02:29,2,throughput_mbps,0.8323521963446862,-1.0284632788655232,2.646460976593113
2024-01-01 00:02:30,2,throughput_mbps,0.8303749901590274,-0.9871036058777313,2.5427188626926207
2024-01-01 00:02:31,2,throughput_mbps,0.8283977428896121,-0.890436624975317,2.5744476918817187
2024-01-01 00:02:32,2,throughput_mbps,0.8264204554854035,-0.975168006381067,2.661396432307506
2024-01-01 00:02:33,2,throughput_mbps,0.8256676922780799,-0.96737842369439,2.703146825335641
2024-01-01 00:02:34,2,throughput_mbps,0.8249148886506761,-1.0379183501576468,2.593497832425232
2024-01-01 00:02:35,2,throughput_mbps,0.8241620441180824,-1.0949766511375425,2.656669508998444
2024-01-01 00:02:36,2,throughput_mbps,0.8234091603464504,-1.0089960230691872,2.5998462540409
2024-01-01 00:02:37,2,throughput_mbps,0.8226562364599251,-0.8512706001353383,2.676394146923091
2024-01-01 00:02:38,2,throughput_mbps,0.8219032726905022,-1.0406068299381006,2.720345576027129
2024-01-01 00:02:39,2,throughput_mbps,0.8211502689116169,-0.955693479023644,2.6004861259097094
2024-01-01 00:02:40,2,throughput_mbps,0.820397225681612,-1.1724400002257296,2.4437770704058117
2024-01-01 00:02:41,2,throughput_mbps,0.8196441428739318,-0.9379799533184767,2.666507533673661
2024-01-01 00:02:42,2,throughput_mbps,0.8188910200033964,-0.9875081854937771,2.6409980785790323
2024-01-01 00:02:43,2,throughput_mbps,0.818137858345587,-1.1544594145550442,2.518936810950231
2024-01-01 00:02:44,2,throughput_mbps,0.8173846574153414,-1.0557373346016719,2.667428946251381
2024-01-01 00:02:45,2,throughput_mbps,0.8166314174447108,-0.9913059874470286,2.6973377891666055
2024-01-01 00:02:46,2,throughput_mbps,0.8158781379162058,-1.0355880732394191,2.6895991741004392
2024-01-01 00:02:47,2,throughput_mbps,0.8151613013356787,-0.9828069518084681,2.6125395593772947
2024-01-01 00:02:48,2,throughput_mbps,0.814444426020041,-1.0587120349353567,2.7331768353139743
2024-01-01 00:02:49,2,throughput_mbps,0.8137275118104248,-1.078203997122021,2.6677918429524334
2024-01-01 00:02:50,2,throughput_mbps,0.8130105583518672,-1.0540741692664783,2.6193915577795552
2024-01-01 00:02:51,2,throughput_mbps,0.8122935669201811,-0.9216600734119971,2.634215253343259
2024-01-01 00:02:52,2,throughput_mbps,0.8115765373888041,-1.0281922784336994,2.655950601890485
2024-01-01 00:02:53,2,throughput_mbps,0.8108594691421201,-1.0890309980771937,2.6784469867552336
2024-01-01 00:02:54,2,throughput_mbps,0.810142362053496,-1.075069074086411,2.6222525772474294
2024-01-01 00:02:55,2,throughput_mbps,0.8094252173988575,-1.0014264732362514,2.667618359053616
2024-01-01 00:02:56,2,throughput_mbps,0.8087080346929023,-0.9126501352097757,2.61374841244535
2024-01-01 00:02:57,2,throughput_mbps,0.8079908141677533,-1.073476050155585,2.6771062800303427
2024-01-01 00:02:58,2,throughput_mbps,0.8072735553057377,-1.0662964777549422,2.7652776362349303
2024-01-01 00:02:59,2,throughput_mbps,0.8065562590564633,-1.080850590242212,2.637738436699997
2024-01-01 00:03:00,2,throughput_mbps,0.8058389252933328,-1.0023068079685828,2.5223416648980557
2024-01-01 00:03:01,2,throughput_mbps,0.8051215538574,-1.02365162668205,2.715908353864811
2024-01-01 00:03:02,2,throughput_mbps,0.8044041443936158,-1.0466813000485191,2.6904308311355085
2024-01-01 00:03:03,2,throughput_mbps,0.8036866989884829,-1.1216371137402388,2.7532285467689888
2024-01-01 00:03:04,2,throughput_mbps,0.8029692163462536,-1.1622964419133937,2.5516372933941613
2024-01-01 00:03:05,2,throughput_mbps,0.8022516965687134,-1.1122072710101165,2.580198506186104
2024-01-01 00:03:06,2,throughput_mbps,0.8015341395292229,-1.1116673485972233,2.738210482257885
2024-01-01 00:03:07,2,throughput_mbps,0.8008165457864181,-1.1861069388630656,2.5014596412032732
2024-01-01 00:03:08,2,throughput_mbps,0.8000989152136687,-1.135884155160187,2.6748245860247692
2024-01-01 00:03:09,2,throughput_mbps,0.7993812480431666,-1.0918301799929933,2.684340076794763
2024-01-01 00:03:10,2,throughput_mbps,0.7986635435286161,-1.1028590447497044,2.6435213474905956
2024-01-01 00:03:11,2,throughput_mbps,0.79794580307678,-1.1550429846786774,2.581601861612126
2024-01-01 00:03:12,2,throughput_mbps,0.7972280262021765,-0.9808431247000962,2.7661314926156972
2024-01-01 00:03:13,2,throughput_mbps,0.7965102130066035,-0.9928855383880203,2.710361225453048
2024-01-01 00:03:14,2,throughput_mbps,0.7957923633634015,-1.098450211209213,2.618433219584142
2024-01-01 00:03:15,2,throughput_mbps,0.7950744778312885,-0.9180537947527244,2.561636304146757
2024-01-01 00:03:16,2,throughput_mbps,0.7943565562836108,-1.093295609875724,2.6846031606056044
2024-01-01 00:03:17,2,throughput_mbps,0.793638598822174,-1.0502644247340278,2.737993012080298
2024-01-01 00:03:18,2,throughput_mbps,0.7929206049613945,-0.9846935319726937,2.733955916999007
2024-01-01 00:03:19,2,throughput_mbps,0.7922025761082907,-1.073161604583157,2.676925344353064
2024-01-01 00:03:20,2,throughput_mbps,0.7914845115164143,-1.0502949312241956,2.639584521228168
2024-01-01 00:03:21,2,throughput_mbps,0.7907664110590763,-0.9765979897524224,2.7312922567280533
2024-01-01 00:03:22,2,throughput_mbps,0.7900482754357397,-1.2188697915452922,2.436409267277921
2024-01-01 00:03:23,2,throughput_mbps,0.7893301043790577,-1.1419569851900517,2.6346390803984963
2024-01-01 00:03:24,2,throughput_mbps,0.7886118981212954,-1.0856257750276952,2.767044905052176
2024-01-01 00:03:25,2,throughput_mbps,0.7878936561767946,-1.1797135674111945,2.63013562779966
2024-01-01 00:03:26,2,throughput_mbps,0.7871753798223141,-1.0858776240229853,2.56980756151696
2024-01-01 00:03:27,2,throughput_mbps,0.7864570685722103,-0.890366540557408,2.6937519616194447
2024-01-01 00:03:28,2,throughput_mbps,0.7857387226587836,-1.2034461863000134,2.6478764046654835
2024-01-01 00:03:29,2,throughput_mbps,0.785020341563903,-1.1838617923002484,2.73382261772903
2024-01-01 00:03:30,2,throughput_mbps,0.7843019262378651,-0.9804581452515431,2.435950637050099
2024-01-01 00:03:31,2,throughput_mbps,0.7835834765539904,-1.108056265539339,2.5346877725431054
2024-01-01 00:03:32,2,throughput_mbps,0.7828649923531331,-1.0888489299108481,2.4889139585248112
2024-01-01 00:03:33,2,throughput_mbps,0.7821464731495398,-1.0764068856363092,2.5341197110092706
2024-01-01 00:03:34,2,throughput_mbps,0.7814279209707043,-0.9997949328603489,2.5689620278751057
2024-01-01 00:03:35,2,throughput_mbps,0.7807093342213336,-1.0204481412037256,2.549588296595432
2024-01-01 00:03:36,2,throughput_mbps,0.7799907134927924,-1.2194592091051986,2.6246070262541754
2024-01-01 00:03:37,2,throughput_mbps,0.7792720582992981,-1.010280112181399,2.631477590435315
2024-01-01 00:03:38,2,throughput_mbps,0.778553369917912,-1.141920239982654,2.5782757952901605
2024-01-01 00:03:39,2,throughput_mbps,0.7778346478628657,-1.145853715593249,2.765595374876205
2024-01-01 00:03:40,2,throughput_mbps,0.7771158923665237,-1.1688038395881362,2.564761877597792
2024-01-01 00:03:41,2,throughput_mbps,0.7763971044774016,-0.9394226056130468,2.668872005587053
2024-01-01 00:03:42,2,throughput_mbps,0.7756782835792311,-1.188326249628735,2.6971422149040674
2024-01-01 00:03:43,2,throughput_mbps,0.7749594295453042,-1.017555743875124,2.685321545183327
2024-01-01 00:03:44,2,throughput_mbps,0.7742405422163982,-1.0172811481675035,2.6182361686394575
2024-01-01 00:03:45,2,throughput_mbps,0.7735216211066389,-1.034047635879641,2.6735395247224387
2024-01-01 00:03:46,2,throughput_mbps,0.7728026678849126,-1.0357736747795063,2.6361939998390143
2024-01-01 00:03:47,2,throughput_mbps,0.7720836816737395,-1.011325523677235,2.7736562763698323
2024-01-01 00:03:48,2,throughput_mbps,0.7713646627055153,-1.0679715436694524,2.6707657123720745
2024-01-01 00:03:49,2,throughput_mbps,0.7706456108534937,-1.095392527781838,2.5828444809298876
2024-01-01 00:03:50,2,throughput_mbps,0.76992652667672,-0.9672143054586684,2.724976757728764
2024-01-01 00:03:51,2,throughput_mbps,0.7692074100484556,-1.1314238705068027,2.635403898784059
2024-01-01 00:03:52,2,throughput_mbps,0.7684882612011267,-1.0264453157736702,2.4702346725411166
2024-01-01 00:03:53,2,throughput_mbps,0.767769079257082,-1.1748353805938199,2.624502748925775
2024-01-01 00:03:54,2,throughput_mbps,0.767049865885477,-1.130239024025322,2.8693179606923245
2024-01-01 00:03:55,2,throughput_mbps,0.7663306206003958,-1.1039831718172164,2.817731522181043
2024-01-01 00:03:56,2,throughput_mbps,0.7656113432425409,-0.9886350040390035,2.760394479673583
2024-01-01 00:03:57,2,throughput_mbps,0.764892033685137,-1.1370685323586172,2.6314815183605313
2024-01-01 00:03:58,2,throughput_mbps,0.7641726928790653,-1.1121880933206305,2.5262988102277206
2024-01-01 00:03:59,2,throughput_mbps,0.7634533203058008,-1.1464046956677312,2.619152117407019
2024-01-01 00:04:00,2,throughput_mbps,0.7627339150595847,-1.1760496140002514,2.5602057759602066
2024-01-01 00:04:01,2,throughput_mbps,0.7620144789683628,-1.0895525150090375,2.5355969972670844
2024-01-01 00:04:02,2,throughput_mbps,0.7612950115461413,-1.0014463438099936,2.708638775310771
2024-01-01 00:04:03,2,throughput_mbps,0.7605755128947915,-1.0906191876591274,2.5204001726538623
2024-01-01 00:04:04,2,throughput_mbps,0.7598559828875341,-1.1112207253776385,2.7328650020806706
2024-01-01 00:04:05,2,throughput_mbps,0.7591364220835395,-1.067158754782333,2.5913345203665084
2024-01-01 00:04:06,2,throughput_mbps,0.7584168303560354,-1.1512770458259085,2.4811998239084883
2024-01-01 00:04:07,2,throughput_mbps,0.7576972079375242,-1.0919852528391718,2.6650418506724516
2024-01-01 00:04:08,2,throughput_mbps,0.7569775540806739,-1.1978410056841313,2.65666235820836
2024-01-01 00:04:09,2,throughput_mbps,0.7562578701938923,-1.066986742060103,2.550641897606526
2024-01-01 00:04:10,2,throughput_mbps,0.7555381557911105,-0.927481569886238,2.807554376653444
2024-01-01 00:04:11,2,throughput_mbps,0.7548184113335242,-1.1620185329654846,2.461859544882886
2024-01-01 00:04:12,2,throughput_mbps,0.7540986356163917,-1.1085595676157252,2.5436022556572513
2024-01-01 00:04:13,2,throughput_mbps,0.753378830276893,-1.095411031467064,2.694208021396154
2024-01-01 00:04:14,2,throughput_mbps,0.7526589948289224,-1.0703727999676342,2.6827919050405225
2024-01-01 00:04:15,2,throughput_mbps,0.7519391293743659,-1.2016846790933018,2.707043240151896
2024-01-01 00:04:16,2,throughput_mbps,0.7512192337864184,-1.1464006272966942,2.5424315773557677
2024-01-01 00:04:17,2,throughput_mbps,0.750499308624345,-1.0580318559237605,2.520498069340143
2024-01-01 00:04:18,2,throughput_mbps,0.7497793537613476,-1.3178379488195981,2.708872013229989
2024-01-01 00:04:19,2,throughput_mbps,0.7490593694299867,-1.0961462028656066,2.6183675390986205
2024-01-01 00:04:20,2,throughput_mbps,0.7483393548827341,-1.1233011717127228,2.502148689247839
2024-01-01 00:04:21,2,throughput_mbps,0.7476193115283001,-1.0433173134896523,2.5729911432679016
2024-01-01 00:04:22,2,throughput_mbps,0.7468992388805072,-1.0948302178742415,2.7134535029890428
2024-01-01 00:04:23,2,throughput_mbps,0.7461791370412499,-1.0229467765381353,2.538200983555211
2024-01-01 00:04:24,2,throughput_mbps,0.7454590058837083,-1.046126691817761,2.753266022758634
2024-01-01 00:04:25,2,throughput_mbps,0.7447388459672061,-1.0041274723054132,2.4941366144647406
2024-01-01 00:04:26,2,throughput_mbps,0.7440186571649281,-1.1948573480125158,2.596665534509532
2024-01-01 00:04:27,2,throughput_mbps,0.7432984395787735,-1.197642834236242,2.4829600490321804
2024-01-01 00:04:28,2,throughput_mbps,0.7425781927224828,-1.1587162430762592,2.480434379181122
2024-01-01 00:04:29,2,throughput_mbps,0.7418579187560976,-1.1460601114688,2.6304274293516983
2024-01-01 00:04:30,2,throughput_mbps,0.7411376161808347,-1.1870884202415348,2.615126978977156
2024-01-01 00:04:31,2,throughput_mbps,0.7404172852292993,-1.128713627791997,2.540817265741721
2024-01-01 00:04:32,2,throughput_mbps,0.7396969257746565,-1.127558672425569,2.535016516553222
2024-01-01 00:04:33,2,throughput_mbps,0.7389765383762867,-1.0200180734611903,2.613358642812474
2024-01-01 00:04:34,2,throughput_mbps,0.7382561229073598,-1.1758588215997337,2.637116502882668
2024-01-01 00:04:35,2,throughput_mbps,0.7375356794697823,-1.0394455967547933,2.681642873873555
2024-01-01 00:04:36,2,throughput_mbps,0.7368152075772276,-1.2231968037774907,2.547361934181355
2024-01-01 00:04:37,2,throughput_mbps,0.7360947085080648,-1.07415727160687,2.6458033748778496
2024-01-01 00:04:38,2,throughput_mbps,0.7353741819067176,-1.157860389150011,2.571449672857082
2024-01-01 00:04:39,2,throughput_mbps,0.7346536272541195,-1.1123996853536586,2.605690947292256
2024-01-01 00:04:40,2,throughput_mbps,0.733933045501917,-0.9753311069502382,2.6478033442969533
2024-01-01 00:04:41,2,throughput_mbps,0.7332124365232757,-1.1844392422362962,2.53666154053878
2024-01-01 00:04:42,2,throughput_mbps,0.7324918001586149,-1.0310954248338895,2.6529014127601718
2024-01-01 00:04:43,2,throughput_mbps,0.7317711359215394,-1.144481765334957,2.4913917523186515
2024-01-01 00:04:44,2,throughput_mbps,0.731050445482823,-1.0859673737601316,2.605461122609734
2024-01-01 00:04:45,2,throughput_mbps,0.730329727963824,-1.1365291073541472,2.5738478057553613
2024-01-01 00:04:46,2,throughput_mbps,0.7296089835972158,-1.1743500249619085,2.5336191571480806
2024-01-01 00:04:47,2,throughput_mbps,0.7288882122561349,-1.1088882331673608,2.499502603809943
2024-01-01 00:04:48,2,throughput_mbps,0.7281674145000626,-1.0747738824802917,2.6019650725565366
2024-01-01 00:04:49,2,throughput_mbps,0.7274465902021398,-0.9664120141265121,2.5956038021146894
2024-01-01 00:04:50,2,throughput_mbps,0.726725739595069,-1.2338441537666829,2.577774844953636
2024-01-01 00:04:51,2,throughput_mbps,0.7260048618000591,-1.1942942802882193,2.521041601721955
2024-01-01 00:04:52,2,throughput_mbps,0.7252839584881079,-0.9803378391287483,2.6110163045114048
2024-01-01 00:04:53,2,throughput_mbps,0.7245630295323777,-1.0766294417412503,2.5057986592808383
2024-01-01 00:04:54,2,throughput_mbps,0.7238420740540421,-1.2987479690431922,2.5774652783511534
2024-01-01 00:04:55,2,throughput_mbps,0.7231210919261939,-1.2592524663294395,2.5706217442679193
2024-01-01 00:04:56,2,throughput_mbps,0.7224000848199555,-1.1977675981148246,2.4794452573478662
2024-01-01 00:04:57,2,throughput_mbps,0.7216790518564647,-1.0069542549866468,2.62202915341101
2024-01-01 00:04:58,2,throughput_mbps,0.7209579932684471,-1.0810795596332727,2.6381101209298135
2024-01-01 00:04:59,2,throughput_mbps,0.7202369089290186,-1.0166928439830467,2.4743674091706844
2024-01-01 00:05:00,2,throughput_mbps,0.719515799397734,-0.9829037765587993,2.629125192951329
2024-01-01 00:05:01,2,throughput_mbps,0.7187946645477132,-1.1413181982126646,2.5310731175286696
2024-01-01 00:05:02,2,throughput_mbps,0.7180735046117089,-1.0082847370213852,2.4766108917191514
2024-01-01 00:05:03,2,throughput_mbps,0.7173523187107161,-1.1727032202949816,2.610374853740615
2024-01-01 00:05:04,2,throughput_mbps,0.7166311085160708,-1.2139978859599632,2.524744287614897
2024-01-01 00:05:05,2,throughput_mbps,0.7159098735412527,-1.1675580214558858,2.4251296181767374
2024-01-01 00:05:06,2,throughput_mbps,0.7151886136265355,-1.2004038283282283,2.5745564047618523
2024-01-01 00:05:07,2,throughput_mbps,0.7144673286450121,-1.2030422849750315,2.522415510465285
2024-01-01 00:05:08,2,throughput_mbps,0.7137460195487987,-1.1791976343960535,2.521718411329204
2024-01-01 00:05:09,2,throughput_mbps,0.7130246858184867,-1.129846142968518,2.607836577569101
2024-01-01 00:05:10,2,throughput_mbps,0.7123033276868513,-1.1391656982911307,2.4940680818004477
2024-01-01 00:05:11,2,throughput_mbps,0.7115819446672939,-1.2102146461414942,2.6027397117987223
2024-01-01 00:05:12,2,throughput_mbps,0.7108605380388218,-1.1408864208643985,2.5823817270562754
2024-01-01 00:05:13,2,throughput_mbps,0.7101391073148458,-1.1079785262114232,2.6930268993132893
2024-01-01 00:05:14,2,throughput_mbps,0.7094176527281676,-1.1308210728561638,2.6504220724511813
2024-01-01 00:05:15,2,throughput_mbps,0.7086961737328801,-1.1660322040258462,2.5845966855152014
2024-01-01 00:05:16,2,throughput_mbps,0.7079746713076254,-1.1355934717881062,2.640322721058195
2024-01-01 00:05:17,2,throughput_mbps,0.7072531453255053,-1.0790589329282196,2.483267679419656
2024-01-01 00:05:18,2,throughput_mbps,0.7065315950381309,-1.1046140630741692,2.5779317959240355
2024-01-01 00:05:19,2,throughput_mbps,0.7058100218554945,-1.1958847954036236,2.625406680610922
2024-01-01 00:05:20,2,throughput_mbps,0.705088425290955,-1.2429628900654615,2.511261958204139
2024-01-01 00:05:21,2,throughput_mbps,0.7043668054464587,-1.1131035523933044,2.492514304620319
2024-01-01 00:05:22,2,throughput_mbps,0.7036451621950831,-1.2124028780125913,2.677934733578259
2024-01-01 00:05:23,2,throughput_mbps,0.7029234960965104,-1.1687036986596477,2.755981959655845
2024-01-01 00:05:24,2,throughput_mbps,0.7022018070238221,-1.245302398589773,2.5652281263183623
2024-01-01 00:05:25,2,throughput_mbps,0.7014800950789666,-1.1218912450788892,2.426733540205041
2024-01-01 00:05:26,2,throughput_mbps,0.700758359775238,-1.1484641061157956,2.555781155573235
2024-01-01 00:05:27,2,throughput_mbps,0.700036602522793,-1.2143224411997124,2.470280335461969
2024-01-01 00:05:28,2,throughput_mbps,0.6993148225731289,-1.2716851962998954,2.5625087610376784
2024-01-01 00:05:29,2,throughput_mbps,0.6985930201590982,-1.1723583529639308,2.4658456151309007
2024-01-01 00:05:30,2,throughput_mbps,0.6978711951537666,-1.074882290075909,2.5331210770065313
2024-01-01 00:05:31,2,throughput_mbps,0.6971493481168555,-1.1511433439847718,2.5303920709208723
2024-01-01 00:05:32,2,throughput_mbps,0.6964274789214339,-1.1450942715169092,2.397566567330626
2024-01-01 00:05:33,2,throughput_mbps,0.6957055876694556,-1.1792397103834953,2.621588017090031
2024-01-01 00:05:34,2,throughput_mbps,0.6949836738741606,-1.2119938376063528,2.5766446413160318
2024-01-01 00:05:35,2,throughput_mbps,0.6942617391747486,-1.1479856158626103,2.5640171632209454
2024-01-01 00:05:36,2,throughput_mbps,0.6935397823648233,-1.1645308125807672,2.462586725426788
2024-01-01 00:05:37,2,throughput_mbps,0.6928178039061608,-1.168784632637275,2.456515521772881
2024-01-01 00:05:38,2,throughput_mbps,0.6920958033119751,-1.1850390187010582,2.5289940507759225
2024-01-01 00:05:39,2,throughput_mbps,0.6913737819926417,-1.0555657254999502,2.5772482621619637
2024-01-01 00:05:40,2,throughput_mbps,0.6906517391995018,-1.1258950828948633,2.472599907294844
2024-01-01 00:05:41,2,throughput_mbps,0.6899296751654523,-1.0576806353420354,2.566642197996563
2024-01-01 00:05:42,2,throughput_mbps,0.6892075897635435,-1.115571023234304,2.6356069440905068
2024-01-01 00:05:43,2,throughput_mbps,0.6884854835535491,-1.132128649390569,2.6451292026579014
2024-01-01 00:05:44,2,throughput_mbps,0.6877633564085216,-1.1852744188555686,2.5895176350507407
2024-01-01 00:05:45,2,throughput_mbps,0.6870412084304216,-1.1825791029341455,2.6574799908449744
2024-01-01 00:05:46,2,throughput_mbps,0.6863190391324119,-1.2228319301275161,2.39645571358046
2024-01-01 00:05:47,2,throughput_mbps,0.6855968497940407,-1.0191031016752286,2.6229429202178305
2024-01-01 00:05:48,2,throughput_mbps,0.6848746400594489,-1.0851809283440734,2.5296891718448786
2024-01-01 00:05:49,2,throughput_mbps,0.684152409768662,-1.236664262743297,2.4959180154894898
2024-01-01 00:05:50,2,throughput_mbps,0.683430158794709,-1.14735704525292,2.5966334395934565
2024-01-01 00:05:51,2,throughput_mbps,0.6827078880903258,-1.295666894833714,2.610251670689539
2024-01-01 00:05:52,2,throughput_mbps,0.6819855971356265,-1.3003776729847185,2.547790761762368
2024-01-01 00:05:53,2,throughput_mbps,0.6812632861635506,-1.1342503088776872,2.477012132113817
2024-01-01 00:05:54,2,throughput_mbps,0.6805409546872123,-1.1660190929330423,2.5730067329650694
2024-01-01 00:05:55,2,throughput_mbps,0.6798186039862688,-1.1147950000772788,2.503943368262513
2024-01-01 00:05:56,2,throughput_mbps,0.6790962335738414,-1.135030887947505,2.4824602840057315
2024-01-01 00:05:57,2,throughput_mbps,0.6783738436828939,-1.1266139193868,2.5041414947942493
2024-01-01 00:05:58,2,throughput_mbps,0.6776514337934616,-1.186002373216075,2.434815006453846
2024-01-01 00:05:59,2,throughput_mbps,0.6769290048583757,-1.1107493773086665,2.502507200746022
2024-01-01 00:06:00,2,throughput_mbps,0.6762065567506769,-1.1626923756850998,2.524415209777368
2024-01-01 00:06:01,2,throughput_mbps,0.6754840885904188,-1.1322163014103312,2.4474536271651206
2024-01-01 00:06:02,2,throughput_mbps,0.6747616020503682,-1.1632377674289103,2.479809806963166
2024-01-01 00:06:03,2,throughput_mbps,0.6740390966436149,-1.0851882940376365,2.6090467101619295
2024-01-01 00:06:04,2,throughput_mbps,0.673316572210099,-1.1534232084145533,2.4501956084407173
2024-01-01 00:06:05,2,throughput_mbps,0.6725940286228317,-1.1098058063446379,2.679170784806914
2024-01-01 00:06:06,2,throughput_mbps,0.6718714668347405,-1.2524851830830248,2.4971990048983845
2024-01-01 00:06:07,2,throughput_mbps,0.6711488863257835,-1.2111956083178776,2.5740656335084187
2024-01-01 00:06:08,2,throughput_mbps,0.6704262873289516,-1.2845629285795748,2.5438592402936084
2024-01-01 00:06:09,2,throughput_mbps,0.6697036693572734,-1.2135985278019228,2.412889503979113
2024-01-01 00:06:10,2,throughput_mbps,0.6689810336905948,-1.1263913142611854,2.436980708301031
2024-01-01 00:06:11,2,throughput_mbps,0.6687899541421941,-1.1659260465000052,2.5264511607212516
2024-01-01 00:06:12,2,throughput_mbps,0.6685988570048417,-1.425599257509137,2.470845226014179
2024-01-01 00:06:13,2,throughput_mbps,0.6684077406784208,-1.2681589362215397,2.6052408607103166
2024-01-01 00:06:14,2,throughput_mbps,0.6682166071959483,-1.0948237841914283,2.601063663247788
2024-01-01 00:06:15,2,throughput_mbps,0.6680254560704452,-1.2297104568653068,2.5069116135981253
2024-01-01 00:06:16,2,throughput_mbps,0.6678342871417846,-1.140408635133149,2.4622055951897615
2024-01-01 00:06:17,2,throughput_mbps,0.6676431002829649,-1.1930230222499196,2.42730175197926
2024-01-01 00:06:18,2,throughput_mbps,0.6674518964470567,-1.1030344507982577,2.630286676677894
2024-01-01 00:06:19,2,throughput_mbps,0.6672606751138985,-1.1663862484801715,2.5855730265741186
2024-01-01 00:06:20,2,throughput_mbps,0.6670694365165206,-1.2521378245104555,2.616440240331357
2024-01-01 00:06:21,2,throughput_mbps,0.6668781801678868,-1.1733821352233258,2.440758283062384
2024-01-01 00:06:22,2,throughput_mbps,0.6666869073479817,-1.3278407739755853,2.4481995061820228
2024-01-01 00:06:23,2,throughput_mbps,0.6664956175697754,-1.071503605594951,2.3942272791210564
2024-01-01 00:06:24,2,throughput_mbps,0.6663043110663187,-1.167780509181638,2.6132040334226425
2024-01-01 00:06:25,2,throughput_mbps,0.6661129873173801,-1.1616792530696047,2.4058820215244583
2024-01-01 00:06:26,2,throughput_mbps,0.6659216472761119,-1.223669392811156,2.593680405951064
2024-01-01 00:06:27,2,throughput_mbps,0.6657302908155244,-1.1795857644998076,2.5953627427714414
2024-01-01 00:06:28,2,throughput_mbps,0.6655389177754221,-1.1553368055430957,2.502086567437716
2024-01-01 00:06:29,2,throughput_mbps,0.6653475277998138,-1.4130416616584307,2.5336389708133966
2024-01-01 00:06:30,2,throughput_mbps,0.6651561221687678,-1.238594032248958,2.447843573759559
2024-01-01 00:06:31,2,throughput_mbps,0.6649647003952153,-1.0774131800423776,2.480192592805824
2024-01-01 00:06:32,2,throughput_mbps,0.6647732625811296,-1.3167853006547683,2.5037113252038616
2024-01-01 00:06:33,2,throughput_mbps,0.6645818085995038,-1.0536259882934143,2.4184628694144426
2024-01-01 00:06:34,2,throughput_mbps,0.6643903390102781,-1.186375728380415,2.5389094226742586
2024-01-01 00:06:35,2,throughput_mbps,0.6641988536864463,-1.255861373725209,2.4709540476058676
2024-01-01 00:06:36,2,throughput_mbps,0.6640073528610941,-1.371436482209675,2.4085806665912317
2024-01-01 00:06:37,2,throughput_mbps,0.6638158357848887,-1.2089273244513485,2.6624968128763413
2024-01-01 00:06:38,2,throughput_mbps,0.6636243038690883,-1.368377981173074,2.5547830493624684
2024-01-01 00:06:39,2,throughput_mbps,0.6634327566265843,-1.2462316369487139,2.455329693491062
2024-01-01 00:06:40,2,throughput_mbps,0.6632411939303604,-1.2833903284571166,2.5654568918116407
2024-01-01 00:06:41,2,throughput_mbps,0.6630496163403752,-1.1554449762295393,2.674397932157559
2024-01-01 00:06:42,2,throughput_mbps,0.6628580237296134,-1.2978830203996101,2.655250020634891
2024-01-01 00:06:43,2,throughput_mbps,0.662666416200052,-1.1768581603677124,2.4878805408577804
2024-01-01 00:06:44,2,throughput_mbps,0.6624747932645445,-1.3236790876788975,2.504059875382266
2024-01-01 00:06:45,2,throughput_mbps,0.6622831562033071,-1.1572173362443812,2.5692307419806895
2024-01-01 00:06:46,2,throughput_mbps,0.6620915046603366,-1.233249874896156,2.5808599823233553
2024-01-01 00:06:47,2,throughput_mbps,0.6618998384753355,-1.0764921535448349,2.4484268431574705
2024-01-01 00:06:48,2,throughput_mbps,0.661708157521274,-1.0337560358721487,2.549954135534987
2024-01-01 00:06:49,2,throughput_mbps,0.6615164627515556,-1.079341051671511,2.4882730785444545
2024-01-01 00:06:50,2,throughput_mbps,0.661324753645727,-1.0849696537604385,2.72309497092575
2024-01-01 00:06:51,2,throughput_mbps,0.6611330304369089,-1.2738090601271495,2.5410564033658414
2024-01-01 00:06:52,2,throughput_mbps,0.6609412926379203,-1.1849738412097275,2.6228481026154267
2024-01-01 00:06:53,2,throughput_mbps,0.6607495415290483,-1.1613739195997643,2.573164920522541
2024-01-01 00:06:54,2,throughput_mbps,0.6605577769832788,-1.3880946126979947,2.5184208015255534
2024-01-01 00:06:55,2,throughput_mbps,0.6603659983822654,-1.2983503228458813,2.332944402873847
2024-01-01 00:06:56,2,throughput_mbps,0.6601742055989712,-1.1493829741789208,2.4935261488242477
2024-01-01 00:06:57,2,throughput_mbps,0.6599823999137149,-0.9818225319695002,2.539057709732596
2024-01-01 00:06:58,2,throughput_mbps,0.6597905809704738,-1.0267477892801466,2.485805456035966
2024-01-01 00:06:59,2,throughput_mbps,0.659598748608886,-1.1922591982510238,2.4777671847949225
2024-01-01 00:07:00,2,throughput_mbps,0.6594069027019129,-1.0978418899634221,2.576879024113648
2024-01-01 00:07:01,2,throughput_mbps,0.6592150442030704,-1.237801440864058,2.330472224650862
2024-01-01 00:07:02,2,throughput_mbps,0.6590231725918017,-1.2140601054043827,2.5723712999716866
2024-01-01 00:07:03,2,throughput_mbps,0.658831288101258,-1.2091605917200854,2.5073095202590574
2024-01-01 00:07:04,2,throughput_mbps,0.6586393902442096,-1.2028401979028953,2.543288469641529
2024-01-01 00:07:05,2,throughput_mbps,0.6584474803010396,-1.2463523080839782,2.408033066100729
2024-01-01 00:07:06,2,throughput_mbps,0.6582555577845224,-1.2344479100286199,2.5136839051524773
2024-01-01 00:07:07,2,throughput_mbps,0.6580636230916056,-1.1042672604896,2.5638637598204768
2024-01-01 00:07:08,2,throughput_mbps,0.6578716755378919,-1.2452080359267186,2.6275474905540066
2024-01-01 00:07:09,2,throughput_mbps,0.6576797160769619,-1.1820803478674355,2.6146770796866337
2024-01-01 00:07:10,2,throughput_mbps,0.657487744581787,-1.3685291036618334,2.437184229375418
2024-01-01 00:07:11,2,throughput_mbps,0.6572957608919417,-1.247492163481784,2.457380689359617
2024-01-01 00:07:12,2,throughput_mbps,0.6571037645201584,-1.1729481601942382,2.5804755939089965
2024-01-01 00:07:13,2,throughput_mbps,0.6569117571404978,-1.1704665449557488,2.4613407716105553
2024-01-01 00:07:14,2,throughput_mbps,0.6567197378720828,-1.1937496338770028,2.481344928042859
2024-01-01 00:07:15,2,throughput_mbps,0.6565277069480946,-1.220546489431449,2.394160382148431
2024-01-01 00:07:16,2,throughput_mbps,0.6563356642414925,-1.234128523795511,2.56821690340859
2024-01-01 00:07:17,2,throughput_mbps,0.6561436103122802,-1.278072126130692,2.460561660656055
2024-01-01 00:07:18,2,throughput_mbps,0.6559515450334167,-1.0876331708279754,2.6175581223888083
2024-01-01 00:07:19,2,throughput_mbps,0.6557594679176182,-1.216602518714411,2.3845137240417045
2024-01-01 00:07:20,2,throughput_mbps,0.6555673802453696,-1.1421861815127718,2.5361577796911674
2024-01-01 00:07:21,2,throughput_mbps,0.6553752815293904,-1.121758448976335,2.6224760176660293
2024-01-01 00:07:22,2,throughput_mbps,0.6551831720028856,-1.197717223486644,2.373699571057426
2024-01-01 00:07:23,2,throughput_mbps,0.6549910511451129,-1.2284770778292127,2.5252859232562956
2024-01-01 00:07:24,2,throughput_mbps,0.6547989199097768,-1.194949720528071,2.583980811503842
2024-01-01 00:07:25,2,throughput_mbps,0.6546067781698403,-1.1476002569576371,2.51675065697117
2024-01-01 00:07:26,2,throughput_mbps,0.6544146257647977,-1.1179055389553885,2.5973987881694667
2024-01-01 00:07:27,2,throughput_mbps,0.6542224623385765,-1.2770677063884763,2.4508777674686137
2024-01-01 00:07:28,2,throughput_mbps,0.6540302891717087,-1.3245133044994535,2.557187312082578
2024-01-01 00:07:29,2,throughput_mbps,0.6538381057768865,-1.177116943151169,2.4556415279531083
2024-01-01 00:07:30,2,throughput_mbps,0.6536459122560813,-1.1673522275535182,2.5307482256728795
2024-01-01 00:07:31,2,throughput_mbps,0.6534537084822438,-1.14379443848037,2.564210557933707
2024-01-01 00:07:32,2,throughput_mbps,0.6532614950153834,-1.2311067280078856,2.533332995424763
2024-01-01 00:07:33,2,throughput_mbps,0.6530692717284501,-1.1359382366278186,2.4966973750883543
2024-01-01 00:07:34,2,throughput_mbps,0.6528770388546761,-1.2005814027024448,2.4476359872022804
2024-01-01 00:07:35,2,throughput_mbps,0.6526847956442053,-1.2257970849674211,2.571887245228513
2024-01-01 00:07:36,2,throughput_mbps,0.6524925437378915,-1.2359301746773494,2.4348616592529346
2024-01-01 00:07:37,2,throughput_mbps,0.6523002823216313,-1.1970529313084233,2.6377420310415642
2024-01-01 00:07:38,2,throughput_mbps,0.6521080114638771,-1.151801818001832,2.518568718830078
2024-01-01 00:07:39,2,throughput_mbps,0.65191573080855,-1.184060507859798,2.5731111389113406
2024-01-01 00:07:40,2,throughput_mbps,0.6517234416362426,-1.2083398948633919,2.5944277145621495
2024-01-01 00:07:41,2,throughput_mbps,0.6515311434596115,-1.1641637845011228,2.4441780669162405
2024-01-01 00:07:42,2,throughput_mbps,0.6513388363806225,-1.2480130219966448,2.4923290259217246
2024-01-01 00:07:43,2,throughput_mbps,0.6511465202722229,-1.3003609309830975,2.534668830742678
2024-01-01 00:07:44,2,throughput_mbps,0.650954195694419,-1.080163324674537,2.625648950156967
2024-01-01 00:07:45,2,throughput_mbps,0.6507618625201561,-1.313200839057771,2.403497693134708
2024-01-01 00:07:46,2,throughput_mbps,0.65056952098269,-1.1920188914734047,2.5328494755061355
2024-01-01 00:07:47,2,throughput_mbps,0.6503771703320753,-1.1238258203007239,2.4679801663968255
2024-01-01 00:07:48,2,throughput_mbps,0.6501848119802267,-1.276333978289695,2.555736780793935
2024-01-01 00:07:49,2,throughput_mbps,0.6499924454397784,-1.1980191657626487,2.4321447582577966
2024-01-01 00:07:50,2,throughput_mbps,0.649800070812694,-1.2076924119063215,2.583616420266649
2024-01-01 00:07:51,2,throughput_mbps,0.6496076879719175,-1.2247905031179531,2.6032094145643345
2024-01-01 00:07:52,2,throughput_mbps,0.6494152974774501,-1.102977188068518,2.597729353844239
2024-01-01 00:07:53,2,throughput_mbps,0.6492228992022352,-1.1779900786963615,2.423122442757836
2024-01-01 00:07:54,2,throughput_mbps,0.6490304932482344,-1.0990418918625784,2.531818427018367
2024-01-01 00:07:55,2,throughput_mbps,0.6488380791280612,-1.0926412255620341,2.489671275368616
2024-01-01 00:07:56,2,throughput_mbps,0.6486456582536841,-1.0473840807581276,2.456979222219328
2024-01-01 00:07:57,2,throughput_mbps,0.6484532298750931,-1.1868074493068559,2.7500366574157358
2024-01-01 00:07:58,2,throughput_mbps,0.6482607938652233,-1.2886020731618284,2.4909931784244175
2024-01-01 00:07:59,2,throughput_mbps,0.6480683511780239,-1.1563344915436473,2.6380046200780907
2024-01-01 00:08:00,2,throughput_mbps,0.6478759012924822,-1.096357174941072,2.4345137942487765
2024-01-01 00:08:01,2,throughput_mbps,0.6476834444418742,-1.1342805378926286,2.6486468441585167
2024-01-01 00:08:02,2,throughput_mbps,0.6474909801387974,-1.1587367607999675,2.439372316689872
2024-01-01 00:08:03,2,throughput_mbps,0.6472985093856736,-1.2392251810105699,2.37485748804833
2024-01-01 00:08:04,2,throughput_mbps,0.6471060319733558,-1.2203202930389547,2.5269899305435986
2024-01-01 00:08:05,2,throughput_mbps,0.6469135481351345,-1.1096171102947716,2.512960563367235
2024-01-01 00:08:06,2,throughput_mbps,0.6467210573499482,-1.1437734855075905,2.4879182754907534
2024-01-01 00:08:07,2,throughput_mbps,0.646528560571785,-1.1345038619986108,2.476846813667529
2024-01-01 00:08:08,2,throughput_mbps,0.6463360576735904,-1.1783062705968765,2.4712044991725137
2024-01-01 00:08:09,2,throughput_mbps,0.6461435484946398,-1.2570805196783876,2.509403036013752
2024-01-01 00:08:10,2,throughput_mbps,0.6459510325475086,-1.2408650548006803,2.459942847255881
2024-01-01 00:08:11,2,throughput_mbps,0.6457585115069258,-1.127803932186927,2.524543059914745
2024-01-01 00:08:12,2,throughput_mbps,0.6455659844914394,-1.1714483831473128,2.469225333804792
2024-01-01 00:08:13,2,throughput_mbps,0.6453734520947088,-1.1238350492781246,2.422459092208274
2024-01-01 00:08:14,2,throughput_mbps,0.6451809131085837,-1.2429038751431873,2.528264576884363
2024-01-01 00:08:15,2,throughput_mbps,0.6449883691741286,-1.2038785685241753,2.4216461938270344
2024-01-01 00:08:16,2,throughput_mbps,0.6447958198039179,-1.2834375719855742,2.4191193076211377
2024-01-01 00:08:17,2,throughput_mbps,0.6446032652312599,-1.3094575450310486,2.450441307267484
2024-01-01 00:08:18,2,throughput_mbps,0.6444107049350152,-1.2505081206160558,2.4651579337737295
2024-01-01 00:08:19,2,throughput_mbps,0.6442181398692304,-1.2646774039327138,2.4660980858103634
2024-01-01 00:08:20,2,throughput_mbps,0.6440255699068489,-1.121844871161597,2.4135291588909764
2024-01-01 00:08:21,2,throughput_mbps,0.6438329948870875,-1.2744250316141543,2.3867048339982744
2024-01-01 00:08:22,2,throughput_mbps,0.6436404143225004,-1.2029650881192975,2.620049335212918
2024-01-01 00:08:23,2,throughput_mbps,0.6434478298879138,-1.0500923270529812,2.517573580704231
2024-01-01 00:08:24,2,throughput_mbps,0.643255240701776,-1.1722444130473428,2.52539789896292
2024-01-01 00:08:25,2,throughput_mbps,0.6430626469974017,-1.19741803744677,2.410842448287284
2024-01-01 00:08:26,2,throughput_mbps,0.6428700486477308,-1.1175808965146314,2.510255748610502
2024-01-01 00:08:27,2,throughput_mbps,0.6426774462127135,-1.0983604782831846,2.525728772606666
2024-01-01 00:08:28,2,throughput_mbps,0.6424848395652877,-1.176782304979219,2.360910647264096
2024-01-01 00:08:29,2,throughput_mbps,0.6422922289387797,-1.101926333892225,2.5396173822674593
2024-01-01 00:08:30,2,throughput_mbps,0.6420996134515837,-1.215640256365014,2.45629653566899
2024-01-01 00:08:31,2,throughput_mbps,0.6419069947785743,-1.2512913534066443,2.494917259788176
2024-01-01 00:08:32,2,throughput_mbps,0.6417143724323078,-1.1869043527462466,2.4112647509654757
2024-01-01 00:08:33,2,throughput_mbps,0.6415217462519408,-1.2636303954902,2.437171039794181
2024-01-01 00:08:34,2,throughput_mbps,0.6413291161104068,-1.178246960795876,2.4765484810468896
2024-01-01 00:08:35,2,throughput_mbps,0.6411364829618265,-1.2994922116643683,2.444109877308529
2024-01-01 00:08:36,2,throughput_mbps,0.640943846284949,-1.277872460249339,2.550476660310365
2024-01-01 00:08:37,2,throughput_mbps,0.6407512057237135,-1.1227699435863896,2.457235922134333
2024-01-01 00:08:38,2,throughput_mbps,0.6405585625588381,-1.3090446992981772,2.5820087530472944
2024-01-01 00:08:39,2,throughput_mbps,0.6403659163028644,-1.2954987434007257,2.443542053485565
2024-01-01 00:08:40,2,throughput_mbps,0.6401732670577256,-1.2475115849310807,2.5745896308368126
2024-01-01 00:08:41,2,throughput_mbps,0.6399806146963609,-1.1188175331032906,2.5584503072834854
2024-01-01 00:08:42,2,throughput_mbps,0.639787959778686,-1.1768515776345223,2.295714873030568
2024-01-01 00:08:43,2,throughput_mbps,0.6395953021776388,-1.2425929433601925,2.4681684120129175
2024-01-01 00:08:44,2,throughput_mbps,0.6394026421265644,-1.3147870682787928,2.4180909400117114
2024-01-01 00:08:45,2,throughput_mbps,0.6392099788751677,-1.3085011128012836,2.4927368862516475
2024-01-01 00:08:46,2,throughput_mbps,0.6390173138355774,-1.1465580784489593,2.5788396666785927
2024-01-01 00:08:47,2,throughput_mbps,0.6388246465203271,-1.202696915450659,2.50508477256576
2024-01-01 00:08:48,2,throughput_mbps,0.6386319770313427,-1.2890438095355057,2.4273952276882858
2024-01-01 00:08:49,2,throughput_mbps,0.6384393052415651,-1.2382114165671612,2.433456934854603
2024-01-01 00:08:50,2,throughput_mbps,0.6382466317108877,-1.2514519798747652,2.334425612774679
2024-01-01 00:08:51,2,throughput_mbps,0.6380539563122485,-1.2360519241084136,2.435247390349066
2024-01-01 00:08:52,2,throughput_mbps,0.6378612791475703,-1.3899389863730094,2.696093079880684
2024-01-01 00:08:53,2,throughput_mbps,0.6376685997293821,-1.210775782145963,2.44811689921054
2024-01-01 00:08:54,2,throughput_mbps,0.6374759194698247,-1.1869304483402288,2.615444403491874
2024-01-01 00:08:55,2,throughput_mbps,0.6372832378475339,-1.1796316120002923,2.4644691053456027
2024-01-01 00:08:56,2,throughput_mbps,0.6370905547693453,-1.2756597579309428,2.4504866957500737
2024-01-01 00:08:57,2,throughput_mbps,0.6368978697138887,-1.1504524510644156,2.6070707915825455
2024-01-01 00:08:58,2,throughput_mbps,0.6367051840932991,-1.2409867842213362,2.448707466616986
2024-01-01 00:08:59,2,throughput_mbps,0.6365124988170838,-1.1632661280359318,2.4090901848157125
2024-01-01 00:09:00,2,throughput_mbps,0.6363198125901764,-1.1204192014308627,2.4723647734278154
2024-01-01 00:09:01,2,throughput_mbps,0.6361271252855198,-1.3303451501860737,2.520011152983642
2024-01-01 00:09:02,2,throughput_mbps,0.6359344374629692,-1.1724223441690602,2.6082594493188673
2024-01-01 00:09:03,2,throughput_mbps,0.6357417489954649,-1.1637494276735403,2.366391155689202
2024-01-01 00:09:04,2,throughput_mbps,0.635549059984918,-1.3071895047329491,2.540505788693595
2024-01-01 00:09:05,2,throughput_mbps,0.6353563699438541,-1.148209578838742,2.4870455022264673
2024-01-01 00:09:06,2,throughput_mbps,0.6351636802844112,-1.363438060728632,2.4204958948536355
2024-01-01 00:09:07,2,throughput_mbps,0.6349709902561972,-1.2697984945750338,2.565652854311509
2024-01-01 00:09:08,2,throughput_mbps,0.6347783000925753,-1.2133188682371894,2.4883238224106243
2024-01-01 00:09:09,2,throughput_mbps,0.6345856096664928,-1.1481598451793988,2.506662123372216
2024-01-01 00:09:10,2,throughput_mbps,0.6343929195377742,-1.2110260537005921,2.3571926549498805
2024-01-01 00:09:11,2,throughput_mbps,0.6342002295793636,-1.1961693521109262,2.3671788874757014
2024-01-01 00:09:12,2,throughput_mbps,0.6340075398931634,-1.2233183935623946,2.4574136283553663
2024-01-01 00:09:13,2,throughput_mbps,0.633814849991698,-1.170727334633514,2.4785484853184983
2024-01-01 00:09:14,2,throughput_mbps,0.6336221611556249,-1.1109702470911553,2.529084570784159
2024-01-01 00:09:15,2,throughput_mbps,0.6334294730289395,-1.21169917862655,2.3664417386394954
2024-01-01 00:09:16,2,throughput_mbps,0.6332367850901686,-1.2749206951941472,2.4035334218367708
2024-01-01 00:09:17,2,throughput_mbps,0.6330440982935321,-1.1777071358002256,2.352844402010522
2024-01-01 00:09:18,2,throughput_mbps,0.6328514125119822,-1.199187330563687,2.383748086896068
2024-01-01 00:09:19,2,throughput_mbps,0.6326587275844561,-1.194903268993615,2.4387221006410678
2024-01-01 00:09:20,2,throughput_mbps,0.6324660430234741,-1.3197336426823136,2.544188603804345
2024-01-01 00:09:21,2,throughput_mbps,0.6322733605041186,-1.1597781783749361,2.5286605026988074
2024-01-01 00:09:22,2,throughput_mbps,0.6320806791444622,-1.2457852728327359,2.50946514473612
2024-01-01 00:09:23,2,throughput_mbps,0.6318879991778785,-1.2428289229980183,2.424652791738929
2024-01-01 00:09:24,2,throughput_mbps,0.6316953204773214,-1.117289934375298,2.559563780231923
2024-01-01 00:09:25,2,throughput_mbps,0.631502643602554,-1.2737655747266887,2.5149542343127185
2024-01-01 00:09:26,2,throughput_mbps,0.6313099684265262,-1.2390256607380643,2.4405647977340035
2024-01-01 00:09:27,2,throughput_mbps,0.6311172951826197,-1.1834127749141128,2.358323981824127
2024-01-01 00:09:28,2,throughput_mbps,0.6309246229888767,-1.1427666643525707,2.4206214231572476
2024-01-01 00:09:29,2,throughput_mbps,0.6307319535203835,-1.2625673206548966,2.4826027186851194
2024-01-01 00:09:30,2,throughput_mbps,0.6305392862896689,-1.4033055623844253,2.5190246396175624
2024-01-01 00:09:31,2,throughput_mbps,0.6303466211356161,-1.254383441285998,2.406630903131624
2024-01-01 00:09:32,2,throughput_mbps,0.6301539579311771,-1.2812326071330493,2.435173699910262
2024-01-01 00:09:33,2,throughput_mbps,0.6299612976305913,-1.1943503071419315,2.5009181339649538
2024-01-01 00:09:34,2,throughput_mbps,0.6297686397123002,-1.2728913498589933,2.547596574836047
2024-01-01 00:09:35,2,throughput_mbps,0.6295759844096849,-1.4038536975030298,2.4522368497330325
2024-01-01 00:09:36,2,throughput_mbps,0.6293833312352783,-1.175351148975129,2.4273052858836186
2024-01-01 00:09:37,2,throughput_mbps,0.6291906818300688,-1.2784965966669535,2.507674164495461
2024-01-01 00:09:38,2,throughput_mbps,0.628998034985732,-1.2912974521504574,2.3774965228378435
2024-01-01 00:09:39,2,throughput_mbps,0.6288053912960825,-0.996643152817118,2.510325144880853
2024-01-01 00:09:40,2,throughput_mbps,0.6286127498791094,-1.1507599871601533,2.484690285686141
2024-01-01 00:09:41,2,throughput_mbps,0.6284201124099008,-1.23384280538173,2.5272927605383577
2024-01-01 00:09:42,2,throughput_mbps,0.6282274784009928,-1.139301425119763,2.486080922443306
2024-01-01 00:09:43,2,throughput_mbps,0.6280348476912131,-1.243077988432177,2.459090186902298
2024-01-01 00:09:44,2,throughput_mbps,0.6278422201535221,-1.2653735506871946,2.388574049803317
2024-01-01 00:09:45,2,throughput_mbps,0.6276495967421587,-1.101985449991182,2.602288801776007
2024-01-01 00:09:46,2,throughput_mbps,0.627456976935513,-1.339891766213825,2.479130275982897
2024-01-01 00:09:47,2,throughput_mbps,0.6272643609669696,-1.147139359078674,2.4267388539913464
2024-01-01 00:09:48,2,throughput_mbps,0.6270717483490732,-1.3115338741144122,2.4674850920577724
2024-01-01 00:09:49,2,throughput_mbps,0.626879140362318,-1.2112229268586499,2.4798029845142353
2024-01-01 00:09:50,2,throughput_mbps,0.6266865365192433,-1.1658206472053811,2.383490267953394
2024-01-01 00:09:51,2,throughput_mbps,0.6264939370532411,-1.2766298159969833,2.517746267204019
2024-01-01 00:09:52,2,throughput_mbps,0.626301341442676,-1.170280567779734,2.473296081023275
2024-01-01 00:09:53,2,throughput_mbps,0.6261087506417797,-1.1980186603052043,2.4895763479178616
2024-01-01 00:09:54,2,throughput_mbps,0.6259161645235218,-1.1353952843880073,2.5298693935150482
2024-01-01 00:09:55,2,throughput_mbps,0.6257235829266756,-1.2378005467097943,2.4161284600234887
2024-01-01 00:09:56,2,throughput_mbps,0.625531005495334,-1.181739169228152,2.447467277825922
2024-01-01 00:09:57,2,throughput_mbps,0.6253384335099397,-1.2283210119112122,2.539716716252242
2024-01-01 00:09:58,2,throughput_mbps,0.6251458664830409,-1.2192542232523191,2.548490591843209
2024-01-01 00:09:59,2,throughput_mbps,0.6249533042876129,-1.1892228426663043,2.504409765187502
2024-01-01 00:10:00,2,throughput_mbps,0.624760747483243,-1.2151072677355121,2.4900317026093917
2024-01-01 00:10:01,2,throughput_mbps,0.6245681959429018,-1.254655743868523,2.405270445338536
2024-01-01 00:10:02,2,throughput_mbps,0.6243756497684305,-1.2026162098752002,2.4412033818424486
2024-01-01 00:10:03,2,throughput_mbps,0.6241831084723931,-1.0805984144395955,2.588047708819276
2024-01-01 00:10:04,2,throughput_mbps,0.6239905734667386,-1.2511693129463848,2.447776541614815
2024-01-01 00:10:05,2,throughput_mbps,0.6237980440009163,-1.0287168895768766,2.52729548519656
2024-01-01 00:10:06,2,throughput_mbps,0.6236055203083162,-1.3125239197561636,2.5203180257331774
2024-01-01 00:10:07,2,throughput_mbps,0.6234130022619192,-1.2838147296659315,2.506608961771366
2024-01-01 00:10:08,2,throughput_mbps,0.623220490421266,-1.2303276823016136,2.399611653716098
2024-01-01 00:10:09,2,throughput_mbps,0.623027984659333,-1.1993280346066952,2.5165011724709463
2024-01-01 00:10:10,2,throughput_mbps,0.6228354850779505,-1.251151625586907,2.5165142677155146
2024-01-01 00:10:11,2,throughput_mbps,0.6226429911896951,-1.1135915462657708,2.480663310502561
2024-01-01 00:10:12,2,throughput_mbps,0.6224505042749,-1.3301894287186904,2.3606328062214006
2024-01-01 00:10:13,2,throughput_mbps,0.6222580239777032,-1.281682230056004,2.4754041717369795
2024-01-01 00:10:14,2,throughput_mbps,0.6220655503656315,-1.3094384415006752,2.4541114658677556
2024-01-01 00:10:15,2,throughput_mbps,0.621873082625161,-1.189214288432123,2.4425884945358787
2024-01-01 00:10:16,2,throughput_mbps,0.6216806223970018,-1.1038703943492065,2.67575806122028
2024-01-01 00:10:17,2,throughput_mbps,0.62148816893059,-1.2029399346679026,2.576401395880572
2024-01-01 00:10:18,2,throughput_mbps,0.6212957224593139,-1.2192587286076328,2.451643631757402
2024-01-01 00:10:19,2,throughput_mbps,0.6211032828561658,-1.0792005389633172,2.5444161631418356
2024-01-01 00:10:20,2,throughput_mbps,0.6209108506806105,-1.1735083065119842,2.439801879094578
2024-01-01 00:10:21,2,throughput_mbps,0.6207184258056359,-1.1829571406370896,2.4421612172433607
2024-01-01 00:10:22,2,throughput_mbps,0.6205260083330524,-1.1518452024229904,2.3836593348017985
2024-01-01 00:10:23,2,throughput_mbps,0.6203335977754618,-1.334920871743525,2.3797558714618634
2024-01-01 00:10:24,2,throughput_mbps,0.6201411954130946,-1.1929626259055814,2.4034900753354584
2024-01-01 00:10:25,2,throughput_mbps,0.6199488008901284,-1.3438736112527783,2.407094061199131
2024-01-01 00:10:26,2,throughput_mbps,0.6197564140452023,-1.2584542619701076,2.4557199935537666
2024-01-01 00:10:27,2,throughput_mbps,0.6195640347513123,-1.166068861865534,2.349917542801405
2024-01-01 00:10:28,2,throughput_mbps,0.6193716639626303,-1.3477977337915619,2.546925856300436
2024-01-01 00:10:29,2,throughput_mbps,0.6191793011573905,-1.1548006393318653,2.424546453664242
2024-01-01 00:10:30,2,throughput_mbps,0.6189869465689786,-1.1175613264485682,2.38419456576992
2024-01-01 00:10:31,2,throughput_mbps,0.618794599710014,-1.1200746204057734,2.598864275400397
2024-01-01 00:10:32,2,throughput_mbps,0.6186022618606526,-1.2244719439525278,2.367743408792974
2024-01-01 00:10:33,2,throughput_mbps,0.618409932533506,-1.2664284990153514,2.4495833435788503
2024-01-01 00:10:34,2,throughput_mbps,0.6182176119619627,-1.1518503961124114,2.4695331815486585
2024-01-01 00:10:35,2,throughput_mbps,0.6180252996242431,-1.2859312467556645,2.4179787110119926
2024-01-01 00:10:36,2,throughput_mbps,0.6178329964744915,-1.079934213823925,2.5781597355400168
2024-01-01 00:10:37,2,throughput_mbps,0.6176407023857144,-1.3150076748991435,2.5080983433417643
2024-01-01 00:10:38,2,throughput_mbps,0.6174484164757484,-1.190743249601244,2.417344930976985
2024-01-01 00:10:39,2,throughput_mbps,0.6172561404194797,-1.2508732001638705,2.434617280943309
2024-01-01 00:10:40,2,throughput_mbps,0.6170638737295411,-1.2260706132267896,2.537689173799344
2024-01-01 00:10:41,2,throughput_mbps,0.6168716162445069,-1.3334474200231474,2.3954314418592655
2024-01-01 00:10:42,2,throughput_mbps,0.6166793678373896,-1.1498673603858636,2.4515563454301974
2024-01-01 00:10:43,2,throughput_mbps,0.6164871294623137,-1.1597041129825107,2.4965581860708466
2024-01-01 00:10:44,2,throughput_mbps,0.6162949005974696,-1.2597924455754381,2.470473720868215
2024-01-01 00:10:45,2,throughput_mbps,0.6161026814762379,-1.3186285699005529,2.4837444161770783
2024-01-01 00:10:46,2,throughput_mbps,0.6159104716112773,-1.2275486254638988,2.3636571972534517
2024-01-01 00:10:47,2,throughput_mbps,0.6157182722825887,-1.1765092342375565,2.4508645162513067
2024-01-01 00:10:48,2,throughput_mbps,0.615526083002823,-1.275177784773518,2.422536144697574
2024-01-01 00:10:49,2,throughput_mbps,0.6153339040053619,-1.1927673021104859,2.403553500116761
2024-01-01 00:10:50,2,throughput_mbps,0.6151417347683862,-1.0610610126565745,2.5291916337034213
2024-01-01 00:10:51,2,throughput_mbps,0.6149495762459855,-1.2961421240697852,2.518685348349362
2024-01-01 00:10:52,2,throughput_mbps,0.614757428311182,-1.24051828967179,2.4735773343687955
2024-01-01 00:10:53,2,throughput_mbps,0.6145652908025002,-1.4136793983329,2.435273877078135
2024-01-01 00:10:54,2,throughput_mbps,0.6143731633642394,-1.3038694904339239,2.4480140923435423
2024-01-01 00:10:55,2,throughput_mbps,0.6141810472763111,-1.1790554818375503,2.473436210508617
2024-01-01 00:10:56,2,throughput_mbps,0.6139889424117341,-1.1897647898237729,2.3713590592211946
2024-01-01 00:10:57,2,throughput_mbps,0.6137968481515698,-1.3396083937042682,2.468832022445438
2024-01-01 00:10:58,2,throughput_mbps,0.613604764368859,-1.2506620128051091,2.4314045725054414
2024-01-01 00:10:59,2,throughput_mbps,0.6134126923434675,-1.179946027519586,2.48290123940075
2024-01-01 00:11:00,2,throughput_mbps,0.6132206315880812,-1.1994628230090703,2.4980965988652826
2024-01-01 00:11:01,2,throughput_mbps,0.6130285823360732,-1.2410219923218646,2.454281583651832
2024-01-01 00:11:02,2,throughput_mbps,0.6128365440655983,-1.1160667656999992,2.47878079556497
2024-01-01 00:11:03,2,throughput_mbps,0.6126445177306926,-1.311718007544826,2.483114829290935
2024-01-01 00:11:04,2,throughput_mbps,0.6124525032043927,-1.1984279662429782,2.297977016777067
2024-01-01 00:11:05,2,throughput_mbps,0.6122605003251733,-1.2299455888917923,2.4892911404612943
2024-01-01 00:11:06,2,throughput_mbps,0.6120685087373866,-1.3555525027402993,2.4093604677860387
2024-01-01 00:11:07,2,throughput_mbps,0.6118765297208001,-1.297180444869297,2.433809169784684
2024-01-01 00:11:08,2,throughput_mbps,0.6116845627881263,-1.2946422881965887,2.5955808969001795
2024-01-01 00:11:09,2,throughput_mbps,0.6114926080410945,-1.2848463150446123,2.3498946014202216
2024-01-01 00:11:10,2,throughput_mbps,0.6113006653527565,-1.0943125997101115,2.3381767846334838
2024-01-01 00:11:11,2,throughput_mbps,0.6111087352821954,-1.2327063848044142,2.4571893795046833
2024-01-01 00:11:12,2,throughput_mbps,0.6109168177024547,-1.2876354425132823,2.4895732976402827
2024-01-01 00:11:13,2,throughput_mbps,0.6107249128468988,-1.1886653039616426,2.475861602614742
2024-01-01 00:11:14,2,throughput_mbps,0.6105330199649952,-1.3811203501429299,2.474592637903594
2024-01-01 00:11:15,2,throughput_mbps,0.6103411404680485,-1.2445139858974135,2.507197063586024
2024-01-01 00:11:16,2,throughput_mbps,0.6101492738687997,-1.2599827164670474,2.3314170579160303
2024-01-01 00:11:17,2,throughput_mbps,0.6099574200403101,-1.1779064575005502,2.4306183302719164
2024-01-01 00:11:18,2,throughput_mbps,0.6097655795416015,-1.3066008865448497,2.5188251701586246
2024-01-01 00:11:19,2,throughput_mbps,0.6095737522457276,-1.2363860225001804,2.523047676061831
2024-01-01 00:11:20,2,throughput_mbps,0.6093819382543975,-1.281577900672774,2.523541469347307
2024-01-01 00:11:21,2,throughput_mbps,0.6091901370803874,-1.2770704175147507,2.392382541484524
2024-01-01 00:11:22,2,throughput_mbps,0.6089983500032671,-1.333427341918978,2.327697089667283
2024-01-01 00:11:23,2,throughput_mbps,0.6088065766674555,-1.170656368268885,2.501531594572078
2024-01-01 00:11:24,2,throughput_mbps,0.6086148169113497,-1.271946651602452,2.3700176182118904
2024-01-01 00:11:25,2,throughput_mbps,0.6084230706080196,-1.345226490731357,2.451990352153079
2024-01-01 00:11:26,2,throughput_mbps,0.6082313387113782,-1.3429689623741161,2.4588222786292144
2024-01-01 00:11:27,2,throughput_mbps,0.608039620699529,-1.2838530529022987,2.526930700600278
2024-01-01 00:11:28,2,throughput_mbps,0.6078479168058183,-1.1666259554003002,2.342144064565766
2024-01-01 00:11:29,2,throughput_mbps,0.6076562265430538,-1.2506753009467322,2.5749494103550217
2024-01-01 00:11:30,2,throughput_mbps,0.6074645511906938,-1.1637177905126994,2.285723006390667
2024-01-01 00:11:31,2,throughput_mbps,0.607272890261536,-1.1504681301080613,2.4602672830697414
2024-01-01 00:11:32,2,throughput_mbps,0.6070812439889252,-1.2686822284041959,2.597997216294151
2024-01-01 00:11:33,2,throughput_mbps,0.6068896118509642,-1.232716035598615,2.5047401520229524
2024-01-01 00:11:34,2,throughput_mbps,0.6066979948015125,-1.2269855033094954,2.4999090096886425
2024-01-01 00:11:35,2,throughput_mbps,0.60650639271365,-1.2921794777203168,2.4465681515085365
2024-01-01 00:11:36,2,throughput_mbps,0.6063148054257262,-1.2937791524556639,2.2363873120183784
2024-01-01 00:11:37,2,throughput_mbps,0.6061232324505809,-1.1757135486671288,2.5040686963371717
2024-01-01 00:11:38,2,throughput_mbps,0.6059316758227945,-1.1519677295514863,2.500347580211138
2024-01-01 00:11:39,2,throughput_mbps,0.6057401339397095,-1.219738095633034,2.4490053777052916
2024-01-01 00:11:40,2,throughput_mbps,0.6055486073949071,-1.2920307477169102,2.465641308683943
2024-01-01 00:11:41,2,throughput_mbps,0.605357095701247,-1.096600997733226,2.6418332364222854
2024-01-01 00:11:42,2,throughput_mbps,0.6051656001380076,-1.3070138473263808,2.274442705404297
2024-01-01 00:11:43,2,throughput_mbps,0.6049741202180385,-1.206160901083936,2.422156630417008
2024-01-01 00:11:44,2,throughput_mbps,0.6047826561746693,-1.2024415681895253,2.4374793956212453
2024-01-01 00:11:45,2,throughput_mbps,0.6045912074859899,-1.2471831313046204,2.4650557508017332
2024-01-01 00:11:46,2,throughput_mbps,0.6043997751057768,-1.2326282269648265,2.566607139495734
2024-01-01 00:11:47,2,throughput_mbps,0.6042083589071288,-1.1979277940169581,2.279275932042764
2024-01-01 00:11:48,2,throughput_mbps,0.6040169587283475,-1.287696788481803,2.3408399453944746
2024-01-01 00:11:49,2,throughput_mbps,0.6038255740823288,-1.1279101262669802,2.49349812973386
2024-01-01 00:11:50,2,throughput_mbps,0.6036342066432513,-1.1927127478533595,2.4374485314818575
2024-01-01 00:11:51,2,throughput_mbps,0.6034428555289741,-1.353029787729342,2.4136083773664385
2024-01-01 00:11:52,2,throughput_mbps,0.6032515209728133,-1.276485270651043,2.5340300425677555
2024-01-01 00:11:53,2,throughput_mbps,0.603060202847887,-1.3063058892930999,2.3914250500593575
2024-01-01 00:11:54,2,throughput_mbps,0.6028689017128773,-1.2088941756925868,2.3687115823265414
2024-01-01 00:11:55,2,throughput_mbps,0.6026776174408932,-1.179674929534629,2.579373985792976
2024-01-01 00:11:56,2,throughput_mbps,0.6024863495448664,-1.2625247234041523,2.377389030962885
2024-01-01 00:11:57,2,throughput_mbps,0.6022950993038341,-1.1513138498781126,2.59022339365867
2024-01-01 00:11:58,2,throughput_mbps,0.6021038662307155,-1.1915321400250416,2.410012114684247
2024-01-01 00:11:59,2,throughput_mbps,0.60191265055882,-1.3131132983031677,2.3504649087845118
2024-01-01 00:12:00,2,throughput_mbps,0.6017214517662256,-1.2062899513935716,2.5995761959179355
2024-01-01 00:12:01,2,throughput_mbps,0.6015302708065947,-1.4097672115348627,2.5253027648391995
2024-01-01 00:12:02,2,throughput_mbps,0.6013391075530496,-1.2435902695211052,2.4598277975711897
2024-01-01 00:12:03,2,throughput_mbps,0.6011479618438353,-1.1754262858853552,2.572360253976165
2024-01-01 00:12:04,2,throughput_mbps,0.6009568333236095,-1.2263916109014683,2.4783476014005883
2024-01-01 00:12:05,2,throughput_mbps,0.600765723271273,-1.2649131750715747,2.486239523660282
2024-01-01 00:12:06,2,throughput_mbps,0.6005746311997857,-1.173181957489967,2.261995255561458
2024-01-01 00:12:07,2,throughput_mbps,0.6003835572107541,-1.2330072956889582,2.4905576229185584
2024-01-01 00:12:08,2,throughput_mbps,0.6001925011773223,-1.2086143252890111,2.486386832168231
2024-01-01 00:12:09,2,throughput_mbps,0.6000014636580164,-1.2104668227530517,2.5246860152154125
2024-01-01 00:12:10,2,throughput_mbps,0.599810444525972,-1.2590143804228235,2.4755975690871765
2024-01-01 00:12:11,2,throughput_mbps,0.5996194440144775,-1.3811752393536598,2.412636801946307
2024-01-01 00:12:12,2,throughput_mbps,0.5994284613731645,-1.2234350414473913,2.4053060765011915
2024-01-01 00:12:13,2,throughput_mbps,0.5992374980124839,-1.1370440871314775,2.531668241732127
2024-01-01 00:12:14,2,throughput_mbps,0.5990465534454382,-1.2920376092110326,2.251026890084868
2024-01-01 00:12:15,2,throughput_mbps,0.5988556281337402,-1.240010159328614,2.3978704839502094
2024-01-01 00:12:16,2,throughput_mbps,0.598664720870172,-1.173405057892786,2.309081534441993
2024-01-01 00:12:17,2,throughput_mbps,0.5984738332935499,-1.357548509253683,2.4279486588671793
2024-01-01 00:12:18,2,throughput_mbps,0.5982829649168978,-1.185996719335005,2.4671636262646155
2024-01-01 00:12:19,2,throughput_mbps,0.5980921158417938,-1.2044253306129338,2.2862982432334613
2024-01-01 00:12:20,2,throughput_mbps,0.5979012859414041,-1.285580261411701,2.4704984681066744
2024-01-01 00:12:21,2,throughput_mbps,0.5977104757741236,-1.2425335143203484,2.436050883804852
2024-01-01 00:12:22,2,throughput_mbps,0.59751968521311,-1.2605079527710934,2.48138884117776
2024-01-01 00:12:23,2,throughput_mbps,0.5973289144916311,-1.1219647660363739,2.5145576010573163
2024-01-01 00:12:24,2,throughput_mbps,0.5971381628593696,-1.1339710304924797,2.5185947346253656
2024-01-01 00:12:25,2,throughput_mbps,0.596947431726563,-1.290488843789607,2.4396993422482933
2024-01-01 00:12:26,2,throughput_mbps,0.5967567206062798,-1.2086663631277876,2.4908983234500903
2024-01-01 00:12:27,2,throughput_mbps,0.5965660296000787,-1.2489132816648574,2.3809846423206698
2024-01-01 00:12:28,2,throughput_mbps,0.5963753585811419,-1.3465522257890183,2.475839958493703
2024-01-01 00:12:29,2,throughput_mbps,0.5961847081077732,-1.2982862146828618,2.34961615128691
2024-01-01 00:12:30,2,throughput_mbps,0.5959940780531457,-1.1527521649719765,2.4337191526696356
2024-01-01 00:12:31,2,throughput_mbps,0.5958034685188074,-1.202070284974456,2.4549256998383755
2024-01-01 00:12:32,2,throughput_mbps,0.5956128790178882,-1.1409493922691105,2.53456479225875
2024-01-01 00:12:33,2,throughput_mbps,0.5954223109604766,-1.2752938512506096,2.5646259320195446
2024-01-01 00:12:34,2,throughput_mbps,0.5952317635962783,-1.1542532914497745,2.528308736375257
2024-01-01 00:12:35,2,throughput_mbps,0.5950412367984874,-1.2443011430916744,2.2873089518392007
2024-01-01 00:12:36,2,throughput_mbps,0.5948507315204481,-1.263005403312161,2.466678518594253
2024-01-01 00:12:37,2,throughput_mbps,0.5946602472402261,-1.2812783921749464,2.5010618299558205
2024-01-01 00:12:38,2,throughput_mbps,0.5944697841910584,-1.3133593845528297,2.4044646869760498
2024-01-01 00:12:39,2,throughput_mbps,0.5942793418861182,-1.3482533880603562,2.487522399119925
2024-01-01 00:12:40,2,throughput_mbps,0.5940889216036491,-1.3453029947600676,2.5357578959468237
2024-01-01 00:12:41,2,throughput_mbps,0.5938985228568094,-1.2498948560412417,2.4846700941276003
2024-01-01 00:12:42,2,throughput_mbps,0.5937081458788299,-1.2708775038833808,2.35466850422772
2024-01-01 00:12:43,2,throughput_mbps,0.5935177901477924,-1.3541460902483082,2.525863625911549
2024-01-01 00:12:44,2,throughput_mbps,0.5933274566169553,-1.2791357618269295,2.3756485898347375
2024-01-01 00:12:45,2,throughput_mbps,0.5931371451595241,-1.1079295588350093,2.387481222761641
2024-01-01 00:12:46,2,throughput_mbps,0.5929468556135843,-1.2409334249439965,2.39276593502042
2024-01-01 00:12:47,2,throughput_mbps,0.5927565874923582,-1.2830500136777192,2.5899321611347292
2024-01-01 00:12:48,2,throughput_mbps,0.5925663424690638,-1.2270053193062085,2.421089482280066
2024-01-01 00:12:49,2,throughput_mbps,0.5923761196617721,-1.2173400851203435,2.444519473350807
2024-01-01 00:12:50,2,throughput_mbps,0.5921859193036946,-1.2326110919519075,2.5627534882093386
2024-01-01 00:12:51,2,throughput_mbps,0.5919957412680615,-1.3820611487407795,2.379929615767591
2024-01-01 00:12:52,2,throughput_mbps,0.5918055861129027,-1.1511767720154569,2.5566384428494704
2024-01-01 00:12:53,2,throughput_mbps,0.5916154537114385,-1.1335901733055243,2.4495692676205763
2024-01-01 00:12:54,2,throughput_mbps,0.5914253442968731,-1.2849374327238618,2.4093912988260286
2024-01-01 00:12:55,2,throughput_mbps,0.5912352569873351,-1.2623495552707,2.3493743166846346
2024-01-01 00:12:56,2,throughput_mbps,0.591045193455882,-1.2468696692375612,2.3993698807073494
2024-01-01 00:12:57,2,throughput_mbps,0.5908551535757307,-1.2938587020875336,2.3051914931659025
2024-01-01 00:12:58,2,throughput_mbps,0.5906651364650123,-1.2301285614102624,2.4356073702842354
2024-01-01 00:12:59,2,throughput_mbps,0.590475141996988,-1.294537476955861,2.4481183033802156
2024-01-01 00:13:00,2,throughput_mbps,0.5902851718446342,-1.3726714984593826,2.431137241051176
2024-01-01 00:13:01,2,throughput_mbps,0.5900952251260864,-1.3158440262091653,2.3463428750395074
2024-01-01 00:13:02,2,throughput_mbps,0.5899053020745284,-1.3660751206702804,2.2835843828017754
2024-01-01 00:13:03,2,throughput_mbps,0.5897154025632174,-1.2696437875392437,2.398282948913642
2024-01-01 00:13:04,2,throughput_mbps,0.5895255271500321,-1.39959131077663,2.2981061487141043
2024-01-01 00:13:05,2,throughput_mbps,0.5893356757082191,-1.3286872840422228,2.396441696384806
2024-01-01 00:13:06,2,throughput_mbps,0.5891458484709549,-1.365195574289246,2.32454848401922
2024-01-01 00:13:07,2,throughput_mbps,0.5889560445564364,-1.3222806599254144,2.405865259886559
2024-01-01 00:13:08,2,throughput_mbps,0.5887662656374711,-1.270064621026313,2.4757644077385623
2024-01-01 00:13:09,2,throughput_mbps,0.588576511227404,-1.287754596365756,2.3664436077388817
2024-01-01 00:13:10,2,throughput_mbps,0.5883867811642365,-1.1361717598907504,2.5007336944133796
2024-01-01 00:13:11,2,throughput_mbps,0.5881970753212438,-1.3427534900687494,2.48954675090762
2024-01-01 00:13:12,2,throughput_mbps,0.5880073946513665,-1.291441310185292,2.4125696590076147
2024-01-01 00:13:13,2,throughput_mbps,0.5878177386327033,-1.2233624743963412,2.4441990816228927
2024-01-01 00:13:14,2,throughput_mbps,0.5876281074984089,-1.2542952825352076,2.4408183123535374
2024-01-01 00:13:15,2,throughput_mbps,0.5874385007619015,-1.2499899009065738,2.4300470041901265
2024-01-01 00:13:16,2,throughput_mbps,0.5872489197006423,-1.1962424968821617,2.2713655929284937
2024-01-01 00:13:17,2,throughput_mbps,0.5870593638280337,-1.2579234869623737,2.472455355682321
2024-01-01 00:13:18,2,throughput_mbps,0.586869833017368,-1.308527452451282,2.419634505581591
2024-01-01 00:13:19,2,throughput_mbps,0.5866803278263265,-1.2618628995126813,2.508412318449058
2024-01-01 00:13:20,2,throughput_mbps,0.5864908481281912,-1.2471453336095943,2.4209803554138376
2024-01-01 00:13:21,2,throughput_mbps,0.5863013941560995,-1.4655250760398961,2.4624717169763857
2024-01-01 00:13:22,2,throughput_mbps,0.5861119651600711,-1.1651873924262648,2.4522743224503634
2024-01-01 00:13:23,2,throughput_mbps,0.5859225625491282,-1.107816335216127,2.545305135065674
2024-01-01 00:13:24,2,throughput_mbps,0.5857331858367255,-1.260629590665594,2.40971103595821
2024-01-01 00:13:25,2,throughput_mbps,0.585543835124263,-1.3318684311634554,2.300537515625357
2024-01-01 00:13:26,2,throughput_mbps,0.5853545102850535,-1.407209414079831,2.319096987679697
2024-01-01 00:13:27,2,throughput_mbps,0.5851652118766689,-1.3895449753122688,2.4173391630369543
2024-01-01 00:13:28,2,throughput_mbps,0.5849759397724114,-1.1957854427163626,2.4759910100224127
2024-01-01 00:13:29,2,throughput_mbps,0.5847866940736689,-1.3352363374559773,2.5835549314971207
2024-01-01 00:13:30,2,throughput_mbps,0.5845974742939731,-1.3172304473778214,2.421618273732197
2024-01-01 00:13:31,2,throughput_mbps,0.5844082818421565,-1.3126410367259915,2.3640904076688956
2024-01-01 00:13:32,2,throughput_mbps,0.584219115968279,-1.252424570229898,2.429289803596324
2024-01-01 00:13:33,2,throughput_mbps,0.5840299769054447,-1.2318784496371378,2.51455174475046
2024-01-01 00:13:34,2,throughput_mbps,0.5838408645269866,-1.2065806625461377,2.3468704271844016
2024-01-01 00:13:35,2,throughput_mbps,0.5836517793903659,-1.351603701950243,2.360505961647802
2024-01-01 00:13:36,2,throughput_mbps,0.5834627213689034,-1.1788126200354776,2.454493329830983
2024-01-01 00:13:37,2,throughput_mbps,0.5832736905639644,-1.434724483391401,2.3463719490389905
2024-01-01 00:13:38,2,throughput_mbps,0.5830846864891435,-1.3577427830887214,2.395938093338016
2024-01-01 00:13:39,2,throughput_mbps,0.5828957107810908,-1.2700772887024159,2.4529013889321645
2024-01-01 00:13:40,2,throughput_mbps,0.5827067622338911,-1.1802026123591183,2.518718158387556
2024-01-01 00:13:41,2,throughput_mbps,0.582517841308648,-1.3558972834986374,2.551541015858408
2024-01-01 00:13:42,2,throughput_mbps,0.5823289475189866,-1.2313531787514898,2.4616581441138647
2024-01-01 00:13:43,2,throughput_mbps,0.5821400822734425,-1.233890543755152,2.4552746825190352
2024-01-01 00:13:44,2,throughput_mbps,0.5819512448221676,-1.2877220752508343,2.501258305956511
2024-01-01 00:13:45,2,throughput_mbps,0.5817624353982314,-1.3333770164647638,2.3204880493987736
2024-01-01 00:13:46,2,throughput_mbps,0.5815736538749972,-1.1462175571932427,2.339559879170983
2024-01-01 00:13:47,2,throughput_mbps,0.581384900809756,-1.2957510284123692,2.4930060529483025
2024-01-01 00:13:48,2,throughput_mbps,0.5811961760758589,-1.0794327931106038,2.425656367659444
2024-01-01 00:13:49,2,throughput_mbps,0.5810074797746347,-1.274729878711878,2.4645133866648057
2024-01-01 00:13:50,2,throughput_mbps,0.5808188114197761,-1.2624749454663988,2.4038954091617257
2024-01-01 00:13:51,2,throughput_mbps,0.5806301722878833,-1.208263613451431,2.4287010019980046
2024-01-01 00:13:52,2,throughput_mbps,0.5804415620243614,-1.2523216982747174,2.4358346022096358
2024-01-01 00:13:53,2,throughput_mbps,0.5802529804670677,-1.3254767103662586,2.397501195529071
2024-01-01 00:13:54,2,throughput_mbps,0.580064427489386,-1.3106266066177878,2.355104407596036
2024-01-01 00:13:55,2,throughput_mbps,0.5798759040436795,-1.2120210738298471,2.378456522736259
2024-01-01 00:13:56,2,throughput_mbps,0.5796874096081309,-1.1809878305080952,2.5288965740219624
2024-01-01 00:13:57,2,throughput_mbps,0.5794989436964922,-1.2292739165448814,2.287561611352037
2024-01-01 00:13:58,2,throughput_mbps,0.5793105079803698,-1.2205104085476404,2.4939640033538915
2024-01-01 00:13:59,2,throughput_mbps,0.5791221015783075,-1.1482787045958274,2.378468697469171
2024-01-01 00:14:00,2,throughput_mbps,0.5789337247233295,-1.4072858661424565,2.4864546604644255
2024-01-01 00:14:01,2,throughput_mbps,0.57874537728884,-1.2789706170512525,2.394211792214067
2024-01-01 00:14:02,2,throughput_mbps,0.5785570598319073,-1.2944948127642943,2.535624596457871
2024-01-01 00:14:03,2,throughput_mbps,0.578368772225923,-1.466828601887552,2.3598963556750485
2024-01-01 00:14:04,2,throughput_mbps,0.5781805147038985,-1.2801138258367726,2.5490546048826013
2024-01-01 00:14:05,2,throughput_mbps,0.5779922863844662,-1.3009471187159019,2.3518180556984123
2024-01-01 00:14:06,2,throughput_mbps,0.5778040889390159,-1.2992971975364387,2.4978741479183535
2024-01-01 00:14:07,2,throughput_mbps,0.577615921881351,-1.2706391291901757,2.404644503544924
2024-01-01 00:14:08,2,throughput_mbps,0.5774277850492803,-1.2945230876333598,2.5480565073246715
2024-01-01 00:14:09,2,throughput_mbps,0.57723967831623,-1.24165307920229,2.4188785359143536
2024-01-01 00:14:10,2,throughput_mbps,0.5770516026343365,-1.2728451810764438,2.5443936916516354
2024-01-01 00:14:11,2,throughput_mbps,0.5768635574818239,-1.341622813861199,2.3636503383120524
2024-01-01 00:14:12,2,throughput_mbps,0.5766755430916777,-1.4663355495699248,2.4215520492298803
2024-01-01 00:14:13,2,throughput_mbps,0.5764875589777918,-1.2795815568733853,2.4388296246990233
2024-01-01 00:14:14,2,throughput_mbps,0.5762996064161445,-1.310141315421841,2.3593488213516327
2024-01-01 00:14:15,2,throughput_mbps,0.5761116849206114,-1.3128579170918226,2.5494262417608793
2024-01-01 00:14:16,2,throughput_mbps,0.5759237950836896,-1.3119408463171576,2.328683046363906
2024-01-01 00:14:17,2,throughput_mbps,0.5757359353050635,-1.3306629630625197,2.5168304989684502
2024-01-01 00:14:18,2,throughput_mbps,0.5755481076153206,-1.0904967843632478,2.380060334102975
2024-01-01 00:14:19,2,throughput_mbps,0.5753603115283703,-1.220444096602694,2.3045236284790658
2024-01-01 00:14:20,2,throughput_mbps,0.5751725468819846,-1.3369650778523379,2.344212865594049
2024-01-01 00:14:21,2,throughput_mbps,0.5749848135496247,-1.321359477896904,2.3780658526353826
2024-01-01 00:14:22,2,throughput_mbps,0.5747971124832354,-1.335836436620517,2.4472179443367423
2024-01-01 00:14:23,2,throughput_mbps,0.5746094431610786,-1.2722757827720055,2.5856363085826133
2024-01-01 00:14:24,2,throughput_mbps,0.5744218058160997,-1.2181901975528753,2.6221697687147447
2024-01-01 00:14:25,2,throughput_mbps,0.5742341999623024,-1.1185053619270229,2.4709614056725164
2024-01-01 00:14:26,2,throughput_mbps,0.574046626875325,-1.1657672157129257,2.3318027896232696
2024-01-01 00:14:27,2,throughput_mbps,0.5738590860691525,-1.2066344672187768,2.3599290978525147
2024-01-01 00:14:28,2,throughput_mbps,0.5736715777767153,-1.2966580415488373,2.481539964844203
2024-01-01 00:14:29,2,throughput_mbps,0.5734841014763149,-1.1358402225198112,2.3641426654086253
2024-01-01 00:14:30,2,throughput_mbps,0.5732966581197652,-1.161890464949662,2.448614160037212
2024-01-01 00:14:31,2,throughput_mbps,0.5731092475805366,-1.1824859010790496,2.3697641218741317
2024-01-01 00:14:32,2,throughput_mbps,0.5729218696963642,-1.1674412686179894,2.3387322001660587
2024-01-01 00:14:33,2,throughput_mbps,0.5727345241130561,-1.350833911277671,2.4439551225893634
2024-01-01 00:14:34,2,throughput_mbps,0.572547212106016,-1.3132725474646325,2.455411535814029
2024-01-01 00:14:35,2,throughput_mbps,0.5723599331893052,-1.285204222781497,2.3747298940412915
2024-01-01 00:14:36,2,throughput_mbps,0.5721726872364299,-1.3226040629482818,2.450941738182065
2024-01-01 00:14:37,2,throughput_mbps,0.571985474803906,-1.2826999464542748,2.3498560023613755
2024-01-01 00:14:38,2,throughput_mbps,0.5717982957652267,-1.2360408971634402,2.473802767121446
2024-01-01 00:14:39,2,throughput_mbps,0.5716111502215565,-1.18350548562063,2.537704361999004
2024-01-01 00:14:40,2,throughput_mbps,0.5714240376870449,-1.2928027835017826,2.5183886690439286
2024-01-01 00:14:41,2,throughput_mbps,0.5712369595686115,-1.2590546632189907,2.434795891565119
2024-01-01 00:14:42,2,throughput_mbps,0.5710499151169355,-1.3130441485756363,2.3614252186770854
2024-01-01 00:14:43,2,throughput_mbps,0.5708629045648932,-1.2615267521411822,2.3884375242703015
2024-01-01 00:14:44,2,throughput_mbps,0.5706759277860142,-1.301337152317761,2.4225530900692953
2024-01-01 00:14:45,2,throughput_mbps,0.5704889853366836,-1.1200883429546633,2.474199800957338
2024-01-01 00:14:46,2,throughput_mbps,0.5703020770904179,-1.2885046034644634,2.538185986019117
2024-01-01 00:14:47,2,throughput_mbps,0.5701152031483536,-1.2872887280893384,2.5814277299907284
2024-01-01 00:14:48,2,throughput_mbps,0.5699283630247207,-1.3065552403036365,2.4867105517618517
2024-01-01 00:14:49,2,throughput_mbps,0.5697415579944699,-1.2574517615336864,2.342321767747364
2024-01-01 00:14:50,2,throughput_mbps,0.5695547877035323,-1.3539585213690053,2.4919016933661045
2024-01-01 00:14:51,2,throughput_mbps,0.569368051989585,-1.3332395662918055,2.3696678474903425
2024-01-01 00:14:52,2,throughput_mbps,0.5691813507261857,-1.1935735527475535,2.444801205381001
2024-01-01 00:14:53,2,throughput_mbps,0.5689946848647481,-1.291969581395672,2.260429500269317
2024-01-01 00:14:54,2,throughput_mbps,0.5688080538836482,-1.236214975025563,2.3496162914704826
2024-01-01 00:14:55,2,throughput_mbps,0.5686214580157172,-1.2517536738590995,2.4892370991529904
2024-01-01 00:14:56,2,throughput_mbps,0.5684348967752658,-1.3003509583654602,2.3752472139235317
2024-01-01 00:14:57,2,throughput_mbps,0.5682483714369957,-1.289031888803081,2.359534639443445
2024-01-01 00:14:58,2,throughput_mbps,0.5680618818744402,-1.4429049596401382,2.3691736474234206
2024-01-01 00:14:59,2,throughput_mbps,0.5678754274702009,-1.262665379026979,2.3577384804941355
2024-01-01 00:15:00,2,throughput_mbps,0.5676890080978809,-1.4457203143164874,2.425425626331076
2024-01-01 00:15:01,2,throughput_mbps,0.5675026250320542,-1.2322253335678295,2.4669473144579706
2024-01-01 00:15:02,2,throughput_mbps,0.5673162779187721,-1.2470284212323146,2.3149711957143864
2024-01-01 00:15:03,2,throughput_mbps,0.567129966595677,-1.2741250298973872,2.217672613960405
2024-01-01 00:15:04,2,throughput_mbps,0.5669436909363635,-1.3453551710120801,2.455856282093364
2024-01-01 00:15:05,2,throughput_mbps,0.5667574518920271,-1.27402732401639,2.416891835648734
2024-01-01 00:15:06,2,throughput_mbps,0.566571248941095,-1.1928609211669379,2.4002608167692254
2024-01-01 00:15:07,2,throughput_mbps,0.5663850823163492,-1.4324731062784204,2.394646817254069
2024-01-01 00:15:08,2,throughput_mbps,0.5661989515322283,-1.2157491135468863,2.500311766607835
2024-01-01 00:15:09,2,throughput_mbps,0.5660128578630501,-1.2334472810973034,2.441469074089245
2024-01-01 00:15:10,2,throughput_mbps,0.5658268008232306,-1.2084929908835211,2.3717928302054156
2024-01-01 00:15:11,2,throughput_mbps,0.5656407806455346,-1.3882693792627538,2.330532270431945
2024-01-01 00:15:12,2,throughput_mbps,0.5654547968084399,-1.130226634424487,2.3979827919549517
2024-01-01 00:15:13,2,throughput_mbps,0.5652688502629899,-1.1618557060292722,2.479167549824222
2024-01-01 00:15:14,2,throughput_mbps,0.56508294088279,-1.323995028771693,2.5031035034464777
2024-01-01 00:15:15,2,throughput_mbps,0.5648970677872143,-1.3453261248095294,2.4121430001169073
2024-01-01 00:15:16,2,throughput_mbps,0.5647112326454915,-1.4370012575380193,2.318332682333498
2024-01-01 00:15:17,2,throughput_mbps,0.5645254349721118,-1.3283503206677068,2.4614617618896704
2024-01-01 00:15:18,2,throughput_mbps,0.5643396746046747,-1.3599488215083375,2.190811666856346
2024-01-01 00:15:19,2,throughput_mbps,0.5641539514168266,-1.2795826134556196,2.373484737808705
2024-01-01 00:15:20,2,throughput_mbps,0.5639682663594752,-1.4016194618501538,2.4378487905389226
2024-01-01 00:15:21,2,throughput_mbps,0.5637826189111173,-1.3465622588242687,2.4818297848568225
2024-01-01 00:15:22,2,throughput_mbps,0.5635970093044728,-1.3674894527020531,2.425140547166094
2024-01-01 00:15:23,2,throughput_mbps,0.5634114370541439,-1.2138631734301948,2.49634472151145
2024-01-01 00:15:24,2,throughput_mbps,0.5632259034339524,-1.2352656210493953,2.395643217900789
2024-01-01 00:15:25,2,throughput_mbps,0.563040407958479,-1.313201383734708,2.4460658134228503
2024-01-01 00:15:26,2,throughput_mbps,0.562854950860423,-1.368255647892225,2.4102099652143774
2024-01-01 00:15:27,2,throughput_mbps,0.5626695316183359,-1.2545319602890164,2.3159797142046235
2024-01-01 00:15:28,2,throughput_mbps,0.5624841511829681,-1.307760877144116,2.4775460696888523
2024-01-01 00:15:29,2,throughput_mbps,0.5622988094279748,-1.1734052665967791,2.4261376444121163
2024-01-01 00:15:30,2,throughput_mbps,0.5621135061909233,-1.4409345156779474,2.3380225563932235
2024-01-01 00:15:31,2,throughput_mbps,0.5619282411182123,-1.348966734999998,2.5430027934273394
2024-01-01 00:15:32,2,throughput_mbps,0.5617430154833906,-1.2164993911831685,2.4155404574664305
2024-01-01 00:15:33,2,throughput_mbps,0.5615578288011287,-1.2530469766314303,2.4917064596510845
2024-01-01 00:15:34,2,throughput_mbps,0.5613726811723893,-1.2669115196050627,2.494648164372207
2024-01-01 00:15:35,2,throughput_mbps,0.5611875724708721,-1.155022703886881,2.4039941796826825
2024-01-01 00:15:36,2,throughput_mbps,0.5610025032520587,-1.3151593087927145,2.4422986714563515
2024-01-01 00:15:37,2,throughput_mbps,0.5608174733896331,-1.2425644878715305,2.559383333279125
2024-01-01 00:15:38,2,throughput_mbps,0.5606324831162435,-1.311961624512279,2.36180783261328
2024-01-01 00:15:39,2,throughput_mbps,0.5604475316832744,-1.2443962288706139,2.4000283014901456
2024-01-01 00:15:40,2,throughput_mbps,0.5602626207229185,-1.2745918186744871,2.3714697901689767
2024-01-01 00:15:41,2,throughput_mbps,0.5600777494271867,-1.227636146009436,2.3195874820329254
2024-01-01 00:15:42,2,throughput_mbps,0.5598929178608418,-1.3799394754766585,2.5537947610014364
2024-01-01 00:15:43,2,throughput_mbps,0.5597081256704151,-1.2972056934973908,2.41853961625719
2024-01-01 00:15:44,2,throughput_mbps,0.5595233741290375,-1.4050126264459768,2.4963844737017644
2024-01-01 00:15:45,2,throughput_mbps,0.5593386627515178,-1.2892428899589858,2.3214486351483945
2024-01-01 00:15:46,2,throughput_mbps,0.5591539916387714,-1.3015447959938584,2.331223091046838
2024-01-01 00:15:47,2,throughput_mbps,0.5589693606645418,-1.2595710712831807,2.501666732266542
2024-01-01 00:15:48,2,throughput_mbps,0.5587847703840825,-1.1981021962068112,2.3542867904060207
2024-01-01 00:15:49,2,throughput_mbps,0.5586002206711211,-1.2556519008144773,2.4496921410976684
2024-01-01 00:15:50,2,throughput_mbps,0.5584157117582499,-1.2071386159697162,2.3821140798619718
2024-01-01 00:15:51,2,throughput_mbps,0.5582312428970106,-1.2787126178123414,2.4432142951279716
2024-01-01 00:15:52,2,throughput_mbps,0.5580468154919422,-1.2612534374438449,2.3936623541166884
2024-01-01 00:15:53,2,throughput_mbps,0.5578624290579474,-1.3960161910085584,2.2533610977640137
2024-01-01 00:15:54,2,throughput_mbps,0.5576780834687961,-1.1901299247757717,2.394926064822839
2024-01-01 00:15:55,2,throughput_mbps,0.5574937792796055,-1.1759937913055403,2.358687129462564
2024-01-01 00:15:56,2,throughput_mbps,0.5573095163641293,-1.2148056237997782,2.5014190710977715
2024-01-01 00:15:57,2,throughput_mbps,0.557125294823239,-1.427764169552223,2.211909909511782
2024-01-01 00:15:58,2,throughput_mbps,0.556941114171947,-1.2789552651902814,2.3110369032590254
2024-01-01 00:15:59,2,throughput_mbps,0.5567569756828452,-1.3802514664344678,2.2555588811704785
2024-01-01 00:16:00,2,throughput_mbps,0.5565728790026061,-1.2530114962167904,2.226792219550778
2024-01-01 00:16:01,2,throughput_mbps,0.5563888239687148,-1.3247307261735588,2.4155474469117126
2024-01-01 00:16:02,2,throughput_mbps,0.5562048104549713,-1.358390108247339,2.3531900127780823
2024-01-01 00:16:03,2,throughput_mbps,0.5560208394113897,-1.3776535682364637,2.386906894377094
2024-01-01 00:16:04,2,throughput_mbps,0.5558369103166999,-1.373436088496882,2.4633198385313086
2024-01-01 00:16:05,2,throughput_mbps,0.5556530234034263,-1.272649360426703,2.458418645089848
2024-01-01 00:16:06,2,throughput_mbps,0.5554691781866785,-1.2871891902371568,2.359867382079954
2024-01-01 00:16:07,2,throughput_mbps,0.5552853759387548,-1.141194933002341,2.4050391205422392
2024-01-01 00:16:08,2,throughput_mbps,0.5551016161747394,-1.357613301647448,2.3735724730220604
2024-01-01 00:16:09,2,throughput_mbps,0.5549178991271355,-1.419975480716418,2.4557760896308882
2024-01-01 00:16:10,2,throughput_mbps,0.5547342242747356,-1.2338401434702382,2.3602929364398184
2024-01-01 00:16:11,2,throughput_mbps,0.5545505925673773,-1.2361736970283053,2.369429258342001
2024-01-01 00:16:12,2,throughput_mbps,0.5543670038788714,-1.3399249320167361,2.3684941246585924
2024-01-01 00:16:13,2,throughput_mbps,0.5541834580466716,-1.2622382581238956,2.363817954809411
2024-01-01 00:16:14,2,throughput_mbps,0.5539999545859918,-1.281680731297098,2.504341630520621
2024-01-01 00:16:15,2,throughput_mbps,0.5538164951638505,-1.380146832415752,2.4434876313444094
2024-01-01 00:16:16,2,throughput_mbps,0.553633078900412,-1.361252061260921,2.336296369881715
2024-01-01 00:16:17,2,throughput_mbps,0.553449706386746,-1.294606105413368,2.2922677070230795
2024-01-01 00:16:18,2,throughput_mbps,0.5532663764208934,-1.2902118593520382,2.381965766326547
2024-01-01 00:16:19,2,throughput_mbps,0.5530830906333145,-1.3179947366121596,2.5675242134922085
2024-01-01 00:16:20,2,throughput_mbps,0.5528998485392465,-1.3833633892522184,2.364873869291271
2024-01-01 00:16:21,2,throughput_mbps,0.552716650371129,-1.1616172636273356,2.48437360073571
2024-01-01 00:16:22,2,throughput_mbps,0.5525334956078338,-1.2725626652489348,2.412715909617423
2024-01-01 00:00:01,3,jitter_ms,22.986020933557867,-54.56696601604931,102.23608646036254
2024-01-01 00:00:02,3,jitter_ms,23.328545670486985,-55.52966884937962,102.99264146230814
2024-01-01 00:00:03,3,jitter_ms,23.671070744588114,-55.78878664210975,99.4365329400588
2024-01-01 00:00:04,3,jitter_ms,24.01359615849102,-59.387104714080735,95.64278154327012
2024-01-01 00:00:05,3,jitter_ms,24.356121915486472,-62.06001992156452,102.96043019092973
2024-01-01 00:00:06,3,jitter_ms,24.69864802565349,-55.331916414564944,101.90129113784324
2024-01-01 00:00:07,3,jitter_ms,25.04117445437785,-53.48355267785203,107.53933216298519
2024-01-01 00:00:08,3,jitter_ms,25.383701219848092,-49.72690058082276,106.21019729768535
2024-01-01 00:00:09,3,jitter_ms,25.726228309796216,-56.738122755708034,107.54915308520211
2024-01-01 00:00:10,3,jitter_ms,26.068755749199674,-58.21635800966575,104.80238112639151
2024-01-01 00:00:11,3,jitter_ms,26.41128361839778,-57.47604432284063,106.09004288989954
2024-01-01 00:00:12,3,jitter_ms,26.753811813175908,-53.38604908342156,110.33362040659902
2024-01-01 00:00:13,3,jitter_ms,27.096340328714867,-54.33804641673795,106.4312714807889
2024-01-01 00:00:14,3,jitter_ms,27.438869175755435,-55.605212039083696,101.41687047109944
2024-01-01 00:00:15,3,jitter_ms,27.781398334579546,-56.45880638983706,109.19559974983412
2024-01-01 00:00:16,3,jitter_ms,28.123927807817235,-47.90285579602249,107.75044066186778
2024-01-01 00:00:17,3,jitter_ms,28.466457598759987,-53.867024145923985,107.58303875987698
2024-01-01 00:00:18,3,jitter_ms,28.80898771748798,-49.38260674938797,107.55468321681292
2024-01-01 00:00:19,3,jitter_ms,29.151518165354034,-53.900854336497225,104.10316631818311
2024-01-01 00:00:20,3,jitter_ms,29.49404892457796,-48.0488235780376,106.00036951962166
2024-01-01 00:00:21,3,jitter_ms,29.836579990340237,-46.2016569212383,112.97560660718956
2024-01-01 00:00:22,3,jitter_ms,30.179111365271282,-48.01289447753774,106.23474926730812
2024-01-01 00:00:23,3,jitter_ms,30.521643037762892,-52.600440734070425,106.91378587585014
2024-01-01 00:00:24,3,jitter_ms,30.8641750104454,-47.90929218263372,108.1483083332318
2024-01-01 00:00:25,3,jitter_ms,31.206707278499014,-48.20035467298711,113.19508765632652
2024-01-01 00:00:26,3,jitter_ms,31.549239860116344,-45.804170526015305,113.94680170918093
2024-01-01 00:00:27,3,jitter_ms,31.891772720676514,-49.749937785458826,102.35600153703356
2024-01-01 00:00:28,3,jitter_ms,32.23430595129922,-48.41987223854727,108.90151871924704
2024-01-01 00:00:29,3,jitter_ms,32.57683947423745,-48.638932186109244,111.49645426315935
2024-01-01 00:00:30,3,jitter_ms,32.91937329212189,-51.80439407692419,116.29560243337902
2024-01-01 00:00:31,3,jitter_ms,33.261907385231375,-42.84197236702086,108.85141278842657
2024-01-01 00:00:32,3,jitter_ms,33.60444176430871,-39.8995934058208,113.71133218192148
2024-01-01 00:00:33,3,jitter_ms,33.94697642453388,-47.6173186480971,108.59056471464848
2024-01-01 00:00:34,3,jitter_ms,34.289511375988326,-49.52771419172247,114.67737621571571
2024-01-01 00:00:35,3,jitter_ms,34.632046592161316,-47.41231876394784,116.34307089838578
2024-01-01 00:00:36,3,jitter_ms,34.97458208137155,-39.84131059220792,114.80247346355071
2024-01-01 00:00:37,3,jitter_ms,35.317117840561366,-39.605619519506796,109.13484474806368
2024-01-01 00:00:38,3,jitter_ms,35.65965388047449,-41.3248414647969,115.57027359922616
2024-01-01 00:00:39,3,jitter_ms,36.00219018138847,-43.36884593367027,119.24419649836533
2024-01-01 00:00:40,3,jitter_ms,36.34472674593391,-47.641782849047765,111.5794957612855
2024-01-01 00:00:41,3,jitter_ms,36.687263589601656,-39.19326532633516,117.48381127508875
2024-01-01 00:00:42,3,jitter_ms,37.02980068317521,-43.75910988775838,112.93193825319494
2024-01-01 00:00:43,3,jitter_ms,37.37233803673651,-43.29219896807284,122.48899125431313
2024-01-01 00:00:44,3,jitter_ms,37.71487564816949,-44.052811344788246,116.41889382936678
2024-01-01 00:00:45,3,jitter_ms,38.0573976822422,-40.48191372985267,112.27410129379673
2024-01-01 00:00:46,3,jitter_ms,38.399919965207545,-41.64108788440601,116.37627521253417
2024-01-01 00:00:47,3,jitter_ms,38.742442499696324,-32.89134011737787,118.3395838907255
2024-01-01 00:00:48,3,jitter_ms,39.08496528359241,-34.77696411310586,124.20632809155215
2024-01-01 00:00:49,3,jitter_ms,39.42748832697848,-37.2813048906101,123.04591774736156
2024-01-01 00:00:50,3,jitter_ms,39.7700116006362,-40.137877516725126,122.67346831791939
2024-01-01 00:00:51,3,jitter_ms,40.11253511531054,-40.785259624508704,120.71807509171188
2024-01-01 00:00:52,3,jitter_ms,40.45505887296994,-36.92133873548592,119.74572276573468
2024-01-01 00:00:53,3,jitter_ms,40.797582884359876,-40.39001663608092,122.40601538852684
2024-01-01 00:00:54,3,jitter_ms,41.13836432586079,-45.15749457544635,120.71206299649947
2024-01-01 00:00:55,3,jitter_ms,41.47914600195606,-34.95889328510094,118.33586206397925
2024-01-01 00:00:56,3,jitter_ms,41.819927910529515,-36.868794996472346,118.97385727540866
2024-01-01 00:00:57,3,jitter_ms,42.160710054212196,-34.48668565249249,124.31544670996269
2024-01-01 00:00:58,3,jitter_ms,42.50149242139349,-38.402900930969444,125.85636076125371
2024-01-01 00:00:59,3,jitter_ms,42.84227501470442,-37.163434513677224,121.03766281358928
2024-01-01 00:01:00,3,jitter_ms,43.18305783202876,-32.022796360526186,126.028275304373
2024-01-01 00:01:01,3,jitter_ms,43.523840883450006,-31.77160379719594,125.68060383110657
2024-01-01 00:01:02,3,jitter_ms,43.86462413974752,-33.86043451419126,127.57563008085691
2024-01-01 00:01:03,3,jitter_ms,44.20540761641487,-36.135938875500734,119.94881411244528
2024-01-01 00:01:04,3,jitter_ms,44.54138504638275,-32.42002178087437,118.86837322495035
2024-01-01 00:01:05,3,jitter_ms,44.877362694530326,-31.754302923147755,127.21423449583406
2024-01-01 00:01:06,3,jitter_ms,45.21334054924658,-30.37110362829246,124.46318930091535
2024-01-01 00:01:07,3,jitter_ms,45.54931861316264,-29.550762424504697,126.2698668056239
2024-01-01 00:01:08,3,jitter_ms,45.885296884162244,-36.455723761793564,125.4514049176039
2024-01-01 00:01:09,3,jitter_ms,46.2212753723294,-36.28833518756839,118.64640767036242
2024-01-01 00:01:10,3,jitter_ms,46.557254051147375,-35.04092967532688,124.06656255441136
2024-01-01 00:01:11,3,jitter_ms,46.89323292799472,-29.793188776805327,116.97669164708215
2024-01-01 00:01:12,3,jitter_ms,47.22921200616586,-34.54924679562435,127.29691043613617
2024-01-01 00:01:13,3,jitter_ms,47.565191288292155,-30.251665583980024,131.33425602472144
2024-01-01 00:01:14,3,jitter_ms,47.901170754645946,-29.150565520444303,129.7887833563109
2024-01-01 00:01:15,3,jitter_ms,48.237150415974746,-31.909817603738734,126.04238332307061
2024-01-01 00:01:16,3,jitter_ms,48.55912401345496,-26.497984119327164,129.80536651693552
2024-01-01 00:01:17,3,jitter_ms,48.88109781117292,-33.079372657460986,132.91966296077683
2024-01-01 00:01:18,3,jitter_ms,49.20307178261083,-33.31968303138439,128.9442129448102
2024-01-01 00:01:19,3,jitter_ms,49.5250459378531,-29.49519747781235,130.89206347447873
2024-01-01 00:01:20,3,jitter_ms,49.84702027953108,-34.62870891441324,126.7062161875838
2024-01-01 00:01:21,3,jitter_ms,50.1689947960331,-28.30706518633567,128.91649107965003
2024-01-01 00:01:22,3,jitter_ms,50.490969489990505,-27.486830782875497,127.52688559936405
2024-01-01 00:01:23,3,jitter_ms,50.81294435658127,-29.431458077870104,131.5171041982234
2024-01-01 00:01:24,3,jitter_ms,51.1349194140073,-25.299058903519978,130.04882996367618
2024-01-01 00:01:25,3,jitter_ms,51.45689462763289,-33.193560584724096,127.2387188613659
2024-01-01 00:01:26,3,jitter_ms,51.778870007542736,-25.935337214129728,131.2824766341359
2024-01-01 00:01:27,3,jitter_ms,52.100845557032024,-31.192159936868563,130.7161753605059
2024-01-01 00:01:28,3,jitter_ms,52.42282127873224,-25.312878489813702,128.30612438860777
2024-01-01 00:01:29,3,jitter_ms,52.708402006546514,-33.82084643092644,131.47346182303528
2024-01-01 00:01:30,3,jitter_ms,52.99398289759124,-29.359984678101352,130.6550012130124
2024-01-01 00:01:31,3,jitter_ms,53.279563947044224,-20.05981619045526,134.97538484972432
2024-01-01 00:01:32,3,jitter_ms,53.565145164990724,-33.137617458779125,132.25086073582418
2024-01-01 00:01:33,3,jitter_ms,53.850726517457424,-22.63199857261746,139.22988831470911
2024-01-01 00:01:34,3,jitter_ms,54.13630802943706,-24.885147329033813,134.64205426180592
2024-01-01 00:01:35,3,jitter_ms,54.42188968865351,-30.41919117162459,134.26305268668833
2024-01-01 00:01:36,3,jitter_ms,54.707471513310196,-22.27198540392867,135.9461167078931
2024-01-01 00:01:37,3,jitter_ms,54.99305346876922,-17.055568927713864,132.84500217257292
2024-01-01 00:01:38,3,jitter_ms,55.27863556511585,-22.017041655316174,137.10427509103096
2024-01-01 00:01:39,3,jitter_ms,55.56421780564587,-30.25576109745024,131.8245945048985
2024-01-01 00:01:40,3,jitter_ms,55.8498001929909,-23.63422689369365,136.46474408623172
2024-01-01 00:01:41,3,jitter_ms,56.06627785521415,-25.714377894274538,137.4889550631025
2024-01-01 00:01:42,3,jitter_ms,56.282755655271735,-24.242801756178977,131.47274159373708
2024-01-01 00:01:43,3,jitter_ms,56.499233588341156,-21.512797039383855,133.9473238960585
2024-01-01 00:01:44,3,jitter_ms,56.71571166450814,-23.882824459220043,130.90770318669325
2024-01-01 00:01:45,3,jitter_ms,56.9321898572521,-24.001150285892674,130.68859216316332
2024-01-01 00:01:46,3,jitter_ms,57.14866817665873,-30.818958695955867,128.45799414350094
2024-01-01 00:01:47,3,jitter_ms,57.36514661790539,-16.534008187415292,132.26072698936514
2024-01-01 00:01:48,3,jitter_ms,57.581625191742525,-25.88586158917258,133.1194329512128
2024-01-01 00:01:49,3,jitter_ms,57.79810387843895,-25.21114500633473,138.8201649210856
2024-01-01 00:01:50,3,jitter_ms,58.014582680626155,-20.434110825464277,139.21955166935865
2024-01-01 00:01:51,3,jitter_ms,58.231061601600494,-21.727121549836397,137.13731964904701
2024-01-01 00:01:52,3,jitter_ms,58.44754064874167,-14.605814135296773,141.47327624553193
2024-01-01 00:01:53,3,jitter_ms,58.664019795528475,-20.793585119345067,138.91033887500652
2024-01-01 00:01:54,3,jitter_ms,58.79137144544236,-21.403841446832356,139.7703470862349
2024-01-01 00:01:55,3,jitter_ms,58.91872320297151,-14.016085032443645,138.4658175987142
2024-01-01 00:01:56,3,jitter_ms,59.04607507074759,-20.53759873279017,143.1219439632076
2024-01-01 00:01:57,3,jitter_ms,59.17342703715818,-16.055541070872618,145.53962757859156
2024-01-01 00:01:58,3,jitter_ms,59.30077910483491,-18.963442722913527,140.07593078105077
2024-01-01 00:01:59,3,jitter_ms,59.42813126895487,-19.012813997874808,136.98331892151546
2024-01-01 00:02:00,3,jitter_ms,59.555483545017445,-16.725598914956862,139.29500435170178
2024-01-01 00:02:01,3,jitter_ms,59.682835903794434,-21.516298378764454,134.97350488746915
2024-01-01 00:02:02,3,jitter_ms,59.81018835537212,-22.897374761479618,139.26327592722342
2024-01-01 00:02:03,3,jitter_ms,59.93754090238217,-21.295445540032333,139.9511788914527
2024-01-01 00:02:04,3,jitter_ms,60.06489353321215,-16.151436327414288,136.5039680010915
2024-01-01 00:02:05,3,jitter_ms,60.19224625049372,-14.44600486707127,138.72090351992549
2024-01-01 00:02:06,3,jitter_ms,60.22589961880259,-14.13871103771309,140.6634932215928
2024-01-01 00:02:07,3,jitter_ms,60.259553081533184,-18.772328680843085,139.21851608000654
2024-01-01 00:02:08,3,jitter_ms,60.293206612163516,-17.4578405742871,141.48597867372374
2024-01-01 00:02:09,3,jitter_ms,60.326860218073286,-16.828899959032352,139.26766466359595
2024-01-01 00:02:10,3,jitter_ms,60.360513897811636,-18.920270868157374,138.05684457138764
2024-01-01 00:02:11,3,jitter_ms,60.39416766825444,-18.49657677456036,141.91326589191289
2024-01-01 00:02:12,3,jitter_ms,60.42782149542472,-22.064052328482532,138.15520473055642
2024-01-01 00:02:13,3,jitter_ms,60.46147539482269,-18.255235112349467,141.04269182455937
2024-01-01 00:02:14,3,jitter_ms,60.49512936162519,-19.004819067000078,140.5651809979014
2024-01-01 00:02:15,3,jitter_ms,60.52878339846394,-19.73279159653307,134.86318263259724
2024-01-01 00:02:16,3,jitter_ms,60.56243749372652,-17.271074547664217,137.53745063351445
2024-01-01 00:02:17,3,jitter_ms,60.59609165004471,-22.365432582075112,145.68418214587024
2024-01-01 00:02:18,3,jitter_ms,60.629745865302155,-15.982606798285868,137.35088544640917
2024-01-01 00:02:19,3,jitter_ms,60.60648979129171,-19.049447305432775,142.31593850520417
2024-01-01 00:02:20,3,jitter_ms,60.583233759784896,-20.665011162108758,138.00414634112553
2024-01-01 00:02:21,3,jitter_ms,60.559977778161425,-16.973081939306564,143.2289774958571
2024-01-01 00:02:22,3,jitter_ms,60.53672184971905,-19.39042741265106,137.58816305004646
2024-01-01 00:02:23,3,jitter_ms,60.51346597708953,-17.789057717488042,140.03589547148343
2024-01-01 00:02:24,3,jitter_ms,60.490210140539375,-20.523225272095452,143.38034798961255
2024-01-01 00:02:25,3,jitter_ms,60.46695435082156,-24.86852615635302,139.01135169851833
2024-01-01 00:02:26,3,jitter_ms,60.4436986031127,-22.200349621780017,133.14725165778515
2024-01-01 00:02:27,3,jitter_ms,60.420442907499655,-21.094516517897603,143.6186067045458
2024-01-01 00:02:28,3,jitter_ms,60.39718723745996,-19.49655474454899,138.46180922187594
2024-01-01 00:02:29,3,jitter_ms,60.373931603080486,-20.48832811466035,137.5947826418439
2024-01-01 00:02:30,3,jitter_ms,60.35067599953779,-18.86074551128513,144.59632896901886
2024-01-01 00:02:31,3,jitter_ms,60.32742043758516,-12.68538518736545,139.64003345605713
2024-01-01 00:02:32,3,jitter_ms,60.30416489748888,-18.924924242276504,139.01127827838377
2024-01-01 00:02:33,3,jitter_ms,60.280909323346094,-22.43930602739953,134.3271211577018
2024-01-01 00:02:34,3,jitter_ms,60.2576537769896,-19.926271747750146,140.46596389010594
2024-01-01 00:02:35,3,jitter_ms,60.234398268506354,-17.589070884838595,138.05104907090984
2024-01-01 00:02:36,3,jitter_ms,60.21114276325209,-21.723655482639067,142.61917873122437
2024-01-01 00:02:37,3,jitter_ms,60.18788727943556,-13.834615420533318,139.2571897781221
2024-01-01 00:02:38,3,jitter_ms,60.16463181223331,-17.105391431185595,138.5343692713786
2024-01-01 00:02:39,3,jitter_ms,60.14137636427705,-16.402561918279808,143.4134483875653
2024-01-01 00:02:40,3,jitter_ms,60.118120923954805,-20.121976162482323,145.92894099128515
2024-01-01 00:02:41,3,jitter_ms,60.09486549389835,-20.732340307127913,132.91329646062727
2024-01-01 00:02:42,3,jitter_ms,60.0716100841946,-23.06369454323759,137.51752637298145
2024-01-01 00:02:43,3,jitter_ms,60.04835466832121,-17.005785554412743,139.62585026639763
2024-01-01 00:02:44,3,jitter_ms,60.02509925636518,-19.739407970786843,139.73426304473082
2024-01-01 00:02:45,3,jitter_ms,60.001843843502876,-17.294112733245107,141.32434749659316
2024-01-01 00:02:46,3,jitter_ms,59.97858844048837,-22.625183958492467,133.08672343510537
2024-01-01 00:02:47,3,jitter_ms,59.9553329707585,-15.337075962072122,138.74321359588615
2024-01-01 00:02:48,3,jitter_ms,59.93207749377399,-22.258352998886544,135.90733067030462
2024-01-01 00:02:49,3,jitter_ms,59.90882201283375,-19.316926071718676,142.17711830747237
2024-01-01 00:02:50,3,jitter_ms,59.885566535317245,-23.360030723108654,148.32527009405504
2024-01-01 00:02:51,3,jitter_ms,59.86231103470233,-19.926643689466385,135.0722728500746
2024-01-01 00:02:52,3,jitter_ms,59.83905551362072,-14.873450329352362,147.04312179086918
2024-01-01 00:02:53,3,jitter_ms,59.8157999848669,-21.88641427990089,139.53575340407843
2024-01-01 00:02:54,3,jitter_ms,59.79254445107255,-14.80667379752579,135.86100572576248
2024-01-01 00:02:55,3,jitter_ms,59.76928888571564,-16.492684083567934,131.55682253381175
2024-01-01 00:02:56,3,jitter_ms,59.74603329888318,-19.682939959980207,149.73285048379708
2024-01-01 00:02:57,3,jitter_ms,59.72277768575148,-21.566332947633367,144.39112511793056
2024-01-01 00:02:58,3,jitter_ms,59.6995220570751,-18.474602189295545,137.2471988331658
2024-01-01 00:02:59,3,jitter_ms,59.67626639311989,-31.045555235363327,142.18779375566206
2024-01-01 00:03:00,3,jitter_ms,59.653010696517434,-19.986218967521772,138.70406101993112
2024-01-01 00:03:01,3,jitter_ms,59.62975497056714,-19.788801809468126,133.0421881565834
2024-01-01 00:03:02,3,jitter_ms,59.606499222648196,-17.971209891447415,138.7565747756898
2024-01-01 00:03:03,3,jitter_ms,59.5832435952092,-19.851664257491578,135.5585182281535
2024-01-01 00:03:04,3,jitter_ms,59.559987929366834,-21.855168381071923,138.91836249535962
2024-01-01 00:03:05,3,jitter_ms,59.536732223005224,-22.364984923788683,135.08110594707196
2024-01-01 00:03:06,3,jitter_ms,59.51347647875592,-17.666116520761495,138.5007635495577
2024-01-01 00:03:07,3,jitter_ms,59.490220685008055,-20.091478503282794,142.800265117787
2024-01-01 00:03:08,3,jitter_ms,59.466964844393246,-16.68537805197227,135.60714916484832
2024-01-01 00:03:09,3,jitter_ms,59.443708952087796,-24.848101841559913,138.6759033469869
2024-01-01 00:03:10,3,jitter_ms,59.420453023594106,-20.301523066907865,138.9733538941368
2024-01-01 00:03:11,3,jitter_ms,59.397197029683234,-19.44671019203921,140.14197960306745
2024-01-01 00:03:12,3,jitter_ms,59.373940980441986,-22.202222186930882,145.2007364333727
2024-01-01 00:03:13,3,jitter_ms,59.35068487375457,-20.518608879143677,139.72849540301715
2024-01-01 00:03:14,3,jitter_ms,59.32742871225251,-19.370350140492437,135.3017261467097
2024-01-01 00:03:15,3,jitter_ms,59.30417248432531,-22.06986002798598,133.85620032836408
2024-01-01 00:03:16,3,jitter_ms,59.280916192604586,-18.5419075782821,139.8286894156326
2024-01-01 00:03:17,3,jitter_ms,59.25765983497452,-20.103745478982596,134.6064562359035
2024-01-01 00:03:18,3,jitter_ms,59.23440342152178,-17.166125972446256,137.55930100838683
2024-01-01 00:03:19,3,jitter_ms,59.21114692301789,-18.360082986199078,135.80675020069305
2024-01-01 00:03:20,3,jitter_ms,59.18789035496539,-21.639361526735247,135.9929029085062
2024-01-01 00:03:21,3,jitter_ms,59.16463371999576,-16.79767564363511,141.62191848077796
2024-01-01 00:03:22,3,jitter_ms,59.14137702224347,-15.91430980379408,138.44464876772548
2024-01-01 00:03:23,3,jitter_ms,59.118120248595496,-19.400166652694168,139.06476916692114
2024-01-01 00:03:24,3,jitter_ms,59.09486339422826,-9.842817414296883,136.80284248367195
2024-01-01 00:03:25,3,jitter_ms,59.07160646922821,-24.974665399147323,136.98280239273038
2024-01-01 00:03:26,3,jitter_ms,59.04834944707544,-21.071394197648246,135.43709682640582
2024-01-01 00:03:27,3,jitter_ms,59.02509233785649,-24.70985534861715,142.2983464070106
2024-01-01 00:03:28,3,jitter_ms,59.001835136747715,-24.728684537078877,136.0222056726508
2024-01-01 00:03:29,3,jitter_ms,58.978577854504586,-18.831764675020068,141.2463793201887
2024-01-01 00:03:30,3,jitter_ms,58.95532047139349,-19.687162142035174,136.529425093607
2024-01-01 00:03:31,3,jitter_ms,58.93206299004583,-17.799123275289563,133.713445045243
2024-01-01 00:03:32,3,jitter_ms,58.908805413762174,-19.942873837884946,133.4793559303943
2024-01-01 00:03:33,3,jitter_ms,58.8855477526288,-20.506949158060127,135.92624636771922
2024-01-01 00:03:34,3,jitter_ms,58.86228996454747,-21.609329774858143,138.78859171647667
2024-01-01 00:03:35,3,jitter_ms,58.83903208263856,-25.55551677079649,137.0410330255304
2024-01-01 00:03:36,3,jitter_ms,58.815774094623585,-20.72764093295211,134.19214952609303
2024-01-01 00:03:37,3,jitter_ms,58.79251601058872,-22.83078155182645,137.10287443912847
2024-01-01 00:03:38,3,jitter_ms,58.769257804015254,-23.87802607670564,134.06710678307346
2024-01-01 00:03:39,3,jitter_ms,58.745999484989404,-22.77239617562573,144.1935896390656
2024-01-01 00:03:40,3,jitter_ms,58.722741048687666,-23.2703787816551,134.68957082744473
2024-01-01 00:03:41,3,jitter_ms,58.70152966759035,-24.304741165853038,134.15253112195512
2024-01-01 00:03:42,3,jitter_ms,58.68031816023972,-24.218977686183038,142.78724615733265
2024-01-01 00:03:43,3,jitter_ms,58.65910652926701,-17.361183252979583,137.79479227786817
2024-01-01 00:03:44,3,jitter_ms,58.63789477797323,-22.016434035934378,138.30644676188115
2024-01-01 00:03:45,3,jitter_ms,58.616682916444255,-17.624193789989462,132.38995448720982
2024-01-01 00:03:46,3,jitter_ms,58.59547091003784,-20.501719182266843,139.44089583770182
2024-01-01 00:03:47,3,jitter_ms,58.57425877696444,-26.764657957724502,139.27111178819723
2024-01-01 00:03:48,3,jitter_ms,58.55304651240069,-21.349613911628413,134.68696643369472
2024-01-01 00:03:49,3,jitter_ms,58.531834118977635,-24.702441957268107,139.24136018812746
2024-01-01 00:03:50,3,jitter_ms,58.51062158508731,-14.85188153467075,138.79254341354527
2024-01-01 00:03:51,3,jitter_ms,58.48940891336091,-17.393305941571565,136.04855881908506
2024-01-01 00:03:52,3,jitter_ms,58.468196098975,-18.113857759226356,137.82088361503753
2024-01-01 00:03:53,3,jitter_ms,58.446983160139844,-14.24196617991355,135.8498314831255
2024-01-01 00:03:54,3,jitter_ms,58.4257700622141,-17.485402466508653,137.67520633746818
2024-01-01 00:03:55,3,jitter_ms,58.40455681528338,-22.749490206560004,135.83453602227397
2024-01-01 00:03:56,3,jitter_ms,58.38334342264908,-28.00083836180758,132.7610242548137
2024-01-01 00:03:57,3,jitter_ms,58.36212988694224,-22.47780905876788,138.54417219576564
2024-01-01 00:03:58,3,jitter_ms,58.34091618843074,-17.92115513806064,138.0831045231532
2024-01-01 00:03:59,3,jitter_ms,58.31970233787047,-20.011404669234203,135.2696945644542
2024-01-01 00:04:00,3,jitter_ms,58.32164142205102,-21.46487051556436,135.8303033923837
2024-01-01 00:04:01,3,jitter_ms,58.3235803350442,-24.85235711428928,135.31556895334964
2024-01-01 00:04:02,3,jitter_ms,58.32551908693529,-22.240148536923034,136.0178124279676
2024-01-01 00:04:03,3,jitter_ms,58.32745767560936,-22.990415547847526,137.20767379874502
2024-01-01 00:04:04,3,jitter_ms,58.32939610369729,-24.91758273988733,137.4763610880706
2024-01-01 00:04:05,3,jitter_ms,58.33133435959245,-24.157194759582307,136.41666475701084
2024-01-01 00:04:06,3,jitter_ms,58.333272445925786,-24.571619436834467,134.76112749472597
2024-01-01 00:04:07,3,jitter_ms,58.33521035787412,-15.64794116199357,141.83979590534975
2024-01-01 00:04:08,3,jitter_ms,58.337148110938934,-12.000266601626423,137.96471399871163
2024-01-01 00:04:09,3,jitter_ms,58.33908567589758,-19.91142714447852,141.7949735324568
2024-01-01 00:04:10,3,jitter_ms,58.34102306283502,-15.3983810837739,132.92880404931537
2024-01-01 00:04:11,3,jitter_ms,58.342960262182544,-16.078257245501703,138.93298443647436
2024-01-01 00:04:12,3,jitter_ms,58.34489729893266,-16.759905852875576,136.58183735483328
2024-01-01 00:04:13,3,jitter_ms,58.34683413911776,-19.816160327705582,139.78204252568332
2024-01-01 00:04:14,3,jitter_ms,58.348770792822606,-18.137976762503197,132.71611497973507
2024-01-01 00:04:15,3,jitter_ms,58.350707257932484,-21.51048271807663,142.73522314321207
2024-01-01 00:04:16,3,jitter_ms,58.352643537078094,-20.245364813184214,138.33354221562627
2024-01-01 00:04:17,3,jitter_ms,58.354579618654,-14.469232505478887,139.4292988111628
2024-01-01 00:04:18,3,jitter_ms,58.35651550529096,-28.36818819621053,138.26359553405078
2024-01-01 00:04:19,3,jitter_ms,58.35845119216598,-13.749334899791908,140.84552576992732
2024-01-01 00:04:20,3,jitter_ms,58.360386694780026,-14.24183243076074,134.4994519409189
2024-01-01 00:04:21,3,jitter_ms,58.36232198391251,-21.61655622289475,134.7387143878541
2024-01-01 00:04:22,3,jitter_ms,58.36425706964773,-21.38474430800044,133.8493162265162
2024-01-01 00:04:23,3,jitter_ms,58.3661919498712,-18.881053018560696,128.23960997944704
2024-01-01 00:04:24,3,jitter_ms,58.36812662721341,-21.497987107994028,136.24073529915665
2024-01-01 00:04:25,3,jitter_ms,58.370061090069825,-24.680384420677257,137.61554011363037
2024-01-01 00:04:26,3,jitter_ms,58.37199534107106,-22.16738440309384,136.5060037785716
2024-01-01 00:04:27,3,jitter_ms,58.3739293781027,-18.303561242135967,136.28026126451195
2024-01-01 00:04:28,3,jitter_ms,58.375863211248436,-20.35452511268651,142.06507184811016
2024-01-01 00:04:29,3,jitter_ms,58.399533797974684,-21.888671820698608,137.0786044914277
2024-01-01 00:04:30,3,jitter_ms,58.42320416709663,-17.360448860740448,141.625481534438
2024-01-01 00:04:31,3,jitter_ms,58.44687431379154,-15.35304846629782,137.16494841577696
2024-01-01 00:04:32,3,jitter_ms,58.47054424068976,-19.127788870539337,136.23198478921267
2024-01-01 00:04:33,3,jitter_ms,58.49421393618768,-22.76116054623271,134.0954302030866
2024-01-01 00:04:34,3,jitter_ms,58.51788340291576,-19.854812490304262,137.83184712547433
2024-01-01 00:04:35,3,jitter_ms,58.541552638759754,-17.77700940817698,131.71310754497904
2024-01-01 00:04:36,3,jitter_ms,58.56522165380284,-21.811917401203694,131.54433971686146
2024-01-01 00:04:37,3,jitter_ms,58.58889042153605,-26.37285050176028,132.37348867538302
2024-01-01 00:04:38,3,jitter_ms,58.61255894933423,-18.58784733659461,135.68760388893313
2024-01-01 00:04:39,3,jitter_ms,58.63622724795293,-17.137608944982823,135.56311220351978
2024-01-01 00:04:40,3,jitter_ms,58.65989529766404,-17.616225420045613,137.68285405088733
2024-01-01 00:04:41,3,jitter_ms,58.68356310109787,-19.26893438350248,136.02337806366023
2024-01-01 00:04:42,3,jitter_ms,58.707230661557276,-24.146423236715687,130.33664707318317
2024-01-01 00:04:43,3,jitter_ms,58.73089798912491,-21.842386460080796,137.97672421889703
2024-01-01 00:04:44,3,jitter_ms,58.754565049168015,-18.40361605746814,136.38189381420048
2024-01-01 00:04:45,3,jitter_ms,58.77823185989475,-25.394248769744607,139.84496039755908
2024-01-01 00:04:46,3,jitter_ms,58.801898416482736,-19.472786326803057,136.22572964391676
2024-01-01 00:04:47,3,jitter_ms,58.825564721561996,-22.63114767005922,134.0145093484598
2024-01-01 00:04:48,3,jitter_ms,58.849230763530784,-17.81583547264595,137.7216505920622
2024-01-01 00:04:49,3,jitter_ms,58.87289654501921,-22.674098549130225,136.44064311556872
2024-01-01 00:04:50,3,jitter_ms,58.89656206120503,-16.21247526485038,137.84887631951713
2024-01-01 00:04:51,3,jitter_ms,58.92022733029563,-26.256756296425962,136.98404551785018
2024-01-01 00:04:52,3,jitter_ms,58.943892317660115,-22.96310827589604,136.83082196349616
2024-01-01 00:04:53,3,jitter_ms,58.96755702592868,-18.586225411954167,134.4902389727099
2024-01-01 00:04:54,3,jitter_ms,58.99122147330862,-20.943798777357326,138.46086827382973
2024-01-01 00:04:55,3,jitter_ms,59.01488566242962,-22.43027599454377,136.33629822132448
2024-01-01 00:04:56,3,jitter_ms,59.03854955866174,-21.54626818804883,143.95513943040174
2024-01-01 00:04:57,3,jitter_ms,59.06221318021224,-21.672190579011623,134.9960101686688
2024-01-01 00:04:58,3,jitter_ms,59.085876522259085,-20.683926117689417,138.51588831950812
2024-01-01 00:04:59,3,jitter_ms,59.10953958743198,-27.909051891652155,131.27132680170868
2024-01-01 00:05:00,3,jitter_ms,59.13320236413082,-22.893784666754392,139.6059702058967
2024-01-01 00:05:01,3,jitter_ms,59.15686485498542,-21.58902352883726,135.73374860871263
2024-01-01 00:05:02,3,jitter_ms,59.18052705517389,-20.39858310822798,130.31000251223162
2024-01-01 00:05:03,3,jitter_ms,59.2041889829026,-18.210121017289428,134.47047157976104
2024-01-01 00:05:04,3,jitter_ms,59.22785060354372,-14.736515225056033,143.49668301260735
2024-01-01 00:05:05,3,jitter_ms,59.25151192717849,-17.365970029494544,131.15981383473726
2024-01-01 00:05:06,3,jitter_ms,59.27517295711044,-23.037596421100808,145.5982243610445
2024-01-01 00:05:07,3,jitter_ms,59.29883369596906,-7.609861965821397,144.5311543205366
2024-01-01 00:05:08,3,jitter_ms,59.322494124030094,-20.268873728221873,138.28163481040642
2024-01-01 00:05:09,3,jitter_ms,59.34615425204845,-16.655805156875786,135.45028768484866
2024-01-01 00:05:10,3,jitter_ms,59.369814075202484,-20.02955492516529,145.89938854314082
2024-01-01 00:05:11,3,jitter_ms,59.39347360357256,-14.974809091038685,136.1534504109862
2024-01-01 00:05:12,3,jitter_ms,59.41713281065828,-18.28770506115248,132.27958020379796
2024-01-01 00:05:13,3,jitter_ms,59.440791706540196,-16.592317075214716,141.98138815398298
2024-01-01 00:05:14,3,jitter_ms,59.46445028639681,-24.19887498484836,136.863225460643
2024-01-01 00:05:15,3,jitter_ms,59.48931729191472,-17.551983668370212,140.98485667402147
2024-01-01 00:05:16,3,jitter_ms,59.51418397243886,-28.102058019908107,144.56820761701232
2024-01-01 00:05:17,3,jitter_ms,59.5390503305986,-21.691393660761268,135.98465790949373
2024-01-01 00:05:18,3,jitter_ms,59.56391638189049,-24.57490864359856,132.91548593374077
2024-01-01 00:05:19,3,jitter_ms,59.58878209710769,-13.967779339942174,141.86002008251876
2024-01-01 00:05:20,3,jitter_ms,59.61364748633009,-16.949641584016085,136.91734997569972
2024-01-01 00:05:21,3,jitter_ms,59.638512547444854,-22.253120519971354,140.52060786153876
2024-01-01 00:05:22,3,jitter_ms,59.66337728308101,-19.609994337031697,141.5843120153045
2024-01-01 00:05:23,3,jitter_ms,59.68824168164194,-26.278700331922924,137.56314488947834
2024-01-01 00:05:24,3,jitter_ms,59.71310574575682,-14.193933991500291,143.75512526239268
2024-01-01 00:05:25,3,jitter_ms,59.737969473312894,-26.97403857619438,142.77546400516772
2024-01-01 00:05:26,3,jitter_ms,59.76283287438912,-17.11762447453553,141.0114525126204
2024-01-01 00:05:27,3,jitter_ms,59.78769591978106,-25.454462941199957,135.428722453854
2024-01-01 00:05:28,3,jitter_ms,59.812558624984575,-27.73273301736622,140.4184935383663
2024-01-01 00:05:29,3,jitter_ms,59.837420985178696,-21.94390235338808,139.3571608137981
2024-01-01 00:05:30,3,jitter_ms,59.86228300299225,-13.018709818226391,134.69648820246638
2024-01-01 00:05:31,3,jitter_ms,59.88714466682988,-26.40420495100548,133.38934736293893
2024-01-01 00:05:32,3,jitter_ms,59.912005979320526,-21.284969040653145,136.49565795485958
2024-01-01 00:05:33,3,jitter_ms,59.93686693835174,-20.71317955534943,140.43547399246057
2024-01-01 00:05:34,3,jitter_ms,59.96172755400161,-26.243820605583547,133.9454388617757
2024-01-01 00:05:35,3,jitter_ms,59.98658779232719,-21.506543477070583,135.3871650194494
2024-01-01 00:05:36,3,jitter_ms,60.01144767830561,-16.343373124005527,140.80371342352439
2024-01-01 00:05:37,3,jitter_ms,60.03630720237507,-24.641706868743704,139.1782467901933
2024-01-01 00:05:38,3,jitter_ms,60.0611663746133,-16.583427705668477,138.18013493741864
2024-01-01 00:05:39,3,jitter_ms,60.08602516581965,-23.33178149887741,144.87421370169005
2024-01-01 00:05:40,3,jitter_ms,60.11088359148862,-16.868032541444897,140.9888674095626
2024-01-01 00:05:41,3,jitter_ms,60.13574164679973,-17.311320392725765,137.36583928916056
2024-01-01 00:05:42,3,jitter_ms,60.160599334381395,-15.461263130477425,139.05614854751724
2024-01-01 00:05:43,3,jitter_ms,60.185456642640325,-12.966019607991623,137.8249279345952
2024-01-01 00:05:44,3,jitter_ms,60.21031357420508,-20.801002517231304,136.82599824145703
2024-01-01 00:05:45,3,jitter_ms,60.23517012696364,-23.9016646727403,140.82001729209833
2024-01-01 00:05:46,3,jitter_ms,60.26002631099279,-21.815448398480807,143.38534180169816
2024-01-01 00:05:47,3,jitter_ms,60.28488209980282,-19.006826751838393,136.59079534778076
2024-01-01 00:05:48,3,jitter_ms,60.30973750076256,-22.62433207400862,142.43733742293756
2024-01-01 00:05:49,3,jitter_ms,60.33459251717655,-19.733188360143846,138.7368196632549
2024-01-01 00:05:50,3,jitter_ms,60.35944715167294,-20.87429779637581,142.7705517459454
2024-01-01 00:05:51,3,jitter_ms,60.38430138453522,-17.74434020271091,136.70149501918894
2024-01-01 00:05:52,3,jitter_ms,60.409155226516305,-20.942127411465606,136.20599700630154
2024-01-01 00:05:53,3,jitter_ms,60.434008672796274,-15.017767672320593,139.40729412916292
2024-01-01 00:05:54,3,jitter_ms,60.45886173345098,-20.387186225411664,139.1119703182912
2024-01-01 00:05:55,3,jitter_ms,60.48371438199349,-26.75902718545991,142.75683956837892
2024-01-01 00:05:56,3,jitter_ms,60.50856662849988,-23.48530834045423,142.55945526978434
2024-01-01 00:05:57,3,jitter_ms,60.53341846815044,-18.941202209786464,143.01694341798537
2024-01-01 00:05:58,3,jitter_ms,60.55826991169747,-16.33941849541371,142.37291552659926
2024-01-01 00:05:59,3,jitter_ms,60.583120939426145,-16.295763031341693,137.3452071826846
2024-01-01 00:06:00,3,jitter_ms,60.607971553964504,-14.97119037928016,139.72357956801815
2024-01-01 00:06:01,3,jitter_ms,60.63282177351194,-17.625025906118918,139.19375911040203
2024-01-01 00:06:02,3,jitter_ms,60.65767156345964,-19.54461797427669,138.87268059418702
2024-01-01 00:06:03,3,jitter_ms,60.68252093388287,-17.184144965219414,138.98493542238305
2024-01-01 00:06:04,3,jitter_ms,60.70736988808654,-20.942494715422676,143.57286183002097
2024-01-01 00:06:05,3,jitter_ms,60.732218428698225,-18.663767721404113,140.73765121807955
2024-01-01 00:06:06,3,jitter_ms,60.75706653600464,-18.334616909780365,141.29540191940055
2024-01-01 00:06:07,3,jitter_ms,60.7819142207578,-23.0250327163482,138.71525928571893
2024-01-01 00:06:08,3,jitter_ms,60.806761478138455,-18.555558442758656,143.95226018994938
2024-01-01 00:06:09,3,jitter_ms,60.83160831822063,-21.584903171670174,140.59887738735006
2024-01-01 00:06:10,3,jitter_ms,60.856454714522854,-17.951903326027573,145.76864921730328
2024-01-01 00:06:11,3,jitter_ms,60.881301571162055,-18.027894923922606,141.36479632912102
2024-01-01 00:06:12,3,jitter_ms,60.90614798183023,-14.318980573234835,143.87937641643444
2024-01-01 00:06:13,3,jitter_ms,60.930993979617675,-22.444521670305974,141.69524761557992
2024-01-01 00:06:14,3,jitter_ms,60.95583952247393,-17.56758838259768,136.33334920943605
2024-01-01 00:06:15,3,jitter_ms,60.9806846204728,-14.433731022605278,136.21302293972187
2024-01-01 00:06:16,3,jitter_ms,61.00552927691945,-22.813196968893013,140.15691514638573
2024-01-01 00:06:17,3,jitter_ms,61.03037349444096,-19.99733603351419,137.73502014656816
2024-01-01 00:06:18,3,jitter_ms,61.05521725332681,-21.850476822673855,139.7266474411294
2024-01-01 00:06:19,3,jitter_ms,61.080060564328186,-16.919628222362363,136.27329163520858
2024-01-01 00:06:20,3,jitter_ms,61.104903422626464,-18.99819323669027,143.46249498954626
2024-01-01 00:06:21,3,jitter_ms,61.12974583829411,-22.65546560438685,144.83425525601095
2024-01-01 00:06:22,3,jitter_ms,61.154587784854236,-15.643564765887401,141.32897944878152
2024-01-01 00:06:23,3,jitter_ms,61.179429272379544,-15.65934992510712,140.81965209351
2024-01-01 00:06:24,3,jitter_ms,61.20427029605169,-21.86854291644369,139.43759945939448
2024-01-01 00:06:25,3,jitter_ms,61.2291108666211,-19.083231993704274,143.65546993725297
2024-01-01 00:06:26,3,jitter_ms,61.25395096437917,-11.295341357171791,150.53344199004175
2024-01-01 00:06:27,3,jitter_ms,61.27879059195289,-19.4522953530554,141.09631742960462
2024-01-01 00:06:28,3,jitter_ms,61.30362975264769,-18.640194237261984,139.44775113927608
2024-01-01 00:06:29,3,jitter_ms,61.32846845382703,-23.279147269611716,144.45931639520566
2024-01-01 00:06:30,3,jitter_ms,61.35330666901726,-21.885631644706475,143.6474743787524
2024-01-01 00:06:31,3,jitter_ms,61.37814440828999,-17.89736371389238,139.01188197411437
2024-01-01 00:06:32,3,jitter_ms,61.402981669535095,-14.968591009934315,146.93381294738754
2024-01-01 00:06:33,3,jitter_ms,61.42781845537906,-14.167842054696177,139.80580823091316
2024-01-01 00:06:34,3,jitter_ms,61.4526547542386,-20.305511433130956,142.80210915044432
2024-01-01 00:06:35,3,jitter_ms,61.47749056874036,-17.699287910634816,143.7279209782223
2024-01-01 00:06:36,3,jitter_ms,61.50232589406666,-18.618052024833876,145.17313629316843
2024-01-01 00:06:37,3,jitter_ms,61.52716074570317,-16.598182509853203,140.22559660078738
2024-01-01 00:06:38,3,jitter_ms,61.55199509447183,-24.137536513014588,136.50153269571328
2024-01-01 00:06:39,3,jitter_ms,61.57682895044313,-16.007596465348488,141.6794912878611
2024-01-01 00:06:40,3,jitter_ms,61.601662316243235,-17.895345097753143,134.04509400792807
2024-01-01 00:06:41,3,jitter_ms,61.62649518029042,-20.67661279161899,138.53258497190626
2024-01-01 00:06:42,3,jitter_ms,61.651327545211025,-16.52561495263613,141.3768144418931
2024-01-01 00:06:43,3,jitter_ms,61.676159408895415,-16.05574703140215,136.92959002103728
2024-01-01 00:06:44,3,jitter_ms,61.7009907814128,-11.525679802680989,135.37051185907174
2024-01-01 00:06:45,3,jitter_ms,61.72582163629579,-24.23679291593125,136.98340325291807
2024-01-01 00:06:46,3,jitter_ms,61.75065198090633,-20.448069015091388,142.4934144960965
2024-01-01 00:06:47,3,jitter_ms,61.77548181855011,-17.308426454317114,137.6807735727464
2024-01-01 00:06:48,3,jitter_ms,61.800311151852895,-16.85235003464597,141.76660718829947
2024-01-01 00:06:49,3,jitter_ms,61.82513996111213,-15.05144335714859,139.62800431940974
2024-01-01 00:06:50,3,jitter_ms,61.849968257076455,-15.175859100912524,143.1776643543516
2024-01-01 00:06:51,3,jitter_ms,61.874796034929034,-18.149337186516682,140.3983918070666
2024-01-01 00:06:52,3,jitter_ms,61.899623304737865,-13.591201199200558,138.88459979251255
2024-01-01 00:06:53,3,jitter_ms,61.92445004003912,-17.709991518474286,142.64872673353187
2024-01-01 00:06:54,3,jitter_ms,61.949276243458954,-14.83007927263918,144.56108304204494
2024-01-01 00:06:55,3,jitter_ms,61.97410192777266,-16.08570024375532,145.4752632530418
2024-01-01 00:06:56,3,jitter_ms,61.998927095605346,-22.344850116560625,143.46095715909598
2024-01-01 00:06:57,3,jitter_ms,62.023751720495014,-10.923082590980716,143.28396199368257
2024-01-01 00:06:58,3,jitter_ms,62.04857580980193,-19.0489530128468,138.93678172441042
2024-01-01 00:06:59,3,jitter_ms,62.07339936683199,-19.213264026228966,142.48065042756846
2024-01-01 00:07:00,3,jitter_ms,62.098222394210424,-19.510876386461277,140.64983783202135
2024-01-01 00:07:01,3,jitter_ms,62.12304487223803,-16.16092205409716,137.95723021334462
2024-01-01 00:07:02,3,jitter_ms,62.14786681166233,-18.051074228853082,140.8880977499178
2024-01-01 00:07:03,3,jitter_ms,62.17268820766727,-18.86358495093902,141.11651480204583
2024-01-01 00:07:04,3,jitter_ms,62.19750907031892,-19.88020163168901,140.00759441473676
2024-01-01 00:07:05,3,jitter_ms,62.222329373159,-20.36506480322593,143.14426907083097
2024-01-01 00:07:06,3,jitter_ms,62.24714912625388,-16.932932501661703,143.21912381874574
2024-01-01 00:07:07,3,jitter_ms,62.271968788208106,-20.681114712398255,141.6007496066013
2024-01-01 00:07:08,3,jitter_ms,62.29678790634797,-13.7012427609721,136.73250194314386
2024-01-01 00:07:09,3,jitter_ms,62.32160646097661,-15.493587811203867,136.39552097782357
2024-01-01 00:07:10,3,jitter_ms,62.34642445471915,-12.113438820442088,144.8120312499195
2024-01-01 00:07:11,3,jitter_ms,62.371241890881656,-16.1073639599005,140.39511165893418
2024-01-01 00:07:12,3,jitter_ms,62.39605877952884,-20.41576860856898,135.35582095282845
2024-01-01 00:07:13,3,jitter_ms,62.420875086084806,-16.72091381908136,146.51085768230297
2024-01-01 00:07:14,3,jitter_ms,62.44569082873604,-17.942568276644458,138.08708390409015
2024-01-01 00:07:15,3,jitter_ms,62.47050600266731,-19.313896889500313,143.99120471197386
2024-01-01 00:07:16,3,jitter_ms,62.49532061050309,-20.289900487219246,141.96716770462615
2024-01-01 00:07:17,3,jitter_ms,62.52013464067019,-18.40186793647056,145.5638975439401
2024-01-01 00:07:18,3,jitter_ms,62.54494809579331,-21.474796050136533,140.647097161137
2024-01-01 00:07:19,3,jitter_ms,62.569760985936014,-19.89225475079687,145.4934182612537
2024-01-01 00:07:20,3,jitter_ms,62.594573284647254,-18.10114605655119,141.245334295504
2024-01-01 00:07:21,3,jitter_ms,62.619385001990935,-15.678311702791481,143.05797196815243
2024-01-01 00:07:22,3,jitter_ms,62.644196133152356,-14.141940598784693,140.03286250455565
2024-01-01 00:07:23,3,jitter_ms,62.66900668887651,-19.747635214950648,141.90428662944342
2024-01-01 00:07:24,3,jitter_ms,62.69381664947112,-16.43552060644214,141.80375179409174
2024-01-01 00:07:25,3,jitter_ms,62.718626017560574,-18.840685228987677,140.88299153324797
2024-01-01 00:07:26,3,jitter_ms,62.74343479645115,-18.404636312070586,141.53155062922957
2024-01-01 00:07:27,3,jitter_ms,62.76824299349814,-10.220802922214606,143.15657926803746
2024-01-01 00:07:28,3,jitter_ms,62.79305058225447,-21.57397798860214,145.1046463475105
2024-01-01 00:07:29,3,jitter_ms,62.81785757278269,-21.439511681739045,145.8543438145296
2024-01-01 00:07:30,3,jitter_ms,62.84266396297546,-15.721397406213633,145.0272375463545
2024-01-01 00:07:31,3,jitter_ms,62.867469755456504,-17.608237292684752,140.55604579193275
2024-01-01 00:07:32,3,jitter_ms,62.89227493865649,-16.039822684685205,141.9278290578608
2024-01-01 00:07:33,3,jitter_ms,62.91707951519933,-8.005243438221852,141.93426176616944
2024-01-01 00:07:34,3,jitter_ms,62.94188348027122,-16.184105571047198,145.84378605367692
2024-01-01 00:07:35,3,jitter_ms,62.96668684934637,-19.94704532642539,140.66145970740706
2024-01-01 00:07:36,3,jitter_ms,62.99148958854462,-16.733441256876,132.87428467763166
2024-01-01 00:07:37,3,jitter_ms,63.01629171468151,-12.12176528337708,136.31951996075665
2024-01-01 00:07:38,3,jitter_ms,63.04109322633287,-14.867180998937023,146.2881683591062
2024-01-01 00:07:39,3,jitter_ms,63.06589413085208,-15.009523592174627,142.7654144160249
2024-01-01 00:07:40,3,jitter_ms,63.090694401798295,-19.29807959137695,142.60295466172548
2024-01-01 00:07:41,3,jitter_ms,63.115494049231906,-6.783859051455531,145.69240569070413
2024-01-01 00:07:42,3,jitter_ms,63.140293071046244,-14.370071546017776,141.49356635512052
2024-01-01 00:07:43,3,jitter_ms,63.16509146986438,-19.20966551097491,144.85624889760317
2024-01-01 00:07:44,3,jitter_ms,63.18988923412019,-14.54737648984901,140.12585933914391
2024-01-01 00:07:45,3,jitter_ms,63.21468636643698,-19.209867767654117,141.55103153631677
2024-01-01 00:07:46,3,jitter_ms,63.239482862001836,-16.056447545277166,142.54041819729233
2024-01-01 00:07:47,3,jitter_ms,63.26427873628623,-14.246972150889057,139.3952207795614
2024-01-01 00:07:48,3,jitter_ms,63.289073960147135,-15.729902677982343,142.94264651739363
2024-01-01 00:07:49,3,jitter_ms,63.31386854364349,-23.310026092275272,141.92790266394977
2024-01-01 00:07:50,3,jitter_ms,63.33866248466902,-17.38353292743257,141.98056764333427
2024-01-01 00:07:51,3,jitter_ms,63.363455785846384,-15.19759055122105,149.46597601099165
2024-01-01 00:07:52,3,jitter_ms,63.38824843561168,-17.83831625460727,142.98476558093262
2024-01-01 00:07:53,3,jitter_ms,63.41304043658775,-14.646928193300464,141.32463430305367
2024-01-01 00:07:54,3,jitter_ms,63.437831786668596,-9.31815242633746,143.48968739836678
2024-01-01 00:07:55,3,jitter_ms,63.462622495911226,-17.061453045449028,144.02960371227928
2024-01-01 00:07:56,3,jitter_ms,63.4874125351773,-12.472760281545487,139.02954389346039
2024-01-01 00:07:57,3,jitter_ms,63.51220191993664,-19.111296262019465,138.24441677656839
2024-01-01 00:07:58,3,jitter_ms,63.53699065281144,-12.31703442380759,144.76687051255263
2024-01-01 00:07:59,3,jitter_ms,63.56177871412126,-17.48298259252553,139.49592378308378
2024-01-01 00:08:00,3,jitter_ms,63.58656611460707,-17.659740186072305,138.48253887456082
2024-01-01 00:08:01,3,jitter_ms,63.6113528494571,-11.974889578901992,144.05223211145184
2024-01-01 00:08:02,3,jitter_ms,63.63613892872698,-10.056819804775706,143.45553874641695
2024-01-01 00:08:03,3,jitter_ms,63.66092436674694,-14.838653233320658,140.74735088138584
2024-01-01 00:08:04,3,jitter_ms,63.68570913281459,-18.853935081546,144.07211174853313
2024-01-01 00:08:05,3,jitter_ms,63.710493222118544,-14.058322359663473,140.10822003758923
2024-01-01 00:08:06,3,jitter_ms,63.73527664539856,-14.946330900676998,141.86221098110394
2024-01-01 00:08:07,3,jitter_ms,63.76005938297704,-12.654173637919206,141.20874262846658
2024-01-01 00:08:08,3,jitter_ms,63.78484143747608,-11.560484539929265,146.16999584411707
2024-01-01 00:08:09,3,jitter_ms,63.80962281220239,-13.531297319425475,150.63867912039723
2024-01-01 00:08:10,3,jitter_ms,63.83440351720994,-20.524224730768914,145.68557496074322
2024-01-01 00:08:11,3,jitter_ms,63.859183517957526,-9.57178171878856,140.8273014818089
2024-01-01 00:08:12,3,jitter_ms,63.883962832617165,-16.116711844211324,139.4873374608819
2024-01-01 00:08:13,3,jitter_ms,63.90874144894602,-5.802807432073929,144.19985738446908
2024-01-01 00:08:14,3,jitter_ms,63.93351939186162,-12.670395282019836,143.12241109127882
2024-01-01 00:08:15,3,jitter_ms,63.95829662751048,-18.109441821155634,145.7905763718044
2024-01-01 00:08:16,3,jitter_ms,63.983073165946216,-12.36115569958285,144.24035094273754
2024-01-01 00:08:17,3,jitter_ms,64.00784900235848,-20.802055162638332,148.20252826855614
2024-01-01 00:08:18,3,jitter_ms,64.03262414748536,-16.906763698169673,144.33992493164416
2024-01-01 00:08:19,3,jitter_ms,64.05739858165379,-15.42690606816791,142.80238518958654
2024-01-01 00:08:20,3,jitter_ms,64.08217230748514,-12.38584682497386,148.15587549269688
2024-01-01 00:08:21,3,jitter_ms,64.10694532828619,-16.340339651864777,145.70202350614747
2024-01-01 00:08:22,3,jitter_ms,64.13171765410843,-13.05206209821769,138.51689347181937
2024-01-01 00:08:23,3,jitter_ms,64.15648925041874,-12.41158040203762,150.30731199257485
2024-01-01 00:08:24,3,jitter_ms,64.18126013538574,-16.732994395694263,141.91606178704552
2024-01-01 00:08:25,3,jitter_ms,64.20603030419966,-12.903572611174596,145.6317659954556
2024-01-01 00:08:26,3,jitter_ms,64.23079975948109,-15.031256417614443,134.05950187400154
2024-01-01 00:08:27,3,jitter_ms,64.2555684896764,-13.094197767434201,142.63788243353196
2024-01-01 00:08:28,3,jitter_ms,64.28033649740644,-12.665859389293495,143.72225452194928
2024-01-01 00:08:29,3,jitter_ms,64.30510377786189,-17.956634576783685,146.19775982860597
2024-01-01 00:08:30,3,jitter_ms,64.32987034920868,-15.812721242674968,147.60894824862334
2024-01-01 00:08:31,3,jitter_ms,64.35463617691913,-9.592653521069273,143.12604767324856
2024-01-01 00:08:32,3,jitter_ms,64.3794012710436,-10.823564631709909,143.64056113405434
2024-01-01 00:08:33,3,jitter_ms,64.40416563488897,-18.198844665216964,149.2993335930662
2024-01-01 00:08:34,3,jitter_ms,64.42892927107522,-20.190606731069867,145.5724341221106
2024-01-01 00:08:35,3,jitter_ms,64.45369215993557,-18.693178793451096,141.3002812495276
2024-01-01 00:08:36,3,jitter_ms,64.478454312206,-10.74391712676852,142.61024893776184
2024-01-01 00:08:37,3,jitter_ms,64.50321573522966,-14.125340448613377,144.51831485643552
2024-01-01 00:08:38,3,jitter_ms,64.52797640259925,-16.051316283867788,144.65405691239295
2024-01-01 00:08:39,3,jitter_ms,64.55273632436355,-14.533701456933928,141.6518635676819
2024-01-01 00:08:40,3,jitter_ms,64.5774954984193,-17.846862067778407,144.039732924926
2024-01-01 00:08:41,3,jitter_ms,64.60225392738616,-18.372195627022215,145.54763706331246
2024-01-01 00:08:42,3,jitter_ms,64.62701159971516,-16.622428889113397,137.7407944594768
2024-01-01 00:08:43,3,jitter_ms,64.65176851802623,-20.133011157866637,147.43653682845743
2024-01-01 00:08:44,3,jitter_ms,64.67652467751142,-12.612656913730975,153.27309607199933
2024-01-01 00:08:45,3,jitter_ms,64.70128009362719,-14.191132784454666,140.9894422951721
2024-01-01 00:08:46,3,jitter_ms,64.72603473726642,-16.362321820873717,144.59125286453923
2024-01-01 00:08:47,3,jitter_ms,64.75078861847605,-17.050353344480435,146.3509302050238
2024-01-01 00:08:48,3,jitter_ms,64.77554173515337,-17.766541125937884,150.60439228827465
2024-01-01 00:08:49,3,jitter_ms,64.80029408991749,-11.930142090504518,144.5712904018582
2024-01-01 00:08:50,3,jitter_ms,64.82504567122207,-9.018434977399266,151.53304845160062
2024-01-01 00:08:51,3,jitter_ms,64.8497964816865,-12.960456030869828,142.10537754194763
2024-01-01 00:08:52,3,jitter_ms,64.87454651920827,-19.389484744839276,141.51622678427142
2024-01-01 00:08:53,3,jitter_ms,64.89929579383217,-22.314144749582162,143.00424130153
2024-01-01 00:08:54,3,jitter_ms,64.92404427645657,-11.874567120560362,143.52427012895197
2024-01-01 00:08:55,3,jitter_ms,64.94879197781488,-14.766421419136242,142.1003021262114
2024-01-01 00:08:56,3,jitter_ms,64.97353889983788,-11.461970125595936,141.85427731390746
2024-01-01 00:08:57,3,jitter_ms,64.99828505325735,-12.548979979637934,144.777194030624
2024-01-01 00:08:58,3,jitter_ms,65.02303040897436,-14.944512133944652,142.18502645805015
2024-01-01 00:08:59,3,jitter_ms,65.00308703665957,-11.504318497694406,148.7783166288946
2024-01-01 00:09:00,3,jitter_ms,64.98314287458463,-15.254754899362064,142.0603893796965
2024-01-01 00:09:01,3,jitter_ms,64.96319792536787,-20.340985633375578,140.4508377065431
2024-01-01 00:09:02,3,jitter_ms,64.94325217746689,-10.43388246156726,149.96044886894717
2024-01-01 00:09:03,3,jitter_ms,64.92330563350028,-17.538721765095417,140.50146327865554
2024-01-01 00:09:04,3,jitter_ms,64.90335829136639,-13.097919905124298,143.28769647898926
2024-01-01 00:09:05,3,jitter_ms,64.88341016110714,-20.2530879461303,141.9948888002836
2024-01-01 00:09:06,3,jitter_ms,64.8634612136293,-16.138704793637586,148.222784681673
2024-01-01 00:09:07,3,jitter_ms,64.84351146438375,-13.612510303008053,146.00474155336713
2024-01-01 00:09:08,3,jitter_ms,64.82356090856482,-10.692112453279943,145.93310180470348
2024-01-01 00:09:09,3,jitter_ms,64.80360954879026,-12.25186759625575,143.9940721226232
2024-01-01 00:09:10,3,jitter_ms,64.78365737352044,-9.307036321781897,147.2304296407772
2024-01-01 00:09:11,3,jitter_ms,64.76370438537339,-10.152164941880494,138.36731991764768
2024-01-01 00:09:12,3,jitter_ms,64.74375058224796,-13.654155469242301,145.39321620111383
2024-01-01 00:09:13,3,jitter_ms,64.72379597418418,-14.789335382142418,145.24011630986905
2024-01-01 00:09:14,3,jitter_ms,64.70384053479853,-8.226408946157283,144.1349859493059
2024-01-01 00:09:15,3,jitter_ms,64.68388427142756,-17.194187239184892,140.1207958613352
2024-01-01 00:09:16,3,jitter_ms,64.6639271948003,-12.46083569562398,149.80798246003562
2024-01-01 00:09:17,3,jitter_ms,64.64396928526776,-15.807638654885608,145.39732643961855
2024-01-01 00:09:18,3,jitter_ms,64.62401054544763,-16.760771775470968,147.38251811646123
2024-01-01 00:09:19,3,jitter_ms,64.60405097864685,-10.715462939015417,146.74553348281216
2024-01-01 00:09:20,3,jitter_ms,64.58409059490369,-12.96699459554626,139.77436162653257
2024-01-01 00:09:21,3,jitter_ms,64.56412935972824,-9.296580335761798,148.10637238989042
2024-01-01 00:09:22,3,jitter_ms,64.5441672912705,-14.755189638671684,145.42141894799295
2024-01-01 00:09:23,3,jitter_ms,64.52420438472635,-14.20021244443855,147.30794574370586
2024-01-01 00:09:24,3,jitter_ms,64.50424064271247,-19.923016448088674,141.45240425145388
2024-01-01 00:09:25,3,jitter_ms,64.48427605369449,-11.257532169790272,144.8783197526956
2024-01-01 00:09:26,3,jitter_ms,64.46431062028935,-8.25594882114337,143.41856346396457
2024-01-01 00:09:27,3,jitter_ms,64.44434433769351,-10.310286977328715,144.9064704929433
2024-01-01 00:09:28,3,jitter_ms,64.42437722405371,-14.291482982054841,143.65126310874865
2024-01-01 00:09:29,3,jitter_ms,64.40440924488652,-18.695098172657172,143.84446690400154
2024-01-01 00:09:30,3,jitter_ms,64.38444041022885,-15.429620232773459,141.99065204222774
2024-01-01 00:09:31,3,jitter_ms,64.36447072338767,-8.413330561579247,146.1902428531521
2024-01-01 00:09:32,3,jitter_ms,64.34450018697899,-15.385460909443733,147.5711609930835
2024-01-01 00:09:33,3,jitter_ms,64.32452878136132,-17.141352773326005,139.76919477698303
2024-01-01 00:09:34,3,jitter_ms,64.30455651726103,-14.039644646199081,145.3107417162624
2024-01-01 00:09:35,3,jitter_ms,64.28458338987524,-17.924946493194707,145.7609047934625
2024-01-01 00:09:36,3,jitter_ms,64.26460940923829,-17.614936648650517,137.00102958919075
2024-01-01 00:09:37,3,jitter_ms,64.24463454156466,-14.048427906506387,144.99541787446847
2024-01-01 00:09:38,3,jitter_ms,64.22465881172585,-16.559126724657776,145.9119563316992
2024-01-01 00:09:39,3,jitter_ms,64.20468220750112,-14.067217961750204,137.85289995209587
2024-01-01 00:09:40,3,jitter_ms,64.18470474703292,-12.517180658158042,144.9861689891135
2024-01-01 00:09:41,3,jitter_ms,64.16472639584774,-13.30562105131422,140.11410959665432
2024-01-01 00:09:42,3,jitter_ms,64.14474716397947,-20.61057044739128,144.9676124521871
2024-01-01 00:09:43,3,jitter_ms,64.1247670547351,-19.767572401872883,145.87554706984005
2024-01-01 00:09:44,3,jitter_ms,64.10478607072972,-12.134787728471174,144.29716444886265
2024-01-01 00:09:45,3,jitter_ms,64.08480419232757,-16.335123765799906,149.88692819782534
2024-01-01 00:09:46,3,jitter_ms,64.06482143025279,-14.678198053178388,142.18625936682488
2024-01-01 00:09:47,3,jitter_ms,64.04483777970385,-12.934642110601004,145.0221286906295
2024-01-01 00:09:48,3,jitter_ms,64.02485325071194,-15.512541593368285,142.44459072840021
2024-01-01 00:09:49,3,jitter_ms,64.00486781691869,-15.30199859996558,143.57722949571553
2024-01-01 00:09:50,3,jitter_ms,63.98488148835577,-16.69258086467998,143.60455773857637
2024-01-01 00:09:51,3,jitter_ms,63.96489426022221,-13.09274917093626,146.2092769045967
2024-01-01 00:09:52,3,jitter_ms,63.944906143240466,-15.620770522863431,144.70687337470383
2024-01-01 00:09:53,3,jitter_ms,63.924917117778534,-13.859711795034512,146.3374296241114
2024-01-01 00:09:54,3,jitter_ms,63.904927186451474,-16.242653287510187,143.18182087743975
2024-01-01 00:09:55,3,jitter_ms,63.884936352566214,-15.6250897655615,138.82861491010277
2024-01-01 00:09:56,3,jitter_ms,63.864944623449304,-15.256600308282557,140.23596630511636
2024-01-01 00:09:57,3,jitter_ms,63.84495197274841,-17.52818723443686,141.9055026626954
2024-01-01 00:09:58,3,jitter_ms,63.82495841049308,-16.570271735829095,143.32058776188327
2024-01-01 00:09:59,3,jitter_ms,63.80496393929744,-20.462343149579286,134.0759830957686
2024-01-01 00:10:00,3,jitter_ms,63.784968547639906,-17.271151838578874,139.21220240294525
2024-01-01 00:10:01,3,jitter_ms,63.76497223813491,-14.701388589221235,144.02666775293642
2024-01-01 00:10:02,3,jitter_ms,63.74497500868491,-17.704051124641285,136.79502846089704
2024-01-01 00:10:03,3,jitter_ms,63.72497686931707,-9.943637852459247,137.6063044501864
2024-01-01 00:10:04,3,jitter_ms,63.704977790982355,-11.61902366129362,140.5956433107166
2024-01-01 00:10:05,3,jitter_ms,63.68497778911265,-14.455151004137614,142.7703857005265
2024-01-01 00:10:06,3,jitter_ms,63.66497685890858,-19.2938038597658,136.20950908539257
2024-01-01 00:10:07,3,jitter_ms,63.64497500298364,-9.01683717557801,145.9171491604674
2024-01-01 00:10:08,3,jitter_ms,63.624972209819376,-16.36664588922954,145.3399628425159
2024-01-01 00:10:09,3,jitter_ms,63.60496848202955,-19.23241723455997,139.76938036712576
2024-01-01 00:10:10,3,jitter_ms,63.58496381751725,-11.953829412776813,144.37144760328022
2024-01-01 00:10:11,3,jitter_ms,63.564958226307425,-22.115000712209724,139.73130997083646
2024-01-01 00:10:12,3,jitter_ms,63.544951682059406,-19.093942762669627,143.10515052024854
2024-01-01 00:10:13,3,jitter_ms,63.524944192096925,-16.563791695702736,136.63483333830015
2024-01-01 00:10:14,3,jitter_ms,63.50493575501733,-11.983067188067208,148.19005398803517
2024-01-01 00:10:15,3,jitter_ms,63.4849263875619,-11.721869657229606,144.3254614975031
2024-01-01 00:10:16,3,jitter_ms,63.46491605598185,-20.346526540329897,144.76584815620757
2024-01-01 00:10:17,3,jitter_ms,63.444904775704735,-11.43656557947579,139.96153562926642
2024-01-01 00:10:18,3,jitter_ms,63.42489254193264,-15.494791683814665,141.5751780239775
2024-01-01 00:10:19,3,jitter_ms,63.40487935727809,-15.411150447351307,145.9591060914047
2024-01-01 00:10:20,3,jitter_ms,63.384865210227325,-9.838975699455482,146.56123872333814
2024-01-01 00:10:21,3,jitter_ms,63.36485010339319,-17.773976465245525,141.58226620970564
2024-01-01 00:10:22,3,jitter_ms,63.3448340346797,-14.975989320184915,146.70732631740316
2024-01-01 00:10:23,3,jitter_ms,63.32481701410842,-20.004101118782867,143.3758769366928
2024-01-01 00:10:24,3,jitter_ms,63.30479901534826,-15.9007721361567,143.216682470374
2024-01-01 00:10:25,3,jitter_ms,63.28478004572012,-13.199855763959514,135.0377146592177
2024-01-01 00:10:26,3,jitter_ms,63.264760108530744,-14.214955497301087,138.76135951220672
2024-01-01 00:10:27,3,jitter_ms,63.2447392063919,-23.39037915018705,144.86739110387506
2024-01-01 00:10:28,3,jitter_ms,63.22471731968972,-16.3365789112529,147.15423888980362
2024-01-01 00:10:29,3,jitter_ms,63.20469445913969,-9.849209431184956,143.599479656125
2024-01-01 00:10:30,3,jitter_ms,63.184670619945386,-15.762121050007362,142.8630413640985
2024-01-01 00:10:31,3,jitter_ms,63.16464581212608,-12.53040250614257,141.69595290689853
2024-01-01 00:10:32,3,jitter_ms,63.14462000935717,-11.927325373168406,146.19718072168556
2024-01-01 00:10:33,3,jitter_ms,63.12459322165846,-17.665687234074333,140.8769478065148
2024-01-01 00:10:34,3,jitter_ms,63.10456544423414,-16.626436115140827,146.0183237966614
2024-01-01 00:10:35,3,jitter_ms,63.084536687797815,-18.33984924792568,141.78346689566843
2024-01-01 00:10:36,3,jitter_ms,63.06450693273979,-15.188924549884517,147.98331152980361
2024-01-01 00:10:37,3,jitter_ms,63.04447618167175,-12.785394030245728,144.9082263374267
2024-01-01 00:10:38,3,jitter_ms,63.024444452712885,-17.69780319907764,142.99648385657383
2024-01-01 00:10:39,3,jitter_ms,63.004411711442415,-16.43510329829325,141.82462803070996
2024-01-01 00:10:40,3,jitter_ms,62.98437796787823,-18.714288964944718,139.7202694149336
2024-01-01 00:10:41,3,jitter_ms,62.964343225327035,-19.994569993315515,140.6563903513589
2024-01-01 00:10:42,3,jitter_ms,62.944307486399246,-18.497974467794094,136.5120589691801
2024-01-01 00:10:43,3,jitter_ms,62.92427073148918,-17.0340675954135,150.76977137837773
2024-01-01 00:10:44,3,jitter_ms,62.90423297130912,-18.854901091878546,141.71432557709778
2024-01-01 00:10:45,3,jitter_ms,62.8841942010645,-23.759114279409488,147.6380479940926
2024-01-01 00:10:46,3,jitter_ms,62.864154430770135,-13.044228340891468,139.10142411651907
2024-01-01 00:10:47,3,jitter_ms,62.844113634113995,-13.269000438211773,143.8616875306526
2024-01-01 00:10:48,3,jitter_ms,62.824071821111474,-15.459831792957468,137.0191245781461
2024-01-01 00:10:49,3,jitter_ms,62.80402898696863,-10.744472923034634,145.02369422514397
2024-01-01 00:10:50,3,jitter_ms,62.78398514239581,-15.449355788044235,137.38551024400758
2024-01-01 00:10:51,3,jitter_ms,62.763940267791575,-12.805557204221682,137.55328666102807
2024-01-01 00:10:52,3,jitter_ms,62.74389436576633,-13.396173852551485,145.6805199921348
2024-01-01 00:10:53,3,jitter_ms,62.72384743962667,-13.560288009105266,137.71724511493406
2024-01-01 00:10:54,3,jitter_ms,62.70379949668493,-13.722391814982005,138.8468718682163
2024-01-01 00:10:55,3,jitter_ms,62.68375051063597,-9.909112548507897,147.3889162752632
2024-01-01 00:10:56,3,jitter_ms,62.66370048409033,-10.750025350239484,141.26775673409284
2024-01-01 00:10:57,3,jitter_ms,62.64364942975988,-19.79122133712221,145.12653143244978
2024-01-01 00:10:58,3,jitter_ms,62.623597350253235,-14.769688579284766,144.99312078177994
2024-01-01 00:10:59,3,jitter_ms,62.60354421926863,-18.460946420199367,143.97676113420684
2024-01-01 00:11:00,3,jitter_ms,62.583490046817815,-11.027157974514834,147.69444947412453
2024-01-01 00:11:01,3,jitter_ms,62.56343482810846,-19.37961117701774,140.68537325935634
2024-01-01 00:11:02,3,jitter_ms,62.543378573848116,-21.418978146676157,140.72174063800725
2024-01-01 00:11:03,3,jitter_ms,62.52332126444224,-21.26808020710699,140.15760381355193
2024-01-01 00:11:04,3,jitter_ms,62.50326290250016,-15.778556015264165,149.78809269740512
2024-01-01 00:11:05,3,jitter_ms,62.48320349132835,-12.575345655934264,137.39075160210552
2024-01-01 00:11:06,3,jitter_ms,62.46314303823605,-19.23499213442446,141.80591192776868
2024-01-01 00:11:07,3,jitter_ms,62.443081516928515,-13.636586096719068,141.3508626231236
2024-01-01 00:11:08,3,jitter_ms,62.42301893741502,-10.70411163593553,135.24568723294584
2024-01-01 00:11:09,3,jitter_ms,62.402955297603484,-14.932100097889778,144.46321889258564
2024-01-01 00:11:10,3,jitter_ms,62.38289060010208,-19.64579938201799,142.46083088349988
2024-01-01 00:11:11,3,jitter_ms,62.36282483341839,-17.61083561121853,140.01204028425317
2024-01-01 00:11:12,3,jitter_ms,62.34275800016093,-20.677924874500754,135.69676862967125
2024-01-01 00:11:13,3,jitter_ms,62.32269009553901,-14.935777259130216,143.2504668875327
2024-01-01 00:11:14,3,jitter_ms,62.302621134956766,-14.397138429420217,139.1263010195407
2024-01-01 00:11:15,3,jitter_ms,62.282551089427585,-16.353027127287856,136.1224391514155
2024-01-01 00:11:16,3,jitter_ms,62.262479968958246,-18.274892393235014,144.16834403573415
2024-01-01 00:11:17,3,jitter_ms,62.24240777615623,-14.981810752977797,137.58310049513736
2024-01-01 00:11:18,3,jitter_ms,62.22233449953225,-12.350343221077717,141.86282367673564
2024-01-01 00:11:19,3,jitter_ms,62.202260141694204,-20.430819751956736,141.52556194851795
2024-01-01 00:11:20,3,jitter_ms,62.18218470055099,-18.183033118736304,141.38275169465894
2024-01-01 00:11:21,3,jitter_ms,62.16210818610648,-20.227646090037027,141.93158974015122
2024-01-01 00:11:22,3,jitter_ms,62.14203057207941,-18.69324325441951,139.40755976183112
2024-01-01 00:11:23,3,jitter_ms,62.12195186577585,-19.43441059781587,138.86936976484503
2024-01-01 00:11:24,3,jitter_ms,62.101872070502,-17.780219774306662,140.78766841982616
2024-01-01 00:11:25,3,jitter_ms,62.081791188864514,-12.378866865725978,140.09226861393307
2024-01-01 00:11:26,3,jitter_ms,62.06170920128257,-21.972554168312538,142.10710505959483
2024-01-01 00:11:27,3,jitter_ms,62.04162611845841,-16.648130134811826,143.59734610276956
2024-01-01 00:11:28,3,jitter_ms,62.02154193560326,-17.74068565412368,143.14705582486127
2024-01-01 00:11:29,3,jitter_ms,62.00145666271847,-21.15728586346937,138.42863029890196
2024-01-01 00:11:30,3,jitter_ms,61.98137027353006,-13.14650226605897,139.26302236305858
2024-01-01 00:11:31,3,jitter_ms,61.96128277803996,-22.72708842823083,133.88131282044722
2024-01-01 00:11:32,3,jitter_ms,61.941194171460104,-17.568073348949138,135.14172547914188
2024-01-01 00:11:33,3,jitter_ms,61.92110446449058,-21.765292114155063,141.2824914809873
2024-01-01 00:11:34,3,jitter_ms,61.90101363755528,-12.237263968947934,149.1529879342362
2024-01-01 00:11:35,3,jitter_ms,61.880921693260746,-13.633824219382875,132.33582198905833
2024-01-01 00:11:36,3,jitter_ms,61.860828634913084,-17.48222538391228,140.03520332247135
2024-01-01 00:11:37,3,jitter_ms,61.84073447251082,-17.60355309294626,147.05013941929366
2024-01-01 00:11:38,3,jitter_ms,61.82063916430134,-13.676427137774867,139.71171858546228
2024-01-01 00:11:39,3,jitter_ms,61.800542743163064,-15.343811843094883,143.2227424051705
2024-01-01 00:11:40,3,jitter_ms,61.78044519691587,-23.214911636013394,143.9422381331929
2024-01-01 00:11:41,3,jitter_ms,61.76034653555714,-11.76919172697666,146.38769505835268
2024-01-01 00:11:42,3,jitter_ms,61.740246732824055,-17.92526409566403,142.88182291107583
2024-01-01 00:11:43,3,jitter_ms,61.720145798714626,-24.921655937595297,146.31041622307467
2024-01-01 00:11:44,3,jitter_ms,61.700043728442466,-22.003648069733106,146.55225397648374
2024-01-01 00:11:45,3,jitter_ms,61.67994053270469,-16.33378141395277,139.772331699889
2024-01-01 00:11:46,3,jitter_ms,61.659836191932555,-14.031738440430061,138.29510534487426
2024-01-01 00:11:47,3,jitter_ms,61.639730708731534,-17.69624504696928,139.67443747937773
2024-01-01 00:11:48,3,jitter_ms,61.61962408640755,-18.83714830568285,147.10745328174994
2024-01-01 00:11:49,3,jitter_ms,61.599516334955105,-16.852025105525712,141.63831077593224
2024-01-01 00:11:50,3,jitter_ms,61.579407420027614,-22.569520527663563,141.77074990291248
2024-01-01 00:11:51,3,jitter_ms,61.55929735971176,-24.475463881705135,137.53094348596372
2024-01-01 00:11:52,3,jitter_ms,61.539186149222196,-14.166872276430363,141.2282595284198
2024-01-01 00:11:53,3,jitter_ms,61.51907379116305,-18.762049937210126,140.06287564118531
2024-01-01 00:11:54,3,jitter_ms,61.498960274061545,-14.64992870116719,139.38971786553088
2024-01-01 00:11:55,3,jitter_ms,61.47884560052223,-12.556154393275138,140.809802886793
2024-01-01 00:11:56,3,jitter_ms,61.45872978053736,-17.536885253836402,136.76592749765013
2024-01-01 00:11:57,3,jitter_ms,61.43861278785846,-15.40191263895774,139.7935636856199
2024-01-01 00:11:58,3,jitter_ms,61.41849463247847,-20.663925626249316,143.94721140109482
2024-01-01 00:11:59,3,jitter_ms,61.39837530961321,-14.45778262581296,137.95955032994837
2024-01-01 00:12:00,3,jitter_ms,61.37825482995588,-16.086168094912995,139.83966218966378
2024-01-01 00:12:01,3,jitter_ms,61.358133173947316,-18.11679966079437,138.9849956321333
2024-01-01 00:12:02,3,jitter_ms,61.338010344191524,-18.56631654238686,137.71247413812412
2024-01-01 00:12:03,3,jitter_ms,61.317886343994175,-14.180656636484605,148.52443186017194
2024-01-01 00:12:04,3,jitter_ms,61.29776118064832,-18.767587105366577,139.8283711614113
2024-01-01 00:12:05,3,jitter_ms,61.27763482791331,-14.515206449635151,140.9010987338737
2024-01-01 00:12:06,3,jitter_ms,61.25750729577925,-19.012560846674663,136.85322611968576
2024-01-01 00:12:07,3,jitter_ms,61.23737858215934,-22.449529005196418,142.05875087780424
2024-01-01 00:12:08,3,jitter_ms,61.21724868965629,-18.0638267920172,139.95774742870114
2024-01-01 00:12:09,3,jitter_ms,61.19711760680444,-20.69562540582423,138.31928548505257
2024-01-01 00:12:10,3,jitter_ms,61.176985336206904,-20.202058144553714,145.54054055230063
2024-01-01 00:12:11,3,jitter_ms,61.15685187308133,-19.478825081982603,142.85950241124203
2024-01-01 00:12:12,3,jitter_ms,61.13671723280628,-18.322389103011748,139.2624353096582
2024-01-01 00:12:13,3,jitter_ms,61.11658138645301,-16.444709758988314,141.7815718500867
2024-01-01 00:12:14,3,jitter_ms,61.096444344008894,-14.780743518828015,131.67185300385643
2024-01-01 00:12:15,3,jitter_ms,61.076306096004174,-19.068452113406728,140.0493261442614
2024-01-01 00:12:16,3,jitter_ms,61.0561666671918,-15.001608880108044,148.08867981952093
2024-01-01 00:12:17,3,jitter_ms,61.036026023959025,-24.100183787284042,141.65640332157662
2024-01-01 00:12:18,3,jitter_ms,61.015884176291785,-20.360838594287546,142.76489690761488
2024-01-01 00:12:19,3,jitter_ms,60.995741122104405,-21.977832543434435,136.89861334526765
2024-01-01 00:12:20,3,jitter_ms,60.975596863998376,-18.187484785192655,139.67726385510764
2024-01-01 00:12:21,3,jitter_ms,60.955451390513986,-21.214019612476328,138.213213199353
2024-01-01 00:12:22,3,jitter_ms,60.93530470425306,-21.247453263981875,143.6370223859136
2024-01-01 00:12:23,3,jitter_ms,60.915156800435156,-21.053274316447663,138.31682066308323
2024-01-01 00:12:24,3,jitter_ms,60.895007694433154,-20.112485528369145,136.60090738857858
2024-01-01 00:12:25,3,jitter_ms,60.87485735733107,-19.305936140411024,139.23432854691876
2024-01-01 00:12:26,3,jitter_ms,60.85470579911196,-23.81843885484261,138.39154250910778
2024-01-01 00:12:27,3,jitter_ms,60.83455301769096,-17.9896612486638,140.8390035394969
2024-01-01 00:12:28,3,jitter_ms,60.814399015668734,-25.634407960459654,140.57424202997007
2024-01-01 00:12:29,3,jitter_ms,60.794243781589515,-14.535728967437564,140.25794460521635
2024-01-01 00:12:30,3,jitter_ms,60.774087318054384,-12.591012824078835,145.0598298019344
2024-01-01 00:12:31,3,jitter_ms,60.75392962297884,-20.377243287291975,145.17359781610767
2024-01-01 00:12:32,3,jitter_ms,60.733770706342405,-23.35182271299291,136.5633041944568
2024-01-01 00:12:33,3,jitter_ms,60.71361053923789,-21.06249392910015,140.15310088319342
2024-01-01 00:12:34,3,jitter_ms,60.69344913703479,-19.75490188265051,140.473451642075
2024-01-01 00:12:35,3,jitter_ms,60.673286502332836,-20.290379349358506,145.56436102191677
2024-01-01 00:12:36,3,jitter_ms,60.65312261559633,-20.06100550833892,143.75204967872273
2024-01-01 00:12:37,3,jitter_ms,60.632957487509096,-21.106980189613854,140.06837629148814
2024-01-01 00:12:38,3,jitter_ms,60.612791113292836,-19.96782114921529,142.69701452531038
2024-01-01 00:12:39,3,jitter_ms,60.59262350292452,-17.77019038386665,140.39121602592593
2024-01-01 00:12:40,3,jitter_ms,60.572454630198806,-22.32715043975881,135.97073955930864
2024-01-01 00:12:41,3,jitter_ms,60.5522845050933,-17.255486855033094,139.8879271286503
2024-01-01 00:12:42,3,jitter_ms,60.53211312283055,-18.980593933277312,142.4468658309767
2024-01-01 00:12:43,3,jitter_ms,60.51194049409189,-21.461469130605042,136.8863794191559
2024-01-01 00:12:44,3,jitter_ms,60.491766599346924,-11.398115729654455,140.0689879054093
2024-01-01 00:12:45,3,jitter_ms,60.47159144119534,-19.947266435108975,142.96881923547627
2024-01-01 00:12:46,3,jitter_ms,60.451415022942015,-17.80861035357581,138.83128088772287
2024-01-01 00:12:47,3,jitter_ms,60.43123735456076,-13.703316887129533,141.90985382315193
2024-01-01 00:12:48,3,jitter_ms,60.41105840177323,-15.806200120821398,143.005368460353
2024-01-01 00:12:49,3,jitter_ms,60.39087818263545,-23.335861302167213,138.7601124130971
2024-01-01 00:12:50,3,jitter_ms,60.37069669237103,-20.421994185269778,138.45470537921844
2024-01-01 00:12:51,3,jitter_ms,60.35051393357824,-20.59099058864837,133.57613658360486
2024-01-01 00:12:52,3,jitter_ms,60.33032989481305,-21.38544007297052,138.36699771570443
2024-01-01 00:12:53,3,jitter_ms,60.31014457867414,-21.36381403245805,142.0210120614924
2024-01-01 00:12:54,3,jitter_ms,60.28995798038598,-18.670324577491417,139.99886124188023
2024-01-01 00:12:55,3,jitter_ms,60.26977011799953,-17.3408249053092,142.6445962291501
2024-01-01 00:12:56,3,jitter_ms,60.24958095724631,-25.35312574422383,140.0158877831197
2024-01-01 00:12:57,3,jitter_ms,60.22939050072553,-15.376188990217141,139.75986154006728
2024-01-01 00:12:58,3,jitter_ms,60.2091987664873,-14.163833759961069,142.45892524272327
2024-01-01 00:12:59,3,jitter_ms,60.18900575712796,-25.800104073791232,137.3463898840993
2024-01-01 00:13:00,3,jitter_ms,60.16881143838424,-16.381632353064855,134.69228582240862
2024-01-01 00:13:01,3,jitter_ms,60.14861582830534,-19.666434308685126,135.87661577596907
2024-01-01 00:13:02,3,jitter_ms,60.12841892211688,-19.191175439954183,140.10016496499932
2024-01-01 00:13:03,3,jitter_ms,60.108220722415815,-23.804523845845953,140.80422582733922
2024-01-01 00:13:04,3,jitter_ms,60.08802121776442,-15.226211725228143,139.66830528776842
2024-01-01 00:13:05,3,jitter_ms,60.06782041076006,-19.674777012544343,135.9495405530972
2024-01-01 00:13:06,3,jitter_ms,60.047618296629224,-18.88018863534925,137.30844221550765
2024-01-01 00:13:07,3,jitter_ms,60.02741489341602,-14.96764571257977,139.67963311805602
2024-01-01 00:13:08,3,jitter_ms,60.007210166867125,-19.495789010019354,140.0532236122069
2024-01-01 00:13:09,3,jitter_ms,59.98700412694978,-17.906131673882253,141.06852591101367
2024-01-01 00:13:10,3,jitter_ms,59.96679677696833,-23.707358769721566,135.6020298838292
2024-01-01 00:13:11,3,jitter_ms,59.94658811951864,-21.81023650950931,138.65709453348606
2024-01-01 00:13:12,3,jitter_ms,59.926378135090474,-17.346141722006298,139.3366678126306
2024-01-01 00:13:13,3,jitter_ms,59.9061668343571,-14.590964546570657,140.3948752827094
2024-01-01 00:13:14,3,jitter_ms,59.88595421254617,-27.746476380894187,143.56039794559288
2024-01-01 00:13:15,3,jitter_ms,59.86574027962092,-23.295524605765966,139.90688918105485
2024-01-01 00:13:16,3,jitter_ms,59.845525009414544,-18.042541504440365,138.09174022669205
2024-01-01 00:13:17,3,jitter_ms,59.82530841189096,-15.492106974123253,144.7548802725723
2024-01-01 00:13:18,3,jitter_ms,59.80509048964549,-23.95146208736309,138.49136341579228
2024-01-01 00:13:19,3,jitter_ms,59.784871231248395,-21.649729453080596,137.4425032362169
2024-01-01 00:13:20,3,jitter_ms,59.76465063929544,-16.36570502703978,138.3665413329082
2024-01-01 00:13:21,3,jitter_ms,59.74442870901566,-21.984001619990458,140.47559923931945
2024-01-01 00:13:22,3,jitter_ms,59.724205455752795,-16.05290644416022,142.1755421469403
2024-01-01 00:13:23,3,jitter_ms,59.70398085065611,-20.94224180445963,146.7394502268166
2024-01-01 00:13:24,3,jitter_ms,59.6837549036868,-18.333469548751847,134.6194417697545
2024-01-01 00:13:25,3,jitter_ms,59.66352761276593,-18.81671647764202,139.3270849788817
2024-01-01 00:13:26,3,jitter_ms,59.6432989804879,-16.86865920260509,141.21240185012275
2024-01-01 00:13:27,3,jitter_ms,59.623068995427374,-22.65233044416856,136.009900612276
2024-01-01 00:13:28,3,jitter_ms,59.602837660179176,-20.55747494739702,137.59905355356204
2024-01-01 00:13:29,3,jitter_ms,59.582604972664825,-16.61872381746663,143.2515048080653
2024-01-01 00:13:30,3,jitter_ms,59.562370942841575,-22.95667169521371,144.98258380021934
2024-01-01 00:13:31,3,jitter_ms,59.5421355418684,-14.973023786612725,139.0033302003176
2024-01-01 00:13:32,3,jitter_ms,59.521898785085234,-19.925601262029513,139.0491435913228
2024-01-01 00:13:33,3,jitter_ms,59.50166066772303,-18.66611999763386,136.04333855106697
2024-01-01 00:13:34,3,jitter_ms,59.48142119237524,-16.55892692106173,141.77694189823438
2024-01-01 00:13:35,3,jitter_ms,59.46118034762097,-19.887368046075263,138.42640787738546
2024-01-01 00:13:36,3,jitter_ms,59.4409381360541,-15.735102364834166,139.4994003671999
2024-01-01 00:13:37,3,jitter_ms,59.42069455559704,-20.158602363286825,137.76022333451027
2024-01-01 00:13:38,3,jitter_ms,59.40044961620382,-17.674291083182794,137.38547237770638
2024-01-01 00:13:39,3,jitter_ms,59.38020328437267,-16.078031927820074,141.63716182827721
2024-01-01 00:13:40,3,jitter_ms,59.359955584780124,-20.1476722871512,139.88219838661408
2024-01-01 00:13:41,3,jitter_ms,59.33970650798795,-21.657390989936513,134.23616551030202
2024-01-01 00:13:42,3,jitter_ms,59.319456063948586,-16.356091467165772,141.36309046451035
2024-01-01 00:13:43,3,jitter_ms,59.29920422383542,-21.44972079837366,139.01127635504872
2024-01-01 00:13:44,3,jitter_ms,59.27895100298193,-23.115666988224916,135.00707257626158
2024-01-01 00:13:45,3,jitter_ms,59.25869639662117,-23.115622433600983,132.71274358926115
2024-01-01 00:13:46,3,jitter_ms,59.23844040734526,-17.52947958770193,137.47856343828312
2024-01-01 00:13:47,3,jitter_ms,59.21818302373994,-20.147021492788106,133.7359665801735
2024-01-01 00:13:48,3,jitter_ms,59.197924248397754,-20.957926411325033,138.41076508159452
2024-01-01 00:13:49,3,jitter_ms,59.17766407924242,-16.692255793463087,142.57501895472382
2024-01-01 00:13:50,3,jitter_ms,59.15740252622305,-18.917819975315485,138.26326784341856
2024-01-01 00:13:51,3,jitter_ms,59.13713956321239,-20.19606363299849,134.55623432053036
2024-01-01 00:13:52,3,jitter_ms,59.11687519747081,-24.667304071498354,138.930336951177
2024-01-01 00:13:53,3,jitter_ms,59.09660943230153,-18.673773545502744,133.54481369611727
2024-01-01 00:13:54,3,jitter_ms,59.076342270295505,-17.078979388584788,140.56927598934777
2024-01-01 00:13:55,3,jitter_ms,59.05607369197492,-19.188308245018305,136.1559830352512
2024-01-01 00:13:56,3,jitter_ms,59.035803707999506,-15.758031930277117,138.62059935498863
2024-01-01 00:13:57,3,jitter_ms,59.01553232831527,-20.32881906102957,142.06020819661194
2024-01-01 00:13:58,3,jitter_ms,58.99525951873564,-19.11456333439082,142.11612077608424
2024-01-01 00:13:59,3,jitter_ms,58.97498529727503,-18.922191657546776,137.19433962901473
2024-01-01 00:14:00,3,jitter_ms,58.954709659169254,-18.431436431239703,139.11696439686688
2024-01-01 00:14:01,3,jitter_ms,58.934432607008624,-17.460403133635968,137.46172880949305
2024-01-01 00:14:02,3,jitter_ms,58.91415412938743,-20.06358496873797,136.41282271073737
2024-01-01 00:14:03,3,jitter_ms,58.893874228896486,-25.324409191444527,138.66035946937177
2024-01-01 00:14:04,3,jitter_ms,58.873592900772486,-20.223210370329628,139.80882179127167
2024-01-01 00:14:05,3,jitter_ms,58.85331016302429,-22.940967107272527,138.97773342620448
2024-01-01 00:14:06,3,jitter_ms,58.833025981476204,-19.4866835477832,134.62006394335634
2024-01-01 00:14:07,3,jitter_ms,58.812740366072084,-18.82625981811597,137.80316979834592
2024-01-01 00:14:08,3,jitter_ms,58.792453320114724,-20.41992115644485,139.24810824421294
2024-01-01 00:14:09,3,jitter_ms,58.772164846193284,-19.54495644661552,136.74971581754494
2024-01-01 00:14:10,3,jitter_ms,58.75187492484176,-17.45184491373707,136.1246098401829
2024-01-01 00:14:11,3,jitter_ms,58.73158356671493,-23.54698539847797,140.14847571975494
2024-01-01 00:14:12,3,jitter_ms,58.71129076705076,-16.784021079823674,138.08339735118852
2024-01-01 00:14:13,3,jitter_ms,58.690996535788706,-27.787661754410518,140.48598454057017
2024-01-01 00:14:14,3,jitter_ms,58.67070084682862,-20.06553558203559,138.2925421756768
2024-01-01 00:14:15,3,jitter_ms,58.65040371011074,-23.084606310570617,136.33307067360352
2024-01-01 00:14:16,3,jitter_ms,58.63010511352436,-22.169281638699402,137.89019067733818
2024-01-01 00:14:17,3,jitter_ms,58.60980508977016,-20.905999436763093,136.10660020138442
2024-01-01 00:14:18,3,jitter_ms,58.58950359733949,-23.12391310856679,136.44194034574363
2024-01-01 00:14:19,3,jitter_ms,58.56920064617107,-27.961007812871184,135.57483852573836
2024-01-01 00:14:20,3,jitter_ms,58.548896239567334,-22.963968192807304,133.60986526570767
2024-01-01 00:14:21,3,jitter_ms,58.528590380116,-17.405078803203168,133.07551792956454
2024-01-01 00:14:22,3,jitter_ms,58.50828304836071,-17.804031126190928,136.99883156194502
2024-01-01 00:14:23,3,jitter_ms,58.48797425495217,-21.221020994140694,140.45479831543574
2024-01-01 00:14:24,3,jitter_ms,58.467663995130614,-21.58836129325491,138.7980351653345
2024-01-01 00:14:25,3,jitter_ms,58.4473522788303,-23.301557286575438,136.64548330441818
2024-01-01 00:14:26,3,jitter_ms,58.427039079965596,-21.40369092541089,138.448253977507
2024-01-01 00:14:27,3,jitter_ms,58.406724408471554,-19.21219982045545,137.02882942742153
2024-01-01 00:14:28,3,jitter_ms,58.38640825958939,-20.419396037539723,141.6028123514189
2024-01-01 00:14:29,3,jitter_ms,58.366090643966785,-21.157716939813124,132.65932701069727
2024-01-01 00:14:30,3,jitter_ms,58.34577154215371,-18.82886754674867,135.584626766828
2024-01-01 00:14:31,3,jitter_ms,58.32545095673781,-18.728092408216952,141.97566180101936
2024-01-01 00:14:32,3,jitter_ms,58.305128891021155,-15.917923055635152,135.4886127627741
2024-01-01 00:14:33,3,jitter_ms,58.28480535224771,-21.814259902542126,136.5504119505526
2024-01-01 00:14:34,3,jitter_ms,58.264480314341654,-19.341885333432078,136.9443713218722
2024-01-01 00:14:35,3,jitter_ms,58.24415378723455,-24.717127878549267,137.7751638195056
2024-01-01 00:14:36,3,jitter_ms,58.223825773512495,-19.416890437864783,135.72766070166162
2024-01-01 00:14:37,3,jitter_ms,58.20349626179036,-26.149796019377238,136.64340698222986
2024-01-01 00:14:38,3,jitter_ms,58.183165254654725,-17.298829037894524,145.5218526185444
2024-01-01 00:14:39,3,jitter_ms,58.162832750034994,-15.783404706272453,134.3693494829394
2024-01-01 00:14:40,3,jitter_ms,58.14249875785886,-26.414307625084874,140.48493379418673
2024-01-01 00:14:41,3,jitter_ms,58.12216324937319,-22.78196570894157,137.00130730357222
2024-01-01 00:14:42,3,jitter_ms,58.10182623987842,-19.82243957824373,135.77951065330566
2024-01-01 00:14:43,3,jitter_ms,58.08148772461843,-19.851543390711267,139.0444345456289
2024-01-01 00:14:44,3,jitter_ms,58.06114770617829,-21.618820190075866,136.2460783628424
2024-01-01 00:14:45,3,jitter_ms,58.04080617317777,-21.059063176159306,138.66124201640991
2024-01-01 00:14:46,3,jitter_ms,58.020463128202394,-21.227936289260395,136.9745719884533
2024-01-01 00:14:47,3,jitter_ms,58.00011856918257,-23.02814670301236,144.01934329240424
2024-01-01 00:14:48,3,jitter_ms,57.979772506042366,-18.77752741219161,138.79017873862028
2024-01-01 00:14:49,3,jitter_ms,57.95942491272463,-15.857272652654208,133.90560605405753
2024-01-01 00:14:50,3,jitter_ms,57.93907579646903,-19.893761394588736,137.3573023183534
2024-01-01 00:14:51,3,jitter_ms,57.91872516057694,-22.840230514894948,135.89982673844744
2024-01-01 00:14:52,3,jitter_ms,57.89837300763226,-19.158570569380167,134.57713691502585
2024-01-01 00:14:53,3,jitter_ms,57.878019318204295,-24.7341207932365,136.10923696624312
2024-01-01 00:14:54,3,jitter_ms,57.857664102932915,-21.785469786177604,140.8882918359577
2024-01-01 00:14:55,3,jitter_ms,57.83730735706433,-15.612867087403913,136.940002052207
2024-01-01 00:14:56,3,jitter_ms,57.81694909051906,-22.076902829612692,135.1322964845178
2024-01-01 00:14:57,3,jitter_ms,57.79658927725002,-20.70668441184578,135.91314557861776
2024-01-01 00:14:58,3,jitter_ms,57.77622791984225,-22.526063466353232,134.97158672005986
2024-01-01 00:14:59,3,jitter_ms,57.755865030900424,-21.504198704878164,134.3502995935968
2024-01-01 00:15:00,3,jitter_ms,57.735500613006565,-19.478830957356106,137.66122062695595
2024-01-01 00:15:01,3,jitter_ms,57.71513464011878,-21.383063483534038,136.06699868475184
2024-01-01 00:15:02,3,jitter_ms,57.6947671194722,-19.646040449821726,137.8738429943628
2024-01-01 00:15:03,3,jitter_ms,57.67439805436781,-19.624969913162204,135.5849536076086
2024-01-01 00:15:04,3,jitter_ms,57.65402744738796,-17.611987857974402,138.16244564313774
2024-01-01 00:15:05,3,jitter_ms,57.6336552791122,-19.23986712312548,130.31990150650847
2024-01-01 00:15:06,3,jitter_ms,57.61328156017606,-18.345607683019956,135.7051097123011
2024-01-01 00:15:07,3,jitter_ms,57.59290628582818,-23.54441063066758,130.2506300994558
2024-01-01 00:15:08,3,jitter_ms,57.57252946598349,-21.631613452547477,136.7208895306691
2024-01-01 00:15:09,3,jitter_ms,57.55215107461038,-24.068575647632684,135.45630312854857
2024-01-01 00:15:10,3,jitter_ms,57.53177112162459,-23.91919089296109,135.07076574916496
2024-01-01 00:15:11,3,jitter_ms,57.511389602275855,-23.698101016930043,133.5403012599834
2024-01-01 00:15:12,3,jitter_ms,57.49100652719645,-19.913063510443546,133.15080845960978
2024-01-01 00:15:13,3,jitter_ms,57.47062187697265,-24.875924715727848,135.51428590657974
2024-01-01 00:15:14,3,jitter_ms,57.45023565418672,-22.683801226155804,134.46983817759315
2024-01-01 00:15:15,3,jitter_ms,57.429847876800444,-28.017091174703666,143.1934952358786
2024-01-01 00:15:16,3,jitter_ms,57.40945851074117,-20.848370178014523,136.18501315325614
2024-01-01 00:15:17,3,jitter_ms,57.389067565921664,-20.41270832236294,136.55398845217624
2024-01-01 00:15:18,3,jitter_ms,57.36867504564243,-19.867679777503746,136.3449668395986
2024-01-01 00:15:19,3,jitter_ms,57.34828095248381,-15.73950114962058,133.0419727869313
2024-01-01 00:15:20,3,jitter_ms,57.32788526703841,-16.438370763513007,133.41224050218716
2024-01-01 00:15:21,3,jitter_ms,57.30748799993623,-21.757555532282197,134.7348940717083
2024-01-01 00:15:22,3,jitter_ms,57.28708914642894,-24.854613039119535,135.31381434736676
2024-01-01 00:15:23,3,jitter_ms,57.26668871642451,-19.83021075837695,133.34659371923513
2024-01-01 00:15:24,3,jitter_ms,57.24628668391084,-21.89867895107168,138.44853141780695
2024-01-01 00:15:25,3,jitter_ms,57.22588305879674,-22.513328618345206,138.2877782037508
2024-01-01 00:15:26,3,jitter_ms,57.205477836334964,-22.18589252511234,133.37820503398717
2024-01-01 00:15:27,3,jitter_ms,57.18507102715222,-18.62844088899428,139.78485916103347
2024-01-01 00:15:28,3,jitter_ms,57.164662611847945,-27.030067665701576,137.00176932483788
2024-01-01 00:15:29,3,jitter_ms,57.14425259300244,-26.742286048573046,140.38216573776904
2024-01-01 00:15:30,3,jitter_ms,57.123840973915726,-20.102421481053213,136.79764934269727
2024-01-01 00:15:31,3,jitter_ms,57.10342776180974,-17.851495465094597,133.3971098913151
2024-01-01 00:15:32,3,jitter_ms,57.083012930682976,-21.677638052459425,132.9612164494872
2024-01-01 00:15:33,3,jitter_ms,57.062596490440455,-20.772227150947586,136.73051588501508
2024-01-01 00:15:34,3,jitter_ms,57.04217843901836,-21.209894820575173,139.72235467895808
2024-01-01 00:15:35,3,jitter_ms,57.021758778995114,-24.37576679629305,136.7875405611533
2024-01-01 00:15:36,3,jitter_ms,57.00133749902252,-22.291581535718954,135.13542423571397
2024-01-01 00:15:37,3,jitter_ms,56.98091460167957,-26.03489127857328,134.1133613515315
2024-01-01 00:15:38,3,jitter_ms,56.9604900822215,-21.407635973717227,141.357677497065
2024-01-01 00:15:39,3,jitter_ms,56.94006395591155,-22.16499202002463,134.08857564993858
2024-01-01 00:15:40,3,jitter_ms,56.91963618943654,-20.2742913344676,135.13818439411634
2024-01-01 00:15:41,3,jitter_ms,56.899206799298554,-13.570298183441956,138.88179261444043
2024-01-01 00:15:42,3,jitter_ms,56.87877578415599,-18.903710607588216,137.08164427594414
2024-01-01 00:15:43,3,jitter_ms,56.85834315122608,-24.07424954267419,137.57067230666547
2024-01-01 00:15:44,3,jitter_ms,56.837908874523336,-23.765772209774454,135.23200332619723
2024-01-01 00:15:45,3,jitter_ms,56.81747296394706,-21.31336574790448,133.13997160919638
2024-01-01 00:15:46,3,jitter_ms,56.797035417434955,-24.47237119492292,133.94581037947194
2024-01-01 00:15:47,3,jitter_ms,56.776596237563865,-21.579911369413487,130.50154556282524
2024-01-01 00:15:48,3,jitter_ms,56.75615541299338,-20.340837657512544,139.35810406645112
2024-01-01 00:15:49,3,jitter_ms,56.73571294630087,-19.71939171042129,139.09344564742548
2024-01-01 00:15:50,3,jitter_ms,56.715268832744165,-26.928182142593432,132.99408350723883
2024-01-01 00:15:51,3,jitter_ms,56.69482308757867,-19.604897155594383,133.52177061595185
2024-01-01 00:15:52,3,jitter_ms,56.67437568214928,-25.62922141327884,136.03954544183566
2024-01-01 00:15:53,3,jitter_ms,56.653926626351435,-24.918131712757294,135.2956003272314
2024-01-01 00:15:54,3,jitter_ms,56.63347592276103,-25.25835091783608,131.9094817062084
2024-01-01 00:15:55,3,jitter_ms,56.61302356004227,-19.10124609125254,140.70239000607395
2024-01-01 00:15:56,3,jitter_ms,56.592569540771606,-29.993395866784233,131.30301560728128
2024-01-01 00:15:57,3,jitter_ms,56.572113862888116,-21.139354594684466,136.07102523283834
2024-01-01 00:15:58,3,jitter_ms,56.551656536282934,-22.459574212917644,136.02418083862602
2024-01-01 00:15:59,3,jitter_ms,56.53119753499102,-22.322711355613162,138.6715959529697
2024-01-01 00:16:00,3,jitter_ms,56.510736866224846,-28.208689540283434,139.15409187909435
2024-01-01 00:16:01,3,jitter_ms,56.4902745332832,-18.118592068948733,134.23352943514894
2024-01-01 00:16:02,3,jitter_ms,56.46981053874056,-18.45738581245785,138.71172746880328
2024-01-01 00:16:03,3,jitter_ms,56.44934486322848,-22.742004702842202,133.6335620131698
2024-01-01 00:16:04,3,jitter_ms,56.428877517360306,-22.691314494037943,135.81801453476743
2024-01-01 00:16:05,3,jitter_ms,56.40840849639686,-23.805605554541927,134.14161670373267
2024-01-01 00:16:06,3,jitter_ms,56.38793781022526,-25.077431259212766,132.55619218326103
2024-01-01 00:16:07,3,jitter_ms,56.36746543289155,-27.90797475281334,131.49484664362816
2024-01-01 00:16:08,3,jitter_ms,56.34699137428381,-29.483295569884817,141.74494546568377
2024-01-01 00:16:09,3,jitter_ms,56.32651562966391,-23.07244594557489,141.2610767031417
2024-01-01 00:16:10,3,jitter_ms,56.3060382096418,-17.45067956272927,137.34382217239988
2024-01-01 00:16:11,3,jitter_ms,56.28555909485619,-21.834750904170708,132.49553072994857
2024-01-01 00:16:12,3,jitter_ms,56.26507828788151,-23.143006605974044,135.07878566420263
2024-01-01 00:16:13,3,jitter_ms,56.244595792016035,-20.744981541033475,135.2896647309989
2024-01-01 00:16:14,3,jitter_ms,56.22411161714271,-16.650721141595955,140.50133340691352
2024-01-01 00:16:15,3,jitter_ms,56.20362572928372,-21.881606448345565,136.89304211392894
2024-01-01 00:16:16,3,jitter_ms,56.18313814635808,-21.926484730724372,139.8283260945972
2024-01-01 00:16:17,3,jitter_ms,56.162648856320246,-22.501966048470265,131.07880249895672
2024-01-01 00:16:18,3,jitter_ms,56.14215788366971,-25.522712516740313,134.14561457583525
2024-01-01 00:16:19,3,jitter_ms,56.12166519515987,-28.58743407798769,137.2816897346361
2024-01-01 00:16:20,3,jitter_ms,56.10117080067282,-27.910878978071505,131.28436322897704
2024-01-01 00:16:21,3,jitter_ms,56.08067469547315,-18.16064640097062,134.35054311053497
2024-01-01 00:16:22,3,jitter_ms,56.06017689016585,-23.797915577522215,129.4703241061703
2024-01-01 00:00:01,3,throughput_mbps,1.6818324923186336,0.07009627455892785,3.281989286497836
2024-01-01 00:00:02,3,throughput_mbps,1.671329077141443,0.05543632768431977,3.3616909310867
2024-01-01 00:00:03,3,throughput_mbps,1.6608256196568316,0.0988010589068644,3.309813988670898
2024-01-01 00:00:04,3,throughput_mbps,1.650322119767919,-0.06974423838219575,3.343144333632792
2024-01-01 00:00:05,3,throughput_mbps,1.6398185773528886,0.04165701502032606,3.3526124108534505
2024-01-01 00:00:06,3,throughput_mbps,1.6293149920401788,-0.06403527317950151,3.238841887543068
2024-01-01 00:00:07,3,throughput_mbps,1.61881136510604,-0.13591288653789688,3.2497708612839027
2024-01-01 00:00:08,3,throughput_mbps,1.6083076958793894,0.03836754861859283,3.417841894945181
2024-01-01 00:00:09,3,throughput_mbps,1.597803984812618,-0.18395351322700979,3.188219155713023
2024-01-01 00:00:10,3,throughput_mbps,1.5873002309848074,-0.05947135018905514,3.35732007567805
2024-01-01 00:00:11,3,throughput_mbps,1.5767964341958436,-0.08032512336340018,3.219182226487108
2024-01-01 00:00:12,3,throughput_mbps,1.5662925955257425,-0.02766088620700738,3.3775157954075583
2024-01-01 00:00:13,3,throughput_mbps,1.555788715152267,-0.004752728431634913,3.2616362367713494
2024-01-01 00:00:14,3,throughput_mbps,1.545284792678849,-0.15572800366338665,3.165253381519996
2024-01-01 00:00:15,3,throughput_mbps,1.5347808288326643,-0.08905186290058807,3.269966767821739
2024-01-01 00:00:16,3,throughput_mbps,1.524276823516792,-0.05393548194007822,3.3873146400841048
2024-01-01 00:00:17,3,throughput_mbps,1.513772776609361,-0.03685058838151375,3.2026889144056994
2024-01-01 00:00:18,3,throughput_mbps,1.503268687738661,-0.15833581025731233,3.0887395080714617
2024-01-01 00:00:19,3,throughput_mbps,1.492764557240976,-0.10849872327369256,3.031358318713318
2024-01-01 00:00:20,3,throughput_mbps,1.4822603853854284,-0.26769589792842796,3.0094886778914542
2024-01-01 00:00:21,3,throughput_mbps,1.4717561723498183,-0.14872943344004105,3.1340974033967592
2024-01-01 00:00:22,3,throughput_mbps,1.4612519180371792,-0.2256891000030646,2.970183174044518
2024-01-01 00:00:23,3,throughput_mbps,1.4507476228751692,-0.294762003649551,3.2042031237274777
2024-01-01 00:00:24,3,throughput_mbps,1.4402432867668327,-0.14976053630796374,3.146885649223047
2024-01-01 00:00:25,3,throughput_mbps,1.4297389098900037,-0.2820173341776063,3.041108823634134
2024-01-01 00:00:26,3,throughput_mbps,1.4192344915731319,-0.1951393563965245,2.941753493939522
2024-01-01 00:00:27,3,throughput_mbps,1.408730033093311,-0.32661247104881735,2.992783804013371
2024-01-01 00:00:28,3,throughput_mbps,1.3982255341042797,-0.18775249578054515,3.1103813022112403
2024-01-01 00:00:29,3,throughput_mbps,1.3877209944586055,-0.37486263901735056,3.0065804794741466
2024-01-01 00:00:30,3,throughput_mbps,1.3772164140592864,-0.21048892886910087,3.01368131980074
2024-01-01 00:00:31,3,throughput_mbps,1.3667117936338942,-0.3064386577089085,3.1109897514272533
2024-01-01 00:00:32,3,throughput_mbps,1.3562071327856422,-0.2124041771590775,3.029953940183891
2024-01-01 00:00:33,3,throughput_mbps,1.3457024316924016,-0.21921598188934918,2.991877521527629
2024-01-01 00:00:34,3,throughput_mbps,1.3351976899822784,-0.408882407942659,3.061806068892991
2024-01-01 00:00:35,3,throughput_mbps,1.3246929086328647,-0.29819465633905784,2.9624828506589975
2024-01-01 00:00:36,3,throughput_mbps,1.314188087271149,-0.35254190586220885,3.013775896913185
2024-01-01 00:00:37,3,throughput_mbps,1.3036832260761724,-0.36559047074207457,2.949558574311328
2024-01-01 00:00:38,3,throughput_mbps,1.2931783246510415,-0.5097101388367716,2.833306706437422
2024-01-01 00:00:39,3,throughput_mbps,1.2826733837235058,-0.33271446323797693,3.0481514479313936
2024-01-01 00:00:40,3,throughput_mbps,1.2721684031965705,-0.40471571608152007,2.909790824836166
2024-01-01 00:00:41,3,throughput_mbps,1.2616633824983217,-0.4510748843175668,2.826213045501364
2024-01-01 00:00:42,3,throughput_mbps,1.2511583227065342,-0.40808136456325544,2.875847863030461
2024-01-01 00:00:43,3,throughput_mbps,1.2406532234492493,-0.4487644488616335,2.8555747425463505
2024-01-01 00:00:44,3,throughput_mbps,1.2301480848044288,-0.47202116987685655,3.0044208088172355
2024-01-01 00:00:45,3,throughput_mbps,1.219642906835961,-0.44430344592007054,3.0372510858983315
2024-01-01 00:00:46,3,throughput_mbps,1.2091376898108848,-0.43772405581674206,2.8453034971470674
2024-01-01 00:00:47,3,throughput_mbps,1.1986324336321728,-0.30105930335807035,2.917939357627197
2024-01-01 00:00:48,3,throughput_mbps,1.1881271383777958,-0.44370932898687626,2.9182389634916195
2024-01-01 00:00:49,3,throughput_mbps,1.1776218036756831,-0.5981128929000563,2.789486968983533
2024-01-01 00:00:50,3,throughput_mbps,1.1671164306038895,-0.3278836233251386,2.9522665657371223
2024-01-01 00:00:51,3,throughput_mbps,1.1566110187653913,-0.5343064575026354,2.734026833058769
2024-01-01 00:00:52,3,throughput_mbps,1.1461055680881187,-0.42031165180508123,2.875265619700484
2024-01-01 00:00:53,3,throughput_mbps,1.135600078174965,-0.5484161183889336,2.8566390675059976
2024-01-01 00:00:54,3,throughput_mbps,1.1250945499782055,-0.6796080902419365,2.786964800418024
2024-01-01 00:00:55,3,throughput_mbps,1.1145889832516434,-0.5617263815042135,2.8362594628409608
2024-01-01 00:00:56,3,throughput_mbps,1.1040833780732688,-0.5901070775003707,2.866521991679028
2024-01-01 00:00:57,3,throughput_mbps,1.093577734346009,-0.5522738479032354,2.8551847955040666
2024-01-01 00:00:58,3,throughput_mbps,1.0830720524979802,-0.6549653168884946,2.803174750559492
2024-01-01 00:00:59,3,throughput_mbps,1.0725663324321209,-0.5878718457505612,2.8317388459895394
2024-01-01 00:01:00,3,throughput_mbps,1.0620605742264284,-0.5999383859075488,2.719985786785981
2024-01-01 00:01:01,3,throughput_mbps,1.051554777508695,-0.5634584638930128,2.744139980024047
2024-01-01 00:01:02,3,throughput_mbps,1.0410489433573715,-0.6492586513040289,2.7035277748192885
2024-01-01 00:01:03,3,throughput_mbps,1.0305430712001835,-0.6049489220164025,2.638827097894924
2024-01-01 00:01:04,3,throughput_mbps,1.020037161457218,-0.7831749729317828,2.636939247503667
2024-01-01 00:01:05,3,throughput_mbps,1.0095312137893402,-0.718045447386044,2.603013352259702
2024-01-01 00:01:06,3,throughput_mbps,0.9990252286247661,-0.6633418377302505,2.7332160629738205
2024-01-01 00:01:07,3,throughput_mbps,0.9885192058664101,-0.7054391147972178,2.530294974274134
2024-01-01 00:01:08,3,throughput_mbps,0.9780131455922879,-0.5589870472737503,2.64233820800977
2024-01-01 00:01:09,3,throughput_mbps,0.9675070474301016,-0.777041990765663,2.6766025148707615
2024-01-01 00:01:10,3,throughput_mbps,0.957000912358491,-0.7880983852804426,2.5822604388204673
2024-01-01 00:01:11,3,throughput_mbps,0.9464947401052488,-0.7928355706390409,2.6525390119738184
2024-01-01 00:01:12,3,throughput_mbps,0.9359885305482561,-0.72604609756686,2.6288974502289353
2024-01-01 00:01:13,3,throughput_mbps,0.9254822835903863,-0.6725556248203957,2.6238725441520474
2024-01-01 00:01:14,3,throughput_mbps,0.9149759999601913,-0.7688739167144933,2.6020252947855287
2024-01-01 00:01:15,3,throughput_mbps,0.9044696792603235,-0.8492935371782019,2.5325607491336015
2024-01-01 00:01:16,3,throughput_mbps,0.8939633258056364,-0.8108396282995294,2.599865960244505
2024-01-01 00:01:17,3,throughput_mbps,0.8834569350870028,-0.7940972772194573,2.6100358621576327
2024-01-01 00:01:18,3,throughput_mbps,0.8729505080832913,-0.7293509699937522,2.6005107741998565
2024-01-01 00:01:19,3,throughput_mbps,0.8624440444221337,-0.6916053390576171,2.5683071932330392
2024-01-01 00:01:20,3,throughput_mbps,0.851937544006391,-0.7360748506122634,2.55301499624657
2024-01-01 00:01:21,3,throughput_mbps,0.8414310072644623,-0.7568676908895399,2.42791434104389
2024-01-01 00:01:22,3,throughput_mbps,0.8309244340992182,-1.0185832282108582,2.3710580032672643
2024-01-01 00:01:23,3,throughput_mbps,0.8204178246888194,-0.7989749312282938,2.6699902962478825
2024-01-01 00:01:24,3,throughput_mbps,0.8099111783604671,-0.8930997504907349,2.494084450892245
2024-01-01 00:01:25,3,throughput_mbps,0.7994044963935629,-0.9528157897788294,2.5650696827898183
2024-01-01 00:01:26,3,throughput_mbps,0.7888977784156702,-0.8956871073152639,2.373018065713868
2024-01-01 00:01:27,3,throughput_mbps,0.7783910243046062,-0.8647583579479975,2.418220399198958
2024-01-01 00:01:28,3,throughput_mbps,0.767884233963201,-0.8131508418456114,2.464483721051167
2024-01-01 00:01:29,3,throughput_mbps,0.7573774448322048,-0.9763772021697974,2.4815954572052434
2024-01-01 00:01:30,3,throughput_mbps,0.7468706198022095,-1.0202855756474296,2.5439591921833706
2024-01-01 00:01:31,3,throughput_mbps,0.7363637590514076,-0.8928599914708119,2.5904428891316242
2024-01-01 00:01:32,3,throughput_mbps,0.7258568622072512,-0.9833593733635071,2.3429227611822854
2024-01-01 00:01:33,3,throughput_mbps,0.7153499305244122,-0.9098428720250763,2.4390747383335247
2024-01-01 00:01:34,3,throughput_mbps,0.7048429630795954,-0.9807860085172758,2.417739754252727
2024-01-01 00:01:35,3,throughput_mbps,0.6943359603264017,-0.996858244552801,2.332741859913184
2024-01-01 00:01:36,3,throughput_mbps,0.6838289215917904,-0.9883558992689647,2.3408583048538216
2024-01-01 00:01:37,3,throughput_mbps,0.6733218481556068,-1.0094766742535781,2.2744405905423326
2024-01-01 00:01:38,3,throughput_mbps,0.662814739645287,-1.167502517109405,2.3890362063946524
2024-01-01 00:01:39,3,throughput_mbps,0.652307595938596,-1.0435451730627587,2.364165941614408
2024-01-01 00:01:40,3,throughput_mbps,0.6418004169383327,-1.0193766654827574,2.315764293579755
2024-01-01 00:01:41,3,throughput_mbps,0.6322812523952178,-1.052156143171406,2.3443897132200258
2024-01-01 00:01:42,3,throughput_mbps,0.6227620528899775,-1.0911271912022982,2.2128435947371834
2024-01-01 00:01:43,3,throughput_mbps,0.6132428186008662,-1.0848777784913228,2.194601467100219
2024-01-01 00:01:44,3,throughput_mbps,0.6037235491552104,-1.0237199597123214,2.3494947522350964
2024-01-01 00:01:45,3,throughput_mbps,0.59420424553262,-1.0373845574448488,2.338417913692273
2024-01-01 00:01:46,3,throughput_mbps,0.5846849073604378,-1.2057996552757724,2.228794383708193
2024-01-01 00:01:47,3,throughput_mbps,0.575165534816948,-1.0523615582736312,2.317545842739939
2024-01-01 00:01:48,3,throughput_mbps,0.5656461275043754,-1.2422190282346361,2.268568770989263
2024-01-01 00:01:49,3,throughput_mbps,0.5561266861520021,-1.1923153586645134,2.240383750796867
2024-01-01 00:01:50,3,throughput_mbps,0.5466072106626327,-1.0335492181296342,2.3152805721936693
2024-01-01 00:01:51,3,throughput_mbps,0.5370877009139823,-1.120027988720188,2.243209364139802
2024-01-01 00:01:52,3,throughput_mbps,0.527568156633488,-1.2437533852478597,2.158410822110237
2024-01-01 00:01:53,3,throughput_mbps,0.5180485788009711,-1.044534686878103,2.117224317506141
2024-01-01 00:01:54,3,throughput_mbps,0.5107403128701323,-1.0838128743345432,2.1266274210622576
2024-01-01 00:01:55,3,throughput_mbps,0.5034320130926442,-1.1393822624368344,2.2397107478785663
2024-01-01 00:01:56,3,throughput_mbps,0.4961236793712731,-1.2636733270500127,2.237943188263147
2024-01-01 00:01:57,3,throughput_mbps,0.48881531213482576,-1.1373640675154033,2.094398430971423
2024-01-01 00:01:58,3,throughput_mbps,0.4815069112860776,-1.1568492060225972,2.0948875903252535
2024-01-01 00:01:59,3,throughput_mbps,0.4741984770033725,-1.2212547422680031,2.1508301026878085
2024-01-01 00:02:00,3,throughput_mbps,0.46689000871342967,-1.2377891152390355,2.188406147298483
2024-01-01 00:02:01,3,throughput_mbps,0.4595815074964972,-1.0445726038457595,2.174334485310624
2024-01-01 00:02:02,3,throughput_mbps,0.4522729729797552,-1.1204074421274506,2.113666879410144
2024-01-01 00:02:03,3,throughput_mbps,0.44496440506595303,-1.2144798400601249,2.114232664926165
2024-01-01 00:02:04,3,throughput_mbps,0.4376558041839723,-1.178665007440264,2.149172623806628
2024-01-01 00:02:05,3,throughput_mbps,0.43034717023657065,-1.264298827006978,2.066993638073041
2024-01-01 00:02:06,3,throughput_mbps,0.42545520337650145,-1.2153264606032599,2.0329431558278013
2024-01-01 00:02:07,3,throughput_mbps,0.4205632031562393,-1.2778230199127143,2.0565067505751813
2024-01-01 00:02:08,3,throughput_mbps,0.41567117055598923,-1.2467008049437616,2.1055095222757902
2024-01-01 00:02:09,3,throughput_mbps,0.4107791053031167,-1.22482438386018,2.0446085300541017
2024-01-01 00:02:10,3,throughput_mbps,0.40588700745066386,-1.3325965734427918,2.0672737895913147
2024-01-01 00:02:11,3,throughput_mbps,0.400994876375126,-1.2849198494905727,2.1411251722702898
2024-01-01 00:02:12,3,throughput_mbps,0.3961027133324758,-1.4444791148279041,1.9276567657074049
2024-01-01 00:02:13,3,throughput_mbps,0.39121051774926097,-1.2710771149134725,2.133671987444774
2024-01-01 00:02:14,3,throughput_mbps,0.38631828980388916,-1.232557335976262,1.9996717369016825
2024-01-01 00:02:15,3,throughput_mbps,0.3814260293990809,-1.241809699748263,1.9867291234622626
2024-01-01 00:02:16,3,throughput_mbps,0.3765337369638422,-1.2269426714092735,2.144062961568029
2024-01-01 00:02:17,3,throughput_mbps,0.3716414124009014,-1.280281193767454,1.90388248193421
2024-01-01 00:02:18,3,throughput_mbps,0.3667490557884133,-1.2685638532552708,2.006313835626014
2024-01-01 00:02:19,3,throughput_mbps,0.364091581885851,-1.2956464145520403,1.9023512932766757
2024-01-01 00:02:20,3,throughput_mbps,0.36143407654122284,-1.251713937162172,2.0534710624902663
2024-01-01 00:02:21,3,throughput_mbps,0.35877653948181343,-1.395113783887059,1.9193212291225594
2024-01-01 00:02:22,3,throughput_mbps,0.3561189705852069,-1.2056224293141264,2.1894792544820088
2024-01-01 00:02:23,3,throughput_mbps,0.35346136975409537,-1.2273381424910665,1.9836424505420107
2024-01-01 00:02:24,3,throughput_mbps,0.35080373771845497,-1.2325793515849446,2.0255208934356603
2024-01-01 00:02:25,3,throughput_mbps,0.34814607408010545,-1.3097950989656202,2.1279980267170644
2024-01-01 00:02:26,3,throughput_mbps,0.3454883790175125,-1.3554827125479814,2.117801702020962
2024-01-01 00:02:27,3,throughput_mbps,0.3428306521575798,-1.3916595384097417,1.9885973262908343
2024-01-01 00:02:28,3,throughput_mbps,0.3401728944810023,-1.3692058912033434,1.9989574245936337
2024-01-01 00:02:29,3,throughput_mbps,0.3375151056146989,-1.3858562708734565,2.0767981424457265
2024-01-01 00:02:30,3,throughput_mbps,0.334857285737162,-1.3109349576996356,1.8987888367903445
2024-01-01 00:02:31,3,throughput_mbps,0.3321994344501241,-1.3590857448258482,2.079030960762001
2024-01-01 00:02:32,3,throughput_mbps,0.32954155248370154,-1.4262486353429082,1.9355448741706784
2024-01-01 00:02:33,3,throughput_mbps,0.32865214866529247,-1.375223733520231,2.0363395102647055
2024-01-01 00:02:34,3,throughput_mbps,0.3277627139477326,-1.2726120924264166,1.9454178739978683
2024-01-01 00:02:35,3,throughput_mbps,0.3268732479578428,-1.3058656083607736,1.9909268835982938
2024-01-01 00:02:36,3,throughput_mbps,0.3259837519775003,-1.3719236929567336,1.938398049481128
2024-01-01 00:02:37,3,throughput_mbps,0.32509422533255683,-1.3586865003488215,1.9882312846855643
2024-01-01 00:02:38,3,throughput_mbps,0.32420466820153226,-1.408442010307042,1.9276318356430004
2024-01-01 00:02:39,3,throughput_mbps,0.3233150804870907,-1.4740658405869687,2.02397303211522
2024-01-01 00:02:40,3,throughput_mbps,0.3224254626184764,-1.405032063102091,1.9855967216107957
2024-01-01 00:02:41,3,throughput_mbps,0.32153581449836033,-1.3911862904389547,2.082313593950564
2024-01-01 00:02:42,3,throughput_mbps,0.3206461357535081,-1.4849401713764123,1.968823436107286
2024-01-01 00:02:43,3,throughput_mbps,0.31975642736496734,-1.367867902168011,1.9817394817164007
2024-01-01 00:02:44,3,throughput_mbps,0.3188666889595182,-1.4205715624931468,2.0133130452395003
2024-01-01 00:02:45,3,throughput_mbps,0.3179769207157207,-1.2932172546193652,1.9039772635095673
2024-01-01 00:02:46,3,throughput_mbps,0.31708712223514546,-1.465139637100707,2.014870824147514
2024-01-01 00:02:47,3,throughput_mbps,0.31728559156550773,-1.3140924340413493,2.0016941385564766
2024-01-01 00:02:48,3,throughput_mbps,0.3174840312921432,-1.4006764499960977,2.0908598659165643
2024-01-01 00:02:49,3,throughput_mbps,0.31768244129252743,-1.4104966837854422,1.9968824038674278
2024-01-01 00:02:50,3,throughput_mbps,0.3178808212937202,-1.3987352408670264,1.9561457533343178
2024-01-01 00:02:51,3,throughput_mbps,0.31807917227694993,-1.376433948975124,1.9999219362763636
2024-01-01 00:02:52,3,throughput_mbps,0.31827749414488204,-1.407244291343624,1.9313066656814912
2024-01-01 00:02:53,3,throughput_mbps,0.31847578642382357,-1.3153783202773692,1.964200841916165
2024-01-01 00:02:54,3,throughput_mbps,0.3186740490163853,-1.3288330879132104,1.9640928508737254
2024-01-01 00:02:55,3,throughput_mbps,0.3188722829038845,-1.325013308996084,1.916418752265683
2024-01-01 00:02:56,3,throughput_mbps,0.31907048771299484,-1.3164820778396036,1.9222514492234017
2024-01-01 00:02:57,3,throughput_mbps,0.3192686636223293,-1.3205224327501834,1.8373932747728883
2024-01-01 00:02:58,3,throughput_mbps,0.319466810233331,-1.4405024803518125,1.9531749581334032
2024-01-01 00:02:59,3,throughput_mbps,0.3196649282765993,-1.369009884551948,1.902190494300246
2024-01-01 00:03:00,3,throughput_mbps,0.3198630176547701,-1.4290510527855897,2.049269946565848
2024-01-01 00:03:01,3,throughput_mbps,0.3200610782452704,-1.4660320212010918,2.0235117083698557
2024-01-01 00:03:02,3,throughput_mbps,0.32025910977509064,-1.4994998236040429,1.9423068960055443
2024-01-01 00:03:03,3,throughput_mbps,0.32045718449797167,-1.4597307132181454,1.9365397862257443
2024-01-01 00:03:04,3,throughput_mbps,0.3206552307682692,-1.2443126279986692,1.9686711139001216
2024-01-01 00:03:05,3,throughput_mbps,0.32085324866421605,-1.4452985546077077,1.9606377020198804
2024-01-01 00:03:06,3,throughput_mbps,0.32105123808841696,-1.318734902234584,2.00138776597044
2024-01-01 00:03:07,3,throughput_mbps,0.321249199470363,-1.3130775595127064,2.0256691735993013
2024-01-01 00:03:08,3,throughput_mbps,0.32144713271266545,-1.4363806517917368,1.9657122018659294
2024-01-01 00:03:09,3,throughput_mbps,0.32164503799398825,-1.4797153775898055,1.9497938685215916
2024-01-01 00:03:10,3,throughput_mbps,0.32184291474000715,-1.4163047286545167,2.1029680817959577
2024-01-01 00:03:11,3,throughput_mbps,0.3220407640328088,-1.444257065503034,1.915077181942671
2024-01-01 00:03:12,3,throughput_mbps,0.32223858549893003,-1.2393028834647966,1.960579610371564
2024-01-01 00:03:13,3,throughput_mbps,0.32243637921661583,-1.4441555177630123,1.9901520880079413
2024-01-01 00:03:14,3,throughput_mbps,0.32263414508845367,-1.4026254984945428,1.9409736671091053
2024-01-01 00:03:15,3,throughput_mbps,0.32283188354400405,-1.248918946551573,2.0420039969256267
2024-01-01 00:03:16,3,throughput_mbps,0.323029594485861,-1.3706890784712955,1.7805186982723809
2024-01-01 00:03:17,3,throughput_mbps,0.3232272779922748,-1.3744775565677578,2.028810843358403
2024-01-01 00:03:18,3,throughput_mbps,0.32342493368970426,-1.2789748708706403,1.950955928065779
2024-01-01 00:03:19,3,throughput_mbps,0.3236225626604322,-1.3616894704944058,2.056967928842051
2024-01-01 00:03:20,3,throughput_mbps,0.32382016433002736,-1.3508693953258786,2.0219914745684977
2024-01-01 00:03:21,3,throughput_mbps,0.32401773860105565,-1.432688162703463,2.045709519336963
2024-01-01 00:03:22,3,throughput_mbps,0.3242153189561092,-1.1989564578562548,2.0170996268620547
2024-01-01 00:03:23,3,throughput_mbps,0.32441287224479476,-1.3848587680212197,2.0142906125320486
2024-01-01 00:03:24,3,throughput_mbps,0.3246103986458304,-1.5085707350671773,1.8443106776876288
2024-01-01 00:03:25,3,throughput_mbps,0.324807897785618,-1.3351316138686236,2.0259931282086407
2024-01-01 00:03:26,3,throughput_mbps,0.3250053706461311,-1.3447023431797946,2.0467896517359407
2024-01-01 00:03:27,3,throughput_mbps,0.3252028168537838,-1.3004129913338696,1.9738018710522143
2024-01-01 00:03:28,3,throughput_mbps,0.3254002365873184,-1.4511620944933696,1.9366012522259002
2024-01-01 00:03:29,3,throughput_mbps,0.3255976294478643,-1.4208717857145452,1.9516770045813996
2024-01-01 00:03:30,3,throughput_mbps,0.32579499616653396,-1.4058476619695381,1.9676607171234584
2024-01-01 00:03:31,3,throughput_mbps,0.3259923366458993,-1.3827426729342942,2.0034689982620493
2024-01-01 00:03:32,3,throughput_mbps,0.326189650763267,-1.239111893856736,1.975884239843908
2024-01-01 00:03:33,3,throughput_mbps,0.32638693814496733,-1.255925682248693,2.069715003960232
2024-01-01 00:03:34,3,throughput_mbps,0.3265842003508187,-1.3058623464015984,2.0017953977554557
2024-01-01 00:03:35,3,throughput_mbps,0.32678143615327515,-1.3863035450398553,2.029893537757748
2024-01-01 00:03:36,3,throughput_mbps,0.3269786460073144,-1.3368335514978822,1.9626918383518548
2024-01-01 00:03:37,3,throughput_mbps,0.3271758295392443,-1.2512860365410123,2.050669216811887
2024-01-01 00:03:38,3,throughput_mbps,0.32737298773127577,-1.3876590621562521,1.9954761773607805
2024-01-01 00:03:39,3,throughput_mbps,0.32757012020972887,-1.2682969585680501,1.9875288484947136
2024-01-01 00:03:40,3,throughput_mbps,0.3277672271533928,-1.3688345881188402,1.9365185447786488
2024-01-01 00:03:41,3,throughput_mbps,0.32796437299847114,-1.3198721549300951,2.0139663526423814
2024-01-01 00:03:42,3,throughput_mbps,0.3281614936410737,-1.309308215099556,2.0549604511982436
2024-01-01 00:03:43,3,throughput_mbps,0.32835858898374914,-1.4381506076438249,2.020521089145926
2024-01-01 00:03:44,3,throughput_mbps,0.3285556589037577,-1.48627438676393,2.0958475090743107
2024-01-01 00:03:45,3,throughput_mbps,0.32875270302733894,-1.3118829890817387,2.031616132395548
2024-01-01 00:03:46,3,throughput_mbps,0.3289497226384168,-1.348137990075878,2.050251905009316
2024-01-01 00:03:47,3,throughput_mbps,0.3291467170616905,-1.5096333203619057,2.0338971888192487
2024-01-01 00:03:48,3,throughput_mbps,0.3293436864759721,-1.3802940530294197,2.059511262984229
2024-01-01 00:03:49,3,throughput_mbps,0.32954063078378204,-1.34179792688914,2.009869091310536
2024-01-01 00:03:50,3,throughput_mbps,0.32973755041495934,-1.3996788397907158,2.071782169745795
2024-01-01 00:03:51,3,throughput_mbps,0.32993444527202975,-1.3234014889556864,1.9709671015869163
2024-01-01 00:03:52,3,throughput_mbps,0.33013131553382835,-1.229554126490717,2.0076035261736855
2024-01-01 00:03:53,3,throughput_mbps,0.3303281605249303,-1.3467899506444745,2.03758430819476
2024-01-01 00:03:54,3,throughput_mbps,0.3305249815294625,-1.3185242532575832,2.0606538952272606
2024-01-01 00:03:55,3,throughput_mbps,0.33072177817363047,-1.3620851397760008,2.1005673465059855
2024-01-01 00:03:56,3,throughput_mbps,0.3309185503346497,-1.3028550216652202,2.061798690637085
2024-01-01 00:03:57,3,throughput_mbps,0.33111529791501837,-1.2447801418030477,1.948622128094593
2024-01-01 00:03:58,3,throughput_mbps,0.3313120216462839,-1.2660558032345626,1.8532023538427218
2024-01-01 00:03:59,3,throughput_mbps,0.33150872112930807,-1.2711043713981671,1.946013423199047
2024-01-01 00:04:00,3,throughput_mbps,0.3317054546717413,-1.30331543322972,2.0075992259641953
2024-01-01 00:04:01,3,throughput_mbps,0.3319021646752611,-1.2068168194938222,1.9891757543667508
2024-01-01 00:04:02,3,throughput_mbps,0.33209885076601553,-1.268872003353117,2.004626016966132
2024-01-01 00:04:03,3,throughput_mbps,0.33229551302231497,-1.4123099860670916,1.9749911066686756
2024-01-01 00:04:04,3,throughput_mbps,0.33249215134665344,-1.3957534028920517,2.02669703906341
2024-01-01 00:04:05,3,throughput_mbps,0.332688766168978,-1.376095155423796,1.9477970876438258
2024-01-01 00:04:06,3,throughput_mbps,0.3328853573917878,-1.3430802797090016,1.934602398664665
2024-01-01 00:04:07,3,throughput_mbps,0.33308192519397306,-1.3097272718759856,1.949538417841775
2024-01-01 00:04:08,3,throughput_mbps,0.3332784690004672,-1.3031905577089298,1.9893912364262538
2024-01-01 00:04:09,3,throughput_mbps,0.33347498989462543,-1.3749957041901772,1.9440591896193795
2024-01-01 00:04:10,3,throughput_mbps,0.33367148750253905,-1.2961207200377414,2.153592158907474
2024-01-01 00:04:11,3,throughput_mbps,0.3338679621789499,-1.2257154021255532,1.9383097296730252
2024-01-01 00:04:12,3,throughput_mbps,0.3340644129970707,-1.3373852672181517,2.090542731700246
2024-01-01 00:04:13,3,throughput_mbps,0.3342608412161716,-1.2992586901931578,2.0579710607219854
2024-01-01 00:04:14,3,throughput_mbps,0.33445724646231556,-1.3512944998885021,1.955561169881402
2024-01-01 00:04:15,3,throughput_mbps,0.33465362881382665,-1.346404697497468,1.9879034196532535
2024-01-01 00:04:16,3,throughput_mbps,0.334849988173179,-1.3694206047554467,2.067163806905042
2024-01-01 00:04:17,3,throughput_mbps,0.3350463249704013,-1.4913803127878422,1.9692907782300193
2024-01-01 00:04:18,3,throughput_mbps,0.33524263910797214,-1.2770159314321674,2.0401957185114434
2024-01-01 00:04:19,3,throughput_mbps,0.3354389307648238,-1.3726193518952219,1.9717150409796345
2024-01-01 00:04:20,3,throughput_mbps,0.33563519936575026,-1.3645479037119062,1.7836069492125883
2024-01-01 00:04:21,3,throughput_mbps,0.3358314459943408,-1.2708092880828472,1.9367027980360025
2024-01-01 00:04:22,3,throughput_mbps,0.3360276702766032,-1.2840064324182097,2.027107571167408
2024-01-01 00:04:23,3,throughput_mbps,0.3362238722908708,-1.2236279891097164,2.0712909269295467
2024-01-01 00:04:24,3,throughput_mbps,0.3364200519396044,-1.4059098524580564,1.9750540516672794
2024-01-01 00:04:25,3,throughput_mbps,0.33661620965288513,-1.358278984929314,1.9774350029256784
2024-01-01 00:04:26,3,throughput_mbps,0.33681234533317816,-1.3376130980921703,2.038752772739194
2024-01-01 00:04:27,3,throughput_mbps,0.33700845905882126,-1.2373700056462238,2.0140110514314102
2024-01-01 00:04:28,3,throughput_mbps,0.3372045504557599,-1.3238054124110927,2.0763050149121622
2024-01-01 00:04:29,3,throughput_mbps,0.3374006794815934,-1.354676593846123,2.030629197278212
2024-01-01 00:04:30,3,throughput_mbps,0.33759678668717247,-1.45081807628312,1.923896311763069
2024-01-01 00:04:31,3,throughput_mbps,0.33779287225146326,-1.3003545006891037,2.0958202404641653
2024-01-01 00:04:32,3,throughput_mbps,0.3379889360769133,-1.3211560378114178,2.0269044401116467
2024-01-01 00:04:33,3,throughput_mbps,0.3381849785936546,-1.3420564127981613,1.986695568298905
2024-01-01 00:04:34,3,throughput_mbps,0.3383809997041395,-1.3755557005300334,1.9776217792694442
2024-01-01 00:04:35,3,throughput_mbps,0.33857699948671377,-1.4363515822090127,2.0242597037132106
2024-01-01 00:04:36,3,throughput_mbps,0.3387729775672714,-1.3031593360920686,1.998900807268659
2024-01-01 00:04:37,3,throughput_mbps,0.33896893492905905,-1.3735158763945323,1.9290911385996548
2024-01-01 00:04:38,3,throughput_mbps,0.33916487129862777,-1.2860834480150696,2.054926860027097
2024-01-01 00:04:39,3,throughput_mbps,0.33936078627647237,-1.2455848789916149,2.0499237246013395
2024-01-01 00:04:40,3,throughput_mbps,0.33955668059470895,-1.3815515031366252,1.9508085220649427
2024-01-01 00:04:41,3,throughput_mbps,0.3397525541557854,-1.2701020063913804,2.013139123810701
2024-01-01 00:04:42,3,throughput_mbps,0.3399484068367493,-1.2969444335430171,2.0197156865334596
2024-01-01 00:04:43,3,throughput_mbps,0.34014423826344364,-1.254341769919893,2.0471843293301175
2024-01-01 00:04:44,3,throughput_mbps,0.34034004972119924,-1.3214465242393831,2.057545094091564
2024-01-01 00:04:45,3,throughput_mbps,0.34053584053389957,-1.4495357011671042,2.0016265961676987
2024-01-01 00:04:46,3,throughput_mbps,0.34073161088056,-1.3224249528383212,1.947910922472106
2024-01-01 00:04:47,3,throughput_mbps,0.3409273606636058,-1.4830555122850804,2.05128308706568
2024-01-01 00:04:48,3,throughput_mbps,0.34112309031325744,-1.2875503498629401,1.8778823190673253
2024-01-01 00:04:49,3,throughput_mbps,0.34131879973194434,-1.4102765594712565,2.0014542449511485
2024-01-01 00:04:50,3,throughput_mbps,0.341514489098702,-1.3451657413539255,1.9865294501284319
2024-01-01 00:04:51,3,throughput_mbps,0.3417101577373079,-1.4511634997264484,2.0966772992738547
2024-01-01 00:04:52,3,throughput_mbps,0.34190580693326045,-1.2497758960847074,2.137926887626675
2024-01-01 00:04:53,3,throughput_mbps,0.3421014365890039,-1.431922952862225,2.036083297146327
2024-01-01 00:04:54,3,throughput_mbps,0.34229704602829203,-1.3569560874093587,2.0224709691852296
2024-01-01 00:04:55,3,throughput_mbps,0.3424926351535188,-1.2336645521418415,1.9841398604140006
2024-01-01 00:04:56,3,throughput_mbps,0.34268820525027427,-1.4313945092642775,1.9597648193162722
2024-01-01 00:04:57,3,throughput_mbps,0.3428837556422877,-1.3545027725377379,1.908010629484267
2024-01-01 00:04:58,3,throughput_mbps,0.3430792865086123,-1.372750217328789,1.8789128520655374
2024-01-01 00:04:59,3,throughput_mbps,0.3432747977516566,-1.3913979593019683,1.8937087115342457
2024-01-01 00:05:00,3,throughput_mbps,0.3434702898017078,-1.385604079806952,2.0379825689934474
2024-01-01 00:05:01,3,throughput_mbps,0.3436657625611777,-1.3796736567932375,1.9211117364019994
2024-01-01 00:05:02,3,throughput_mbps,0.34386121620913807,-1.3271988000768569,1.965786338200064
2024-01-01 00:05:03,3,throughput_mbps,0.3440566500692185,-1.5148237023209326,2.013900894943561
2024-01-01 00:05:04,3,throughput_mbps,0.34425206542716774,-1.2991917490410962,2.1009907782111545
2024-01-01 00:05:05,3,throughput_mbps,0.34444746190873204,-1.3097641234995518,2.065189561332761
2024-01-01 00:05:06,3,throughput_mbps,0.3446428393908734,-1.3766291696010482,1.9101841287096228
2024-01-01 00:05:07,3,throughput_mbps,0.3448381977759832,-1.3173642676135064,2.0384022629118608
2024-01-01 00:05:08,3,throughput_mbps,0.34503353779652435,-1.3885809287691802,2.2133993553519837
2024-01-01 00:05:09,3,throughput_mbps,0.34522885905276385,-1.3773030325923472,1.9472752151645671
2024-01-01 00:05:10,3,throughput_mbps,0.34542416172379087,-1.3252129316600343,2.020856023127108
2024-01-01 00:05:11,3,throughput_mbps,0.34561944543529177,-1.2572478936264189,2.095638609792681
2024-01-01 00:05:12,3,throughput_mbps,0.3458147111710233,-1.316182254211113,1.9880764611163595
2024-01-01 00:05:13,3,throughput_mbps,0.3460099585566797,-1.350364944915932,1.951277008792245
2024-01-01 00:05:14,3,throughput_mbps,0.3462051877713678,-1.3319657567764909,2.0213375107377023
2024-01-01 00:05:15,3,throughput_mbps,0.34640039826554025,-1.3456984011079571,2.137569158790231
2024-01-01 00:05:16,3,throughput_mbps,0.34659559092150083,-1.1942649848736144,1.9484684538600012
2024-01-01 00:05:17,3,throughput_mbps,0.346790765641646,-1.2449134028603257,1.937825427613951
2024-01-01 00:05:18,3,throughput_mbps,0.34698592185016164,-1.1673757416019792,2.10478500578159
2024-01-01 00:05:19,3,throughput_mbps,0.3471810606316272,-1.3116658781665673,2.0495616469639466
2024-01-01 00:05:20,3,throughput_mbps,0.3473761816116991,-1.202508242947974,1.9844749472983223
2024-01-01 00:05:21,3,throughput_mbps,0.3475712848687628,-1.3448849493860748,2.1028524147823835
2024-01-01 00:05:22,3,throughput_mbps,0.3477663703051968,-1.325056804945814,2.0010494594744737
2024-01-01 00:05:23,3,throughput_mbps,0.3479614383514037,-1.3339933648074997,2.0772316124865844
2024-01-01 00:05:24,3,throughput_mbps,0.348156488909765,-1.4404217484172557,1.942703763535464
2024-01-01 00:05:25,3,throughput_mbps,0.34835152205867,-1.2888156331515894,2.0588111878963242
2024-01-01 00:05:26,3,throughput_mbps,0.3485465374237244,-1.3298333129995632,1.9791380943944445
2024-01-01 00:05:27,3,throughput_mbps,0.34874153608963315,-1.467940608377197,1.899589923319043
2024-01-01 00:05:28,3,throughput_mbps,0.3489365174805054,-1.3567067461280855,1.8483158621335953
2024-01-01 00:05:29,3,throughput_mbps,0.3491314817754838,-1.3335421553931943,1.917557107303276
2024-01-01 00:05:30,3,throughput_mbps,0.34932642887693727,-1.275903525033885,2.1613528403741897
2024-01-01 00:05:31,3,throughput_mbps,0.34952135921530453,-1.1900510666039263,2.0129898302042113
2024-01-01 00:05:32,3,throughput_mbps,0.3497162726929572,-1.272749934927376,2.14019615457067
2024-01-01 00:05:33,3,throughput_mbps,0.34991116938829014,-1.3165719192230088,1.9666201358089512
2024-01-01 00:05:34,3,throughput_mbps,0.3501060489268689,-1.2302196270586292,2.052858924506753
2024-01-01 00:05:35,3,throughput_mbps,0.3503009125695452,-1.3830754479396885,2.0266243526480583
2024-01-01 00:05:36,3,throughput_mbps,0.35049575938829025,-1.4030114532330193,2.016744836611183
2024-01-01 00:05:37,3,throughput_mbps,0.3506905897383003,-1.336615814248881,1.9626360824982878
2024-01-01 00:05:38,3,throughput_mbps,0.35088540324512085,-1.37265282980984,1.9072522304797912
2024-01-01 00:05:39,3,throughput_mbps,0.35108020099362613,-1.327279979843308,1.951888554892362
2024-01-01 00:05:40,3,throughput_mbps,0.35127498240781585,-1.3185121892894605,1.9879429730624554
2024-01-01 00:05:41,3,throughput_mbps,0.351469747666865,-1.2800830939126335,1.9896174227692731
2024-01-01 00:05:42,3,throughput_mbps,0.351664496673129,-1.367503684987198,1.9782041679683031
2024-01-01 00:05:43,3,throughput_mbps,0.3518592298570972,-1.3795285351345874,2.093266460029319
2024-01-01 00:05:44,3,throughput_mbps,0.3520539471211278,-1.3475613266983262,2.1031059530031895
2024-01-01 00:05:45,3,throughput_mbps,0.3522486485436226,-1.4840136179897239,1.947084556717428
2024-01-01 00:05:46,3,throughput_mbps,0.3524433337500894,-1.3758395961746936,2.068571324086953
2024-01-01 00:05:47,3,throughput_mbps,0.35263800372471654,-1.3343607123470351,2.0968508272239808
2024-01-01 00:05:48,3,throughput_mbps,0.3528326581938132,-1.240179466889334,2.0776276818478117
2024-01-01 00:05:49,3,throughput_mbps,0.3530272970341956,-1.2877971033586857,2.0039701204789866
2024-01-01 00:05:50,3,throughput_mbps,0.35322192014820414,-1.2476022673173806,1.9700802905168753
2024-01-01 00:05:51,3,throughput_mbps,0.353416528268757,-1.2284596511410202,2.0333665620952552
2024-01-01 00:05:52,3,throughput_mbps,0.3536111209958069,-1.316629095910201,2.043907497591656
2024-01-01 00:05:53,3,throughput_mbps,0.353805698508559,-1.199165879866414,1.9821322373632488
2024-01-01 00:05:54,3,throughput_mbps,0.35400026043248406,-1.3612534442226816,2.0077134801401955
2024-01-01 00:05:55,3,throughput_mbps,0.3541948077518583,-1.2862857298996624,1.9646220035497766
2024-01-01 00:05:56,3,throughput_mbps,0.3543893400921586,-1.3225384353980032,2.0125509083370234
2024-01-01 00:05:57,3,throughput_mbps,0.35458385763260625,-1.2943831164673758,1.9324577635712492
2024-01-01 00:05:58,3,throughput_mbps,0.3547783599731022,-1.346616970777309,2.0313602759244085
2024-01-01 00:05:59,3,throughput_mbps,0.3549728478466346,-1.293328756783887,2.0749947238060837
2024-01-01 00:06:00,3,throughput_mbps,0.3551673211555499,-1.3160152140695927,2.0323210022320395
2024-01-01 00:06:01,3,throughput_mbps,0.3553617792228333,-1.33972725084397,2.0567064108767474
2024-01-01 00:06:02,3,throughput_mbps,0.3555562233352886,-1.3392767707577522,1.9926542737058002
2024-01-01 00:06:03,3,throughput_mbps,0.3557506531183675,-1.2952928754081001,1.9301923974946167
2024-01-01 00:06:04,3,throughput_mbps,0.35594506844883617,-1.4060089384644725,2.081688466733316
2024-01-01 00:06:05,3,throughput_mbps,0.35613946922902073,-1.2730327014148135,2.11896346591382
2024-01-01 00:06:06,3,throughput_mbps,0.35633385619197855,-1.1968399497922881,1.9734285239159841
2024-01-01 00:06:07,3,throughput_mbps,0.35652822893756153,-1.2540690296194992,1.9989226397228552
2024-01-01 00:06:08,3,throughput_mbps,0.3567225876450113,-1.4316998818522362,1.8600007539051981
2024-01-01 00:06:09,3,throughput_mbps,0.35691693193973323,-1.322954815648179,2.0469862883055683
2024-01-01 00:06:10,3,throughput_mbps,0.3571112628061573,-1.3087409790059328,2.035973199845505
2024-01-01 00:06:11,3,throughput_mbps,0.35730557991972306,-1.3387813517570994,1.9897779281587822
2024-01-01 00:06:12,3,throughput_mbps,0.35749988368659025,-1.2467355670711733,2.1102200963621023
2024-01-01 00:06:13,3,throughput_mbps,0.35769417287576594,-1.1831861095331249,2.1819090806478743
2024-01-01 00:06:14,3,throughput_mbps,0.3578884490511686,-1.190828134050887,2.0766904127008257
2024-01-01 00:06:15,3,throughput_mbps,0.35808271183819773,-1.4198797086550683,2.016207938724002
2024-01-01 00:06:16,3,throughput_mbps,0.35827696111358126,-1.1466781447383805,2.125638287481329
2024-01-01 00:06:17,3,throughput_mbps,0.3584711967796346,-1.2352527891595801,2.0133828953453987
2024-01-01 00:06:18,3,throughput_mbps,0.35866541956951964,-1.3334113530090255,2.1707523367609416
2024-01-01 00:06:19,3,throughput_mbps,0.35885962908301006,-1.450494456097435,2.025714967930608
2024-01-01 00:06:20,3,throughput_mbps,0.3590538254993758,-1.2895466931772408,1.9332772323362055
2024-01-01 00:06:21,3,throughput_mbps,0.35924800844397337,-1.3704742093410156,1.9839616408551601
2024-01-01 00:06:22,3,throughput_mbps,0.35944217890134506,-1.2915067031069298,2.0359846713832908
2024-01-01 00:06:23,3,throughput_mbps,0.3596363364968531,-1.2518165018758645,1.9863053138870415
2024-01-01 00:06:24,3,throughput_mbps,0.3598304814097804,-1.3027327379916356,2.1436189677729094
2024-01-01 00:06:25,3,throughput_mbps,0.3600246132398551,-1.4323443314037594,1.9243196305296604
2024-01-01 00:06:26,3,throughput_mbps,0.3602187327202995,-1.1107651941907604,2.041490552067824
2024-01-01 00:06:27,3,throughput_mbps,0.36041283975343463,-1.274532374753971,2.0118349004586125
2024-01-01 00:06:28,3,throughput_mbps,0.3606069342159503,-1.2529607481140452,2.1082903100604757
2024-01-01 00:06:29,3,throughput_mbps,0.36080101583403895,-1.4792215452292834,1.9908007494702902
2024-01-01 00:06:30,3,throughput_mbps,0.3609950855923124,-1.2487898938612365,1.9794618936584254
2024-01-01 00:06:31,3,throughput_mbps,0.36118914311610206,-1.427770693590361,1.9726045306132483
2024-01-01 00:06:32,3,throughput_mbps,0.36138318848383216,-1.2102429704433308,2.095169264702964
2024-01-01 00:06:33,3,throughput_mbps,0.3615772215978097,-1.3358407398718257,2.111009486296903
2024-01-01 00:06:34,3,throughput_mbps,0.361771242888693,-1.243305878828075,1.8852143137658726
2024-01-01 00:06:35,3,throughput_mbps,0.3619652522587909,-1.3283950224301138,1.9774156599895638
2024-01-01 00:06:36,3,throughput_mbps,0.3621592498874117,-1.4098868095404338,2.1059053744304794
2024-01-01 00:06:37,3,throughput_mbps,0.3623532351980887,-1.2990421516994974,2.1118503810934395
2024-01-01 00:06:38,3,throughput_mbps,0.3625472092763813,-1.466474587756926,2.0300793709139677
2024-01-01 00:06:39,3,throughput_mbps,0.362741171747592,-1.2787428393265947,2.076658132670281
2024-01-01 00:06:40,3,throughput_mbps,0.3629351225140219,-1.257695490530618,2.1020020602655256
2024-01-01 00:06:41,3,throughput_mbps,0.3631290620063471,-1.2612603032893384,2.1318369924861886
2024-01-01 00:06:42,3,throughput_mbps,0.3633229901268704,-1.3424308987832754,1.9928260575922547
2024-01-01 00:06:43,3,throughput_mbps,0.36351690695401956,-1.4621771209629282,1.977420897381812
2024-01-01 00:06:44,3,throughput_mbps,0.36371081211306777,-1.3135531219531118,2.2242341399633903
2024-01-01 00:06:45,3,throughput_mbps,0.36390470658874785,-1.2601496982443714,1.9931381667375345
2024-01-01 00:06:46,3,throughput_mbps,0.3640985901072371,-1.364482030918637,2.0017807988214704
2024-01-01 00:06:47,3,throughput_mbps,0.36429246254516573,-1.3255137938133308,2.0820036456827493
2024-01-01 00:06:48,3,throughput_mbps,0.36448632380482554,-1.2894515839778011,2.109229122183192
2024-01-01 00:06:49,3,throughput_mbps,0.36468017461961866,-1.408554075161921,1.9202307792718447
2024-01-01 00:06:50,3,throughput_mbps,0.36487401458913304,-1.3502909458101777,2.092018376998418
2024-01-01 00:06:51,3,throughput_mbps,0.36506784389270114,-1.3212804048077065,2.013809418985539
2024-01-01 00:06:52,3,throughput_mbps,0.365261662155571,-1.2253004175148903,2.117306163758389
2024-01-01 00:06:53,3,throughput_mbps,0.36545547036253245,-1.380096751906414,1.9690690515857001
2024-01-01 00:06:54,3,throughput_mbps,0.36564926841588813,-1.2949224514702413,1.9748323400275958
2024-01-01 00:06:55,3,throughput_mbps,0.36584305583996884,-1.300036668944051,2.0487629659703988
2024-01-01 00:06:56,3,throughput_mbps,0.3660368325370582,-1.2100435009877748,2.0704658133035614
2024-01-01 00:06:57,3,throughput_mbps,0.3662305994919739,-1.3304392221208237,2.0248337069585833
2024-01-01 00:06:58,3,throughput_mbps,0.3664243564308745,-1.2927475179721724,2.0073810017685023
2024-01-01 00:06:59,3,throughput_mbps,0.36661810323035343,-1.3593765166531284,1.96694270946665
2024-01-01 00:07:00,3,throughput_mbps,0.36681183979269427,-1.2942406081440732,2.0299061522848323
2024-01-01 00:07:01,3,throughput_mbps,0.367005566851381,-1.1794252817061586,2.1539177578405018
2024-01-01 00:07:02,3,throughput_mbps,0.3671992840059353,-1.42310333160276,1.9511614640210861
2024-01-01 00:07:03,3,throughput_mbps,0.36739299143571125,-1.4149944752127994,2.1399516437214556
2024-01-01 00:07:04,3,throughput_mbps,0.3675866887659204,-1.27801180682401,1.8905469168180378
2024-01-01 00:07:05,3,throughput_mbps,0.36778037698143234,-1.2585802265299932,2.0043721001185957
2024-01-01 00:07:06,3,throughput_mbps,0.3679740557074616,-1.3963306465175116,2.00432054845182
2024-01-01 00:07:07,3,throughput_mbps,0.3681677303636698,-1.438620923329058,1.9557041906813262
2024-01-01 00:07:08,3,throughput_mbps,0.36836139530924406,-1.274253545318406,2.137524130781965
2024-01-01 00:07:09,3,throughput_mbps,0.3685550512777145,-1.2964229799955085,2.1184042938476852
2024-01-01 00:07:10,3,throughput_mbps,0.36874869817137057,-1.3525285006210326,2.0984435200650946
2024-01-01 00:07:11,3,throughput_mbps,0.36894233586676967,-1.1922624085728069,2.233742662774665
2024-01-01 00:07:12,3,throughput_mbps,0.3691359639890956,-1.3525057100970872,2.082037893792374
2024-01-01 00:07:13,3,throughput_mbps,0.36932958382609143,-1.367795385221532,2.04581280321548
2024-01-01 00:07:14,3,throughput_mbps,0.36952319470012407,-1.418754448615365,1.8564465863889992
2024-01-01 00:07:15,3,throughput_mbps,0.3697167967905686,-1.386852714287871,2.006949691529598
2024-01-01 00:07:16,3,throughput_mbps,0.3699103899997041,-1.2787857731198187,2.046178184987273
2024-01-01 00:07:17,3,throughput_mbps,0.37010397475827056,-1.3132094269034402,2.075744167621492
2024-01-01 00:07:18,3,throughput_mbps,0.3702975509685485,-1.3087702471333047,2.0061744950948697
2024-01-01 00:07:19,3,throughput_mbps,0.370491118255708,-1.1567965434534648,2.0679541887855857
2024-01-01 00:07:20,3,throughput_mbps,0.37068467760470614,-1.3345652657497156,1.9907663029930043
2024-01-01 00:07:21,3,throughput_mbps,0.37087822864071573,-1.395683871950781,2.0665826958799354
2024-01-01 00:07:22,3,throughput_mbps,0.3710717715431273,-1.2946060341916321,2.0202273238945554
2024-01-01 00:07:23,3,throughput_mbps,0.37126530591134677,-1.372240803856225,1.9371742715142615
2024-01-01 00:07:24,3,throughput_mbps,0.37145883247899225,-1.3208497095684257,2.2656877827231026
2024-01-01 00:07:25,3,throughput_mbps,0.37165235114834483,-1.3193190000872228,1.9341165287746598
2024-01-01 00:07:26,3,throughput_mbps,0.3718458617959176,-1.3423900010311973,2.0613089802010998
2024-01-01 00:07:27,3,throughput_mbps,0.372039364147821,-1.2643671797459783,2.1024306984536123
2024-01-01 00:07:28,3,throughput_mbps,0.3722328591890519,-1.1340258457620978,2.060859312464809
2024-01-01 00:07:29,3,throughput_mbps,0.37242634654476375,-1.375609200145091,2.0520768693191784
2024-01-01 00:07:30,3,throughput_mbps,0.37261982629339013,-1.3618395298119161,1.9482685776153856
2024-01-01 00:07:31,3,throughput_mbps,0.372813298337204,-1.2827254781619217,2.112934303906746
2024-01-01 00:07:32,3,throughput_mbps,0.37300676310696046,-1.2749844856559234,2.04763663347809
2024-01-01 00:07:33,3,throughput_mbps,0.3732002205049324,-1.2707521246919564,2.064204270015946
2024-01-01 00:07:34,3,throughput_mbps,0.37339367071052837,-1.451160107984149,2.1610969639000457
2024-01-01 00:07:35,3,throughput_mbps,0.3735871131469339,-1.2799586661949118,1.9541992329726108
2024-01-01 00:07:36,3,throughput_mbps,0.3737805490763175,-1.217335601735968,2.0313573271110847
2024-01-01 00:07:37,3,throughput_mbps,0.37397397787246767,-1.2276758089427127,2.030787915639177
2024-01-01 00:07:38,3,throughput_mbps,0.3741673995880245,-1.129967078075277,2.1001570344381566
2024-01-01 00:07:39,3,throughput_mbps,0.3743608139490894,-1.3011300216291009,2.0449602166974348
2024-01-01 00:07:40,3,throughput_mbps,0.3745542219407124,-1.2424877181559892,2.162263329473501
2024-01-01 00:07:41,3,throughput_mbps,0.3747476231880198,-1.2869287456597946,1.8265067220953763
2024-01-01 00:07:42,3,throughput_mbps,0.37494101776944444,-1.366746633919309,2.1385650465693375
2024-01-01 00:07:43,3,throughput_mbps,0.3751344055872551,-1.2187783057578236,1.9551844248426387
2024-01-01 00:07:44,3,throughput_mbps,0.37532778707221437,-1.2560078127352796,2.1007382029872175
2024-01-01 00:07:45,3,throughput_mbps,0.37552116212659103,-1.2655413168473326,2.1427450530571384
2024-01-01 00:07:46,3,throughput_mbps,0.37571453092980867,-1.3701084821846563,1.9177387136047344
2024-01-01 00:07:47,3,throughput_mbps,0.37590789290499504,-1.2103826507832383,1.9733680489119465
2024-01-01 00:07:48,3,throughput_mbps,0.37610124913822024,-1.3664494597111962,2.0479526770913714
2024-01-01 00:07:49,3,throughput_mbps,0.37629459925459363,-1.1062554338395334,2.0831386077788343
2024-01-01 00:07:50,3,throughput_mbps,0.3764879433325484,-1.2062719580357824,2.0260566576786805
2024-01-01 00:07:51,3,throughput_mbps,0.37668128127434986,-1.3837724055588227,2.0343900930810803
2024-01-01 00:07:52,3,throughput_mbps,0.3768746135107638,-1.3196523149696007,2.159673717402216
2024-01-01 00:07:53,3,throughput_mbps,0.377067939944056,-1.371116892629013,2.144035818768383
2024-01-01 00:07:54,3,throughput_mbps,0.3772612606526585,-1.3891564269513952,2.094303680244905
2024-01-01 00:07:55,3,throughput_mbps,0.37745457526166554,-1.1936128111705324,1.9760778043679863
2024-01-01 00:07:56,3,throughput_mbps,0.37764788485718737,-1.2890817533684567,2.0421611466975067
2024-01-01 00:07:57,3,throughput_mbps,0.37784118886231144,-1.2746947449795187,2.096144652862938
2024-01-01 00:07:58,3,throughput_mbps,0.37803448717929833,-1.3876633847820128,1.9927127279668009
2024-01-01 00:07:59,3,throughput_mbps,0.3782277805419354,-1.4138837346210689,2.0591240334633434
2024-01-01 00:08:00,3,throughput_mbps,0.378421068549465,-1.2943787628772065,2.06072988774632
2024-01-01 00:08:01,3,throughput_mbps,0.3786143513813255,-1.249933219165499,2.0107303306205226
2024-01-01 00:08:02,3,throughput_mbps,0.3788076286625991,-1.2619415001441103,2.1079980470623423
2024-01-01 00:08:03,3,throughput_mbps,0.379000901685639,-1.3051300685644345,1.9947237820388226
2024-01-01 00:08:04,3,throughput_mbps,0.3791941697683017,-1.2893183683572815,2.0476917349475725
2024-01-01 00:08:05,3,throughput_mbps,0.37938743309003364,-1.2047395839012216,2.119238445698575
2024-01-01 00:08:06,3,throughput_mbps,0.3795806912500478,-1.2153516541935718,2.0053899557791164
2024-01-01 00:08:07,3,throughput_mbps,0.37977394498215866,-1.1742361994196033,2.0265890274061458
2024-01-01 00:08:08,3,throughput_mbps,0.37996719418863245,-1.2713112183105888,2.138724590518211
2024-01-01 00:08:09,3,throughput_mbps,0.3801604387458589,-1.324087216162259,2.084706030663645
2024-01-01 00:08:10,3,throughput_mbps,0.3803536782789055,-1.358905125888693,2.071816765250572
2024-01-01 00:08:11,3,throughput_mbps,0.3805469140759842,-1.2963194078395501,1.9477424450565155
2024-01-01 00:08:12,3,throughput_mbps,0.38074014545909896,-1.127418869831488,2.1259161077605424
2024-01-01 00:08:13,3,throughput_mbps,0.3809333728848944,-1.1872908440869767,2.076827599649958
2024-01-01 00:08:14,3,throughput_mbps,0.3811265954240499,-1.1934258770036914,2.0919983037102186
2024-01-01 00:08:15,3,throughput_mbps,0.38131981433891005,-1.2736235022371512,2.1499587387715966
2024-01-01 00:08:16,3,throughput_mbps,0.38151302925454084,-1.1746105639472564,2.070646803002054
2024-01-01 00:08:17,3,throughput_mbps,0.3817062403504017,-1.1909334251660528,2.0669145520075167
2024-01-01 00:08:18,3,throughput_mbps,0.3818994472256583,-1.2383093243363064,2.0920077367961025
2024-01-01 00:08:19,3,throughput_mbps,0.3820926506141653,-1.257988130098869,2.2120315701940427
2024-01-01 00:08:20,3,throughput_mbps,0.3822858504181865,-1.2341694942932098,1.9312205754309681
2024-01-01 00:08:21,3,throughput_mbps,0.38247904651407927,-1.2392505799037095,2.152332885300621
2024-01-01 00:08:22,3,throughput_mbps,0.38267223852689597,-1.286605409347076,2.002883829525497
2024-01-01 00:08:23,3,throughput_mbps,0.38286542774491356,-1.3733909457951132,1.9781801627317057
2024-01-01 00:08:24,3,throughput_mbps,0.38305861349007597,-1.347147584843823,1.9235700350972345
2024-01-01 00:08:25,3,throughput_mbps,0.38325179594184583,-1.3275766128209943,2.048577862266265
2024-01-01 00:08:26,3,throughput_mbps,0.38344497500248326,-1.30862545424373,2.03854265846766
2024-01-01 00:08:27,3,throughput_mbps,0.38363815110274235,-1.3907697150219356,2.1387027014124897
2024-01-01 00:08:28,3,throughput_mbps,0.38383132414488225,-1.175927782973365,2.1134049509203345
2024-01-01 00:08:29,3,throughput_mbps,0.3840244943083728,-1.3106896033160476,2.0767320215411864
2024-01-01 00:08:30,3,throughput_mbps,0.3842176609151249,-1.3029182651035476,2.0382840610359314
2024-01-01 00:08:31,3,throughput_mbps,0.38441082525344844,-1.2697830120293938,2.1786871864863
2024-01-01 00:08:32,3,throughput_mbps,0.3846039869483952,-1.3600696697265273,2.012657130118497
2024-01-01 00:08:33,3,throughput_mbps,0.3847971458762901,-1.3674145820431594,2.038598826838669
2024-01-01 00:08:34,3,throughput_mbps,0.38499030193938927,-1.3257970671777344,2.0702836057511735
2024-01-01 00:08:35,3,throughput_mbps,0.3851834558715949,-1.1951360335049346,2.104788683020992
2024-01-01 00:08:36,3,throughput_mbps,0.38537660727200984,-1.2637489661919399,1.9185849826228685
2024-01-01 00:08:37,3,throughput_mbps,0.3855697558667297,-1.382646258137303,2.012622046985282
2024-01-01 00:08:38,3,throughput_mbps,0.38576290264092983,-1.2689691384452095,1.9754501553252397
2024-01-01 00:08:39,3,throughput_mbps,0.3859560472196526,-1.2751699814195747,2.0303179942072513
2024-01-01 00:08:40,3,throughput_mbps,0.3861491896813184,-1.159306417476602,2.0386148759649294
2024-01-01 00:08:41,3,throughput_mbps,0.3863423299281863,-1.3659976552871442,2.0714777473238613
2024-01-01 00:08:42,3,throughput_mbps,0.3865354683909955,-1.3134462332721084,2.13855447769943
2024-01-01 00:08:43,3,throughput_mbps,0.38672860497200423,-1.3309325712178117,2.1359982393396066
2024-01-01 00:08:44,3,throughput_mbps,0.3869217398506933,-1.290332611029302,2.0279134537102133
2024-01-01 00:08:45,3,throughput_mbps,0.387114872449976,-1.3285145112529342,1.9543328096222055
2024-01-01 00:08:46,3,throughput_mbps,0.3873080038560909,-1.2439306747173597,2.1168567864120194
2024-01-01 00:08:47,3,throughput_mbps,0.3875011336940751,-1.3118831525676684,2.140079307156818
2024-01-01 00:08:48,3,throughput_mbps,0.3876942620423449,-1.2944992859411617,2.0776985593899875
2024-01-01 00:08:49,3,throughput_mbps,0.38788738880316054,-1.300291397082769,1.999319718373044
2024-01-01 00:08:50,3,throughput_mbps,0.38808051440724933,-1.302779205311858,2.076610246009514
2024-01-01 00:08:51,3,throughput_mbps,0.3882736387568704,-1.2415157056616348,2.0368475392075887
2024-01-01 00:08:52,3,throughput_mbps,0.38846676193043767,-1.2663792114248125,2.112114131236999
2024-01-01 00:08:53,3,throughput_mbps,0.38865988355298575,-1.2240617468720163,2.1170493679035167
2024-01-01 00:08:54,3,throughput_mbps,0.3888530047107616,-1.2241322745687433,2.0831429403123916
2024-01-01 00:08:55,3,throughput_mbps,0.3890461250028045,-1.264148675303116,2.0595497564729017
2024-01-01 00:08:56,3,throughput_mbps,0.38923924435736995,-1.4337580343059873,1.982531951911241
2024-01-01 00:08:57,3,throughput_mbps,0.38943236237349343,-1.2189735697564743,2.207857039618121
2024-01-01 00:08:58,3,throughput_mbps,0.3896254801374196,-1.2284701340957698,2.05486601601767
2024-01-01 00:08:59,3,throughput_mbps,0.3898185973300661,-1.2618051182213335,2.099631507929411
2024-01-01 00:09:00,3,throughput_mbps,0.39001171397395806,-1.3424286267513814,2.0223791906398563
2024-01-01 00:09:01,3,throughput_mbps,0.3902048299713567,-1.2748287842498365,2.1591598455910774
2024-01-01 00:09:02,3,throughput_mbps,0.39039794575296954,-1.3045109162096138,2.1003661755887517
2024-01-01 00:09:03,3,throughput_mbps,0.39059106122105597,-1.292507410315991,2.1373125887962487
2024-01-01 00:09:04,3,throughput_mbps,0.39078417645402486,-1.1818318531801655,1.937495758057052
2024-01-01 00:09:05,3,throughput_mbps,0.39097729107690804,-1.2316416551495288,2.052405109886933
2024-01-01 00:09:06,3,throughput_mbps,0.3911704061759513,-1.2281946859578334,2.123840216502946
2024-01-01 00:09:07,3,throughput_mbps,0.39136352117401424,-1.2287440530171927,2.069895418840597
2024-01-01 00:09:08,3,throughput_mbps,0.3915566362505879,-1.2271882922887951,2.0864664361650997
2024-01-01 00:09:09,3,throughput_mbps,0.3917497513079358,-1.1935999348404922,2.082071916127015
2024-01-01 00:09:10,3,throughput_mbps,0.39194286677674856,-1.3042818178882776,2.059388818110975
2024-01-01 00:09:11,3,throughput_mbps,0.3921359825592879,-1.2979634085607183,2.070277680359451
2024-01-01 00:09:12,3,throughput_mbps,0.3923290987339575,-1.318625621852074,2.1637503786700667
2024-01-01 00:09:13,3,throughput_mbps,0.392522214925789,-1.1891706167236566,2.062365050075606
2024-01-01 00:09:14,3,throughput_mbps,0.3927153321199294,-1.312373560031335,2.0119318349720055
2024-01-01 00:09:15,3,throughput_mbps,0.3929084500425031,-1.296340060948237,2.1028954814264402
2024-01-01 00:09:16,3,throughput_mbps,0.3931015682924915,-1.280488908819047,2.139241219621237
2024-01-01 00:09:17,3,throughput_mbps,0.3932946876038533,-1.3021326021765847,2.083048464015247
2024-01-01 00:09:18,3,throughput_mbps,0.39348780787885423,-1.2323048233461626,2.022785030728035
2024-01-01 00:09:19,3,throughput_mbps,0.3936809289937008,-1.2603466063998772,2.1201226221985583
2024-01-01 00:09:20,3,throughput_mbps,0.39387405057342245,-1.362384595860489,2.1022368499108075
2024-01-01 00:09:21,3,throughput_mbps,0.3940671739064489,-1.3534289213256,1.8815084547203933
2024-01-01 00:09:22,3,throughput_mbps,0.39426029831451315,-1.2975255017171883,2.0849107009097505
2024-01-01 00:09:23,3,throughput_mbps,0.39445342397711186,-1.278363336140616,2.0559015929759856
2024-01-01 00:09:24,3,throughput_mbps,0.3946465507965121,-1.2727227948416482,2.1905742526967806
2024-01-01 00:09:25,3,throughput_mbps,0.3948396792033696,-1.312151794880838,2.1214376227080045
2024-01-01 00:09:26,3,throughput_mbps,0.3950328090999494,-1.2002263029570612,2.2012967358475852
2024-01-01 00:09:27,3,throughput_mbps,0.39522594066575134,-1.1218001778100553,2.091188584473059
2024-01-01 00:09:28,3,throughput_mbps,0.39541907322249537,-1.3835518802430713,2.0282319759878646
2024-01-01 00:09:29,3,throughput_mbps,0.39561220805860764,-1.2246627323034314,1.9909629182484303
2024-01-01 00:09:30,3,throughput_mbps,0.395805344799125,-1.1719126050660735,2.1218043667577184
2024-01-01 00:09:31,3,throughput_mbps,0.39599848332022336,-1.237999588249218,1.972840524451881
2024-01-01 00:09:32,3,throughput_mbps,0.3961916235241696,-1.300002854622879,2.0812452131819623
2024-01-01 00:09:33,3,throughput_mbps,0.3963847661449288,-1.1540512356381163,2.088503775264943
2024-01-01 00:09:34,3,throughput_mbps,0.3965779107814379,-1.3343619219991167,2.030333794571838
2024-01-01 00:09:35,3,throughput_mbps,0.396771057613196,-1.2364966350646664,2.0247837873059704
2024-01-01 00:09:36,3,throughput_mbps,0.39696420626524365,-1.2239381947956525,2.0188403699134785
2024-01-01 00:09:37,3,throughput_mbps,0.39715735799989543,-1.2998496963103785,2.159560934744226
2024-01-01 00:09:38,3,throughput_mbps,0.39735051188772874,-1.3688306178776957,2.100633977296188
2024-01-01 00:09:39,3,throughput_mbps,0.39754366838547606,-1.298719814361071,2.0891107054077587
2024-01-01 00:09:40,3,throughput_mbps,0.39773682681483274,-1.4462954131293426,2.0739783284837277
2024-01-01 00:09:41,3,throughput_mbps,0.3979299884642171,-1.3107414237632433,1.9969396023522827
2024-01-01 00:09:42,3,throughput_mbps,0.39812315295867207,-1.3305194515171421,2.0586991042464597
2024-01-01 00:09:43,3,throughput_mbps,0.3983163201743445,-1.2099760568837632,2.137479695931764
2024-01-01 00:09:44,3,throughput_mbps,0.39850949001350694,-1.234258050989176,2.000431066236134
2024-01-01 00:09:45,3,throughput_mbps,0.3987026632101174,-1.2204740432663879,2.08706314358078
2024-01-01 00:09:46,3,throughput_mbps,0.39889583936308814,-1.2699646032716547,2.0980865741066683
2024-01-01 00:09:47,3,throughput_mbps,0.3990890186519193,-1.2667917712346892,2.1667030032457517
2024-01-01 00:09:48,3,throughput_mbps,0.3992822007016603,-1.120376543522419,2.166572247397862
2024-01-01 00:09:49,3,throughput_mbps,0.3994753864973505,-1.182315317741972,2.034385479153269
2024-01-01 00:09:50,3,throughput_mbps,0.3996685756640364,-1.2124237024595845,2.1165797068239276
2024-01-01 00:09:51,3,throughput_mbps,0.3998617683812205,-1.3227022282907106,1.964864214565894
2024-01-01 00:09:52,3,throughput_mbps,0.4000549642478041,-1.1488074775448345,2.076648862255102
2024-01-01 00:09:53,3,throughput_mbps,0.4002481639977368,-1.2388887252855567,2.070881955370791
2024-01-01 00:09:54,3,throughput_mbps,0.40044136753329584,-1.3279805019345812,2.0795518203382373
2024-01-01 00:09:55,3,throughput_mbps,0.40063457473059955,-1.2234002379601032,2.131395636528072
2024-01-01 00:09:56,3,throughput_mbps,0.4008277853158336,-1.283356996308322,2.1339171446792995
2024-01-01 00:09:57,3,throughput_mbps,0.40102100027400095,-1.286976930094392,2.1268612475152615
2024-01-01 00:09:58,3,throughput_mbps,0.4012142192301565,-1.374329075527287,2.103161595329701
2024-01-01 00:09:59,3,throughput_mbps,0.4014074420865815,-1.333787400766402,2.045695711469067
2024-01-01 00:10:00,3,throughput_mbps,0.4016006692738241,-1.1629992230940835,2.053407526504206
2024-01-01 00:10:01,3,throughput_mbps,0.40179390069416293,-1.2183481900146096,2.028164918480402
2024-01-01 00:10:02,3,throughput_mbps,0.40198713642596556,-1.31029205369307,2.0733316426984993
2024-01-01 00:10:03,3,throughput_mbps,0.40218037609429846,-1.2337793789326528,2.0876219752428415
2024-01-01 00:10:04,3,throughput_mbps,0.4023736207852659,-1.2830664989554856,2.185645418252237
2024-01-01 00:10:05,3,throughput_mbps,0.4025668699216602,-1.3354506377480049,2.1756737225454086
2024-01-01 00:10:06,3,throughput_mbps,0.40276012368298053,-1.2633749989032903,1.9601201501017547
2024-01-01 00:10:07,3,throughput_mbps,0.40295338197151276,-1.3430993994845635,2.1111282110945497
2024-01-01 00:10:08,3,throughput_mbps,0.4031466452177751,-1.3066050569565315,2.0402723735951445
2024-01-01 00:10:09,3,throughput_mbps,0.4033399133240502,-1.3738326026554903,2.0747917698944396
2024-01-01 00:10:10,3,throughput_mbps,0.40353318636869884,-1.2830545075688047,1.9672316171452118
2024-01-01 00:10:11,3,throughput_mbps,0.40372646397679823,-1.2859803501960887,2.1018805531219606
2024-01-01 00:10:12,3,throughput_mbps,0.40391974713327417,-1.2295479700722727,2.1548385288428817
2024-01-01 00:10:13,3,throughput_mbps,0.404113035564341,-1.2768382795871802,2.1611509812352074
2024-01-01 00:10:14,3,throughput_mbps,0.40430632932213995,-1.2801150688800866,2.048242287567142
2024-01-01 00:10:15,3,throughput_mbps,0.4044996277807606,-1.3315091365943612,2.1367963885959838
2024-01-01 00:10:16,3,throughput_mbps,0.40469293220231706,-1.2443772143523935,2.0273402193977854
2024-01-01 00:10:17,3,throughput_mbps,0.4048862420096019,-1.354582528594946,2.105895291876204
2024-01-01 00:10:18,3,throughput_mbps,0.4050795573821112,-1.3273421363109392,2.1198569312025253
2024-01-01 00:10:19,3,throughput_mbps,0.4052728782221382,-1.3587285192332683,1.9068528235798698
2024-01-01 00:10:20,3,throughput_mbps,0.4054662049601526,-1.2079151776316956,2.0527705764459085
2024-01-01 00:10:21,3,throughput_mbps,0.40565953749844497,-1.2715432356826504,1.9899608390644627
2024-01-01 00:10:22,3,throughput_mbps,0.4058528759153639,-1.2809469919452043,2.1282508005845866
2024-01-01 00:10:23,3,throughput_mbps,0.40604621983600614,-1.293950142848073,2.0652200478335776
2024-01-01 00:10:24,3,throughput_mbps,0.40623957024522495,-1.2297071999842555,1.975599390947297
2024-01-01 00:10:25,3,throughput_mbps,0.40643292686926097,-1.2132809001040645,2.1585120356881116
2024-01-01 00:10:26,3,throughput_mbps,0.40662628958416225,-1.2399177388523677,2.0675253759685326
2024-01-01 00:10:27,3,throughput_mbps,0.40681965829222555,-1.2388403818905014,2.009469507111179
2024-01-01 00:10:28,3,throughput_mbps,0.4070130337273371,-1.2820041135799751,2.1454845166828003
2024-01-01 00:10:29,3,throughput_mbps,0.4072064154883411,-1.2571798969549097,2.04134945337214
2024-01-01 00:10:30,3,throughput_mbps,0.4073998037547292,-1.2770923534942906,2.1998821015294996
2024-01-01 00:10:31,3,throughput_mbps,0.4075931981516123,-1.1502677299539752,2.2168674081914848
2024-01-01 00:10:32,3,throughput_mbps,0.4077865996637907,-1.3447473076078538,2.078740812712532
2024-01-01 00:10:33,3,throughput_mbps,0.40798000791636985,-1.260136734678218,2.0914423244332427
2024-01-01 00:10:34,3,throughput_mbps,0.4081734230888415,-1.2012560628495224,2.1024077727035624
2024-01-01 00:10:35,3,throughput_mbps,0.40836684478004753,-1.430092103824644,1.9960713298733197
2024-01-01 00:10:36,3,throughput_mbps,0.40856027372384923,-1.2826007196742197,2.1044504901791745
2024-01-01 00:10:37,3,throughput_mbps,0.40875370982254966,-1.2334724505012933,2.0166663082690435
2024-01-01 00:10:38,3,throughput_mbps,0.4089471523978056,-1.1754163114505425,2.085845979331072
2024-01-01 00:10:39,3,throughput_mbps,0.4091406027378348,-1.3432863250133533,2.2135981069229347
2024-01-01 00:10:40,3,throughput_mbps,0.40933406046775933,-1.2706776911159925,2.0931916112117186
2024-01-01 00:10:41,3,throughput_mbps,0.40952752546359317,-1.2587189722545593,2.05088256741462
2024-01-01 00:10:42,3,throughput_mbps,0.40972099762764524,-1.3267411369791011,2.1851916152705986
2024-01-01 00:10:43,3,throughput_mbps,0.4099144776937575,-1.2683672583966805,1.9771266494195856
2024-01-01 00:10:44,3,throughput_mbps,0.410107965260759,-1.3718662085890552,2.1021393781743725
2024-01-01 00:10:45,3,throughput_mbps,0.41030146050813404,-1.2252096320092618,2.043113984381625
2024-01-01 00:10:46,3,throughput_mbps,0.4104949630610253,-1.341841488883249,2.1477213949324514
2024-01-01 00:10:47,3,throughput_mbps,0.4106884739041213,-1.190684258801544,2.1032294286360584
2024-01-01 00:10:48,3,throughput_mbps,0.41088199266255887,-1.2746521872975094,2.0406022513970097
2024-01-01 00:10:49,3,throughput_mbps,0.4110755195158213,-1.2623816346415833,2.0890115519632735
2024-01-01 00:10:50,3,throughput_mbps,0.41126905406273817,-1.2525267247428964,2.0341629965120798
2024-01-01 00:10:51,3,throughput_mbps,0.4114625970371218,-1.2636332271728663,2.1411040801621826
2024-01-01 00:10:52,3,throughput_mbps,0.4116561483412862,-1.4029502545417702,2.130186898734737
2024-01-01 00:10:53,3,throughput_mbps,0.4118497078512199,-1.2272021679704683,2.1074085419417288
2024-01-01 00:10:54,3,throughput_mbps,0.41204327529324813,-1.233218714391753,2.060350448512286
2024-01-01 00:10:55,3,throughput_mbps,0.41223685165199436,-1.2292926186014885,2.1118228213860295
2024-01-01 00:10:56,3,throughput_mbps,0.41243043682976993,-1.1794479819589467,2.1484794400827756
2024-01-01 00:10:57,3,throughput_mbps,0.41262403035057305,-1.2284800547841719,2.0913655022252566
2024-01-01 00:10:58,3,throughput_mbps,0.4128176321167323,-1.1898989724159288,2.1946410595321404
2024-01-01 00:10:59,3,throughput_mbps,0.41301124311283754,-1.1311376844275989,2.041877546429183
2024-01-01 00:11:00,3,throughput_mbps,0.41320486296405434,-1.2242060212682038,2.123055376863567
2024-01-01 00:11:01,3,throughput_mbps,0.4133984918498568,-1.3193212779335377,2.068021549540624
2024-01-01 00:11:02,3,throughput_mbps,0.4135921293690687,-1.3457002744325592,2.0825139159216786
2024-01-01 00:11:03,3,throughput_mbps,0.41378577625545543,-1.4091882346411775,2.032621991024964
2024-01-01 00:11:04,3,throughput_mbps,0.4139794324113412,-1.2683417148962786,2.0669121290334402
2024-01-01 00:11:05,3,throughput_mbps,0.4141730977126895,-1.3651181419942882,2.1031850929658
2024-01-01 00:11:06,3,throughput_mbps,0.414366771885862,-1.3754392943065037,2.1119434172456013
2024-01-01 00:11:07,3,throughput_mbps,0.41456045591537705,-1.2751293983781202,2.128158635506099
2024-01-01 00:11:08,3,throughput_mbps,0.41475414942642064,-1.170699503189572,2.050845734377454
2024-01-01 00:11:09,3,throughput_mbps,0.41494785249728944,-1.3962481282239336,2.0467925776429943
2024-01-01 00:11:10,3,throughput_mbps,0.4151415650303191,-1.284063888220802,2.0635579675435736
2024-01-01 00:11:11,3,throughput_mbps,0.41533528745572595,-1.2347862065238058,1.9721253684284423
2024-01-01 00:11:12,3,throughput_mbps,0.41552901967584,-1.2001920461897764,2.002813032187084
2024-01-01 00:11:13,3,throughput_mbps,0.4157227618701262,-1.25569535850922,2.1659295167553774
2024-01-01 00:11:14,3,throughput_mbps,0.41591651346145453,-1.2130997157390309,2.04837252207323
2024-01-01 00:11:15,3,throughput_mbps,0.41611027553544033,-1.137125115647347,2.1852087882071185
2024-01-01 00:11:16,3,throughput_mbps,0.41630404771729224,-1.3198481711820171,2.0873835136343617
2024-01-01 00:11:17,3,throughput_mbps,0.4164978299093526,-1.2812240495015652,2.1258985217996766
2024-01-01 00:11:18,3,throughput_mbps,0.41669162254179715,-1.1431757435633265,2.21939783561148
2024-01-01 00:11:19,3,throughput_mbps,0.41688542551696295,-1.2915807297548945,2.181212454003235
2024-01-01 00:11:20,3,throughput_mbps,0.4170792389131328,-1.3961978087920546,2.038057403044126
2024-01-01 00:11:21,3,throughput_mbps,0.41727306235554285,-1.297998597556806,2.160802481419383
2024-01-01 00:11:22,3,throughput_mbps,0.41746689682856697,-1.2392961131997284,2.081722730745702
2024-01-01 00:11:23,3,throughput_mbps,0.41766074205861137,-1.2305466967862382,2.0346408523328696
2024-01-01 00:11:24,3,throughput_mbps,0.4178545979215998,-1.2289412174634373,2.076320497255131
2024-01-01 00:11:25,3,throughput_mbps,0.4180484643198832,-1.192016098481068,2.132193479458188
2024-01-01 00:11:26,3,throughput_mbps,0.41824234198711885,-1.2908181281862696,2.0402493181625787
2024-01-01 00:11:27,3,throughput_mbps,0.4184362305221214,-1.1915825377821165,2.268908517971392
2024-01-01 00:11:28,3,throughput_mbps,0.4186301301043403,-1.091855859774423,2.0518311665031126
2024-01-01 00:11:29,3,throughput_mbps,0.41882404035903664,-1.20965066131385,2.1539845517383576
2024-01-01 00:11:30,3,throughput_mbps,0.4190179622705016,-1.395715104533273,2.094903356280681
2024-01-01 00:11:31,3,throughput_mbps,0.41921189546398957,-1.1662582484910151,2.1557942963103542
2024-01-01 00:11:32,3,throughput_mbps,0.4194058401189465,-1.231545391104684,2.0834962072282153
2024-01-01 00:11:33,3,throughput_mbps,0.4195997958341938,-1.2923001194454966,2.08065377947927
2024-01-01 00:11:34,3,throughput_mbps,0.41979376334334584,-1.282012461689532,2.0994844193388493
2024-01-01 00:11:35,3,throughput_mbps,0.41998774254875804,-1.3050133650287419,1.9973144666461682
2024-01-01 00:11:36,3,throughput_mbps,0.420181733326331,-1.1544951367569372,2.066447656943876
2024-01-01 00:11:37,3,throughput_mbps,0.4203757353013524,-1.4244482854008471,2.022485047193026
2024-01-01 00:11:38,3,throughput_mbps,0.42056975003864205,-1.1481285711116849,2.103851121718582
2024-01-01 00:11:39,3,throughput_mbps,0.4207637763057897,-1.1525798450130493,2.01550951663166
2024-01-01 00:11:40,3,throughput_mbps,0.4209578145593066,-1.213495387470985,1.9675670173947086
2024-01-01 00:11:41,3,throughput_mbps,0.4211518644244954,-1.1834753588790532,2.043997137063783
2024-01-01 00:11:42,3,throughput_mbps,0.4213459268855154,-1.2552863055248915,2.103917764803629
2024-01-01 00:11:43,3,throughput_mbps,0.4215400015676614,-1.3362691365449841,2.070820384791348
2024-01-01 00:11:44,3,throughput_mbps,0.4217340886503648,-1.3401995028044464,2.024958063677056
2024-01-01 00:11:45,3,throughput_mbps,0.42192818773245255,-1.1622492853495519,1.9670915220104768
2024-01-01 00:11:46,3,throughput_mbps,0.42212229954746844,-1.3640188008170424,2.09969101550598
2024-01-01 00:11:47,3,throughput_mbps,0.422316423997782,-1.1757847235293262,2.123336344234953
2024-01-01 00:11:48,3,throughput_mbps,0.4225105609592703,-1.2498929045911547,2.205581264352903
2024-01-01 00:11:49,3,throughput_mbps,0.4227047100572643,-1.3224053106356584,2.1606765445872878
2024-01-01 00:11:50,3,throughput_mbps,0.42289887257938097,-1.265934521708274,1.9824788485313842
2024-01-01 00:11:51,3,throughput_mbps,0.42309304784739354,-1.2240867705405518,2.0835078450978313
2024-01-01 00:11:52,3,throughput_mbps,0.42328723604072227,-1.3181925875331544,2.142248784288188
2024-01-01 00:11:53,3,throughput_mbps,0.42348143706175145,-1.1418028430758145,2.159039642210927
2024-01-01 00:11:54,3,throughput_mbps,0.4236756513404226,-1.2312282368945164,2.025293686667676
2024-01-01 00:11:55,3,throughput_mbps,0.42386987877911386,-1.2489825907210523,1.944938886974554
2024-01-01 00:11:56,3,throughput_mbps,0.42406411900318364,-1.1795357131835829,2.096427693852647
2024-01-01 00:11:57,3,throughput_mbps,0.4242583729966131,-1.3582780784482344,2.11194352152307
2024-01-01 00:11:58,3,throughput_mbps,0.42445264038475244,-1.3112385491200658,2.1461590255252765
2024-01-01 00:11:59,3,throughput_mbps,0.42464692134701393,-1.2867752951710623,2.1937671022567438
2024-01-01 00:12:00,3,throughput_mbps,0.4248412154822335,-1.2099474766406693,2.070042400944952
2024-01-01 00:12:01,3,throughput_mbps,0.42503552352386004,-1.3005534304164286,1.9859116128607557
2024-01-01 00:12:02,3,throughput_mbps,0.42522984537428055,-1.2178651834560488,2.1865449929571827
2024-01-01 00:12:03,3,throughput_mbps,0.42542418090934375,-1.1699258136724515,1.9906058958449837
2024-01-01 00:12:04,3,throughput_mbps,0.4256185298556261,-1.297316591182069,2.110603790654604
2024-01-01 00:12:05,3,throughput_mbps,0.42581289319700777,-1.242696661125988,2.0569482737237106
2024-01-01 00:12:06,3,throughput_mbps,0.4260072705588709,-1.1802709634878406,2.0340897146969024
2024-01-01 00:12:07,3,throughput_mbps,0.42620166201942966,-1.23049300737735,2.0624622636692846
2024-01-01 00:12:08,3,throughput_mbps,0.4263960674810874,-1.1036406387733628,2.110614921877036
2024-01-01 00:12:09,3,throughput_mbps,0.4265904873736768,-1.1698221425484985,2.2005952966219997
2024-01-01 00:12:10,3,throughput_mbps,0.42678492159959563,-1.2228083881061131,2.1737867609235537
2024-01-01 00:12:11,3,throughput_mbps,0.42697937033823863,-1.29971895760151,1.9951842567435638
2024-01-01 00:12:12,3,throughput_mbps,0.42717383301265577,-1.2285025202731823,2.1124515371044996
2024-01-01 00:12:13,3,throughput_mbps,0.42736831070780984,-1.2803234923071565,2.0875404555899673
2024-01-01 00:12:14,3,throughput_mbps,0.4275628030491152,-1.2208053803589232,1.9613520649603753
2024-01-01 00:12:15,3,throughput_mbps,0.42775731039175,-1.2798339446516964,2.1611009589698056
2024-01-01 00:12:16,3,throughput_mbps,0.42795183180719953,-1.169561906107902,2.1097793707580124
2024-01-01 00:12:17,3,throughput_mbps,0.4281463685561652,-1.1909616265271972,2.0859927260468005
2024-01-01 00:12:18,3,throughput_mbps,0.4283409202640789,-1.1506688437803285,2.2109607606288546
2024-01-01 00:12:19,3,throughput_mbps,0.42853548700913513,-1.2138493166601982,2.034154794941651
2024-01-01 00:12:20,3,throughput_mbps,0.42873006869375396,-1.1536943515485907,2.2116747381139232
2024-01-01 00:12:21,3,throughput_mbps,0.4289246657476773,-1.3110494885022521,2.2417648186201555
2024-01-01 00:12:22,3,throughput_mbps,0.4291192780733183,-1.205806510352856,2.1108458835720745
2024-01-01 00:12:23,3,throughput_mbps,0.429313905850053,-1.289187221583429,2.200980030917302
2024-01-01 00:12:24,3,throughput_mbps,0.42950854850098275,-1.2197631074184692,1.9273003614481703
2024-01-01 00:12:25,3,throughput_mbps,0.42970320711090637,-1.2421720171790127,2.1367677484375425
2024-01-01 00:12:26,3,throughput_mbps,0.42989788130529094,-1.1687317561137187,2.0360638646584
2024-01-01 00:12:27,3,throughput_mbps,0.4300925711623179,-1.293641040983332,2.0663976731940186
2024-01-01 00:12:28,3,throughput_mbps,0.43028727658441884,-1.2042828855541823,2.1152908120144644
2024-01-01 00:12:29,3,throughput_mbps,0.43048199800127196,-1.1747597456448071,2.1511655386053428
2024-01-01 00:12:30,3,throughput_mbps,0.43067673531530193,-1.2521041603385457,2.1807706524984303
2024-01-01 00:12:31,3,throughput_mbps,0.4308714886046837,-1.311304640062889,2.1278016310690218
2024-01-01 00:12:32,3,throughput_mbps,0.4310662574949311,-1.2162666461972549,2.1020221090721685
2024-01-01 00:12:33,3,throughput_mbps,0.4312610430707279,-1.2591171441230928,2.00365823201831
2024-01-01 00:12:34,3,throughput_mbps,0.43145584475520227,-1.1787732548710126,2.1319569679345256
2024-01-01 00:12:35,3,throughput_mbps,0.4316506624507964,-1.1621943893124844,2.1420796153634245
2024-01-01 00:12:36,3,throughput_mbps,0.43184549689069496,-1.22179186690767,2.1879370051579063
2024-01-01 00:12:37,3,throughput_mbps,0.43204034767376914,-1.2337934241504387,2.112140342417646
2024-01-01 00:12:38,3,throughput_mbps,0.43223521497936995,-1.1604672149234083,2.1584782672459504
2024-01-01 00:12:39,3,throughput_mbps,0.43243009843304436,-1.1759407752671103,2.114197788060464
2024-01-01 00:12:40,3,throughput_mbps,0.43262499901818474,-1.3031806485124235,2.1177001585489474
2024-01-01 00:12:41,3,throughput_mbps,0.4328199163603288,-1.2315060293381423,2.08836387878347
2024-01-01 00:12:42,3,throughput_mbps,0.43301485063881945,-1.2080533085630802,2.130803990148789
2024-01-01 00:12:43,3,throughput_mbps,0.4332098014525476,-1.182987675665259,2.201555938792803
2024-01-01 00:12:44,3,throughput_mbps,0.4334047695346307,-1.1057565164234817,2.0040662429980958
2024-01-01 00:12:45,3,throughput_mbps,0.43359975478751617,-1.2799809313933725,2.0738836849267304
2024-01-01 00:12:46,3,throughput_mbps,0.43379475708697657,-1.3434423153958037,2.1761554742600047
2024-01-01 00:12:47,3,throughput_mbps,0.43398977605859956,-1.2364991187127308,2.2299194638183355
2024-01-01 00:12:48,3,throughput_mbps,0.43418481298921774,-1.2803410692808879,2.150314419762087
2024-01-01 00:12:49,3,throughput_mbps,0.43437986720084515,-1.1860746340892003,2.1519994852009585
2024-01-01 00:12:50,3,throughput_mbps,0.43457493887281057,-1.2604566277132734,2.0192356431915677
2024-01-01 00:12:51,3,throughput_mbps,0.43477002790758085,-1.1995806753812588,2.2888363179221343
2024-01-01 00:12:52,3,throughput_mbps,0.43496513473464116,-1.123559780573117,2.0969036266044694
2024-01-01 00:12:53,3,throughput_mbps,0.4351602592564513,-1.2488964116563557,2.2338029884096793
2024-01-01 00:12:54,3,throughput_mbps,0.435355401652332,-1.2777753233839046,2.154923277085454
2024-01-01 00:12:55,3,throughput_mbps,0.4355505612443513,-1.0965844407130803,2.091118281303566
2024-01-01 00:12:56,3,throughput_mbps,0.4357457393192131,-1.2474129562776952,2.131397692220158
2024-01-01 00:12:57,3,throughput_mbps,0.4359409357793724,-1.2767499630499552,2.0382444742768677
2024-01-01 00:12:58,3,throughput_mbps,0.4361361499469034,-1.2564521967337703,2.061673587063191
2024-01-01 00:12:59,3,throughput_mbps,0.43633138172429786,-1.1586867006892827,2.0844115374999723
2024-01-01 00:13:00,3,throughput_mbps,0.4365266323981932,-1.202254639797944,1.932343472790381
2024-01-01 00:13:01,3,throughput_mbps,0.436721901290669,-1.3211904233518597,2.1449534301422535
2024-01-01 00:13:02,3,throughput_mbps,0.4369171885810305,-1.2357259036197354,2.0769999811226523
2024-01-01 00:13:03,3,throughput_mbps,0.4371124941717647,-1.217125852073005,2.0593932080623585
2024-01-01 00:13:04,3,throughput_mbps,0.43730781849224976,-1.32651833368701,2.149315410756924
2024-01-01 00:13:05,3,throughput_mbps,0.43750316144496515,-1.2915231088354187,2.1482170337719397
2024-01-01 00:13:06,3,throughput_mbps,0.43769852320920716,-1.2995574953014832,1.9931970181924683
2024-01-01 00:13:07,3,throughput_mbps,0.4378939031071131,-1.175606695354835,2.072537271331875
2024-01-01 00:13:08,3,throughput_mbps,0.4380893024251854,-1.1955763091826006,2.029466933041338
2024-01-01 00:13:09,3,throughput_mbps,0.4382847207891055,-1.1688161485753399,2.129828429659434
2024-01-01 00:13:10,3,throughput_mbps,0.4384801580746069,-1.3191655729716056,1.9846157837457605
2024-01-01 00:13:11,3,throughput_mbps,0.4386756141841909,-1.1919672698306922,2.2987715514157636
2024-01-01 00:13:12,3,throughput_mbps,0.4388710898507151,-1.2293450174536986,2.127056318688215
2024-01-01 00:13:13,3,throughput_mbps,0.4390665846731192,-1.3559272325511407,2.0594779832648245
2024-01-01 00:13:14,3,throughput_mbps,0.4392620988306837,-1.3174927058888517,2.087976654510511
2024-01-01 00:13:15,3,throughput_mbps,0.4394576319491464,-1.2059003795352141,2.055109470216153
2024-01-01 00:13:16,3,throughput_mbps,0.4396531850113171,-1.1897705999362918,2.1462884982686634
2024-01-01 00:13:17,3,throughput_mbps,0.4398487576429223,-1.0685291986501597,2.208460166560126
2024-01-01 00:13:18,3,throughput_mbps,0.44004434974647544,-1.3781878903394793,2.0728442775814084
2024-01-01 00:13:19,3,throughput_mbps,0.44023996175121494,-1.287755252476675,2.010470761996323
2024-01-01 00:13:20,3,throughput_mbps,0.4404355935596459,-1.2320952599025534,2.180821082494151
2024-01-01 00:13:21,3,throughput_mbps,0.44063124535103215,-1.2315874730598677,2.1348080853063
2024-01-01 00:13:22,3,throughput_mbps,0.4408269165487883,-1.2735885489410301,2.0717343712613068
2024-01-01 00:13:23,3,throughput_mbps,0.44102260823678296,-1.2790556631140262,2.1695349007378475
2024-01-01 00:13:24,3,throughput_mbps,0.4412183200407837,-1.2147116103900115,1.9908086524836592
2024-01-01 00:13:25,3,throughput_mbps,0.44141405203886425,-1.2716269310801427,2.056897854874627
2024-01-01 00:13:26,3,throughput_mbps,0.4416098041335512,-1.1543925364494478,2.020822720886036
2024-01-01 00:13:27,3,throughput_mbps,0.44180557675400667,-1.1342088209315353,2.1688805344539372
2024-01-01 00:13:28,3,throughput_mbps,0.44200136980275007,-1.3046549547644088,2.0869546185123067
2024-01-01 00:13:29,3,throughput_mbps,0.4421971833578467,-1.1586665069867375,2.0972956361043935
2024-01-01 00:13:30,3,throughput_mbps,0.4423930170451235,-1.2562189923861866,2.1203694786079748
2024-01-01 00:13:31,3,throughput_mbps,0.44258887194830243,-1.3171306105439955,2.102515047304538
2024-01-01 00:13:32,3,throughput_mbps,0.4427847474908384,-1.2930391848179452,2.1472403840707854
2024-01-01 00:13:33,3,throughput_mbps,0.44298064385196845,-1.176194245534475,2.0967165172925366
2024-01-01 00:13:34,3,throughput_mbps,0.44317656093423585,-1.2421619497200682,2.0472565428384177
2024-01-01 00:13:35,3,throughput_mbps,0.4433724991667215,-1.3111214147261285,2.122047711830539
2024-01-01 00:13:36,3,throughput_mbps,0.44356845845196047,-1.164341767760954,2.12369747352716
2024-01-01 00:13:37,3,throughput_mbps,0.4437644388680012,-1.3349708945474723,2.0751915494078763
2024-01-01 00:13:38,3,throughput_mbps,0.44396044004072066,-1.305283095220662,2.2355067247878937
2024-01-01 00:13:39,3,throughput_mbps,0.44415646322918156,-1.2788102475712189,2.035350827011167
2024-01-01 00:13:40,3,throughput_mbps,0.44435250750590405,-1.3686362544947224,2.3149212100249983
2024-01-01 00:13:41,3,throughput_mbps,0.44454857322560276,-1.3444548156368934,2.1800105789270083
2024-01-01 00:13:42,3,throughput_mbps,0.44474466001417945,-1.3808770524720464,2.0649604766036203
2024-01-01 00:13:43,3,throughput_mbps,0.44494076895512746,-1.3332823329805457,2.011083971286921
2024-01-01 00:13:44,3,throughput_mbps,0.44513689947198376,-1.2345648995739535,2.134739043163818
2024-01-01 00:13:45,3,throughput_mbps,0.44533305174395643,-1.2191912626277868,2.067485147617071
2024-01-01 00:13:46,3,throughput_mbps,0.4455292256736112,-1.199307342989125,2.066778676904364
2024-01-01 00:13:47,3,throughput_mbps,0.4457254216899078,-1.168800436007447,2.1797114594100506
2024-01-01 00:13:48,3,throughput_mbps,0.44592163969540344,-1.1447463452376354,2.0195945448795882
2024-01-01 00:13:49,3,throughput_mbps,0.44611787976812123,-1.246916642296867,2.0958805290983595
2024-01-01 00:13:50,3,throughput_mbps,0.4463141415340144,-1.2925253933818344,2.1297039170637344
2024-01-01 00:13:51,3,throughput_mbps,0.44651042597524626,-1.2390168203298157,1.975395826904132
2024-01-01 00:13:52,3,throughput_mbps,0.4467067328189299,-1.179678846663343,2.1548758538173383
2024-01-01 00:13:53,3,throughput_mbps,0.44690306194073437,-1.1349702531875314,2.111177438575609
2024-01-01 00:13:54,3,throughput_mbps,0.44709941324324187,-1.3625325246496003,2.033058806582019
2024-01-01 00:13:55,3,throughput_mbps,0.44729578745884385,-1.095379993104664,1.9887989137096183
2024-01-01 00:13:56,3,throughput_mbps,0.4474921841865981,-1.4688716740538263,2.1874838856475787
2024-01-01 00:13:57,3,throughput_mbps,0.44768860305250513,-1.2286028326785439,2.0150691401335563
2024-01-01 00:13:58,3,throughput_mbps,0.4478850453421017,-1.1372958848976054,2.0014789882686466
2024-01-01 00:13:59,3,throughput_mbps,0.44808151037786226,-1.20210004096138,2.0865965854131576
2024-01-01 00:14:00,3,throughput_mbps,0.44827799833895676,-1.1898634399993715,2.0641550686617927
2024-01-01 00:14:01,3,throughput_mbps,0.4484745091279808,-1.3098082581789985,1.9683563016506493
2024-01-01 00:14:02,3,throughput_mbps,0.448671043173735,-1.2641607290204737,2.222545885511569
2024-01-01 00:14:03,3,throughput_mbps,0.4488676003788067,-1.4140761965226303,2.1044043856524866
2024-01-01 00:14:04,3,throughput_mbps,0.44906418092235384,-1.1684805563037346,2.143001913470619
2024-01-01 00:14:05,3,throughput_mbps,0.44926078412692705,-1.2179666691134972,2.085839879496107
2024-01-01 00:14:06,3,throughput_mbps,0.44945741127789224,-1.123365034224278,2.147379182233586
2024-01-01 00:14:07,3,throughput_mbps,0.44965406200128866,-1.2347811737684993,2.073433193287491
2024-01-01 00:14:08,3,throughput_mbps,0.4498507361727636,-1.196545228156254,2.222792297221499
2024-01-01 00:14:09,3,throughput_mbps,0.4500474336949315,-1.2444272670308374,2.191600522736314
2024-01-01 00:14:10,3,throughput_mbps,0.45024415530000195,-1.3211709238821177,2.060508541656995
2024-01-01 00:14:11,3,throughput_mbps,0.4504409005870822,-1.307711103342048,2.011790328426339
2024-01-01 00:14:12,3,throughput_mbps,0.4506376697353092,-1.1936523800016081,2.1733100805461376
2024-01-01 00:14:13,3,throughput_mbps,0.4508344623707936,-1.1804704057407487,2.04759507997844
2024-01-01 00:14:14,3,throughput_mbps,0.4510312794752312,-1.2837014567022884,2.145298703610766
2024-01-01 00:14:15,3,throughput_mbps,0.45122812067471824,-1.3182206524881275,2.119692893337437
2024-01-01 00:14:16,3,throughput_mbps,0.4514249864248764,-1.1633470700836344,2.1323723375364017
2024-01-01 00:14:17,3,throughput_mbps,0.4516218754953586,-1.2793459614527871,2.0708106610422092
2024-01-01 00:14:18,3,throughput_mbps,0.45181878944776505,-1.2464814881024533,2.0700125350115184
2024-01-01 00:14:19,3,throughput_mbps,0.4520157279082184,-1.3577674420845882,2.012533802773154
2024-01-01 00:14:20,3,throughput_mbps,0.4522126907523504,-1.3380213165978636,2.064846425233711
2024-01-01 00:14:21,3,throughput_mbps,0.45240967788280134,-1.1780550684184397,2.111464024677481
2024-01-01 00:14:22,3,throughput_mbps,0.45260669003162773,-1.1947194404890844,2.2652362148228162
2024-01-01 00:14:23,3,throughput_mbps,0.4528037267979802,-1.2245847060945427,2.1055608537055694
2024-01-01 00:14:24,3,throughput_mbps,0.4530007883609629,-1.4084851765126858,2.138832949976684
2024-01-01 00:14:25,3,throughput_mbps,0.4531978743467714,-1.2716357812391317,2.1653744630300613
2024-01-01 00:14:26,3,throughput_mbps,0.45339498573684567,-1.0818205424806184,2.112564087107342
2024-01-01 00:14:27,3,throughput_mbps,0.4535921221573681,-1.1763881957383242,2.152572262323124
2024-01-01 00:14:28,3,throughput_mbps,0.45378928378742817,-1.1836734766133896,2.0843993767795284
2024-01-01 00:14:29,3,throughput_mbps,0.4539864702262156,-1.1531113983048689,2.1245335047178107
2024-01-01 00:14:30,3,throughput_mbps,0.45418368220568306,-1.1944675620319212,2.1725523598352994
2024-01-01 00:14:31,3,throughput_mbps,0.4543809196284758,-1.3541892183234807,2.1180248153882415
2024-01-01 00:14:32,3,throughput_mbps,0.45457818237021064,-1.2461665011025478,2.014127108695878
2024-01-01 00:14:33,3,throughput_mbps,0.454775470158297,-1.215578246824993,2.2681384977972368
2024-01-01 00:14:34,3,throughput_mbps,0.45497278397399915,-1.1834781793074671,2.0876894433954707
2024-01-01 00:14:35,3,throughput_mbps,0.4551701234435583,-1.2634527053782953,2.0823309041728137
2024-01-01 00:14:36,3,throughput_mbps,0.45536748846964603,-1.1157432855635403,2.2251518701553175
2024-01-01 00:14:37,3,throughput_mbps,0.45556487948066615,-1.215014641142516,2.1110505267211015
2024-01-01 00:14:38,3,throughput_mbps,0.4557622963792811,-1.2019521462066403,2.0616455912317746
2024-01-01 00:14:39,3,throughput_mbps,0.45595973924339916,-1.2838605675542973,2.1737719237043955
2024-01-01 00:14:40,3,throughput_mbps,0.45615720769932916,-1.2055008920946195,2.193266403865084
2024-01-01 00:14:41,3,throughput_mbps,0.4563547028293255,-1.238097968791623,2.115427435625012
2024-01-01 00:14:42,3,throughput_mbps,0.45655222405738477,-1.3653388272660563,2.108286802139198
2024-01-01 00:14:43,3,throughput_mbps,0.4567497715625544,-1.1439167392810992,2.09431876520622
2024-01-01 00:14:44,3,throughput_mbps,0.45694734524752495,-1.2514089828839714,2.1279644630584977
2024-01-01 00:14:45,3,throughput_mbps,0.4571449455406038,-1.1513474325288118,2.1319918208547555
2024-01-01 00:14:46,3,throughput_mbps,0.45734257234447234,-1.1887742914187969,1.9355864159299885
2024-01-01 00:14:47,3,throughput_mbps,0.45754022573701814,-1.1136044514186725,2.2296750911215337
2024-01-01 00:14:48,3,throughput_mbps,0.4577379053446128,-1.1293489848773635,2.225061402942009
2024-01-01 00:14:49,3,throughput_mbps,0.4579356121481791,-1.2772844476731557,2.1465936402205577
2024-01-01 00:14:50,3,throughput_mbps,0.45813334587521465,-1.2303722525301553,2.0978573557795763
2024-01-01 00:14:51,3,throughput_mbps,0.4583311064013124,-1.0960535354366192,2.2667189764573554
2024-01-01 00:14:52,3,throughput_mbps,0.45852889362918436,-1.2148834369176909,2.1805011299171473
2024-01-01 00:14:53,3,throughput_mbps,0.45872670829046286,-1.237988673648661,2.0251088775393464
2024-01-01 00:14:54,3,throughput_mbps,0.45892454998442495,-1.282813570836656,2.1189581374656634
2024-01-01 00:14:55,3,throughput_mbps,0.45912241889007965,-1.3323665146822805,2.0745530505073253
2024-01-01 00:14:56,3,throughput_mbps,0.4593203146338617,-1.2182834072025943,2.1787971278894624
2024-01-01 00:14:57,3,throughput_mbps,0.4595182381965058,-1.2123445421819332,2.179275671806832
2024-01-01 00:14:58,3,throughput_mbps,0.4597161894807046,-1.0953702181361569,2.1504116465484633
2024-01-01 00:14:59,3,throughput_mbps,0.4599141680117633,-1.3696208024443757,2.1065255363756696
2024-01-01 00:15:00,3,throughput_mbps,0.4601121736924292,-1.2559504477262817,2.1168733045094483
2024-01-01 00:15:01,3,throughput_mbps,0.4603102075033402,-1.1888573855582896,2.1968194210554244
2024-01-01 00:15:02,3,throughput_mbps,0.4605082691720825,-1.1003352719796584,2.2588747809318814
2024-01-01 00:15:03,3,throughput_mbps,0.4607063585742353,-1.1319534562033429,2.108339861066666
2024-01-01 00:15:04,3,throughput_mbps,0.4609044756125389,-1.1065866823755732,2.0846197808626594
2024-01-01 00:15:05,3,throughput_mbps,0.4611026210184507,-1.280665283386217,2.207923483964204
2024-01-01 00:15:06,3,throughput_mbps,0.4613007943913017,-1.24749275463057,2.3367785406826824
2024-01-01 00:15:07,3,throughput_mbps,0.4614989959100616,-1.1720581259331406,2.171819235255487
2024-01-01 00:15:08,3,throughput_mbps,0.46169722520126394,-1.2282090772013559,2.1747086321216185
2024-01-01 00:15:09,3,throughput_mbps,0.4618954832453539,-1.2216326942239708,2.138893151934335
2024-01-01 00:15:10,3,throughput_mbps,0.46209376966884846,-1.1849916669407112,2.053732460034849
2024-01-01 00:15:11,3,throughput_mbps,0.4622920846507013,-1.1790341651405865,1.956179242559248
2024-01-01 00:15:12,3,throughput_mbps,0.4624904277902904,-1.1755527040824358,2.0479615791294927
2024-01-01 00:15:13,3,throughput_mbps,0.4626887998189536,-1.0423234127105194,2.086562353411931
2024-01-01 00:15:14,3,throughput_mbps,0.46288720063943783,-1.2314118284522415,1.981850472722516
2024-01-01 00:15:15,3,throughput_mbps,0.4630856295749594,-1.1933055704975304,2.106162642465898
2024-01-01 00:15:16,3,throughput_mbps,0.463284087909166,-1.2594040621377003,2.1933200736086893
2024-01-01 00:15:17,3,throughput_mbps,0.4634825752686317,-1.093123928600712,2.131276147897933
2024-01-01 00:15:18,3,throughput_mbps,0.4636810915289177,-1.2897447126801473,2.234343067283264
2024-01-01 00:15:19,3,throughput_mbps,0.4638796365928033,-1.1331074117662245,2.142273101298651
2024-01-01 00:15:20,3,throughput_mbps,0.4640782111915174,-1.166760812562699,2.1533338190078863
2024-01-01 00:15:21,3,throughput_mbps,0.4642768149244629,-1.1808416399789416,2.2726835132230727
2024-01-01 00:15:22,3,throughput_mbps,0.4644754479705582,-1.1506543665168147,2.0735650653989426
2024-01-01 00:15:23,3,throughput_mbps,0.46467410995646413,-1.130564933959406,2.159411599662291
2024-01-01 00:15:24,3,throughput_mbps,0.4648728018622517,-1.2196951620850154,2.1565385308777483
2024-01-01 00:15:25,3,throughput_mbps,0.46507152331456536,-1.192364595448527,2.1395529777982314
2024-01-01 00:15:26,3,throughput_mbps,0.465270274492306,-1.0565465812114527,2.190364084214675
2024-01-01 00:15:27,3,throughput_mbps,0.4654690549949261,-1.1973952778191308,2.1073439414754116
2024-01-01 00:15:28,3,throughput_mbps,0.46566786555353085,-1.270930728151921,2.107435786498748
2024-01-01 00:15:29,3,throughput_mbps,0.465866706070904,-1.188382868865953,2.1271737485841964
2024-01-01 00:15:30,3,throughput_mbps,0.46606557642259516,-1.223734335471149,2.223882478786513
2024-01-01 00:15:31,3,throughput_mbps,0.46626447633644924,-1.1720748526243645,2.177013424674145
2024-01-01 00:15:32,3,throughput_mbps,0.46646340679233106,-1.083535272788878,2.2766160817108956
2024-01-01 00:15:33,3,throughput_mbps,0.466662367416955,-1.2711091864451756,2.24477296456489
2024-01-01 00:15:34,3,throughput_mbps,0.4668613582880855,-1.1730133617933003,2.1676979483163317
2024-01-01 00:15:35,3,throughput_mbps,0.4670603793085412,-1.3504367495726604,2.050208177198305
2024-01-01 00:15:36,3,throughput_mbps,0.46725943090597366,-1.4033216490668585,1.980983160945819
2024-01-01 00:15:37,3,throughput_mbps,0.4674585129831903,-1.1800158525384394,2.129754607970875
2024-01-01 00:15:38,3,throughput_mbps,0.46765762571904995,-1.34762253917061,2.0487183904508504
2024-01-01 00:15:39,3,throughput_mbps,0.46785676853814445,-1.186279567339879,2.0757275084741877
2024-01-01 00:15:40,3,throughput_mbps,0.46805594269615136,-1.2227395337341922,2.0492177262669724
2024-01-01 00:15:41,3,throughput_mbps,0.46825514757112086,-1.0060452695236697,2.1260541073856554
2024-01-01 00:15:42,3,throughput_mbps,0.46845438321351174,-1.1173141669166924,2.1071431373282015
2024-01-01 00:15:43,3,throughput_mbps,0.4686536493512657,-1.0923260439694038,2.0769052088091366
2024-01-01 00:15:44,3,throughput_mbps,0.46885294696393287,-1.220271210508409,2.245861072640977
2024-01-01 00:15:45,3,throughput_mbps,0.46905227567833474,-1.1812308949955912,2.1640958858651254
2024-01-01 00:15:46,3,throughput_mbps,0.46925163557220256,-1.278207333791097,2.2869295486790664
2024-01-01 00:15:47,3,throughput_mbps,0.4694510265483863,-1.0830868776454057,2.0721438311987015
2024-01-01 00:15:48,3,throughput_mbps,0.46965044903437364,-1.1696420618818306,2.138818156721631
2024-01-01 00:15:49,3,throughput_mbps,0.469849902933003,-1.1761602808021132,2.073931957461952
2024-01-01 00:15:50,3,throughput_mbps,0.470049388423088,-1.2389903577975712,2.4574792601511866
2024-01-01 00:15:51,3,throughput_mbps,0.4702489049293539,-1.2331511721047852,2.248667489997365
2024-01-01 00:15:52,3,throughput_mbps,0.4704484535322287,-1.2728168717551314,2.05338352179192
2024-01-01 00:15:53,3,throughput_mbps,0.47064803385860765,-1.1377930048734473,2.2643962876322146
2024-01-01 00:15:54,3,throughput_mbps,0.4708476458113609,-1.1925352951179222,2.056598485718106
2024-01-01 00:15:55,3,throughput_mbps,0.4710472898178767,-1.1394708784843335,2.110594581018089
2024-01-01 00:15:56,3,throughput_mbps,0.4712469657810131,-1.0977473222015892,2.1613773803668073
2024-01-01 00:15:57,3,throughput_mbps,0.47144667377847,-1.18042214609387,2.215480223183871
2024-01-01 00:15:58,3,throughput_mbps,0.4716464134372263,-1.3258241866112412,2.174948320006972
2024-01-01 00:15:59,3,throughput_mbps,0.47184618573642384,-1.2807174140816253,2.086064388828492
2024-01-01 00:16:00,3,throughput_mbps,0.4720459904041078,-1.2164794326298212,1.9757321851558785
2024-01-01 00:16:01,3,throughput_mbps,0.472245827315797,-1.1197051343370317,2.024472185170527
2024-01-01 00:16:02,3,throughput_mbps,0.47244569637438666,-1.0821634192103835,2.1644195696390174
2024-01-01 00:16:03,3,throughput_mbps,0.4726455983103969,-1.228072770814759,2.188692683797861
2024-01-01 00:16:04,3,throughput_mbps,0.47284553272346197,-1.2856392646630648,2.2932827065701122
2024-01-01 00:16:05,3,throughput_mbps,0.47304549979234034,-1.1871300740757884,2.2687205063464218
2024-01-01 00:16:06,3,throughput_mbps,0.4732454991440878,-1.1838626581202716,2.043142204907233
2024-01-01 00:16:07,3,throughput_mbps,0.47344553175762355,-1.2491176519031815,2.2211102835974272
2024-01-01 00:16:08,3,throughput_mbps,0.4736455972599838,-1.1071494222153009,2.1595787482116813
2024-01-01 00:16:09,3,throughput_mbps,0.47384569582990876,-1.295288889710784,2.1732646597835115
2024-01-01 00:16:10,3,throughput_mbps,0.47404582706708887,-1.1296954976293185,2.210771115232416
2024-01-01 00:16:11,3,throughput_mbps,0.47424599170190573,-1.1689029582311399,2.1799690545351456
2024-01-01 00:16:12,3,throughput_mbps,0.47444618963726015,-1.2451603380747922,2.0694534208353432
2024-01-01 00:16:13,3,throughput_mbps,0.47464642074866004,-1.299661583058553,2.081971983983126
2024-01-01 00:16:14,3,throughput_mbps,0.47484668466324287,-1.1825267940575355,2.2969617543892555
2024-01-01 00:16:15,3,throughput_mbps,0.47504698266290785,-1.1634054888523082,2.06964143274681
2024-01-01 00:16:16,3,throughput_mbps,0.4752473140715625,-1.319501904015505,2.172113390444718
2024-01-01 00:16:17,3,throughput_mbps,0.4754476793436882,-1.231893474886611,2.053774483785781
2024-01-01 00:16:18,3,throughput_mbps,0.47564807755490746,-1.1650442069509417,2.1248895804343135
2024-01-01 00:16:19,3,throughput_mbps,0.4758485099595763,-1.1062595355290405,2.123914535131477
2024-01-01 00:16:20,3,throughput_mbps,0.47604897618484887,-1.1634986030656504,2.108338909096559
2024-01-01 00:16:21,3,throughput_mbps,0.4762494764094151,-1.2772219127953477,2.0854810167954896
2024-01-01 00:16:22,3,throughput_mbps,0.4764500102330403,-1.2332357447412299,2.093430019927781
2024-01-01 00:00:01,4,jitter_ms,21.358077137001057,-22.77213823947468,65.24192589522754
2024-01-01 00:00:02,4,jitter_ms,21.371602909666628,-21.820770697834106,65.17107998406114
2024-01-01 00:00:03,4,jitter_ms,21.38512833980253,-21.312094950119807,62.63655681508883
2024-01-01 00:00:04,4,jitter_ms,21.39865342686892,-21.612682959228273,65.28779997896744
2024-01-01 00:00:05,4,jitter_ms,21.412178170185708,-21.867743542729613,64.56754389711324
2024-01-01 00:00:06,4,jitter_ms,21.4257025676818,-23.19718677751135,62.67781239566381
2024-01-01 00:00:07,4,jitter_ms,21.43922662647146,-20.526191037695057,64.09495085273292
2024-01-01 00:00:08,4,jitter_ms,21.45275034281287,-25.542903257471067,69.25681474738667
2024-01-01 00:00:09,4,jitter_ms,21.466273719228,-25.1387752135433,65.62238834056338
2024-01-01 00:00:10,4,jitter_ms,21.479796750583226,-22.067608979723907,67.58637074737491
2024-01-01 00:00:11,4,jitter_ms,21.493319431552248,-19.09117179407375,65.558582601815
2024-01-01 00:00:12,4,jitter_ms,21.506841772365547,-20.122742665490975,63.61365816996488
2024-01-01 00:00:13,4,jitter_ms,21.520363774014236,-22.691770553185222,66.78559862965336
2024-01-01 00:00:14,4,jitter_ms,21.53388543428646,-22.81002330486436,65.77864744760417
2024-01-01 00:00:15,4,jitter_ms,21.54740675723627,-20.6069134696477,64.4914948412219
2024-01-01 00:00:16,4,jitter_ms,21.560927742323507,-23.129889505845806,63.65559972277893
2024-01-01 00:00:17,4,jitter_ms,21.574448388867715,-23.363916271949087,62.8412192821104
2024-01-01 00:00:18,4,jitter_ms,21.58796869479659,-22.52863255944564,64.80154781177406
2024-01-01 00:00:19,4,jitter_ms,21.601488675940637,-22.957208917255937,64.78886108282079
2024-01-01 00:00:20,4,jitter_ms,21.615008319843795,-18.203342843480215,67.80336885611102
2024-01-01 00:00:21,4,jitter_ms,21.628527627497487,-23.99865528960763,64.08066331141772
2024-01-01 00:00:22,4,jitter_ms,21.642046598361155,-22.72784396921661,64.33595530892319
2024-01-01 00:00:23,4,jitter_ms,21.65556523481829,-26.79553058578266,62.23846379037878
2024-01-01 00:00:24,4,jitter_ms,21.66908353632843,-22.537255397141767,65.97522468509902
2024-01-01 00:00:25,4,jitter_ms,21.68260150388325,-22.837674439188763,67.05435966342174
2024-01-01 00:00:26,4,jitter_ms,21.696119133737298,-20.993886058106035,67.70614668695636
2024-01-01 00:00:27,4,jitter_ms,21.709636433011628,-20.609584928013543,66.36137151675683
2024-01-01 00:00:28,4,jitter_ms,21.723153274611477,-18.656451816074636,64.09624940254567
2024-01-01 00:00:29,4,jitter_ms,21.73666978287803,-20.942631892332034,65.80476556712092
2024-01-01 00:00:30,4,jitter_ms,21.750185957270453,-20.6623291530398,65.40759450512583
2024-01-01 00:00:31,4,jitter_ms,21.763701801845976,-21.498854004035007,62.61230934237653
2024-01-01 00:00:32,4,jitter_ms,21.777217314391116,-22.12783432656706,64.9863916883013
2024-01-01 00:00:33,4,jitter_ms,21.79073249589785,-21.551203788992687,67.596203457419
2024-01-01 00:00:34,4,jitter_ms,21.804247344292364,-19.5297649331088,66.94559000055614
2024-01-01 00:00:35,4,jitter_ms,21.81776186502538,-18.116950167083996,64.23512227744521
2024-01-01 00:00:36,4,jitter_ms,21.831276077813136,-20.53658582040652,65.05399895695977
2024-01-01 00:00:37,4,jitter_ms,21.844789961857984,-21.895340536741596,64.33752921182902
2024-01-01 00:00:38,4,jitter_ms,21.858303514945604,-23.73245954611816,63.61509622502044
2024-01-01 00:00:39,4,jitter_ms,21.871816741134687,-23.348082153290356,65.33235804292481
2024-01-01 00:00:40,4,jitter_ms,21.885329639884443,-20.760687737515408,62.733579918110586
2024-01-01 00:00:41,4,jitter_ms,21.89884220800466,-21.832841435907692,63.962708402555066
2024-01-01 00:00:42,4,jitter_ms,21.912354451505735,-20.98858609665638,65.39116222404083
2024-01-01 00:00:43,4,jitter_ms,21.92586636831331,-21.240354224430245,66.35882604600877
2024-01-01 00:00:44,4,jitter_ms,21.939377958861996,-18.225730787245574,67.91023664790313
2024-01-01 00:00:45,4,jitter_ms,21.952889233430774,-21.648135289278773,63.76319996969664
2024-01-01 00:00:46,4,jitter_ms,21.966400183585662,-22.95732439495467,63.42468133859072
2024-01-01 00:00:47,4,jitter_ms,21.979910808785608,-21.89581666138818,66.85454024729557
2024-01-01 00:00:48,4,jitter_ms,21.993421109465295,-21.250417144543835,63.02283614627289
2024-01-01 00:00:49,4,jitter_ms,22.006931083549446,-22.64744717699766,67.25232834509278
2024-01-01 00:00:50,4,jitter_ms,22.020440737050766,-21.13270588581901,67.65705430918571
2024-01-01 00:00:51,4,jitter_ms,22.033950067754006,-25.44213515933932,63.02473990285563
2024-01-01 00:00:52,4,jitter_ms,22.047459075258107,-17.804203167640527,66.99356028245542
2024-01-01 00:00:53,4,jitter_ms,22.060967757347125,-20.408090451101437,67.5031633563302
2024-01-01 00:00:54,4,jitter_ms,22.07447612540281,-22.688812010414203,67.04620396022786
2024-01-01 00:00:55,4,jitter_ms,22.087984171981656,-19.91906427442654,65.56969284305902
2024-01-01 00:00:56,4,jitter_ms,22.101491897518518,-21.831875935485467,67.09566071282255
2024-01-01 00:00:57,4,jitter_ms,22.114999301471947,-25.90875476842477,61.57241465727016
2024-01-01 00:00:58,4,jitter_ms,22.12850638622945,-22.717887915588207,65.47173422034622
2024-01-01 00:00:59,4,jitter_ms,22.142013151249664,-20.935333478722036,64.890871039169
2024-01-01 00:01:00,4,jitter_ms,22.155519596967526,-20.36727787062466,66.837045103001
2024-01-01 00:01:01,4,jitter_ms,22.169025721306603,-21.59065102036118,67.74118045771587
2024-01-01 00:01:02,4,jitter_ms,22.182531530282944,-22.001442587995466,64.64630995576508
2024-01-01 00:01:03,4,jitter_ms,22.1960370207035,-21.55482078596958,65.2276810358586
2024-01-01 00:01:04,4,jitter_ms,22.20954222043909,-21.208607433757862,67.54098521321318
2024-01-01 00:01:05,4,jitter_ms,22.223047102070648,-18.137444854913603,60.34351563025997
2024-01-01 00:01:06,4,jitter_ms,22.236551667986557,-18.849145570628163,68.38957017573163
2024-01-01 00:01:07,4,jitter_ms,22.250055917645255,-21.334184645108433,67.38748597549731
2024-01-01 00:01:08,4,jitter_ms,22.263559851481844,-21.904357084165426,67.16743424610681
2024-01-01 00:01:09,4,jitter_ms,22.27706346741914,-20.59268164324626,64.34459564262838
2024-01-01 00:01:10,4,jitter_ms,22.290566770916787,-21.449276667595544,63.90915151632164
2024-01-01 00:01:11,4,jitter_ms,22.304069760456372,-24.52258736246623,71.70244055842123
2024-01-01 00:01:12,4,jitter_ms,22.317572435355856,-19.89123097574876,68.7346272010442
2024-01-01 00:01:13,4,jitter_ms,22.33107479507333,-22.873564731743762,62.93553397763653
2024-01-01 00:01:14,4,jitter_ms,22.344576843674073,-24.073508041591907,67.6340531743124
2024-01-01 00:01:15,4,jitter_ms,22.358078578940308,-18.29543287867256,68.9826538710654
2024-01-01 00:01:16,4,jitter_ms,22.371579961904395,-22.91615035264987,65.84008534093466
2024-01-01 00:01:17,4,jitter_ms,22.385081030449978,-16.64301736906076,66.54528748957902
2024-01-01 00:01:18,4,jitter_ms,22.398581790038676,-19.084101809804604,65.66941561265598
2024-01-01 00:01:19,4,jitter_ms,22.412082238592713,-22.048175347559756,67.33535463448621
2024-01-01 00:01:20,4,jitter_ms,22.42558237557007,-20.031035108146057,66.87804222809397
2024-01-01 00:01:21,4,jitter_ms,22.439082203360783,-20.36792723528242,68.32222383927667
2024-01-01 00:01:22,4,jitter_ms,22.452581721422916,-18.95741064698291,66.41029339629937
2024-01-01 00:01:23,4,jitter_ms,22.466080930750785,-20.318351013541864,68.54411139130674
2024-01-01 00:01:24,4,jitter_ms,22.479579827589085,-19.941528743637136,66.70736514387103
2024-01-01 00:01:25,4,jitter_ms,22.493078419077857,-17.132271962652023,64.12866082714032
2024-01-01 00:01:26,4,jitter_ms,22.506576703138766,-19.265969802711144,66.01461694523833
2024-01-01 00:01:27,4,jitter_ms,22.52007467908934,-20.968103097357186,65.8372420750049
2024-01-01 00:01:28,4,jitter_ms,22.533572346387317,-19.681140002010924,69.43825182639367
2024-01-01 00:01:29,4,jitter_ms,22.547069693769565,-19.181005716968667,68.51484756436987
2024-01-01 00:01:30,4,jitter_ms,22.560566734347972,-23.017385324913892,66.31580469375801
2024-01-01 00:01:31,4,jitter_ms,22.574063469117128,-18.95665707813075,66.89259023566675
2024-01-01 00:01:32,4,jitter_ms,22.58755989599772,-21.583484877556092,65.687912361465
2024-01-01 00:01:33,4,jitter_ms,22.601056021992076,-19.903946215892564,68.49105904073612
2024-01-01 00:01:34,4,jitter_ms,22.614551841946962,-21.68152260595748,62.18893035404255
2024-01-01 00:01:35,4,jitter_ms,22.628047358394223,-20.637024661994968,65.58242385576013
2024-01-01 00:01:36,4,jitter_ms,22.6415425675766,-20.669621953677364,67.04792825516756
2024-01-01 00:01:37,4,jitter_ms,22.655037476637887,-21.51574677304059,63.979104722324756
2024-01-01 00:01:38,4,jitter_ms,22.668532083498643,-22.213144891394958,63.50253142953936
2024-01-01 00:01:39,4,jitter_ms,22.682026387476068,-20.713946618955703,65.3725124651471
2024-01-01 00:01:40,4,jitter_ms,22.6955203880276,-22.705794809326974,67.26320044178914
2024-01-01 00:01:41,4,jitter_ms,22.709014198741457,-21.416175599295904,66.17734407193635
2024-01-01 00:01:42,4,jitter_ms,22.72250770787917,-19.807496026324408,64.84562505523002
2024-01-01 00:01:43,4,jitter_ms,22.736000916435845,-21.901876768158996,65.42108310774795
2024-01-01 00:01:44,4,jitter_ms,22.749493822331093,-23.912265890031914,64.33147195412474
2024-01-01 00:01:45,4,jitter_ms,22.762986431033028,-16.335659650418652,65.55172167868957
2024-01-01 00:01:46,4,jitter_ms,22.776478740461407,-20.17212121285422,67.56945933883215
2024-01-01 00:01:47,4,jitter_ms,22.78997075161157,-18.362904493027486,66.2927108923708
2024-01-01 00:01:48,4,jitter_ms,22.80346246226242,-19.876738227160757,65.71486465810126
2024-01-01 00:01:49,4,jitter_ms,22.816953876485368,-22.626959477795086,63.84307231590535
2024-01-01 00:01:50,4,jitter_ms,22.83044499373789,-20.636250120551484,67.44232063412794
2024-01-01 00:01:51,4,jitter_ms,22.843935813336856,-19.667453562049236,65.1626957043456
2024-01-01 00:01:52,4,jitter_ms,22.857426333760692,-22.619763659869637,66.7001195210447
2024-01-01 00:01:53,4,jitter_ms,22.870916560479394,-22.27380564838157,66.80280742297083
2024-01-01 00:01:54,4,jitter_ms,22.884406696572746,-21.754198385383155,66.14097087974507
2024-01-01 00:01:55,4,jitter_ms,22.897896537316033,-16.471553421061913,67.42080114765002
2024-01-01 00:01:56,4,jitter_ms,22.91138608216638,-21.151167077590348,64.82081371389906
2024-01-01 00:01:57,4,jitter_ms,22.9248753335176,-23.09303939048626,66.1697345415383
2024-01-01 00:01:58,4,jitter_ms,22.93836429082691,-19.884916764274084,67.0707039192209
2024-01-01 00:01:59,4,jitter_ms,22.951852955090168,-20.12396047418622,66.4914202429563
2024-01-01 00:02:00,4,jitter_ms,22.965341323106077,-21.84827586076152,67.94545534927572
2024-01-01 00:02:01,4,jitter_ms,22.978829400906207,-19.34145904413626,66.25546625528631
2024-01-01 00:02:02,4,jitter_ms,22.992317186408915,-20.03030016076821,65.14918209476545
2024-01-01 00:02:03,4,jitter_ms,23.00580467907117,-18.932342465926787,66.77429625390533
2024-01-01 00:02:04,4,jitter_ms,23.0192918812875,-22.45743387515341,65.17890624493415
2024-01-01 00:02:05,4,jitter_ms,23.032778792514954,-19.591884754260366,64.93401950750126
2024-01-01 00:02:06,4,jitter_ms,23.04627333390811,-19.842237203386745,67.54653008627047
2024-01-01 00:02:07,4,jitter_ms,23.05976758266622,-19.372389285205667,68.46967239401108
2024-01-01 00:02:08,4,jitter_ms,23.073261544262706,-20.23399784958567,66.56530200278429
2024-01-01 00:02:09,4,jitter_ms,23.086755217175305,-19.456586278309878,64.20132497840831
2024-01-01 00:02:10,4,jitter_ms,23.10024860169984,-19.015940436273336,65.3043578436608
2024-01-01 00:02:11,4,jitter_ms,23.113741694354612,-20.113338511778494,63.116385913093914
2024-01-01 00:02:12,4,jitter_ms,23.12723450215346,-22.524696059025498,66.73848814935306
2024-01-01 00:02:13,4,jitter_ms,23.140727021893696,-18.32174859845096,65.08217362659462
2024-01-01 00:02:14,4,jitter_ms,23.154219254571714,-19.83491617041016,67.94127537476075
2024-01-01 00:02:15,4,jitter_ms,23.167711199644224,-20.09259526925693,66.08876145848633
2024-01-01 00:02:16,4,jitter_ms,23.181202859506943,-18.443994495658178,66.38931398818471
2024-01-01 00:02:17,4,jitter_ms,23.194694233616662,-20.660700027205877,67.64297543719742
2024-01-01 00:02:18,4,jitter_ms,23.208185322409815,-17.82985565217136,66.56078793680847
2024-01-01 00:02:19,4,jitter_ms,23.22167615414454,-19.25102702165193,70.02123474011958
2024-01-01 00:02:20,4,jitter_ms,23.235166703955418,-21.990766879376412,67.9419081756861
2024-01-01 00:02:21,4,jitter_ms,23.248656970319416,-18.55857280894024,64.81391912772442
2024-01-01 00:02:22,4,jitter_ms,23.26214695255256,-22.295405366234316,67.00048047748554
2024-01-01 00:02:23,4,jitter_ms,23.275636650111316,-20.55323014061412,67.35938295762583
2024-01-01 00:02:24,4,jitter_ms,23.289126067073084,-23.214490737264637,68.87892698870608
2024-01-01 00:02:25,4,jitter_ms,23.30261520121357,-22.288111517295544,66.45279746025116
2024-01-01 00:02:26,4,jitter_ms,23.316104053529664,-19.441203637773036,66.385482837015
2024-01-01 00:02:27,4,jitter_ms,23.329592621937266,-18.261859857452635,64.31221413194051
2024-01-01 00:02:28,4,jitter_ms,23.343080911914285,-20.329239082329916,66.1729171904142
2024-01-01 00:02:29,4,jitter_ms,23.356568921376773,-21.98435997914356,65.47576908513298
2024-01-01 00:02:30,4,jitter_ms,23.37005665132182,-19.46950175927881,63.682174811676724
2024-01-01 00:02:31,4,jitter_ms,23.383544099524443,-16.87745283233795,66.01461429218114
2024-01-01 00:02:32,4,jitter_ms,23.397031270063266,-18.283183042730457,67.4432143393105
2024-01-01 00:02:33,4,jitter_ms,23.422517805910797,-20.458869166626297,64.64474229887102
2024-01-01 00:02:34,4,jitter_ms,23.44800406286674,-21.711212260376975,66.14734596212315
2024-01-01 00:02:35,4,jitter_ms,23.473490038846265,-20.389377371849754,64.45746764935565
2024-01-01 00:02:36,4,jitter_ms,23.49897574101073,-19.428261952564142,66.06009997756992
2024-01-01 00:02:37,4,jitter_ms,23.52446116559382,-20.17730962579427,66.59111714892106
2024-01-01 00:02:38,4,jitter_ms,23.549946313592887,-16.418773489993704,67.57022817518357
2024-01-01 00:02:39,4,jitter_ms,23.575431184464122,-19.734889327739438,65.4312245637652
2024-01-01 00:02:40,4,jitter_ms,23.600915780605565,-18.652740681872956,68.44892168137669
2024-01-01 00:02:41,4,jitter_ms,23.626400101473468,-22.515410632353927,62.57611562483365
2024-01-01 00:02:42,4,jitter_ms,23.651884144982507,-20.700557756925676,67.79304074065277
2024-01-01 00:02:43,4,jitter_ms,23.677367916613857,-23.178521148712,68.52336755006161
2024-01-01 00:02:44,4,jitter_ms,23.702851414282314,-18.196719194121204,65.92593416797602
2024-01-01 00:02:45,4,jitter_ms,23.72833463898558,-17.38106789989488,68.07880919921999
2024-01-01 00:02:46,4,jitter_ms,23.753817588497338,-22.07624007673814,66.83537795566818
2024-01-01 00:02:47,4,jitter_ms,23.798775242618497,-19.592042709384362,66.55032615204591
2024-01-01 00:02:48,4,jitter_ms,23.843732625085376,-18.51279876416752,66.90832545973124
2024-01-01 00:02:49,4,jitter_ms,23.888689735213283,-18.26568556935119,68.74762705345307
2024-01-01 00:02:50,4,jitter_ms,23.93364657147706,-19.172784968885832,64.86623829945216
2024-01-01 00:02:51,4,jitter_ms,23.978603139359596,-16.287692713012074,68.94217924289514
2024-01-01 00:02:52,4,jitter_ms,24.023559438317097,-20.684880051589175,67.97937632376869
2024-01-01 00:02:53,4,jitter_ms,24.068515465702557,-19.863719763155213,68.97982438863568
2024-01-01 00:02:54,4,jitter_ms,24.113471220971668,-21.077331127017487,68.36807912345871
2024-01-01 00:02:55,4,jitter_ms,24.158426709608165,-19.310550948038994,70.69590445246169
2024-01-01 00:02:56,4,jitter_ms,24.20338192952588,-19.815970584961974,67.6546086319235
2024-01-01 00:02:57,4,jitter_ms,24.248336881722963,-17.603824345767848,63.75034395032266
2024-01-01 00:02:58,4,jitter_ms,24.29329156397208,-20.626177427077188,67.2622770779774
2024-01-01 00:02:59,4,jitter_ms,24.33824598035617,-22.285773252610756,67.07330313490444
2024-01-01 00:03:00,4,jitter_ms,24.38320013033115,-20.369180178672835,71.26832499419682
2024-01-01 00:03:01,4,jitter_ms,24.42815401321202,-17.428007009777552,69.25596986393782
2024-01-01 00:03:02,4,jitter_ms,24.473107627472913,-19.740958222625796,66.82319550380541
2024-01-01 00:03:03,4,jitter_ms,24.54094588400177,-20.509739615150032,66.63970973431083
2024-01-01 00:03:04,4,jitter_ms,24.608783875309257,-19.053420086309355,64.11363602863206
2024-01-01 00:03:05,4,jitter_ms,24.67662160183262,-23.445555246759028,67.8667556200952
2024-01-01 00:03:06,4,jitter_ms,24.744459063027488,-15.19640803218689,69.35729480971399
2024-01-01 00:03:07,4,jitter_ms,24.812296261294392,-18.841245864595802,72.1860770704978
2024-01-01 00:03:08,4,jitter_ms,24.880133196089027,-15.9947315325773,66.34247880085356
2024-01-01 00:03:09,4,jitter_ms,24.94796986841002,-17.294086430204516,67.06519871349234
2024-01-01 00:03:10,4,jitter_ms,25.015806275047204,-15.72120243905919,67.09494099506864
2024-01-01 00:03:11,4,jitter_ms,25.08364242204894,-19.56271929940425,72.54250274394767
2024-01-01 00:03:12,4,jitter_ms,25.151478307327775,-18.57468593250517,68.80106524164619
2024-01-01 00:03:13,4,jitter_ms,25.21931393132109,-20.935688265707174,70.69097885287705
2024-01-01 00:03:14,4,jitter_ms,25.287149293484347,-19.52649865369655,69.17032826083842
2024-01-01 00:03:15,4,jitter_ms,25.35498439621881,-18.737405896617947,69.16451583982874
2024-01-01 00:03:16,4,jitter_ms,25.422819238979997,-22.32589741260067,68.66323201385191
2024-01-01 00:03:17,4,jitter_ms,25.49065382220536,-13.188374033992128,72.95843885808428
2024-01-01 00:03:18,4,jitter_ms,25.558488143806713,-20.78238395878455,67.65396078063094
2024-01-01 00:03:19,4,jitter_ms,25.626322209834246,-18.941772296319083,69.78288309608925
2024-01-01 00:03:20,4,jitter_ms,25.694156017076914,-18.26033447960505,68.96939770688024
2024-01-01 00:03:21,4,jitter_ms,25.761989564989964,-17.205811087214695,68.5950351144646
2024-01-01 00:03:22,4,jitter_ms,25.8486917097946,-19.920264519301497,66.69474435660241
2024-01-01 00:03:23,4,jitter_ms,25.935393597126886,-15.826723702810721,68.85530726314308
2024-01-01 00:03:24,4,jitter_ms,26.022095227985925,-18.292906336014862,70.6616952234931
2024-01-01 00:03:25,4,jitter_ms,26.108796600282993,-19.486745492180162,66.15237947011595
2024-01-01 00:03:26,4,jitter_ms,26.195497719508204,-17.886900338031147,69.13797132590732
2024-01-01 00:03:27,4,jitter_ms,26.282198583572942,-15.165502593340413,71.40229977569925
2024-01-01 00:03:28,4,jitter_ms,26.36889919347653,-19.09329309062485,70.53241775590644
2024-01-01 00:03:29,4,jitter_ms,26.455599546989042,-18.849153874288223,69.54776808367858
2024-01-01 00:03:30,4,jitter_ms,26.542299648198142,-18.662741371170426,69.8199478905797
2024-01-01 00:03:31,4,jitter_ms,26.62899949655911,-15.13163347212193,70.04936824082151
2024-01-01 00:03:32,4,jitter_ms,26.715699091386153,-16.834975574798484,71.5888695751124
2024-01-01 00:03:33,4,jitter_ms,26.80239843058986,-16.520568176669542,68.8639361644635
2024-01-01 00:03:34,4,jitter_ms,26.889097522891806,-14.69118972276144,70.19409593953765
2024-01-01 00:03:35,4,jitter_ms,26.975796361428486,-16.07899407050971,72.11118340272311
2024-01-01 00:03:36,4,jitter_ms,27.062494948743876,-19.27741586943617,69.6460522803594
2024-01-01 00:03:37,4,jitter_ms,27.149193282748328,-18.272919384445654,68.9661096665682
2024-01-01 00:03:38,4,jitter_ms,27.235891368934332,-18.682010571901532,69.81391410117814
2024-01-01 00:03:39,4,jitter_ms,27.32258920521238,-19.596014541281114,70.37678569548072
2024-01-01 00:03:40,4,jitter_ms,27.409286792582215,-19.29494490911187,70.19704831064047
2024-01-01 00:03:41,4,jitter_ms,27.50130801287419,-14.741190119423223,72.57393634754224
2024-01-01 00:03:42,4,jitter_ms,27.593328986116482,-16.16107602845566,66.45652780329418
2024-01-01 00:03:43,4,jitter_ms,27.685349711764143,-17.7562963847427,70.08776018950974
2024-01-01 00:03:44,4,jitter_ms,27.77737018913107,-17.56040508584776,70.19689693081702
2024-01-01 00:03:45,4,jitter_ms,27.869390416126965,-14.983844112665846,72.8942886671027
2024-01-01 00:03:46,4,jitter_ms,27.961410399932003,-13.992451617617606,71.15383350129342
2024-01-01 00:03:47,4,jitter_ms,28.053430136769947,-16.71317256317743,70.05447784078072
2024-01-01 00:03:48,4,jitter_ms,28.145449627640772,-14.924731479783274,74.06514169692056
2024-01-01 00:03:49,4,jitter_ms,28.237468871999248,-13.921892596848863,73.77130680083994
2024-01-01 00:03:50,4,jitter_ms,28.329487872249654,-11.719816342258804,71.56900674959729
2024-01-01 00:03:51,4,jitter_ms,28.421506627846824,-16.569420066070627,74.71068414856789
2024-01-01 00:03:52,4,jitter_ms,28.513525139790936,-14.533968011644834,70.1215128379681
2024-01-01 00:03:53,4,jitter_ms,28.605543404304637,-13.92133205252983,72.70998036569132
2024-01-01 00:03:54,4,jitter_ms,28.697561428570033,-14.254094159332187,70.49777095540226
2024-01-01 00:03:55,4,jitter_ms,28.78957921049649,-13.188339318802358,72.18585062481978
2024-01-01 00:03:56,4,jitter_ms,28.881596749397616,-16.11188045492437,74.23251784479537
2024-01-01 00:03:57,4,jitter_ms,28.973614044727956,-16.146769829064606,71.76807661113563
2024-01-01 00:03:58,4,jitter_ms,29.065631100579296,-15.266087710709746,73.74333351318772
2024-01-01 00:03:59,4,jitter_ms,29.157647914719472,-13.038797249684823,70.7547672866668
2024-01-01 00:04:00,4,jitter_ms,29.24966446032724,-16.125978529556612,73.68175126029718
2024-01-01 00:04:01,4,jitter_ms,29.341680768191704,-16.77571346710373,72.55284722834729
2024-01-01 00:04:02,4,jitter_ms,29.433696836221667,-14.702182138260449,69.17454560094849
2024-01-01 00:04:03,4,jitter_ms,29.52571266485529,-13.814543388874009,73.7211920253263
2024-01-01 00:04:04,4,jitter_ms,29.617728253547067,-14.651031197331386,73.6335597862402
2024-01-01 00:04:05,4,jitter_ms,29.709743604702496,-15.584540560590165,72.7425824465523
2024-01-01 00:04:06,4,jitter_ms,29.80175871777613,-11.461293335199867,71.67416434464113
2024-01-01 00:04:07,4,jitter_ms,29.893773593768675,-17.05019744742038,73.80044698125495
2024-01-01 00:04:08,4,jitter_ms,29.985788229463303,-12.22397796429546,71.70785414249102
2024-01-01 00:04:09,4,jitter_ms,30.07780263092085,-14.199158918071776,72.28200288919079
2024-01-01 00:04:10,4,jitter_ms,30.169816796049552,-9.986744858851708,73.24532995600156
2024-01-01 00:04:11,4,jitter_ms,30.261830726834145,-12.45721218492822,74.47759365519485
2024-01-01 00:04:12,4,jitter_ms,30.35384441808959,-12.909503804222052,70.97691686409189
2024-01-01 00:04:13,4,jitter_ms,30.445857876861403,-13.14239964494357,71.62818100307017
2024-01-01 00:04:14,4,jitter_ms,30.537871101057547,-12.340024705050014,72.62788305676256
2024-01-01 00:04:15,4,jitter_ms,30.629884091116352,-11.23431309984644,71.7434812760992
2024-01-01 00:04:16,4,jitter_ms,30.721896846492083,-13.842550447977027,75.31692518159743
2024-01-01 00:04:17,4,jitter_ms,30.813909369591208,-13.541838863094576,76.82741146358624
2024-01-01 00:04:18,4,jitter_ms,30.905921659868064,-11.246146911992698,73.72793209648682
2024-01-01 00:04:19,4,jitter_ms,30.99793371832374,-10.544727871925925,75.44078978442906
2024-01-01 00:04:20,4,jitter_ms,31.08994554174012,-10.86188600474403,73.37471424055983
2024-01-01 00:04:21,4,jitter_ms,31.18195713618047,-8.880476590217395,72.85118173656457
2024-01-01 00:04:22,4,jitter_ms,31.27396849955217,-12.959621589215658,74.82990910391815
2024-01-01 00:04:23,4,jitter_ms,31.36597963229367,-14.533689480306327,74.61306306102469
2024-01-01 00:04:24,4,jitter_ms,31.457990533859107,-11.95623287096549,74.84142607790922
2024-01-01 00:04:25,4,jitter_ms,31.55000120665556,-12.91536424139167,77.43531404565242
2024-01-01 00:04:26,4,jitter_ms,31.64201165013722,-13.406244212261234,76.78660177535987
2024-01-01 00:04:27,4,jitter_ms,31.734021864742584,-11.900062924016646,76.35900127134349
2024-01-01 00:04:28,4,jitter_ms,31.8260318483784,-10.604388954580665,76.69522626027414
2024-01-01 00:04:29,4,jitter_ms,31.91804157714522,-11.247820885976287,76.38193077943039
2024-01-01 00:04:30,4,jitter_ms,32.01005107778843,-10.976409516913957,77.22461116644601
2024-01-01 00:04:31,4,jitter_ms,32.1020603513095,-13.209593167490963,75.11048114747454
2024-01-01 00:04:32,4,jitter_ms,32.19406939716239,-13.449111104043226,74.08042688653697
2024-01-01 00:04:33,4,jitter_ms,32.286078217754806,-14.60077021777741,74.29302926984997
2024-01-01 00:04:34,4,jitter_ms,32.3780868125408,-12.072064279893464,72.06389990234595
2024-01-01 00:04:35,4,jitter_ms,32.470095181958996,-11.298272741261847,74.82884234890078
2024-01-01 00:04:36,4,jitter_ms,32.562103323915565,-11.778672246445051,76.19485039552315
2024-01-01 00:04:37,4,jitter_ms,32.654111243913924,-12.670714727329367,76.56454579109666
2024-01-01 00:04:38,4,jitter_ms,32.74611894042346,-14.156111168998143,74.3432963657689
2024-01-01 00:04:39,4,jitter_ms,32.83812641120881,-10.643918458956515,77.19794322424903
2024-01-01 00:04:40,4,jitter_ms,32.930133660367424,-9.111296486723202,77.29047654785369
2024-01-01 00:04:41,4,jitter_ms,33.02214068735329,-8.173853825155756,76.01606578361356
2024-01-01 00:04:42,4,jitter_ms,33.114147491478874,-8.065593704762614,74.84331356932977
2024-01-01 00:04:43,4,jitter_ms,33.206154070649845,-8.45683133176774,73.10459786823526
2024-01-01 00:04:44,4,jitter_ms,33.29816043206033,-8.98824012083133,76.83748398491845
2024-01-01 00:04:45,4,jitter_ms,33.390166571926656,-12.688154124885884,79.87319010259753
2024-01-01 00:04:46,4,jitter_ms,33.48217249125075,-7.843249786386034,77.47085571710834
2024-01-01 00:04:47,4,jitter_ms,33.57417818948636,-11.874685967237987,76.38309795223405
2024-01-01 00:04:48,4,jitter_ms,33.66618366904228,-9.703537496596622,80.42959158483855
2024-01-01 00:04:49,4,jitter_ms,33.75818892937233,-11.944937077329646,77.11309395833675
2024-01-01 00:04:50,4,jitter_ms,33.850193971478596,-9.606084566201252,77.94522797004527
2024-01-01 00:04:51,4,jitter_ms,33.94219879157641,-8.442219278051917,74.8814291049978
2024-01-01 00:04:52,4,jitter_ms,34.034203396861635,-7.86022006709029,78.7199918244061
2024-01-01 00:04:53,4,jitter_ms,34.1262077867882,-6.982556982090975,79.26147357833038
2024-01-01 00:04:54,4,jitter_ms,34.21821195757123,-11.721666703973217,76.06345284920641
2024-01-01 00:04:55,4,jitter_ms,34.31021590866409,-7.221935257350519,77.26259232003363
2024-01-01 00:04:56,4,jitter_ms,34.40221964726364,-5.622980162621315,78.04592169904629
2024-01-01 00:04:57,4,jitter_ms,34.494223169584764,-6.886644019377649,79.42318748573916
2024-01-01 00:04:58,4,jitter_ms,34.58622647662975,-7.368588350361824,78.75162038355491
2024-01-01 00:04:59,4,jitter_ms,34.67822956785214,-10.500805560532822,78.77739072192614
2024-01-01 00:05:00,4,jitter_ms,34.77023244566163,-10.702562835692314,74.23122211265738
2024-01-01 00:05:01,4,jitter_ms,34.862235109511815,-7.437747250753564,78.84140947059231
2024-01-01 00:05:02,4,jitter_ms,34.95423756040513,-8.516800614538576,78.37552809163215
2024-01-01 00:05:03,4,jitter_ms,35.04623979455553,-11.003485688924377,78.67914136509779
2024-01-01 00:05:04,4,jitter_ms,35.138241819161536,-8.672030461518489,79.11081553999861
2024-01-01 00:05:05,4,jitter_ms,35.230243632127696,-7.773504343874327,75.51736666253697
2024-01-01 00:05:06,4,jitter_ms,35.32224523276596,-8.545459216069023,79.75274689380451
2024-01-01 00:05:07,4,jitter_ms,35.414246620529674,-9.371920733883513,76.89039691043614
2024-01-01 00:05:08,4,jitter_ms,35.50624779951987,-8.42629495069946,77.40595791434907
2024-01-01 00:05:09,4,jitter_ms,35.59824876749922,-8.769974166473828,77.72941630171708
2024-01-01 00:05:10,4,jitter_ms,35.69024952547041,-9.533917498505762,77.49285849357803
2024-01-01 00:05:11,4,jitter_ms,35.782250071337344,-6.287655359272955,80.09076515196143
2024-01-01 00:05:12,4,jitter_ms,35.87425041060933,-7.476722693841923,77.49758232708443
2024-01-01 00:05:13,4,jitter_ms,35.96625054119043,-1.9669791222936355,80.86949228253224
2024-01-01 00:05:14,4,jitter_ms,36.05825046408345,-9.747919469554702,79.57844382969733
2024-01-01 00:05:15,4,jitter_ms,36.13101079674968,-7.083318003598914,80.0615139069975
2024-01-01 00:05:16,4,jitter_ms,36.203770923591925,-6.516232119129765,82.6534796051362
2024-01-01 00:05:17,4,jitter_ms,36.276530844063586,-7.134370137644138,79.00599606496968
2024-01-01 00:05:18,4,jitter_ms,36.349290554940616,-6.583017400983907,79.87011835408835
2024-01-01 00:05:19,4,jitter_ms,36.4220500622972,-6.230762216154734,79.18729857761046
2024-01-01 00:05:20,4,jitter_ms,36.49480936403695,-7.615362832491735,83.42712874825524
2024-01-01 00:05:21,4,jitter_ms,36.56756846059906,-8.054829848851888,79.67461271758563
2024-01-01 00:05:22,4,jitter_ms,36.64032735143671,-4.675673359538194,82.3578718223418
2024-01-01 00:05:23,4,jitter_ms,36.713086038961166,-7.305971558443814,84.88856040001401
2024-01-01 00:05:24,4,jitter_ms,36.78584452262566,-8.998590337033809,80.76582585019602
2024-01-01 00:05:25,4,jitter_ms,36.85860280286944,-5.052736190563037,80.9889363454664
2024-01-01 00:05:26,4,jitter_ms,36.93136087759554,-8.01491823756293,78.77782122851525
2024-01-01 00:05:27,4,jitter_ms,37.00411875287957,-5.720638504209375,79.05127691322102
2024-01-01 00:05:28,4,jitter_ms,37.07687642549678,-6.225790394364702,80.71188344874564
2024-01-01 00:05:29,4,jitter_ms,37.1496338964504,-8.987560499647339,78.86780989958912
2024-01-01 00:05:30,4,jitter_ms,37.22239116519347,-7.252134436298574,79.86744767594476
2024-01-01 00:05:31,4,jitter_ms,37.29514823413782,-5.0906933951112885,81.356018642387
2024-01-01 00:05:32,4,jitter_ms,37.36790510273653,-5.695297835072265,81.89978664625264
2024-01-01 00:05:33,4,jitter_ms,37.44066177142895,-9.172707105030167,78.74289973895112
2024-01-01 00:05:34,4,jitter_ms,37.51341823811764,-6.598854563761409,78.14934138515171
2024-01-01 00:05:35,4,jitter_ms,37.586174509866,-4.880232725042763,80.90642857830612
2024-01-01 00:05:36,4,jitter_ms,37.65893058147573,-8.805986168943004,78.31867981346966
2024-01-01 00:05:37,4,jitter_ms,37.73168645493667,-4.303157690998285,82.71310673217414
2024-01-01 00:05:38,4,jitter_ms,37.80444212815114,-5.2047000066695635,83.4983896636446
2024-01-01 00:05:39,4,jitter_ms,37.87719760719681,-1.8805279611825005,81.30511356080186
2024-01-01 00:05:40,4,jitter_ms,37.949952888847804,-5.643994381439887,81.50664569935512
2024-01-01 00:05:41,4,jitter_ms,38.02270797410769,-3.2002024669973737,80.20401558819894
2024-01-01 00:05:42,4,jitter_ms,38.09546286242933,-5.879460852464341,82.11017233179294
2024-01-01 00:05:43,4,jitter_ms,38.16821755622534,-6.923916145722542,82.25857219319775
2024-01-01 00:05:44,4,jitter_ms,38.24097205494863,-6.214726923945121,84.29492030037744
2024-01-01 00:05:45,4,jitter_ms,38.31372635903867,-3.9218037142106468,81.38178876096981
2024-01-01 00:05:46,4,jitter_ms,38.386480466397316,-5.621904447441576,82.81310489745283
2024-01-01 00:05:47,4,jitter_ms,38.45923438253931,-6.087795770047759,82.66191099385753
2024-01-01 00:05:48,4,jitter_ms,38.5319881059309,-1.2485750230617467,82.2608337190883
2024-01-01 00:05:49,4,jitter_ms,38.60474163588301,-4.208325004296911,83.871547828988
2024-01-01 00:05:50,4,jitter_ms,38.67749497184832,-3.4630495565697017,83.04489446919276
2024-01-01 00:05:51,4,jitter_ms,38.750248117933,-5.183662996764238,83.19866305097301
2024-01-01 00:05:52,4,jitter_ms,38.82300107189679,-5.875647772443724,77.63670446076866
2024-01-01 00:05:53,4,jitter_ms,38.89575383474363,-5.9610807181371035,85.33735499605748
2024-01-01 00:05:54,4,jitter_ms,38.96850640437488,-5.6939804833491765,83.34875260019167
2024-01-01 00:05:55,4,jitter_ms,39.04125878630648,-2.7909570155483863,83.72675915238639
2024-01-01 00:05:56,4,jitter_ms,39.11401097843992,-1.7014001857766041,83.11461982825746
2024-01-01 00:05:57,4,jitter_ms,39.18676298177926,-5.284036528894995,82.1117457955537
2024-01-01 00:05:58,4,jitter_ms,39.25951479408375,-6.21176448947571,80.36979450779336
2024-01-01 00:05:59,4,jitter_ms,39.332266419460396,-4.668186337882955,83.26555559032718
2024-01-01 00:06:00,4,jitter_ms,39.40501785736192,-3.240169226275288,81.48185433861468
2024-01-01 00:06:01,4,jitter_ms,39.47776910399576,-3.1201538150458656,84.72256670673183
2024-01-01 00:06:02,4,jitter_ms,39.550520166572426,-6.663059220569503,81.83972207787818
2024-01-01 00:06:03,4,jitter_ms,39.623271042993046,-4.310249073951334,85.59896049356638
2024-01-01 00:06:04,4,jitter_ms,39.696021732568184,-5.020152961480394,82.83548413231584
2024-01-01 00:06:05,4,jitter_ms,39.768772234750344,-5.304116011715338,85.4926468528009
2024-01-01 00:06:06,4,jitter_ms,39.841522553647344,-0.36572825939144304,86.36559901970192
2024-01-01 00:06:07,4,jitter_ms,39.91427268701798,-2.3818281657157683,82.9254615021897
2024-01-01 00:06:08,4,jitter_ms,39.987022635866566,-2.9916765241147574,85.92904282475911
2024-01-01 00:06:09,4,jitter_ms,40.059772398093656,-1.2291638097859816,85.74437837985836
2024-01-01 00:06:10,4,jitter_ms,40.13252197921736,-3.3658209515302353,82.07050631054125
2024-01-01 00:06:11,4,jitter_ms,40.1611070196751,-1.6546377155333722,82.24319132450381
2024-01-01 00:06:12,4,jitter_ms,40.189691879486624,-4.428442060920267,82.68330562077779
2024-01-01 00:06:13,4,jitter_ms,40.218276551754045,-7.411404780074416,82.4597280487415
2024-01-01 00:06:14,4,jitter_ms,40.24686104524221,-0.7835083439113387,83.74195896064907
2024-01-01 00:06:15,4,jitter_ms,40.27544535785154,-1.5914511465813905,82.172250691249
2024-01-01 00:06:16,4,jitter_ms,40.30402948889235,-2.6412946197998726,81.79785923745607
2024-01-01 00:06:17,4,jitter_ms,40.332613437816995,-3.8883208830213096,82.92391671860995
2024-01-01 00:06:18,4,jitter_ms,40.36119720873458,-3.6468387770059634,80.87785552466399
2024-01-01 00:06:19,4,jitter_ms,40.38978079940313,-5.3171768906781915,85.72564203988655
2024-01-01 00:06:20,4,jitter_ms,40.41836421082731,-4.359882869245516,81.52349295461275
2024-01-01 00:06:21,4,jitter_ms,40.446947440907024,-4.245019294369737,85.51490881473589
2024-01-01 00:06:22,4,jitter_ms,40.47553049516203,-5.576544222784667,84.94812361889775
2024-01-01 00:06:23,4,jitter_ms,40.504113371492316,-2.281683067717835,83.4811426787266
2024-01-01 00:06:24,4,jitter_ms,40.5326960709027,-7.685851970819353,85.21932762316203
2024-01-01 00:06:25,4,jitter_ms,40.5612785911507,-1.5024020173268187,87.34626545011193
2024-01-01 00:06:26,4,jitter_ms,40.58986093634627,-1.3388106822277848,85.99807146961057
2024-01-01 00:06:27,4,jitter_ms,40.618443105941736,-1.9808936836204099,80.51899817680601
2024-01-01 00:06:28,4,jitter_ms,40.647025099247166,0.4119502887075107,82.17151785149072
2024-01-01 00:06:29,4,jitter_ms,40.67560691472698,-0.30900747058592676,84.69549021259583
2024-01-01 00:06:30,4,jitter_ms,40.70418855790201,-2.445967170350991,85.05363079501223
2024-01-01 00:06:31,4,jitter_ms,40.73277002667183,-5.522460693185033,83.96821979906836
2024-01-01 00:06:32,4,jitter_ms,40.76135132147643,-2.4990417652637005,84.69233557384818
2024-01-01 00:06:33,4,jitter_ms,40.789932441767945,-3.5152253311532533,85.98130123013584
2024-01-01 00:06:34,4,jitter_ms,40.81851338996206,2.2831718359541844,85.40652666027876
2024-01-01 00:06:35,4,jitter_ms,40.84709416551095,-0.6320223082950732,84.9507780627071
2024-01-01 00:06:36,4,jitter_ms,40.87567476941974,-4.074915275967733,82.31083499592673
2024-01-01 00:06:37,4,jitter_ms,40.904255198457314,-2.4753598418951177,87.1397757092478
2024-01-01 00:06:38,4,jitter_ms,40.932835458710684,-4.64876669405992,84.30237239271146
2024-01-01 00:06:39,4,jitter_ms,40.96141554807898,-4.690869431071103,84.91492656841412
2024-01-01 00:06:40,4,jitter_ms,40.98999546601427,-2.068655278844795,86.08603340122811
2024-01-01 00:06:41,4,jitter_ms,41.01857521493261,-0.7160694205819391,84.42013238788888
2024-01-01 00:06:42,4,jitter_ms,41.04715479428609,0.2877375151501485,82.50097944717614
2024-01-01 00:06:43,4,jitter_ms,41.0757342045148,-0.6831490073307139,84.99548936757482
2024-01-01 00:06:44,4,jitter_ms,41.10431344351746,-2.76796098956853,83.47980959242291
2024-01-01 00:06:45,4,jitter_ms,41.132892516816895,-2.0547228665929045,82.03437108054695
2024-01-01 00:06:46,4,jitter_ms,41.161471422877135,-3.914243372021769,85.78333823645019
2024-01-01 00:06:47,4,jitter_ms,41.190050161007846,-2.7839672651344727,84.05212524065175
2024-01-01 00:06:48,4,jitter_ms,41.218628730660924,-5.128567552841194,83.76814142901677
2024-01-01 00:06:49,4,jitter_ms,41.247207135948685,-3.003722550625655,85.88141609258147
2024-01-01 00:06:50,4,jitter_ms,41.275785374627304,-1.2482130277220207,84.44642120692896
2024-01-01 00:06:51,4,jitter_ms,41.30436344770222,-2.9389134797785585,85.72214019953914
2024-01-01 00:06:52,4,jitter_ms,41.33294135307174,0.36775804687922764,85.77660278624857
2024-01-01 00:06:53,4,jitter_ms,41.36151909625973,-0.7086451711238138,86.92995446021115
2024-01-01 00:06:54,4,jitter_ms,41.39009667671823,-1.9270114699204062,84.56364589148228
2024-01-01 00:06:55,4,jitter_ms,41.41867409178015,-4.12206092399029,83.31714060718777
2024-01-01 00:06:56,4,jitter_ms,41.44725134089724,-1.1080102344442186,85.17888627425363
2024-01-01 00:06:57,4,jitter_ms,41.47582842959385,-1.8142005998004727,82.97675281458204
2024-01-01 00:06:58,4,jitter_ms,41.50440535633359,-1.0465770357636406,86.53025378390394
2024-01-01 00:06:59,4,jitter_ms,41.532982120425885,-3.010971251217395,86.53359682806366
2024-01-01 00:07:00,4,jitter_ms,41.56155872132248,-4.810608663371014,84.01704592020386
2024-01-01 00:07:01,4,jitter_ms,41.59013516313685,-2.551307732437148,86.45340101405101
2024-01-01 00:07:02,4,jitter_ms,41.61871144362449,-0.44185001547279196,82.54623809984149
2024-01-01 00:07:03,4,jitter_ms,41.647287563791124,-3.683622847006377,83.43175529764568
2024-01-01 00:07:04,4,jitter_ms,41.67586352153448,-0.38510999369725635,87.32623171287523
2024-01-01 00:07:05,4,jitter_ms,41.70443932237991,-4.329456957327151,87.03625935750323
2024-01-01 00:07:06,4,jitter_ms,41.733014964225205,-0.5867495617665184,83.29518560944861
2024-01-01 00:07:07,4,jitter_ms,41.73269217171655,-4.672497857496601,85.00065972100522
2024-01-01 00:07:08,4,jitter_ms,41.732369218968664,-3.1220175829539083,84.54104439444109
2024-01-01 00:07:09,4,jitter_ms,41.732046110095744,-3.2677451618841316,85.43422465332763
2024-01-01 00:07:10,4,jitter_ms,41.731722844549594,-3.799806653733711,83.42856927094819
2024-01-01 00:07:11,4,jitter_ms,41.73139942163935,-2.79686071450909,84.92776063109856
2024-01-01 00:07:12,4,jitter_ms,41.73107583926234,-3.9818466265765955,84.33300338092552
2024-01-01 00:07:13,4,jitter_ms,41.730752104641766,1.9416153220645653,85.93264294917986
2024-01-01 00:07:14,4,jitter_ms,41.73042821397814,-2.089687068434056,83.26514978809901
2024-01-01 00:07:15,4,jitter_ms,41.730104168277485,-0.5151849094485923,84.14434346008007
2024-01-01 00:07:16,4,jitter_ms,41.72977996699143,1.1295657930498453,86.74312404192207
2024-01-01 00:07:17,4,jitter_ms,41.72945561253786,-0.05407632654723161,85.58382646890932
2024-01-01 00:07:18,4,jitter_ms,41.72913110436845,0.01271226202549678,85.65468510695514
2024-01-01 00:07:19,4,jitter_ms,41.728806440380225,0.3168526388226593,88.54707783546169
2024-01-01 00:07:20,4,jitter_ms,41.728481626100326,-4.641187013150912,85.50867954672444
2024-01-01 00:07:21,4,jitter_ms,41.72815665942582,-4.243996531676821,85.86074987969886
2024-01-01 00:07:22,4,jitter_ms,41.727831541362974,-2.4810034741150755,83.41946804439725
2024-01-01 00:07:23,4,jitter_ms,41.72750626966596,-2.1647648293727477,85.7225068907159
2024-01-01 00:07:24,4,jitter_ms,41.727180848450345,-4.007111350218986,82.86420839057318
2024-01-01 00:07:25,4,jitter_ms,41.72685527716779,-2.4011192144992815,87.2601672166029
2024-01-01 00:07:26,4,jitter_ms,41.7265295551271,-2.475017555940671,82.11000903902375
2024-01-01 00:07:27,4,jitter_ms,41.726203680790775,-1.0209319944964181,80.92874036611846
2024-01-01 00:07:28,4,jitter_ms,41.72587765968685,-1.521619471483949,83.00047855710736
2024-01-01 00:07:29,4,jitter_ms,41.72555148971208,-0.9978508994610991,86.42043551189845
2024-01-01 00:07:30,4,jitter_ms,41.72522517130694,-0.251086584690045,87.43411311908963
2024-01-01 00:07:31,4,jitter_ms,41.72489870392291,-5.78912723743885,82.20710759655117
2024-01-01 00:07:32,4,jitter_ms,41.7245720899786,-2.1782041186291794,81.68765574917657
2024-01-01 00:07:33,4,jitter_ms,41.724245328925484,-2.719631786785968,87.9861470078868
2024-01-01 00:07:34,4,jitter_ms,41.72391842177006,-1.893487737509276,85.81604951458534
2024-01-01 00:07:35,4,jitter_ms,41.72359136527675,-3.342648607356547,80.36539105054652
2024-01-01 00:07:36,4,jitter_ms,41.723264166529596,-2.460623622125205,84.42671060461633
2024-01-01 00:07:37,4,jitter_ms,41.72293682201268,-0.1342338985766164,86.35536437566435
2024-01-01 00:07:38,4,jitter_ms,41.72260933202374,-2.5446760274339453,86.51694403456943
2024-01-01 00:07:39,4,jitter_ms,41.722281695024904,-3.5796546288743403,83.52422260961809
2024-01-01 00:07:40,4,jitter_ms,41.72195391654554,-2.210387715210408,85.80776122452718
2024-01-01 00:07:41,4,jitter_ms,41.72162599448188,-2.0383950082949918,88.46701601988435
2024-01-01 00:07:42,4,jitter_ms,41.721297929274506,-2.333471908744949,82.66016349019513
2024-01-01 00:07:43,4,jitter_ms,41.720969720374754,-0.5001755408923416,84.20963349675394
2024-01-01 00:07:44,4,jitter_ms,41.72064137020176,-2.6334860858742224,84.57941896274113
2024-01-01 00:07:45,4,jitter_ms,41.720312878206904,-1.5734138927659997,85.11960085469144
2024-01-01 00:07:46,4,jitter_ms,41.719984245396894,-0.7130827189777639,85.27346108505047
2024-01-01 00:07:47,4,jitter_ms,41.71965546853535,-2.110071866105639,87.26248484532339
2024-01-01 00:07:48,4,jitter_ms,41.719326553718616,0.1995212053838767,86.46644972887545
2024-01-01 00:07:49,4,jitter_ms,41.718997498842555,-0.30926996457749045,87.30057171753991
2024-01-01 00:07:50,4,jitter_ms,41.71866830434783,-4.1324811968559905,82.87809877530067
2024-01-01 00:07:51,4,jitter_ms,41.71833896968567,-2.214939190919832,83.71270916021659
2024-01-01 00:07:52,4,jitter_ms,41.71800949727559,-0.7905408062180357,82.53347413593887
2024-01-01 00:07:53,4,jitter_ms,41.71767988656884,-3.6887037670939637,85.6517100672361
2024-01-01 00:07:54,4,jitter_ms,41.71735013800613,-3.7984835032987836,83.5828140643038
2024-01-01 00:07:55,4,jitter_ms,41.71702024948293,-4.930390770528321,86.44415076231795
2024-01-01 00:07:56,4,jitter_ms,41.71669022709656,-3.363402136583322,83.13974296310866
2024-01-01 00:07:57,4,jitter_ms,41.71636006761009,-2.1897538267877987,85.42309067404896
2024-01-01 00:07:58,4,jitter_ms,41.71602977047464,1.4277258454107875,84.08961010903676
2024-01-01 00:07:59,4,jitter_ms,41.715699339808836,-2.395638071161801,84.28668260507982
2024-01-01 00:08:00,4,jitter_ms,41.71536877336505,-2.8996618655434814,86.65622915473914
2024-01-01 00:08:01,4,jitter_ms,41.71503807215029,-1.3909848472332016,85.98369428902335
2024-01-01 00:08:02,4,jitter_ms,41.714707234059745,-0.8212010864269953,86.45675324234634
2024-01-01 00:08:03,4,jitter_ms,41.71437612272389,-3.0384426727319296,82.28219831362352
2024-01-01 00:08:04,4,jitter_ms,41.714044877939315,-1.1084212372986018,85.62614789231702
2024-01-01 00:08:05,4,jitter_ms,41.71371350071315,-6.612430063829925,82.46456950122763
2024-01-01 00:08:06,4,jitter_ms,41.71338198879737,-3.808276890656994,84.31083713620826
2024-01-01 00:08:07,4,jitter_ms,41.71305034631122,-1.5159191148340132,85.01619550254574
2024-01-01 00:08:08,4,jitter_ms,41.71271857270584,-2.9357380032191664,87.33374400063104
2024-01-01 00:08:09,4,jitter_ms,41.71238666728922,-1.5952586257768773,86.75757539415821
2024-01-01 00:08:10,4,jitter_ms,41.712054627956206,-3.3570312442136188,84.24938300250233
2024-01-01 00:08:11,4,jitter_ms,41.7117224619387,-1.2634909196924482,87.30628096273337
2024-01-01 00:08:12,4,jitter_ms,41.711390165432334,-3.0591446342427866,83.29059512330902
2024-01-01 00:08:13,4,jitter_ms,41.711057741000616,1.0602803737626931,87.25296499119654
2024-01-01 00:08:14,4,jitter_ms,41.71072518342578,-3.631041755255131,85.74950450360085
2024-01-01 00:08:15,4,jitter_ms,41.71039249979704,-3.3807458379614834,84.87280381486057
2024-01-01 00:08:16,4,jitter_ms,41.710059688009174,-1.6128095642375582,82.66187511700087
2024-01-01 00:08:17,4,jitter_ms,41.70972674906957,0.6966558805949542,85.54133474925251
2024-01-01 00:08:18,4,jitter_ms,41.70939368072961,1.083163633072845,86.45888937346105
2024-01-01 00:08:19,4,jitter_ms,41.70906048710946,1.1417975091375867,84.99108610337314
2024-01-01 00:08:20,4,jitter_ms,41.70872716766017,-3.430238411975668,84.16627826664997
2024-01-01 00:08:21,4,jitter_ms,41.7083937216895,-2.9088518143309026,86.0275740890238
2024-01-01 00:08:22,4,jitter_ms,41.70806014709181,-1.651458328814915,85.28960430190925
2024-01-01 00:08:23,4,jitter_ms,41.70772645110063,-1.0538741891384455,83.91241107312185
2024-01-01 00:08:24,4,jitter_ms,41.70739262991067,-4.307364763021139,84.76757166315205
2024-01-01 00:08:25,4,jitter_ms,41.70705868452942,-3.2417189276298983,88.70038347955922
2024-01-01 00:08:26,4,jitter_ms,41.706724614407776,-2.5984138016307483,83.49268042086594
2024-01-01 00:08:27,4,jitter_ms,41.70639042196662,-0.09985758669438777,85.0575970521407
2024-01-01 00:08:28,4,jitter_ms,41.70605610665688,-5.000782005673197,82.7759613629815
2024-01-01 00:08:29,4,jitter_ms,41.705721669486174,-0.4993225826509597,85.85307049923084
2024-01-01 00:08:30,4,jitter_ms,41.705387106648566,3.037017374803491,85.15099804820254
2024-01-01 00:08:31,4,jitter_ms,41.7050524253786,-4.239729799151478,89.38150617193355
2024-01-01 00:08:32,4,jitter_ms,41.70471762357048,-4.652666545816694,84.68610524410103
2024-01-01 00:08:33,4,jitter_ms,41.70438270053174,-0.6812605525279604,82.49473168793193
2024-01-01 00:08:34,4,jitter_ms,41.704047655713175,0.19646324314325947,85.91932776817538
2024-01-01 00:08:35,4,jitter_ms,41.703712493236175,-0.28460683519916147,87.9220200197924
2024-01-01 00:08:36,4,jitter_ms,41.70337721085137,-0.8058316506951074,88.078529510824
2024-01-01 00:08:37,4,jitter_ms,41.703041807019396,-1.621688579639905,85.85204668504171
2024-01-01 00:08:38,4,jitter_ms,41.70270628727535,-4.014468731089246,83.816544817632
2024-01-01 00:08:39,4,jitter_ms,41.70237064951318,-2.7812001267793036,84.40060075719506
2024-01-01 00:08:40,4,jitter_ms,41.70203489417384,-1.9759811350910657,83.48955617818206
2024-01-01 00:08:41,4,jitter_ms,41.70169902070814,-1.9070452708487147,83.81718051336021
2024-01-01 00:08:42,4,jitter_ms,41.701363031537475,-0.6440602136319858,84.82739230691892
2024-01-01 00:08:43,4,jitter_ms,41.70102692611264,-6.425839560131266,84.80202117858909
2024-01-01 00:08:44,4,jitter_ms,41.70069070544151,0.15994941434983365,88.815531544814
2024-01-01 00:08:45,4,jitter_ms,41.70035436628397,-0.4507598253472561,86.04127134343521
2024-01-01 00:08:46,4,jitter_ms,41.70001791474267,-1.9762841948907177,83.98843260288707
2024-01-01 00:08:47,4,jitter_ms,41.69968134871129,-2.2564789527187634,87.52061001744346
2024-01-01 00:08:48,4,jitter_ms,41.69934466863082,0.811126921659972,84.86034489941083
2024-01-01 00:08:49,4,jitter_ms,41.69900787395199,1.0728215745802288,87.4277990635395
2024-01-01 00:08:50,4,jitter_ms,41.69867096709648,0.5587031014213611,82.54986607709276
2024-01-01 00:08:51,4,jitter_ms,41.69833394751503,-0.7172833259582669,82.75493204839869
2024-01-01 00:08:52,4,jitter_ms,41.697996815648665,-3.708927039444091,85.32995991875549
2024-01-01 00:08:53,4,jitter_ms,41.69765956939072,-3.305532571219449,83.48796197783788
2024-01-01 00:08:54,4,jitter_ms,41.69732221484469,-0.25249832974145026,86.20434302714051
2024-01-01 00:08:55,4,jitter_ms,41.696984749760375,-1.855301863556391,83.65448009369688
2024-01-01 00:08:56,4,jitter_ms,41.696647173732025,-2.5096083041503756,86.12224340282332
2024-01-01 00:08:57,4,jitter_ms,41.696309484509236,-3.4973992456472236,89.14461681869646
2024-01-01 00:08:58,4,jitter_ms,41.695971688195804,1.0963226798001198,85.8818370361066
2024-01-01 00:08:59,4,jitter_ms,41.69563370458448,-1.3013012542462772,84.89738883227012
2024-01-01 00:09:00,4,jitter_ms,41.69529561221686,-0.5900405294466998,85.12110327652908
2024-01-01 00:09:01,4,jitter_ms,41.69495741054355,0.10098635378726631,81.96882796178333
2024-01-01 00:09:02,4,jitter_ms,41.69461910198662,-0.8394425241594654,82.62535335032634
2024-01-01 00:09:03,4,jitter_ms,41.694280685996695,-2.0626434476951516,84.07176749090364
2024-01-01 00:09:04,4,jitter_ms,41.693942163014896,-4.220694677692298,84.35066298010987
2024-01-01 00:09:05,4,jitter_ms,41.693603530934155,-2.499590965357603,85.30497811936601
2024-01-01 00:09:06,4,jitter_ms,41.69326479585905,-2.321777513286751,84.86973656336616
2024-01-01 00:09:07,4,jitter_ms,41.692925954548336,-2.9833584418596844,82.64378432752486
2024-01-01 00:09:08,4,jitter_ms,41.69258700801024,-2.446388172098434,86.85853362241069
2024-01-01 00:09:09,4,jitter_ms,41.69224795569532,-3.3296870712504223,85.12240717515218
2024-01-01 00:09:10,4,jitter_ms,41.691908800025885,-0.7404318735749633,82.93308203232326
2024-01-01 00:09:11,4,jitter_ms,41.69156954045251,-3.106717553532378,83.15227280317151
2024-01-01 00:09:12,4,jitter_ms,41.691230177416344,-1.065330141977194,87.80849139135152
2024-01-01 00:09:13,4,jitter_ms,41.690890708810066,-2.5102784014707473,80.00919064360758
2024-01-01 00:09:14,4,jitter_ms,41.690551140171756,2.765589186328708,87.2019156355001
2024-01-01 00:09:15,4,jitter_ms,41.690211469961355,0.7491233944941115,84.4086907522412
2024-01-01 00:09:16,4,jitter_ms,41.68987169592769,-3.7178751513538337,82.53738395139844
2024-01-01 00:09:17,4,jitter_ms,41.68953182219497,-0.9286455859416026,84.76128889087397
2024-01-01 00:09:18,4,jitter_ms,41.689191848213724,-2.7873785212283,86.76023152174363
2024-01-01 00:09:19,4,jitter_ms,41.68885177329063,-1.3029925125372337,86.81567381958897
2024-01-01 00:09:20,4,jitter_ms,41.688511595318126,0.7258034779411879,88.28355721478988
2024-01-01 00:09:21,4,jitter_ms,41.68817132153666,-2.548269679651643,85.14603685599667
2024-01-01 00:09:22,4,jitter_ms,41.68783094813689,-0.42884859616094934,86.22233793227718
2024-01-01 00:09:23,4,jitter_ms,41.687490476127316,-0.6506235973822748,86.62729723459037
2024-01-01 00:09:24,4,jitter_ms,41.68714990495836,-2.588560449527861,81.63653661469203
2024-01-01 00:09:25,4,jitter_ms,41.68680923705277,-1.9727246658375672,86.32322504694942
2024-01-01 00:09:26,4,jitter_ms,41.686468471861,-2.744107625408998,85.50741285143965
2024-01-01 00:09:27,4,jitter_ms,41.68612761039163,-4.197574330161115,80.36678531190648
2024-01-01 00:09:28,4,jitter_ms,41.68578664883482,0.26008967357973833,86.26356762082882
2024-01-01 00:09:29,4,jitter_ms,41.685445594431805,0.1068626361392779,83.64457511360982
2024-01-01 00:09:30,4,jitter_ms,41.685104445074906,-1.990959578898783,87.62989756481906
2024-01-01 00:09:31,4,jitter_ms,41.68476320007059,2.458890774176925,84.48768183811237
2024-01-01 00:09:32,4,jitter_ms,41.68442185886921,-1.5785981879986755,84.78371364984642
2024-01-01 00:09:33,4,jitter_ms,41.68408042559595,1.1147109785953315,85.948956159427
2024-01-01 00:09:34,4,jitter_ms,41.683738897998964,-1.7791023748154124,84.56461923202326
2024-01-01 00:09:35,4,jitter_ms,41.68339727708692,0.284211927406168,84.12906868270105
2024-01-01 00:09:36,4,jitter_ms,41.68305556075183,0.9398211479000271,83.98588201653482
2024-01-01 00:09:37,4,jitter_ms,41.68271375609179,-2.778367030168746,85.09866378940455
2024-01-01 00:09:38,4,jitter_ms,41.68237185788214,-4.621181584587138,84.07866343692322
2024-01-01 00:09:39,4,jitter_ms,41.68202986868996,0.2421432844211006,81.50234258410295
2024-01-01 00:09:40,4,jitter_ms,41.68168778470471,0.3304935221373019,85.02168895036642
2024-01-01 00:09:41,4,jitter_ms,41.68134561316882,-2.015647771431311,85.31189668400411
2024-01-01 00:09:42,4,jitter_ms,41.681003351974276,2.5049949479679876,86.54495655341684
2024-01-01 00:09:43,4,jitter_ms,41.680661000427335,-2.9668527052568794,84.8329695712121
2024-01-01 00:09:44,4,jitter_ms,41.68031855797827,-1.036208452626506,85.050844632167
2024-01-01 00:09:45,4,jitter_ms,41.67997602875293,0.9786879401947747,84.33747015329388
2024-01-01 00:09:46,4,jitter_ms,41.67963341049904,-1.3206912087741474,88.31053647249136
2024-01-01 00:09:47,4,jitter_ms,41.679290704225416,-3.0180714490358334,84.5630976733103
2024-01-01 00:09:48,4,jitter_ms,41.678947907823755,-3.608656189848579,85.21798747191056
2024-01-01 00:09:49,4,jitter_ms,41.678605026834575,-1.0888293341689925,88.3952159183601
2024-01-01 00:09:50,4,jitter_ms,41.678262059149574,2.4330366937498416,85.30324356772499
2024-01-01 00:09:51,4,jitter_ms,41.677919005777696,-1.108636617000138,87.5991057815451
2024-01-01 00:09:52,4,jitter_ms,41.677575864466355,-1.363160636158371,84.5650507564931
2024-01-01 00:09:53,4,jitter_ms,41.67723263934182,-3.635368650512609,82.49906513631925
2024-01-01 00:09:54,4,jitter_ms,41.67688932985439,-3.2942037766516457,86.09683036187619
2024-01-01 00:09:55,4,jitter_ms,41.67654593531011,0.6807014591528101,86.2987161377263
2024-01-01 00:09:56,4,jitter_ms,41.6762024541681,-0.11324638218897387,85.15156450546385
2024-01-01 00:09:57,4,jitter_ms,41.675858891969355,-1.7013933055390047,86.07919842678989
2024-01-01 00:09:58,4,jitter_ms,41.6755152466054,-1.6482098848436548,84.5235412412802
2024-01-01 00:09:59,4,jitter_ms,41.67517151752645,-2.6577281537151403,81.91951337078171
2024-01-01 00:10:00,4,jitter_ms,41.674827707156076,1.9968091349972916,86.17067083645642
2024-01-01 00:10:01,4,jitter_ms,41.67448381494451,-1.452873666916271,86.31391794778801
2024-01-01 00:10:02,4,jitter_ms,41.67413984133311,-2.4717791577151305,82.83777581732879
2024-01-01 00:10:03,4,jitter_ms,41.673795784213176,1.0462312604342285,84.33436886228722
2024-01-01 00:10:04,4,jitter_ms,41.67345164969387,-2.0653774392966535,83.36426331956675
2024-01-01 00:10:05,4,jitter_ms,41.67310743453106,-2.057134120297389,87.18542585411579
2024-01-01 00:10:06,4,jitter_ms,41.67276313973383,1.6457792063173922,84.19815507385667
2024-01-01 00:10:07,4,jitter_ms,41.67241876475235,-4.816203756050775,81.48483706422375
2024-01-01 00:10:08,4,jitter_ms,41.67207431201037,-3.288529268705322,83.8512667057779
2024-01-01 00:10:09,4,jitter_ms,41.67172978095808,-1.5378144075636544,84.56825736561919
2024-01-01 00:10:10,4,jitter_ms,41.67138517203685,-2.9119491464981873,84.42976274926906
2024-01-01 00:10:11,4,jitter_ms,41.671040483137794,-3.1220983296081544,81.95284694048375
2024-01-01 00:10:12,4,jitter_ms,41.67069571980277,-0.9429641939188558,83.3791295927025
2024-01-01 00:10:13,4,jitter_ms,41.67035088049078,-3.3695308795373187,83.59142448963912
2024-01-01 00:10:14,4,jitter_ms,41.670005965498774,-3.0741431956235767,83.86918714149886
2024-01-01 00:10:15,4,jitter_ms,41.669660971303145,-2.9487465853043595,85.55590196643007
2024-01-01 00:10:16,4,jitter_ms,41.669315905005064,-3.978260038142478,83.19786219237476
2024-01-01 00:10:17,4,jitter_ms,41.668970763359866,-0.6116482912115633,86.56643682702996
2024-01-01 00:10:18,4,jitter_ms,41.6686255473768,-1.5112744289202573,84.52448306831197
2024-01-01 00:10:19,4,jitter_ms,41.66828025650599,-0.7802978237902679,82.5587045578143
2024-01-01 00:10:20,4,jitter_ms,41.66793489317138,-4.816073808772168,83.48376313873445
2024-01-01 00:10:21,4,jitter_ms,41.66758945682311,-2.159879520347419,83.87473309794582
2024-01-01 00:10:22,4,jitter_ms,41.66724394790258,-0.8997811640707526,84.46762661268806
2024-01-01 00:10:23,4,jitter_ms,41.66689836430063,-2.891107161921658,85.14133683788265
2024-01-01 00:10:24,4,jitter_ms,41.666552711559774,-4.0834472866586715,83.7113525956057
2024-01-01 00:10:25,4,jitter_ms,41.66620698813883,-0.9176190209836024,90.93812330725486
2024-01-01 00:10:26,4,jitter_ms,41.66586119334333,-1.7408813920961563,85.1977061140514
2024-01-01 00:10:27,4,jitter_ms,41.66551532662332,-0.4417247915172883,85.85916700902766
2024-01-01 00:10:28,4,jitter_ms,41.66516939210678,0.8872030586536872,86.77166030189456
2024-01-01 00:10:29,4,jitter_ms,41.66482338753992,0.07829113612403824,90.56630380409855
2024-01-01 00:10:30,4,jitter_ms,41.66447731393212,-3.593208299946291,83.55023920648561
2024-01-01 00:10:31,4,jitter_ms,41.66413116917406,-2.5097082283326366,82.3404917755767
2024-01-01 00:10:32,4,jitter_ms,41.663784958808634,0.4634148416992547,88.736040701141
2024-01-01 00:10:33,4,jitter_ms,41.66343868072655,-4.998623678215322,86.6047462984336
2024-01-01 00:10:34,4,jitter_ms,41.663092335937264,-1.2915762226791074,85.1215537257755
2024-01-01 00:10:35,4,jitter_ms,41.66274592218673,-2.8635934165356858,87.31053766989433
2024-01-01 00:10:36,4,jitter_ms,41.66239944360326,0.03145025632201634,85.55340770020905
2024-01-01 00:10:37,4,jitter_ms,41.66205289963694,-0.6761264171537897,88.21802624858903
2024-01-01 00:10:38,4,jitter_ms,41.661706286474114,-2.6182338150394577,81.75074248520717
2024-01-01 00:10:39,4,jitter_ms,41.66135961136219,-2.0486453116596923,86.54901639534422
2024-01-01 00:10:40,4,jitter_ms,41.661012872191755,-4.6305597163724626,86.08868224846354
2024-01-01 00:10:41,4,jitter_ms,41.6606660682681,-0.2498561429179937,85.20916425975823
2024-01-01 00:10:42,4,jitter_ms,41.6603191990412,-3.842600732268181,86.59476570477894
2024-01-01 00:10:43,4,jitter_ms,41.659972268639685,-2.1820764468618474,86.13594150491072
2024-01-01 00:10:44,4,jitter_ms,41.659625274809265,-1.5986809883874153,86.08990203071643
2024-01-01 00:10:45,4,jitter_ms,41.65927821855951,0.508826359796198,85.1799113664013
2024-01-01 00:10:46,4,jitter_ms,41.65893109778079,-4.436479516859757,86.1195009580405
2024-01-01 00:10:47,4,jitter_ms,41.658583918016674,-2.236656934079547,88.08083673912684
2024-01-01 00:10:48,4,jitter_ms,41.65823667715758,-1.366806950660724,85.00858743446051
2024-01-01 00:10:49,4,jitter_ms,41.657889376213134,-4.104041991435658,88.19216299385161
2024-01-01 00:10:50,4,jitter_ms,41.65754201292881,-3.350294585351933,84.05235714659554
2024-01-01 00:10:51,4,jitter_ms,41.65719459143354,-2.6838769099733035,85.54357484324669
2024-01-01 00:10:52,4,jitter_ms,41.656847111177335,-2.2062332130205577,79.72125696714438
2024-01-01 00:10:53,4,jitter_ms,41.65649957146527,0.20914667393683722,86.89382629659991
2024-01-01 00:10:54,4,jitter_ms,41.65615197075579,-4.490193103319267,83.42101592357047
2024-01-01 00:10:55,4,jitter_ms,41.65580431459278,-2.504100218269795,85.6133390470778
2024-01-01 00:10:56,4,jitter_ms,41.65545660242624,-4.493232922426919,82.82971380787487
2024-01-01 00:10:57,4,jitter_ms,41.6551088315782,-3.451057048009619,87.52118756589394
2024-01-01 00:10:58,4,jitter_ms,41.65476100149854,-0.4786198190487555,84.75203262435554
2024-01-01 00:10:59,4,jitter_ms,41.654413117731316,-1.6601773993618245,83.27874762590727
2024-01-01 00:11:00,4,jitter_ms,41.654065178166725,-4.3935620722985975,85.3243818668325
2024-01-01 00:11:01,4,jitter_ms,41.65371718381451,-2.6957522692331812,84.65027437832275
2024-01-01 00:11:02,4,jitter_ms,41.65336913241979,-7.238726151799012,83.64616268166193
2024-01-01 00:11:03,4,jitter_ms,41.65302102811196,-1.8987515792612397,87.61516717203618
2024-01-01 00:11:04,4,jitter_ms,41.65267287034096,-2.4196104202206747,84.89380088639578
2024-01-01 00:11:05,4,jitter_ms,41.652324658411686,-1.5148075781453811,86.73236235566712
2024-01-01 00:11:06,4,jitter_ms,41.6519763907825,-0.8289911279287172,83.67767632086326
2024-01-01 00:11:07,4,jitter_ms,41.65162807299772,-1.9569722045650997,83.26577958575857
2024-01-01 00:11:08,4,jitter_ms,41.65127970294742,1.7434199559850874,85.53842015816785
2024-01-01 00:11:09,4,jitter_ms,41.65093128107307,-0.9379745353890988,85.8319871299003
2024-01-01 00:11:10,4,jitter_ms,41.650582806824595,-2.48566612253679,84.74459182221007
2024-01-01 00:11:11,4,jitter_ms,41.65023428262662,-3.161409243299099,83.5290681364867
2024-01-01 00:11:12,4,jitter_ms,41.64988570792906,-3.5995179138962268,84.73606803012397
2024-01-01 00:11:13,4,jitter_ms,41.6495370837418,0.2501480610915423,85.80126077773663
2024-01-01 00:11:14,4,jitter_ms,41.64918840681799,-0.08266228867978123,83.17002125369638
2024-01-01 00:11:15,4,jitter_ms,41.64883968327063,0.2634511971757624,85.81083527807236
2024-01-01 00:11:16,4,jitter_ms,41.64849091098965,-1.9683070021388498,84.86828103677794
2024-01-01 00:11:17,4,jitter_ms,41.64814208942493,-0.4221175263347568,84.77424560335264
2024-01-01 00:11:18,4,jitter_ms,41.64779322100118,-3.077588851927357,82.86025481852637
2024-01-01 00:11:19,4,jitter_ms,41.647444305168285,-0.7323916168500986,86.2946321766657
2024-01-01 00:11:20,4,jitter_ms,41.64709534236774,-5.274557428765813,84.6868250718503
2024-01-01 00:11:21,4,jitter_ms,41.64674633048938,-3.428197394129977,82.2551009424252
2024-01-01 00:11:22,4,jitter_ms,41.646397275078,-4.115321006550988,86.15580558063158
2024-01-01 00:11:23,4,jitter_ms,41.64604817459191,0.3336423710490262,85.62613599253002
2024-01-01 00:11:24,4,jitter_ms,41.64569902833572,-2.153161979937769,86.43018937964513
2024-01-01 00:11:25,4,jitter_ms,41.645349835759255,-3.442840597180774,85.37100090408894
2024-01-01 00:11:26,4,jitter_ms,41.64500060099266,-3.910444071396906,84.03629966141285
2024-01-01 00:11:27,4,jitter_ms,41.64465132178043,1.0578478713681603,86.00551401681138
2024-01-01 00:11:28,4,jitter_ms,41.644301999132516,-2.276314289871376,83.31835640609474
2024-01-01 00:11:29,4,jitter_ms,41.64395263093865,-3.0307379051797985,84.97772888311049
2024-01-01 00:11:30,4,jitter_ms,41.643603222743856,-4.610498236734222,87.83545820733882
2024-01-01 00:11:31,4,jitter_ms,41.64325377243787,-2.0904878627686734,84.94238638367362
2024-01-01 00:11:32,4,jitter_ms,41.64290428103072,-5.558550718639261,82.79681969664905
2024-01-01 00:11:33,4,jitter_ms,41.64255474626668,-0.14465281173214592,84.38527638907594
2024-01-01 00:11:34,4,jitter_ms,41.642205172276135,-3.785455446265292,85.75169026253589
2024-01-01 00:11:35,4,jitter_ms,41.64185555850893,-5.3412606171303105,83.30302832692973
2024-01-01 00:11:36,4,jitter_ms,41.6415059042695,-3.01911215058191,83.08486869867349
2024-01-01 00:11:37,4,jitter_ms,41.641156207447445,-0.7040124636978398,82.92192915307857
2024-01-01 00:11:38,4,jitter_ms,41.640806476853896,-4.4247452321678855,86.0520236550378
2024-01-01 00:11:39,4,jitter_ms,41.64045670555238,-6.32056455773039,81.83812139328076
2024-01-01 00:11:40,4,jitter_ms,41.640106896113174,-2.637834973736074,84.54345581917154
2024-01-01 00:11:41,4,jitter_ms,41.63975704642584,2.3543609050098064,87.81738285787783
2024-01-01 00:11:42,4,jitter_ms,41.63940716203573,-3.9463900395334486,84.60045308882322
2024-01-01 00:11:43,4,jitter_ms,41.63905724083242,-1.5059707282994872,86.07705819104902
2024-01-01 00:11:44,4,jitter_ms,41.638707283826015,-3.945908208861458,83.56361247251199
2024-01-01 00:11:45,4,jitter_ms,41.638357288760524,-1.47145791031735,82.52204582234593
2024-01-01 00:11:46,4,jitter_ms,41.63800725976662,-2.293673013476167,87.261416142024
2024-01-01 00:11:47,4,jitter_ms,41.63765719629413,-1.3376952806844324,84.83378900341647
2024-01-01 00:11:48,4,jitter_ms,41.63730709764731,-1.0698775752603316,84.49693690435049
2024-01-01 00:11:49,4,jitter_ms,41.63695696171563,-3.813822049183127,84.86811225259457
2024-01-01 00:11:50,4,jitter_ms,41.63660679575053,0.9385227664802933,86.6643026723476
2024-01-01 00:11:51,4,jitter_ms,41.636256595935585,0.22715522175796138,87.87075207533533
2024-01-01 00:11:52,4,jitter_ms,41.63590636328091,-2.100856496319695,86.93945524925255
2024-01-01 00:11:53,4,jitter_ms,41.635556097236325,1.2808479697459754,84.53430983254643
2024-01-01 00:11:54,4,jitter_ms,41.63520580022671,-1.8788285713840094,87.4636766809938
2024-01-01 00:11:55,4,jitter_ms,41.63485547170185,-1.3779408931028356,84.05035470608047
2024-01-01 00:11:56,4,jitter_ms,41.63450510955119,-1.0690058505760365,84.51970019548719
2024-01-01 00:11:57,4,jitter_ms,41.63415471932036,-2.377036339302819,85.72606670317478
2024-01-01 00:11:58,4,jitter_ms,41.633804298898774,-5.420795213605009,84.93595658597864
2024-01-01 00:11:59,4,jitter_ms,41.63345384929664,-4.338795538779111,84.79414091209847
2024-01-01 00:12:00,4,jitter_ms,41.63310336825763,-2.393376052738275,82.28992403423062
2024-01-01 00:12:01,4,jitter_ms,41.632752859912756,-2.719320926477953,81.79565906540107
2024-01-01 00:12:02,4,jitter_ms,41.63240232371184,-0.7719360905038652,86.85978756557216
2024-01-01 00:12:03,4,jitter_ms,41.63205175895889,-2.239375651414396,83.08810383819926
2024-01-01 00:12:04,4,jitter_ms,41.631701164112,0.05324061844802081,87.43958251816426
2024-01-01 00:12:05,4,jitter_ms,41.63135054471693,-2.2086880109402807,85.90661986338984
2024-01-01 00:12:06,4,jitter_ms,41.63099989866304,-2.317627486800798,85.69041488809967
2024-01-01 00:12:07,4,jitter_ms,41.63064922639181,0.6441086694401629,84.12333816198904
2024-01-01 00:12:08,4,jitter_ms,41.63029852735303,1.9742392503085444,84.58062356191311
2024-01-01 00:12:09,4,jitter_ms,41.62994780397157,-1.5674900750078684,84.53103145004968
2024-01-01 00:12:10,4,jitter_ms,41.62959705569721,-1.0752983203481574,83.54117889128929
2024-01-01 00:12:11,4,jitter_ms,41.629246283540255,-4.971259126427099,85.85671560788451
2024-01-01 00:12:12,4,jitter_ms,41.628895484252396,-0.6428448818507156,85.61430692113719
2024-01-01 00:12:13,4,jitter_ms,41.62854466394829,-2.686627169546392,83.4278066952359
2024-01-01 00:12:14,4,jitter_ms,41.62819382051721,-0.5219437254063503,86.25038710800341
2024-01-01 00:12:15,4,jitter_ms,41.62784295596117,-1.1064440088823981,86.22585809558302
2024-01-01 00:12:16,4,jitter_ms,41.627492065048386,-2.217427801940185,86.46794815714925
2024-01-01 00:12:17,4,jitter_ms,41.62714115488529,-5.27779539839042,84.08385426964439
2024-01-01 00:12:18,4,jitter_ms,41.62679022336113,-3.1415571483838454,82.99737022470188
2024-01-01 00:12:19,4,jitter_ms,41.62643927091739,-1.556540236130593,86.17980482637984
2024-01-01 00:12:20,4,jitter_ms,41.62608829700384,-1.6993586784114807,84.24908290418085
2024-01-01 00:12:21,4,jitter_ms,41.62573730404535,-2.2155337206715036,85.75374838270442
2024-01-01 00:12:22,4,jitter_ms,41.62538629149169,-2.491759340138751,88.56178153813693
2024-01-01 00:12:23,4,jitter_ms,41.62503526035319,-3.940553377212207,87.11509517960955
2024-01-01 00:12:24,4,jitter_ms,41.62468420738132,-3.3128365911413815,88.13515108032958
2024-01-01 00:12:25,4,jitter_ms,41.62433313869094,-1.9651543113367556,82.56946376685833
2024-01-01 00:12:26,4,jitter_ms,41.62398205217126,-2.3943401291877535,85.22510645250989
2024-01-01 00:12:27,4,jitter_ms,41.623630948263724,-3.5972596697443384,82.49953083638897
2024-01-01 00:12:28,4,jitter_ms,41.62327982641811,-2.825304864950194,86.30541100289138
2024-01-01 00:12:29,4,jitter_ms,41.622928689059265,-2.9764392049889214,86.7636417156524
2024-01-01 00:12:30,4,jitter_ms,41.62257753563694,-1.6605512455110785,84.76301795033007
2024-01-01 00:12:31,4,jitter_ms,41.6222263665926,-0.27180270208062063,87.37093277180507
2024-01-01 00:12:32,4,jitter_ms,41.621875179815405,-2.4883070717897042,83.37849656040626
2024-01-01 00:12:33,4,jitter_ms,41.621523981420324,-0.27002049574692183,83.58678793099072
2024-01-01 00:12:34,4,jitter_ms,41.62117276815866,-1.0929321128688776,83.441869363479
2024-01-01 00:12:35,4,jitter_ms,41.620821539480154,-2.36911873303859,85.29443699182762
2024-01-01 00:12:36,4,jitter_ms,41.62047029951645,-4.0894403829253045,83.8961164905721
2024-01-01 00:12:37,4,jitter_ms,41.62011904601048,0.25974353761844843,87.36430488600762
2024-01-01 00:12:38,4,jitter_ms,41.61976777997263,-0.5689336081286421,88.3449840695255
2024-01-01 00:12:39,4,jitter_ms,41.61941649929205,-0.4014281845673172,83.76200386386279
2024-01-01 00:12:40,4,jitter_ms,41.619065209514766,1.0800115418791758,84.19411262520964
2024-01-01 00:12:41,4,jitter_ms,41.61871390852992,-0.5624668375766495,85.1181668770185
2024-01-01 00:12:42,4,jitter_ms,41.61836259734793,0.14434769313705592,85.30606718335014
2024-01-01 00:12:43,4,jitter_ms,41.61801127371162,-3.740018464288853,86.38004629571947
2024-01-01 00:12:44,4,jitter_ms,41.617659941752706,-2.1093455149151406,85.65212631887286
2024-01-01 00:12:45,4,jitter_ms,41.617308600920936,-3.6232816143903097,87.17670317151887
2024-01-01 00:12:46,4,jitter_ms,41.61695725051978,0.2655818927720678,83.63500345227064
2024-01-01 00:12:47,4,jitter_ms,41.61660588843831,-2.058032955069817,86.98112105729894
2024-01-01 00:12:48,4,jitter_ms,41.61625452192961,1.1161512046735822,83.81917000313169
2024-01-01 00:12:49,4,jitter_ms,41.615903147175764,0.6384588305282503,84.04745970907514
2024-01-01 00:12:50,4,jitter_ms,41.6155517651872,-1.6028313542169843,87.450023562958
2024-01-01 00:12:51,4,jitter_ms,41.61520037541367,-1.2909605579497245,79.53392966665805
2024-01-01 00:12:52,4,jitter_ms,41.6148489802799,-5.51948796494466,86.51876702079088
2024-01-01 00:12:53,4,jitter_ms,41.61449757923563,-3.249097085874154,86.49783500506915
2024-01-01 00:12:54,4,jitter_ms,41.61414617329135,-1.661293093816559,84.88789101699564
2024-01-01 00:12:55,4,jitter_ms,41.613794758628984,-1.2844855601566876,83.84615832094057
2024-01-01 00:12:56,4,jitter_ms,41.61344334250171,-3.547024840219667,84.72972312121591
2024-01-01 00:12:57,4,jitter_ms,41.61309192435932,-3.6347130383746564,83.9242963862452
2024-01-01 00:12:58,4,jitter_ms,41.612740500383715,-4.885473237183557,83.35178915541461
2024-01-01 00:12:59,4,jitter_ms,41.61238907002466,-3.3074812162952316,83.13650029440633
2024-01-01 00:13:00,4,jitter_ms,41.612037640535384,-5.489387991095477,86.7755154162924
2024-01-01 00:13:01,4,jitter_ms,41.61168620809773,-1.2717737658389632,82.70246163609147
2024-01-01 00:13:02,4,jitter_ms,41.61133477372218,-2.799868076040491,86.4518482487247
2024-01-01 00:13:03,4,jitter_ms,41.61098333685851,-1.6376007657319704,84.56840625690334
2024-01-01 00:13:04,4,jitter_ms,41.61063189993131,0.10740538192241647,85.10217527871055
2024-01-01 00:13:05,4,jitter_ms,41.610280462390364,-4.1901685667911535,86.26664172383512
2024-01-01 00:13:06,4,jitter_ms,41.60992902524614,-3.1693977802326323,87.74971382819396
2024-01-01 00:13:07,4,jitter_ms,41.6095775846804,0.1979046305530837,88.7511190560717
2024-01-01 00:13:08,4,jitter_ms,41.60922614794643,-3.3587216289641337,83.99701982147694
2024-01-01 00:13:09,4,jitter_ms,41.608874712933314,-3.7867005332100643,85.22810659992115
2024-01-01 00:13:10,4,jitter_ms,41.6085232789442,-2.951264074995595,85.21637492592805
2024-01-01 00:13:11,4,jitter_ms,41.60817184542882,-1.6018286355640108,84.5506518751498
2024-01-01 00:13:12,4,jitter_ms,41.60782041651911,0.6877010664089791,86.3309165773523
2024-01-01 00:13:13,4,jitter_ms,41.60746898995745,-5.308599395039602,86.401357688572
2024-01-01 00:13:14,4,jitter_ms,41.60711756675431,-2.447344718478305,84.11657154988107
2024-01-01 00:13:15,4,jitter_ms,41.60676614479879,-4.728946150373552,84.76603963273105
2024-01-01 00:13:16,4,jitter_ms,41.60641472963677,-3.985796423556547,87.69346439079177
2024-01-01 00:13:17,4,jitter_ms,41.606063319157315,-1.9652598572319313,81.31765851354693
2024-01-01 00:13:18,4,jitter_ms,41.605711912810236,-3.0036387136716995,84.45285239614122
2024-01-01 00:13:19,4,jitter_ms,41.605360513019946,-3.1594086895652094,82.03227084591454
2024-01-01 00:13:20,4,jitter_ms,41.60500911923624,-2.2347829990141594,83.76361246204887
2024-01-01 00:13:21,4,jitter_ms,41.60465773246965,-4.279538359960502,84.35392628711196
2024-01-01 00:13:22,4,jitter_ms,41.60430634947087,-0.3794418885200568,84.86894510257044
2024-01-01 00:13:23,4,jitter_ms,41.6039549763549,0.21213885305938432,86.27741460012393
2024-01-01 00:13:24,4,jitter_ms,41.603603611010826,-0.1896829178164794,87.73568495950362
2024-01-01 00:13:25,4,jitter_ms,41.603252253879944,1.6095441428217114,87.99522163956382
2024-01-01 00:13:26,4,jitter_ms,41.602900904412095,-0.5267118388916315,83.67569234554472
2024-01-01 00:13:27,4,jitter_ms,41.60254956503157,-5.870045860455944,83.3051644577417
2024-01-01 00:13:28,4,jitter_ms,41.60219823518819,1.3763230798958788,88.36109131270369
2024-01-01 00:13:29,4,jitter_ms,41.60184691532324,-2.0590981893981137,85.27006119989917
2024-01-01 00:13:30,4,jitter_ms,41.60149560332585,-3.6382379593643353,84.65697777357977
2024-01-01 00:13:31,4,jitter_ms,41.601144305310925,-1.6227373015727713,85.43968654030115
2024-01-01 00:13:32,4,jitter_ms,41.6007930180291,-1.594273204401777,86.6920482363148
2024-01-01 00:13:33,4,jitter_ms,41.600441742490894,-2.6708335734380824,84.68601651018892
2024-01-01 00:13:34,4,jitter_ms,41.600090478146136,-0.4861557528923685,83.94424136648603
2024-01-01 00:13:35,4,jitter_ms,41.59973922741902,-2.066322637698052,83.8190158825178
2024-01-01 00:13:36,4,jitter_ms,41.59938798975937,-4.1533760079625415,85.49262619148932
2024-01-01 00:13:37,4,jitter_ms,41.59903676560847,-0.49316862686786983,83.78940733006421
2024-01-01 00:13:38,4,jitter_ms,41.598685552855436,-3.4826296398514947,85.17398598295739
2024-01-01 00:13:39,4,jitter_ms,41.59833435860651,-1.1977280370164194,85.16017819408748
2024-01-01 00:13:40,4,jitter_ms,41.59798317762942,-2.7382524434339017,86.37464089769544
2024-01-01 00:13:41,4,jitter_ms,41.59763201192614,-1.589242580522446,87.3736320917816
2024-01-01 00:13:42,4,jitter_ms,41.59728085938581,-5.589386302034272,84.7264644590688
2024-01-01 00:13:43,4,jitter_ms,41.59692972612315,-0.4980844053991601,85.00953206298693
2024-01-01 00:13:44,4,jitter_ms,41.59657860888878,-3.4537121208189903,85.41253323773701
2024-01-01 00:13:45,4,jitter_ms,41.59622750869319,3.1648086209396245,84.89022083916186
2024-01-01 00:13:46,4,jitter_ms,41.595876424986244,-1.0921862106138565,84.16007024091299
2024-01-01 00:13:47,4,jitter_ms,41.59552536019197,-3.8796504842017314,85.75328262721779
2024-01-01 00:13:48,4,jitter_ms,41.595174313760175,-0.9190546290426745,86.08879865458262
2024-01-01 00:13:49,4,jitter_ms,41.5948232861321,-2.0004759175526745,82.1726671964007
2024-01-01 00:13:50,4,jitter_ms,41.59447227519695,0.4031023726900264,84.53947733755788
2024-01-01 00:13:51,4,jitter_ms,41.594121286499984,-3.803336249258586,85.68533337618776
2024-01-01 00:13:52,4,jitter_ms,41.5937703184997,-3.012394965198793,85.07066737479818
2024-01-01 00:13:53,4,jitter_ms,41.593419370498694,-1.1024308663246176,86.10554852523929
2024-01-01 00:13:54,4,jitter_ms,41.593068441946826,-5.3759870608253335,84.56574695439156
2024-01-01 00:13:55,4,jitter_ms,41.592717536975925,-0.29512802022182744,83.70975576547454
2024-01-01 00:13:56,4,jitter_ms,41.59236665332788,-4.6058444935708724,85.28329490849234
2024-01-01 00:13:57,4,jitter_ms,41.592015788891935,-0.5474573258024173,86.51407106180984
2024-01-01 00:13:58,4,jitter_ms,41.59166495092117,-1.5377045955821633,82.88637310471978
2024-01-01 00:13:59,4,jitter_ms,41.59131413559682,-3.125149482409713,82.2851886868204
2024-01-01 00:14:00,4,jitter_ms,41.59096334392938,0.3967966800464125,83.04372784979994
2024-01-01 00:14:01,4,jitter_ms,41.590612575368766,-0.6324908881744213,83.59860841498411
2024-01-01 00:14:02,4,jitter_ms,41.590261832338705,-3.054668589980466,87.39768628375985
2024-01-01 00:14:03,4,jitter_ms,41.58991111428907,-3.1788143206553308,83.57866422013704
2024-01-01 00:14:04,4,jitter_ms,41.589560422230385,-5.3447436979479335,85.28156254700866
2024-01-01 00:14:05,4,jitter_ms,41.58920975234386,-5.057589937988663,82.33134818487225
2024-01-01 00:14:06,4,jitter_ms,41.588859111882456,-3.478861939970878,85.35146846830105
2024-01-01 00:14:07,4,jitter_ms,41.58850849873546,-2.6875641747952312,83.47726321666651
2024-01-01 00:14:08,4,jitter_ms,41.58815791220529,1.0640548323035999,85.38165052539664
2024-01-01 00:14:09,4,jitter_ms,41.58780735174183,-1.7916339844091564,83.0505055036613
2024-01-01 00:14:10,4,jitter_ms,41.58745682147679,-6.037144117443263,84.2470696203137
2024-01-01 00:14:11,4,jitter_ms,41.58710631915195,-0.5955273819669934,84.89409228256852
2024-01-01 00:14:12,4,jitter_ms,41.5867558457778,2.836021905774053,83.74836287289033
2024-01-01 00:14:13,4,jitter_ms,41.58640539924371,-4.531085722843955,87.76909539014997
2024-01-01 00:14:14,4,jitter_ms,41.5860549850943,1.2176890464324523,86.2824499445264
2024-01-01 00:14:15,4,jitter_ms,41.585704601218914,-3.7534898818277145,82.89972050519481
2024-01-01 00:14:16,4,jitter_ms,41.58535425018861,-2.1815820346353436,87.29797489733086
2024-01-01 00:14:17,4,jitter_ms,41.58500392506348,-3.189372185405651,87.72021867830874
2024-01-01 00:14:18,4,jitter_ms,41.58465363465677,-2.2075768764790333,88.24545319589335
2024-01-01 00:14:19,4,jitter_ms,41.58430337685787,-2.0122162789696,87.30889378887795
2024-01-01 00:14:20,4,jitter_ms,41.58395315096904,-1.7019118638186561,82.75302550785321
2024-01-01 00:14:21,4,jitter_ms,41.58360295644024,-4.55038824193215,84.51693870232802
2024-01-01 00:14:22,4,jitter_ms,41.58325279740301,-1.2507874954345741,88.62150242572415
2024-01-01 00:14:23,4,jitter_ms,41.582902671599065,-0.2940554922146031,87.00027997060951
2024-01-01 00:14:24,4,jitter_ms,41.58255258003888,-4.165294034126956,85.8752255583953
2024-01-01 00:14:25,4,jitter_ms,41.58220252061191,-3.0691085922030004,88.05267523893339
2024-01-01 00:14:26,4,jitter_ms,41.58185249886238,-6.537202137527542,82.84677039298477
2024-01-01 00:14:27,4,jitter_ms,41.58150251267974,-1.2329798744903768,91.52797281563102
2024-01-01 00:14:28,4,jitter_ms,41.58115256307448,-0.9875659679555485,87.35890552640745
2024-01-01 00:14:29,4,jitter_ms,41.58080264778829,0.847006751100585,87.90027724144852
2024-01-01 00:14:30,4,jitter_ms,41.58045277095257,-3.498286115063057,83.64820117577943
2024-01-01 00:14:31,4,jitter_ms,41.5801029320173,-2.0436471284222297,84.85350759932146
2024-01-01 00:14:32,4,jitter_ms,41.57975313028462,1.7885340733256725,82.1563121084508
2024-01-01 00:14:33,4,jitter_ms,41.57940336421354,-2.034223078765676,85.9661337230114
2024-01-01 00:14:34,4,jitter_ms,41.57905363934797,-0.5658477163952753,86.09117174861457
2024-01-01 00:14:35,4,jitter_ms,41.578703953577445,-0.5569460961555525,85.52158086817293
2024-01-01 00:14:36,4,jitter_ms,41.57835430635199,-2.6638785899272683,83.84190009179997
2024-01-01 00:14:37,4,jitter_ms,41.57800470009454,-3.1152230747077287,80.82690406434361
2024-01-01 00:14:38,4,jitter_ms,41.577655134255096,-1.7613679656152217,83.4175951349788
2024-01-01 00:14:39,4,jitter_ms,41.57730560927464,-1.5460379881872435,83.87564372182531
2024-01-01 00:14:40,4,jitter_ms,41.57695612304282,-1.9614019499643862,85.00096801037962
2024-01-01 00:14:41,4,jitter_ms,41.57660668167272,-2.788265004780559,86.06574992159653
2024-01-01 00:14:42,4,jitter_ms,41.57625728191503,-4.040178495755315,81.35533826100267
2024-01-01 00:14:43,4,jitter_ms,41.575907924780175,-1.4414087051269806,84.35061334514351
2024-01-01 00:14:44,4,jitter_ms,41.57555860971821,1.0820048313209756,86.69747750526537
2024-01-01 00:14:45,4,jitter_ms,41.57520933915186,-3.437583936907865,87.2631544476695
2024-01-01 00:14:46,4,jitter_ms,41.57486011253117,-6.086848126694195,83.76470242277588
2024-01-01 00:14:47,4,jitter_ms,41.57451093029705,-0.6665744735539278,85.81404161595184
2024-01-01 00:14:48,4,jitter_ms,41.574161790339254,2.028331427033243,86.57600354541954
2024-01-01 00:14:49,4,jitter_ms,41.57381269820109,-2.9487003315021627,83.97896377016961
2024-01-01 00:14:50,4,jitter_ms,41.57346365234173,-2.495818894419092,83.84271135928736
2024-01-01 00:14:51,4,jitter_ms,41.57311465206312,0.6409890964949636,85.88174972632437
2024-01-01 00:14:52,4,jitter_ms,41.57276569681535,-2.699652811736117,84.25386082798984
2024-01-01 00:14:53,4,jitter_ms,41.5724167907294,-2.815248614377396,84.0132601594463
2024-01-01 00:14:54,4,jitter_ms,41.57206793154687,-1.3543430745347302,83.74878385298705
2024-01-01 00:14:55,4,jitter_ms,41.571719120278125,-1.7322385654943533,81.13529472968695
2024-01-01 00:14:56,4,jitter_ms,41.57137035481303,0.6572275495489446,86.41486122083138
2024-01-01 00:14:57,4,jitter_ms,41.5710216406945,-2.6778094432196213,81.54612370828124
2024-01-01 00:14:58,4,jitter_ms,41.57067297737259,-3.53503988276135,84.01491189690182
2024-01-01 00:14:59,4,jitter_ms,41.570324362167675,-0.249938441558078,85.76008838620479
2024-01-01 00:15:00,4,jitter_ms,41.56997579452991,-2.7752494244109767,86.19077305931012
2024-01-01 00:15:01,4,jitter_ms,41.56962728000204,-3.2781365314190496,86.88921904892847
2024-01-01 00:15:02,4,jitter_ms,41.56927881704344,-4.4149769480621845,84.2528775863695
2024-01-01 00:15:03,4,jitter_ms,41.56893040495592,-3.369697117905597,84.1853486223764
2024-01-01 00:15:04,4,jitter_ms,41.56858204318962,-3.2009836101513542,84.65673209811025
2024-01-01 00:15:05,4,jitter_ms,41.56823373587526,-1.228715973267407,84.35109565774943
2024-01-01 00:15:06,4,jitter_ms,41.56788548075443,-1.5892463321622101,88.64405530822063
2024-01-01 00:15:07,4,jitter_ms,41.56753727883743,-3.477057496630679,82.93294319509917
2024-01-01 00:15:08,4,jitter_ms,41.567189128014284,-1.6776063347850851,85.58215277561207
2024-01-01 00:15:09,4,jitter_ms,41.56684103382735,-3.173708206606376,84.82546594503599
2024-01-01 00:15:10,4,jitter_ms,41.56649299416661,1.2443991202764888,83.71546989259642
2024-01-01 00:15:11,4,jitter_ms,41.566145010042355,-1.328338418435254,83.73576515673722
2024-01-01 00:15:12,4,jitter_ms,41.56579707919623,-0.7709174113699606,88.09499479618381
2024-01-01 00:15:13,4,jitter_ms,41.56544920575871,-1.5592875797835135,86.22166955913782
2024-01-01 00:15:14,4,jitter_ms,41.565101389179965,-3.735309909319947,89.53013519019692
2024-01-01 00:15:15,4,jitter_ms,41.564753625641565,1.7000250872641696,86.55056255178883
2024-01-01 00:15:16,4,jitter_ms,41.564405922394045,-1.8839441740537288,83.30360834810361
2024-01-01 00:15:17,4,jitter_ms,41.56405827732753,-0.34115352884111766,85.48057948824643
2024-01-01 00:15:18,4,jitter_ms,41.56371068974369,-2.330989587558271,86.58290702651804
2024-01-01 00:15:19,4,jitter_ms,41.563363159092724,-3.304997862975094,83.40803834299669
2024-01-01 00:15:20,4,jitter_ms,41.56301568950496,-0.9058321545233342,83.83331841841819
2024-01-01 00:15:21,4,jitter_ms,41.56266827872198,-4.4072425989155,84.4307140517085
2024-01-01 00:15:22,4,jitter_ms,41.56232092775403,-0.9096295405869701,83.7101200721642
2024-01-01 00:15:23,4,jitter_ms,41.561973634491395,-0.3643252482774964,82.05780492238522
2024-01-01 00:15:24,4,jitter_ms,41.56162640447558,-0.6481724055826831,84.92588614304326
2024-01-01 00:15:25,4,jitter_ms,41.56127923559683,-0.6034213266836188,85.17854743250838
2024-01-01 00:15:26,4,jitter_ms,41.56093212886536,-3.9586369405659356,82.02871187639042
2024-01-01 00:15:27,4,jitter_ms,41.56058508202283,-0.37326206838605114,83.94732485293096
2024-01-01 00:15:28,4,jitter_ms,41.560238099199296,-3.1379688763464113,86.03896429869549
2024-01-01 00:15:29,4,jitter_ms,41.559891179844996,-5.553836991345815,83.21555234364934
2024-01-01 00:15:30,4,jitter_ms,41.55954432326149,-2.7483708981488424,85.55075268826788
2024-01-01 00:15:31,4,jitter_ms,41.55919752790875,2.1645006891944094,87.38687835947218
2024-01-01 00:15:32,4,jitter_ms,41.558850799327814,-1.9486094648242915,85.13074933529364
2024-01-01 00:15:33,4,jitter_ms,41.5585041354091,-3.753075584757996,87.58657568063545
2024-01-01 00:15:34,4,jitter_ms,41.5581575365932,-2.998385873666503,84.2194559943736
2024-01-01 00:15:35,4,jitter_ms,41.55781100233044,-1.6347060326500162,84.89693831772233
2024-01-01 00:15:36,4,jitter_ms,41.55746453504197,-3.5871128973236432,85.32444849758268
2024-01-01 00:15:37,4,jitter_ms,41.5571181341781,-4.183920326173343,81.54437396499073
2024-01-01 00:15:38,4,jitter_ms,41.55677180074895,-1.710657528873716,83.36333521588304
2024-01-01 00:15:39,4,jitter_ms,41.55642553150601,-4.574117135441671,85.41680581032148
2024-01-01 00:15:40,4,jitter_ms,41.55607933354956,-0.7139629643784332,83.42619902355456
2024-01-01 00:15:41,4,jitter_ms,41.55573320335934,0.17835061745704744,82.4441269182312
2024-01-01 00:15:42,4,jitter_ms,41.55538714122695,-2.532637033309029,84.61695426655947
2024-01-01 00:15:43,4,jitter_ms,41.555041145612634,1.6712984033970655,81.44615285103536
2024-01-01 00:15:44,4,jitter_ms,41.554695222056694,-0.16615691732997295,85.13144517309321
2024-01-01 00:15:45,4,jitter_ms,41.55434936844975,-1.131412410016362,85.36880524289161
2024-01-01 00:15:46,4,jitter_ms,41.554003585232316,-0.011575424813912674,83.22322806423374
2024-01-01 00:15:47,4,jitter_ms,41.553657871854796,-1.699341522541709,86.28215841112663
2024-01-01 00:15:48,4,jitter_ms,41.55331223073791,-2.6036460491017897,83.4967269443298
2024-01-01 00:15:49,4,jitter_ms,41.55296666133204,-0.3445105714408782,85.2538544713237
2024-01-01 00:15:50,4,jitter_ms,41.55262116464723,-2.524061169640814,85.3128358731972
2024-01-01 00:15:51,4,jitter_ms,41.55227573743517,-0.947069526588581,83.36101258564182
2024-01-01 00:15:52,4,jitter_ms,41.55193038580521,-1.4862037723932229,83.48861075022278
2024-01-01 00:15:53,4,jitter_ms,41.55158510764814,-0.4944203413151466,84.49637005413098
2024-01-01 00:15:54,4,jitter_ms,41.55123990241442,-0.16174057643746945,88.81553106897334
2024-01-01 00:15:55,4,jitter_ms,41.5508947725245,-1.2076491959884,86.23639545919684
2024-01-01 00:15:56,4,jitter_ms,41.550549717428794,-2.000867136613181,86.48421205803662
2024-01-01 00:15:57,4,jitter_ms,41.55020473756773,-3.9880978144165486,83.79380313882355
2024-01-01 00:15:58,4,jitter_ms,41.54985983083229,-1.3528334228813348,87.95361636189006
2024-01-01 00:15:59,4,jitter_ms,41.54951500276179,-1.1100674524401182,84.63060848688163
2024-01-01 00:16:00,4,jitter_ms,41.54917025181673,-1.7692539099795532,84.33579804129553
2024-01-01 00:16:01,4,jitter_ms,41.54882557729836,-5.88273969932513,84.73928513106017
2024-01-01 00:16:02,4,jitter_ms,41.54848097865718,-1.440641568594889,85.04997428818469
2024-01-01 00:16:03,4,jitter_ms,41.548136460022064,-0.7176545182039746,86.55856716141678
2024-01-01 00:16:04,4,jitter_ms,41.54779201913476,-3.0235091146407673,85.5700328995419
2024-01-01 00:16:05,4,jitter_ms,41.54744765700521,-1.9021379413961979,84.38117333709663
2024-01-01 00:16:06,4,jitter_ms,41.54710337152456,1.527947932410495,82.41057298766974
2024-01-01 00:16:07,4,jitter_ms,41.54675916823155,-2.629845072869688,87.36362364532555
2024-01-01 00:16:08,4,jitter_ms,41.54641504501731,-4.412262922905602,86.4033930227652
2024-01-01 00:16:09,4,jitter_ms,41.54607100289174,-1.5036912350512222,86.88865456740379
2024-01-01 00:16:10,4,jitter_ms,41.5457270395967,-1.0303823619081578,83.61356043091577
2024-01-01 00:16:11,4,jitter_ms,41.54538315926069,-2.6249326977657694,85.08320820911781
2024-01-01 00:16:12,4,jitter_ms,41.54503936133426,-0.6649369318695788,84.93216277830739
2024-01-01 00:16:13,4,jitter_ms,41.54469564511856,-2.04089312481928,87.19044200554306
2024-01-01 00:16:14,4,jitter_ms,41.54435200850493,-4.870962701723438,84.11778483388598
2024-01-01 00:16:15,4,jitter_ms,41.54400845874026,-3.500388537893104,81.50754854124317
2024-01-01 00:16:16,4,jitter_ms,41.54366499200712,-2.1521982889288114,83.9462123351344
2024-01-01 00:16:17,4,jitter_ms,41.543321610874536,0.24699080332473902,85.53299679285024
2024-01-01 00:16:18,4,jitter_ms,41.542978310115565,-1.7811101283366657,85.64847020125588
2024-01-01 00:16:19,4,jitter_ms,41.542635096827254,-1.595137723416214,85.13390159613243
2024-01-01 00:16:20,4,jitter_ms,41.542291968901004,-0.9427967375988999,85.12604306517352
2024-01-01 00:16:21,4,jitter_ms,41.54194892734662,-0.9612432670729213,85.47844201169133
2024-01-01 00:16:22,4,jitter_ms,41.54160596990603,-0.6269895204423809,85.93864578240525
2024-01-01 00:00:01,4,throughput_mbps,1.9078736235893081,0.05577618249974961,3.823049413046123
2024-01-01 00:00:02,4,throughput_mbps,1.901843188638433,-0.24947163503378728,3.9441682630266075
2024-01-01 00:00:03,4,throughput_mbps,1.895812716299854,-0.1405343144015728,3.8246066830523824
2024-01-01 00:00:04,4,throughput_mbps,1.8897822065202945,-0.19498047587622663,3.8831831495787026
2024-01-01 00:00:05,4,throughput_mbps,1.8837516592330905,-0.06263606269225393,3.881926472306096
2024-01-01 00:00:06,4,throughput_mbps,1.87772107423396,-0.21315108226009863,3.8655450437674657
2024-01-01 00:00:07,4,throughput_mbps,1.871690452224406,-0.28409295272410684,3.7742015533608404
2024-01-01 00:00:08,4,throughput_mbps,1.865659792835838,-0.16574178013168375,3.824848573325994
2024-01-01 00:00:09,4,throughput_mbps,1.8596290963169086,-0.15735539905566331,3.813907632694422
2024-01-01 00:00:10,4,throughput_mbps,1.853598362161332,-0.16735639856043705,3.9645462621612575
2024-01-01 00:00:11,4,throughput_mbps,1.8475675908166842,-0.09269192639063309,4.061497937085355
2024-01-01 00:00:12,4,throughput_mbps,1.841536782319353,-0.3665364859963228,3.725565598003654
2024-01-01 00:00:13,4,throughput_mbps,1.8355059367670317,-0.27112802453200474,3.8013723103814674
2024-01-01 00:00:14,4,throughput_mbps,1.829475053941985,-0.14278025946038914,3.737976718279284
2024-01-01 00:00:15,4,throughput_mbps,1.823444134243961,-0.10740982588607156,3.8102649408019356
2024-01-01 00:00:16,4,throughput_mbps,1.8174131776196494,-0.18279991019645317,3.724799161768267
2024-01-01 00:00:17,4,throughput_mbps,1.8113821840023294,-0.15669598419336728,3.767911507928984
2024-01-01 00:00:18,4,throughput_mbps,1.8053511531875865,-0.14431462238787,3.7191557806429474
2024-01-01 00:00:19,4,throughput_mbps,1.7993200861260161,-0.0030034061846810735,3.8865789976947074
2024-01-01 00:00:20,4,throughput_mbps,1.7932889822001432,-0.20800603936352355,3.757763354897088
2024-01-01 00:00:21,4,throughput_mbps,1.7872578415076967,-0.2694569245200699,3.8629418820942023
2024-01-01 00:00:22,4,throughput_mbps,1.7812266639953243,-0.3300570815580857,3.732181307893639
2024-01-01 00:00:23,4,throughput_mbps,1.7751954498984617,-0.2918786107184573,3.6093549757670025
2024-01-01 00:00:24,4,throughput_mbps,1.7691641991637659,-0.34188985973109837,3.6660519568512338
2024-01-01 00:00:25,4,throughput_mbps,1.7631329118889978,-0.22794806896178776,3.823576412726073
2024-01-01 00:00:26,4,throughput_mbps,1.7571015877051357,-0.14867640837676788,3.737916023147815
2024-01-01 00:00:27,4,throughput_mbps,1.7510702273144414,-0.18099426177169042,3.794147127407305
2024-01-01 00:00:28,4,throughput_mbps,1.7450388300476163,-0.3147766789988174,3.6127810423735336
2024-01-01 00:00:29,4,throughput_mbps,1.7390073963027166,-0.1973260528103436,3.7589831972420886
2024-01-01 00:00:30,4,throughput_mbps,1.7329759260263586,-0.21939831986577993,3.5732412696534146
2024-01-01 00:00:31,4,throughput_mbps,1.7269444196186499,-0.25815156882182594,3.6304280674936558
2024-01-01 00:00:32,4,throughput_mbps,1.720912876861646,-0.2598759625889913,3.8141310700122437
2024-01-01 00:00:33,4,throughput_mbps,1.7148812978531403,-0.3129787549652918,3.7973684601451354
2024-01-01 00:00:34,4,throughput_mbps,1.7088496823885544,-0.17852675129984968,3.752739222227684
2024-01-01 00:00:35,4,throughput_mbps,1.7028180310058425,-0.16531776813031474,3.626896490950321
2024-01-01 00:00:36,4,throughput_mbps,1.6967863432640367,-0.4116562784831158,3.7079738399864275
2024-01-01 00:00:37,4,throughput_mbps,1.6907546194973684,-0.4236105253288258,3.70313546936471
2024-01-01 00:00:38,4,throughput_mbps,1.6847228594877919,-0.31551921798013144,3.5692148579902385
2024-01-01 00:00:39,4,throughput_mbps,1.6786910636355765,-0.31108540855869626,3.672839261198306
2024-01-01 00:00:40,4,throughput_mbps,1.672659231887346,-0.4061780600445695,3.7147413227816632
2024-01-01 00:00:41,4,throughput_mbps,1.6666273639286633,-0.2648855069181522,3.764066751083551
2024-01-01 00:00:42,4,throughput_mbps,1.6605954603525643,-0.32463821728828096,3.6042943554515667
2024-01-01 00:00:43,4,throughput_mbps,1.6545635209544134,-0.3707690753244637,3.6227827266503163
2024-01-01 00:00:44,4,throughput_mbps,1.6485315457771643,-0.22674124600897688,3.6784611456002123
2024-01-01 00:00:45,4,throughput_mbps,1.6424995351864489,-0.21690441859863785,3.6664455803197975
2024-01-01 00:00:46,4,throughput_mbps,1.636467488998921,-0.2708011852582975,3.682066698149013
2024-01-01 00:00:47,4,throughput_mbps,1.6304354071611757,-0.4070843145068737,3.7355575045082725
2024-01-01 00:00:48,4,throughput_mbps,1.6244032897161755,-0.49474640279279397,3.5453125329544593
2024-01-01 00:00:49,4,throughput_mbps,1.6183711364591828,-0.40466670644786656,3.5993973313196497
2024-01-01 00:00:50,4,throughput_mbps,1.6123389479834873,-0.33348292962927556,3.497241562919147
2024-01-01 00:00:51,4,throughput_mbps,1.606306724070918,-0.40447644484243434,3.6433292405505866
2024-01-01 00:00:52,4,throughput_mbps,1.6002744646815055,-0.4127037019317937,3.5916519752918368
2024-01-01 00:00:53,4,throughput_mbps,1.594242169597003,-0.28112950734154873,3.6898886921378713
2024-01-01 00:00:54,4,throughput_mbps,1.5882098398442304,-0.46503597608989444,3.507945424209261
2024-01-01 00:00:55,4,throughput_mbps,1.5821774747850044,-0.5072974146277106,3.5703921629160256
2024-01-01 00:00:56,4,throughput_mbps,1.576145074462304,-0.5331150770601275,3.603792333778144
2024-01-01 00:00:57,4,throughput_mbps,1.5701126388226831,-0.5165582899477494,3.537092756737547
2024-01-01 00:00:58,4,throughput_mbps,1.5640801681019763,-0.4410092639244852,3.51248997762798
2024-01-01 00:00:59,4,throughput_mbps,1.5580476622467447,-0.41625472668616786,3.5053756133576894
2024-01-01 00:01:00,4,throughput_mbps,1.5520151212999764,-0.4475987842723751,3.2989085645051768
2024-01-01 00:01:01,4,throughput_mbps,1.5459825450568054,-0.3849486944971901,3.7431502006091963
2024-01-01 00:01:02,4,throughput_mbps,1.5399499341108844,-0.4077094432953933,3.611557701421499
2024-01-01 00:01:03,4,throughput_mbps,1.5339172881474372,-0.4678682188813486,3.403641045030304
2024-01-01 00:01:04,4,throughput_mbps,1.5278846070845382,-0.5027291897322087,3.4929290499157646
2024-01-01 00:01:05,4,throughput_mbps,1.5218518910486019,-0.5438812641625791,3.5368417057818853
2024-01-01 00:01:06,4,throughput_mbps,1.5158191402755508,-0.5506008379312207,3.537791828612669
2024-01-01 00:01:07,4,throughput_mbps,1.5097863547119263,-0.5826490261905181,3.509527165587005
2024-01-01 00:01:08,4,throughput_mbps,1.5037535344007305,-0.5969919736671571,3.403025666606987
2024-01-01 00:01:09,4,throughput_mbps,1.497720679137015,-0.4267158127014419,3.4706496206660633
2024-01-01 00:01:10,4,throughput_mbps,1.4916877894596794,-0.3903241508387724,3.510484354069888
2024-01-01 00:01:11,4,throughput_mbps,1.4856548652187862,-0.5847965256409993,3.4865589249772344
2024-01-01 00:01:12,4,throughput_mbps,1.479621906347359,-0.5419620932867241,3.3582343984545244
2024-01-01 00:01:13,4,throughput_mbps,1.4735889127918997,-0.6859701564432902,3.6264985420637883
2024-01-01 00:01:14,4,throughput_mbps,1.467555884953422,-0.6769415205368994,3.4006781251917273
2024-01-01 00:01:15,4,throughput_mbps,1.4615228226134418,-0.5466383147705473,3.5088049922651847
2024-01-01 00:01:16,4,throughput_mbps,1.4555450345286969,-0.6689107358861557,3.502520506453152
2024-01-01 00:01:17,4,throughput_mbps,1.4495672118354377,-0.5470803238829112,3.265848818331656
2024-01-01 00:01:18,4,throughput_mbps,1.4435893550727743,-0.5913537204425426,3.3836479739378458
2024-01-01 00:01:19,4,throughput_mbps,1.437611464035691,-0.6432825974207977,3.5432003081828927
2024-01-01 00:01:20,4,throughput_mbps,1.4316335386706824,-0.5957172306770193,3.3904565234212782
2024-01-01 00:01:21,4,throughput_mbps,1.425655579213833,-0.6701738585683306,3.4453462303635876
2024-01-01 00:01:22,4,throughput_mbps,1.419677585611645,-0.6787804625427053,3.43287943480299
2024-01-01 00:01:23,4,throughput_mbps,1.4136995579621834,-0.6100286804643933,3.342543036907187
2024-01-01 00:01:24,4,throughput_mbps,1.407721495895244,-0.7316763790926674,3.4103666401934083
2024-01-01 00:01:25,4,throughput_mbps,1.4017434001152196,-0.5316310373036846,3.5579608174087562
2024-01-01 00:01:26,4,throughput_mbps,1.3957652704170342,-0.6740693725454597,3.3612777062804873
2024-01-01 00:01:27,4,throughput_mbps,1.389787106733642,-0.846512976377353,3.1992639716012796
2024-01-01 00:01:28,4,throughput_mbps,1.3838089090115069,-0.6992666623905812,3.327482731869484
2024-01-01 00:01:29,4,throughput_mbps,1.3782538228005814,-0.6735150502903307,3.3592780597533354
2024-01-01 00:01:30,4,throughput_mbps,1.3726987027335649,-0.6940368262209201,3.230553328147718
2024-01-01 00:01:31,4,throughput_mbps,1.3671435489085526,-0.5864948387542965,3.4290135876134613
2024-01-01 00:01:32,4,throughput_mbps,1.3615883611203612,-0.6539364175058836,3.387323341155739
2024-01-01 00:01:33,4,throughput_mbps,1.3560331400601426,-0.5618799334468582,3.352586358789609
2024-01-01 00:01:34,4,throughput_mbps,1.3504778852194288,-0.6450666803141216,3.2102660890666472
2024-01-01 00:01:35,4,throughput_mbps,1.344922596847991,-0.8353681308669295,3.281953280313669
2024-01-01 00:01:36,4,throughput_mbps,1.3393672745753904,-0.6095396601420322,3.440860047357583
2024-01-01 00:01:37,4,throughput_mbps,1.3338119191064426,-0.6041432144412028,3.312771344032482
2024-01-01 00:01:38,4,throughput_mbps,1.3282565302359493,-0.6639463113285404,3.3556263159983026
2024-01-01 00:01:39,4,throughput_mbps,1.322701107896811,-0.42913696623529923,3.3710851498984735
2024-01-01 00:01:40,4,throughput_mbps,1.317145652035461,-0.6632247705885537,3.230248392117528
2024-01-01 00:01:41,4,throughput_mbps,1.312498629155866,-0.7418116029624998,3.486304160514283
2024-01-01 00:01:42,4,throughput_mbps,1.3078515729368065,-0.8181138001583025,3.150400657097684
2024-01-01 00:01:43,4,throughput_mbps,1.303204483476439,-0.7072920841853905,3.3707416682711617
2024-01-01 00:01:44,4,throughput_mbps,1.2985573605694594,-0.642289352314137,3.2146429952325004
2024-01-01 00:01:45,4,throughput_mbps,1.2939102047556705,-0.6906613572191248,3.102398783924873
2024-01-01 00:01:46,4,throughput_mbps,1.2892630158297858,-0.6202670936728287,3.2807986685726576
2024-01-01 00:01:47,4,throughput_mbps,1.284615793889989,-0.609295061825514,3.282976101436268
2024-01-01 00:01:48,4,throughput_mbps,1.2799685387173734,-0.7008483691399894,3.3186033394138175
2024-01-01 00:01:49,4,throughput_mbps,1.275321250713648,-0.7743114411482923,3.327945381074716
2024-01-01 00:01:50,4,throughput_mbps,1.270673929825254,-0.6959383308812876,3.271967606799312
2024-01-01 00:01:51,4,throughput_mbps,1.266026575985037,-0.537464536112844,3.180493402927704
2024-01-01 00:01:52,4,throughput_mbps,1.261379189042731,-0.7557419201119124,3.1300253770146695
2024-01-01 00:01:53,4,throughput_mbps,1.2567317695383402,-0.8181217611562992,3.229230444311046
2024-01-01 00:01:54,4,throughput_mbps,1.252982630484764,-0.8649031212071264,3.201181571215947
2024-01-01 00:01:55,4,throughput_mbps,1.249233458706825,-0.8484844641682306,3.2746580009503967
2024-01-01 00:01:56,4,throughput_mbps,1.2454842541509263,-0.5494322829224823,3.2136049591210165
2024-01-01 00:01:57,4,throughput_mbps,1.2417350170535284,-0.8031498022593628,3.2678597933402913
2024-01-01 00:01:58,4,throughput_mbps,1.2379857473610438,-0.7979804527465534,3.2163139481539895
2024-01-01 00:01:59,4,throughput_mbps,1.2342364451717145,-0.6890505738669113,3.3969222182344225
2024-01-01 00:02:00,4,throughput_mbps,1.2304871101697896,-0.7898202284289734,3.082664634962944
2024-01-01 00:02:01,4,throughput_mbps,1.2267377429506148,-0.815361590655831,3.3908116070715035
2024-01-01 00:02:02,4,throughput_mbps,1.222988343308745,-0.823464740767427,3.2596552160709096
2024-01-01 00:02:03,4,throughput_mbps,1.2192389111905675,-0.7008818883639983,3.243195615759758
2024-01-01 00:02:04,4,throughput_mbps,1.2154894468326138,-0.6959868377353381,3.1062541355813496
2024-01-01 00:02:05,4,throughput_mbps,1.2117399501812776,-0.7067506521531873,3.1878939882152704
2024-01-01 00:02:06,4,throughput_mbps,1.2089547201628814,-0.8292414110150538,3.111589421203813
2024-01-01 00:02:07,4,throughput_mbps,1.2061694576886837,-0.7287258055145311,3.2602063282345344
2024-01-01 00:02:08,4,throughput_mbps,1.2033841632990574,-0.8187530728802898,3.130624505901623
2024-01-01 00:02:09,4,throughput_mbps,1.2005988368436682,-0.8739687962109738,3.1361229443508325
2024-01-01 00:02:10,4,throughput_mbps,1.1978134783520216,-0.9205967738582296,3.108532570176113
2024-01-01 00:02:11,4,throughput_mbps,1.1950280874802424,-0.9210504093698918,3.2203016333694507
2024-01-01 00:02:12,4,throughput_mbps,1.1922426649207292,-0.7703917918653417,3.1047329885414747
2024-01-01 00:02:13,4,throughput_mbps,1.1894572103575582,-0.8236059132796519,3.0944176000945434
2024-01-01 00:02:14,4,throughput_mbps,1.186671723889036,-0.7896481959132998,3.1656192065846787
2024-01-01 00:02:15,4,throughput_mbps,1.183886205461521,-0.7919956654944238,2.949354114879936
2024-01-01 00:02:16,4,throughput_mbps,1.1811006553116625,-0.8238005192868321,3.107690996873764
2024-01-01 00:02:17,4,throughput_mbps,1.1783150733858272,-0.9244097041035902,2.9907326684240636
2024-01-01 00:02:18,4,throughput_mbps,1.1755294597271426,-0.6698362634579756,3.1055275948988386
2024-01-01 00:02:19,4,throughput_mbps,1.1733153239141971,-0.8026421692641498,3.0397300308864783
2024-01-01 00:02:20,4,throughput_mbps,1.1711011567034237,-0.8571037371374438,3.208439501403772
2024-01-01 00:02:21,4,throughput_mbps,1.1688869579444114,-0.8603527536787878,3.0688475774567148
2024-01-01 00:02:22,4,throughput_mbps,1.1666727275698667,-0.7589384588191782,3.04818183267748
2024-01-01 00:02:23,4,throughput_mbps,1.1644584655261199,-0.8363488183995452,3.0944066782845954
2024-01-01 00:02:24,4,throughput_mbps,1.1622441722155639,-0.7038226695085679,3.1942116837443155
2024-01-01 00:02:25,4,throughput_mbps,1.1600298474188808,-0.847598787463482,3.284847843641302
2024-01-01 00:02:26,4,throughput_mbps,1.1578154912344343,-0.6525148851794408,3.229199876635936
2024-01-01 00:02:27,4,throughput_mbps,1.1556011034565075,-0.6855318156897445,3.2934127412454934
2024-01-01 00:02:28,4,throughput_mbps,1.1533866846259528,-0.8234348246028798,3.084368350332437
2024-01-01 00:02:29,4,throughput_mbps,1.1511722345370687,-0.8500736558747882,3.2233764739684845
2024-01-01 00:02:30,4,throughput_mbps,1.1489577532882465,-0.9478568216632639,3.135926632139804
2024-01-01 00:02:31,4,throughput_mbps,1.1467432406600777,-0.6846065677361051,3.1518914561703064
2024-01-01 00:02:32,4,throughput_mbps,1.1445286970550963,-0.9736063205930432,3.063234346873815
2024-01-01 00:02:33,4,throughput_mbps,1.14243809095363,-0.7979201024308885,3.2428689677274303
2024-01-01 00:02:34,4,throughput_mbps,1.1403474537543423,-0.7727986416720588,3.1206629719622456
2024-01-01 00:02:35,4,throughput_mbps,1.1382567852514327,-0.8111859276094874,2.99468968692733
2024-01-01 00:02:36,4,throughput_mbps,1.1361660861517173,-0.8605248557319685,3.1831080043854736
2024-01-01 00:02:37,4,throughput_mbps,1.1340753560836454,-1.0132051393494172,3.3025937547389757
2024-01-01 00:02:38,4,throughput_mbps,1.1319845951456358,-0.7558652330719123,3.1414268557073277
2024-01-01 00:02:39,4,throughput_mbps,1.129893803283991,-0.8790147650536011,3.1970120177608226
2024-01-01 00:02:40,4,throughput_mbps,1.127802980735592,-0.8204515176957127,3.186298183917441
2024-01-01 00:02:41,4,throughput_mbps,1.125712127446749,-0.7540219541436375,3.042493072443317
2024-01-01 00:02:42,4,throughput_mbps,1.123621243211606,-0.8280304494942894,3.082892589673026
2024-01-01 00:02:43,4,throughput_mbps,1.121530328571368,-0.8626644105623048,3.296115430517869
2024-01-01 00:02:44,4,throughput_mbps,1.1194393833201932,-1.0040989157368008,3.020127199053297
2024-01-01 00:02:45,4,throughput_mbps,1.1173484075565423,-0.855186131155398,3.0291690216876406
2024-01-01 00:02:46,4,throughput_mbps,1.1152574010608378,-0.8598758367333734,2.952550386228165
2024-01-01 00:02:47,4,throughput_mbps,1.1131669391367367,-0.8074712992700324,3.160754546171836
2024-01-01 00:02:48,4,throughput_mbps,1.1110764468296956,-1.0016734401422853,2.968263285515958
2024-01-01 00:02:49,4,throughput_mbps,1.1089859240723021,-0.9496570497621024,3.1463646068568782
2024-01-01 00:02:50,4,throughput_mbps,1.1068953707139217,-0.8628091940878009,3.050084020024354
2024-01-01 00:02:51,4,throughput_mbps,1.1048047872959437,-0.8998623186115469,3.0064926885617953
2024-01-01 00:02:52,4,throughput_mbps,1.1027141737646726,-0.7877758361615578,3.0213742515611135
2024-01-01 00:02:53,4,throughput_mbps,1.1006235298588616,-0.8269560020907348,3.1886793726196263
2024-01-01 00:02:54,4,throughput_mbps,1.0985328555247587,-0.7681896390434514,3.0872511544027024
2024-01-01 00:02:55,4,throughput_mbps,1.0964421513038443,-0.9429933693511807,3.13512542749695
2024-01-01 00:02:56,4,throughput_mbps,1.0943514169901676,-0.8191875468273707,3.2100047518089374
2024-01-01 00:02:57,4,throughput_mbps,1.0922606526822438,-0.9955727816077992,3.049365412100549
2024-01-01 00:02:58,4,throughput_mbps,1.0901698581603612,-0.8506005770598543,3.060564167716133
2024-01-01 00:02:59,4,throughput_mbps,1.0880790338275481,-0.8798339692999388,2.973954990242409
2024-01-01 00:03:00,4,throughput_mbps,1.0859881796300808,-0.8094967999365145,3.2782882698460543
2024-01-01 00:03:01,4,throughput_mbps,1.083897295500494,-0.8980853898502001,3.070979277109994
2024-01-01 00:03:02,4,throughput_mbps,1.0818063812880812,-0.8858952166305003,3.023129878008237
2024-01-01 00:03:03,4,throughput_mbps,1.0797154387516008,-1.1628342014884745,3.116562064655101
2024-01-01 00:03:04,4,throughput_mbps,1.0776244664679326,-0.9072316084759907,2.990777201498129
2024-01-01 00:03:05,4,throughput_mbps,1.075533464480281,-0.8357111694413781,3.0311625487890086
2024-01-01 00:03:06,4,throughput_mbps,1.0734424327348875,-0.996215092414963,3.1469953014189542
2024-01-01 00:03:07,4,throughput_mbps,1.0713513714688825,-0.9955254823937026,3.0109664630054573
2024-01-01 00:03:08,4,throughput_mbps,1.0692602806285143,-0.8960559622733486,3.1222722856580036
2024-01-01 00:03:09,4,throughput_mbps,1.0671691603123528,-0.8930650304773308,2.905664101965351
2024-01-01 00:03:10,4,throughput_mbps,1.0650780102035746,-0.9679075460799696,2.9699236804243188
2024-01-01 00:03:11,4,throughput_mbps,1.062986830899376,-0.9089300154558431,3.0134281869685644
2024-01-01 00:03:12,4,throughput_mbps,1.0608956221936634,-1.0091536541524628,2.982046760564941
2024-01-01 00:03:13,4,throughput_mbps,1.0588043841296528,-0.9688177338650169,3.0921908923592563
2024-01-01 00:03:14,4,throughput_mbps,1.0567131166535686,-0.928933974286258,3.0720472265795444
2024-01-01 00:03:15,4,throughput_mbps,1.0546218200026123,-0.9721503890396331,3.024218344582837
2024-01-01 00:03:16,4,throughput_mbps,1.052530494123015,-0.9319998134733112,3.119210648349881
2024-01-01 00:03:17,4,throughput_mbps,1.0504391390579988,-0.8333697615334875,3.104954567081835
2024-01-01 00:03:18,4,throughput_mbps,1.0483477546013864,-0.9614885028930552,3.1313948251944344
2024-01-01 00:03:19,4,throughput_mbps,1.0462563413505828,-0.8736614592308934,3.1292876526438187
2024-01-01 00:03:20,4,throughput_mbps,1.0441648989886494,-0.852158674177465,3.100271170858268
2024-01-01 00:03:21,4,throughput_mbps,1.0420734274617878,-0.8386065455289263,3.0503040233356287
2024-01-01 00:03:22,4,throughput_mbps,1.0399819272839126,-0.7139658496162244,2.9686480236523356
2024-01-01 00:03:23,4,throughput_mbps,1.037890398124588,-1.0100183997327141,2.965810661240936
2024-01-01 00:03:24,4,throughput_mbps,1.0357988400824403,-1.0636854750213889,3.03113450981891
2024-01-01 00:03:25,4,throughput_mbps,1.0337072529512321,-0.8953186226826879,3.0971225935155338
2024-01-01 00:03:26,4,throughput_mbps,1.0316156372731318,-0.9451626598840377,3.019525285936564
2024-01-01 00:03:27,4,throughput_mbps,1.0295239928419144,-0.9150612129175577,3.0187239153396206
2024-01-01 00:03:28,4,throughput_mbps,1.0274323197562336,-0.9249107831026404,3.0633138766858425
2024-01-01 00:03:29,4,throughput_mbps,1.0253406177960378,-1.0266976799241274,2.936279027853761
2024-01-01 00:03:30,4,throughput_mbps,1.0232488873649028,-0.8456899084010988,3.0267218554035193
2024-01-01 00:03:31,4,throughput_mbps,1.021157128409036,-0.8207763625698986,3.143700604869017
2024-01-01 00:03:32,4,throughput_mbps,1.0190653408608383,-0.8317840894205079,2.9914369347072918
2024-01-01 00:03:33,4,throughput_mbps,1.016973524513996,-0.8627013955044074,3.037836811255863
2024-01-01 00:03:34,4,throughput_mbps,1.014881680229631,-1.0552839678828256,3.0523710445550356
2024-01-01 00:03:35,4,throughput_mbps,1.012789807330178,-0.9739127634164434,3.024320659050566
2024-01-01 00:03:36,4,throughput_mbps,1.0106979060668058,-1.0788378935378986,3.035928752428357
2024-01-01 00:03:37,4,throughput_mbps,1.008605976233174,-0.8904591015219471,2.9103470630447292
2024-01-01 00:03:38,4,throughput_mbps,1.0065140183717085,-0.9383126690222383,3.0203298879712257
2024-01-01 00:03:39,4,throughput_mbps,1.004422032276082,-1.0130287662249582,3.099188017569888
2024-01-01 00:03:40,4,throughput_mbps,1.002330018044999,-0.9573681053514002,3.0387883123321737
2024-01-01 00:03:41,4,throughput_mbps,1.0002398359565488,-0.9744964028690739,2.9376298403234027
2024-01-01 00:03:42,4,throughput_mbps,0.9981496259162435,-0.9931170505389854,2.8931383492889613
2024-01-01 00:03:43,4,throughput_mbps,0.9960593878702658,-1.0431719794371954,3.0349565847122064
2024-01-01 00:03:44,4,throughput_mbps,0.9939691217509654,-0.9407975552098929,2.9141988181516463
2024-01-01 00:03:45,4,throughput_mbps,0.9918788273519265,-0.9450104928518721,2.8504794329059786
2024-01-01 00:03:46,4,throughput_mbps,0.9897885053821323,-0.9855649126881877,2.9439354954182066
2024-01-01 00:03:47,4,throughput_mbps,0.987698155468799,-1.1098658161270896,2.7682867147874863
2024-01-01 00:03:48,4,throughput_mbps,0.985607777710657,-1.016547639744061,2.9753403911002345
2024-01-01 00:03:49,4,throughput_mbps,0.9835173720538569,-1.1187452183563416,2.9563600511195967
2024-01-01 00:03:50,4,throughput_mbps,0.9814269387359005,-0.9872232426250048,3.078295285299859
2024-01-01 00:03:51,4,throughput_mbps,0.9793364777029442,-1.1388823430981392,2.8878752923218127
2024-01-01 00:03:52,4,throughput_mbps,0.9772459890537438,-1.0493897892369464,3.060462580564283
2024-01-01 00:03:53,4,throughput_mbps,0.9751554724153773,-1.0222611187807231,2.9535080481114973
2024-01-01 00:03:54,4,throughput_mbps,0.9730649284970535,-0.9772130080630993,2.9487418385148794
2024-01-01 00:03:55,4,throughput_mbps,0.9709743570923203,-1.0337387036902115,3.0908351226955126
2024-01-01 00:03:56,4,throughput_mbps,0.9688837581334755,-1.0971841072728516,2.816985293950107
2024-01-01 00:03:57,4,throughput_mbps,0.9667931315666458,-0.9521876832684815,2.8834854251662527
2024-01-01 00:03:58,4,throughput_mbps,0.9647024777958886,-1.0389698523473918,2.7852840792967646
2024-01-01 00:03:59,4,throughput_mbps,0.962611796600854,-0.9919213959011335,2.997448852675348
2024-01-01 00:04:00,4,throughput_mbps,0.9605220610165819,-1.0554989538221877,2.9962531465647153
2024-01-01 00:04:01,4,throughput_mbps,0.9584322983999025,-1.1138455602227186,2.9442882965707993
2024-01-01 00:04:02,4,throughput_mbps,0.9563425085442977,-1.1300385855443802,2.865378117432444
2024-01-01 00:04:03,4,throughput_mbps,0.9542526914930547,-1.1480010470158333,2.914769954917661
2024-01-01 00:04:04,4,throughput_mbps,0.9521628471922948,-1.0054378358689327,2.905830079768651
2024-01-01 00:04:05,4,throughput_mbps,0.950072975879641,-1.0747730865170668,3.0780662005520614
2024-01-01 00:04:06,4,throughput_mbps,0.9479830775012199,-0.935231571334625,3.0744767972182117
2024-01-01 00:04:07,4,throughput_mbps,0.94589315215585,-0.8647903242225371,2.8984453978252698
2024-01-01 00:04:08,4,throughput_mbps,0.943803199525888,-1.070599298463977,2.96136129571013
2024-01-01 00:04:09,4,throughput_mbps,0.9417132202099231,-1.061092707064538,3.0173036757926504
2024-01-01 00:04:10,4,throughput_mbps,0.9396232140013713,-1.1023164231070515,2.9302702995296697
2024-01-01 00:04:11,4,throughput_mbps,0.9375331810962578,-1.0050830493639527,2.8620820345161686
2024-01-01 00:04:12,4,throughput_mbps,0.9354431209825071,-1.132730428588661,2.826514163397887
2024-01-01 00:04:13,4,throughput_mbps,0.9333530343559872,-1.0860070175189984,2.9649501335852975
2024-01-01 00:04:14,4,throughput_mbps,0.9312629210100813,-1.1002743221479416,2.9473906892693194
2024-01-01 00:04:15,4,throughput_mbps,0.9291727809880937,-0.9503736296220984,3.128547606383785
2024-01-01 00:04:16,4,throughput_mbps,0.9270826142361221,-1.15462487878064,2.918670678320814
2024-01-01 00:04:17,4,throughput_mbps,0.9249924209918837,-0.9303830570899757,3.0389007556709298
2024-01-01 00:04:18,4,throughput_mbps,0.9229022012014827,-1.1066166783164912,2.8194799963511166
2024-01-01 00:04:19,4,throughput_mbps,0.9208119549637852,-0.9529556966591297,2.776419792425562
2024-01-01 00:04:20,4,throughput_mbps,0.9187216819609876,-1.123642950855168,3.0135020084824857
2024-01-01 00:04:21,4,throughput_mbps,0.9166313827919494,-1.0361663889097323,2.8385237537564043
2024-01-01 00:04:22,4,throughput_mbps,0.9145410572499918,-1.0357959543122692,2.903594122356352
2024-01-01 00:04:23,4,throughput_mbps,0.9124507053784288,-1.1420632203249672,2.8478793815610524
2024-01-01 00:04:24,4,throughput_mbps,0.9103603271233421,-1.1801077483112479,2.900464438510589
2024-01-01 00:04:25,4,throughput_mbps,0.9082699227225122,-0.988651292500293,3.034393452726299
2024-01-01 00:04:26,4,throughput_mbps,0.9061794921220265,-1.208028705007173,2.9091831404056894
2024-01-01 00:04:27,4,throughput_mbps,0.9040890353652046,-1.0442344771350323,2.8730772324583946
2024-01-01 00:04:28,4,throughput_mbps,0.9019985522452918,-1.194814005794618,2.8930342068381774
2024-01-01 00:04:29,4,throughput_mbps,0.9004344749188423,-1.066072453000245,2.87863416499784
2024-01-01 00:04:30,4,throughput_mbps,0.8988703715104392,-1.1793015574681784,2.9109347862643573
2024-01-01 00:04:31,4,throughput_mbps,0.8973062421189892,-1.0187225165877296,2.896984048103321
2024-01-01 00:04:32,4,throughput_mbps,0.8957420866905594,-0.9655394897346298,3.0716661978218784
2024-01-01 00:04:33,4,throughput_mbps,0.8941779054629906,-1.199253676286599,2.9332290603797437
2024-01-01 00:04:34,4,throughput_mbps,0.8926136983823554,-1.1246608211555922,2.934751911635526
2024-01-01 00:04:35,4,throughput_mbps,0.8910494654919832,-1.0012810419372615,2.928322141876348
2024-01-01 00:04:36,4,throughput_mbps,0.8894852065850579,-1.1516793531911471,2.868692356590144
2024-01-01 00:04:37,4,throughput_mbps,0.8879209222051956,-1.0934321583977222,2.7238001392469986
2024-01-01 00:04:38,4,throughput_mbps,0.8863566122012018,-1.1487998933239283,2.9270362376503423
2024-01-01 00:04:39,4,throughput_mbps,0.8847922763523003,-1.193586121291599,2.7788753965378485
2024-01-01 00:04:40,4,throughput_mbps,0.8832279150632147,-1.1317879614320476,2.941900448575957
2024-01-01 00:04:41,4,throughput_mbps,0.8816635282800118,-1.2052973223972387,2.8183504862780993
2024-01-01 00:04:42,4,throughput_mbps,0.8800991159347971,-1.2167566063328952,2.716671449630902
2024-01-01 00:04:43,4,throughput_mbps,0.8785346778206926,-1.0060184334519993,2.9655478389940084
2024-01-01 00:04:44,4,throughput_mbps,0.8769702146483175,-1.0124213382332379,3.0225653468866844
2024-01-01 00:04:45,4,throughput_mbps,0.8754057260439434,-1.255399337978088,2.98776759988876
2024-01-01 00:04:46,4,throughput_mbps,0.873841212106537,-1.1481373877406145,2.8037895800387815
2024-01-01 00:04:47,4,throughput_mbps,0.8722766727821369,-0.9983669895247261,2.911184867145892
2024-01-01 00:04:48,4,throughput_mbps,0.870712108308696,-1.0512810803827015,2.805615655163385
2024-01-01 00:04:49,4,throughput_mbps,0.8691475186322585,-0.9614711407362693,2.775244314726237
2024-01-01 00:04:50,4,throughput_mbps,0.8675829038518142,-1.2719287866467897,2.882646639058017
2024-01-01 00:04:51,4,throughput_mbps,0.8660182635935073,-1.0939416709335097,2.792858522091323
2024-01-01 00:04:52,4,throughput_mbps,0.8644535985681627,-0.9461834229118448,2.735480256731571
2024-01-01 00:04:53,4,throughput_mbps,0.8628889087218432,-1.087258901934867,2.9430067611970228
2024-01-01 00:04:54,4,throughput_mbps,0.861324193680663,-1.1333125658376937,2.914558851743528
2024-01-01 00:04:55,4,throughput_mbps,0.8597594533906221,-1.1920818680998846,2.7317312071185773
2024-01-01 00:04:56,4,throughput_mbps,0.8581946885626596,-1.0268068609339767,2.839829348283013
2024-01-01 00:04:57,4,throughput_mbps,0.8566298988228607,-1.0695745994051506,2.9265974582690686
2024-01-01 00:04:58,4,throughput_mbps,0.8550650842702383,-1.2245864152444805,2.854981692728103
2024-01-01 00:04:59,4,throughput_mbps,0.8535002448508094,-1.0201602675376928,2.769663438823938
2024-01-01 00:05:00,4,throughput_mbps,0.8519353808026134,-1.1311529268377218,2.796794148569506
2024-01-01 00:05:01,4,throughput_mbps,0.8503704920716727,-1.1192909641223223,2.7998613816136286
2024-01-01 00:05:02,4,throughput_mbps,0.8488055787570229,-1.0739738465540771,2.708641465251264
2024-01-01 00:05:03,4,throughput_mbps,0.8472406404846238,-1.1158699038500177,2.930025623278171
2024-01-01 00:05:04,4,throughput_mbps,0.8456756779656168,-1.050491739074461,2.7410761324402984
2024-01-01 00:05:05,4,throughput_mbps,0.8441106909930018,-1.1466373229418956,2.747259973702861
2024-01-01 00:05:06,4,throughput_mbps,0.8425456794987846,-1.0709348786185284,2.730098304341154
2024-01-01 00:05:07,4,throughput_mbps,0.8409806434289605,-1.105268422151981,2.7824970132551763
2024-01-01 00:05:08,4,throughput_mbps,0.8394155831886853,-1.1086434058776633,2.8515567889430455
2024-01-01 00:05:09,4,throughput_mbps,0.8378504985569069,-1.2288261701976095,2.824785492978144
2024-01-01 00:05:10,4,throughput_mbps,0.8362853896326833,-1.0342997605939914,2.896199498178918
2024-01-01 00:05:11,4,throughput_mbps,0.834720256208937,-1.114985124042127,2.910721675516639
2024-01-01 00:05:12,4,throughput_mbps,0.8331550988299332,-1.3718969811308594,2.759090144369696
2024-01-01 00:05:13,4,throughput_mbps,0.8315899172886045,-1.4005378503859347,2.6642769524205487
2024-01-01 00:05:14,4,throughput_mbps,0.8300247116840318,-1.158741591182989,2.7594881586623807
2024-01-01 00:05:15,4,throughput_mbps,0.8289351860073478,-1.0119067346105064,2.846190262402844
2024-01-01 00:05:16,4,throughput_mbps,0.8278456364515601,-1.1585114867304391,2.7354455540148153
2024-01-01 00:05:17,4,throughput_mbps,0.8267560629626702,-1.0965804882140884,2.8039443455588837
2024-01-01 00:05:18,4,throughput_mbps,0.8256664652221274,-1.2466633161355585,2.8319234616447146
2024-01-01 00:05:19,4,throughput_mbps,0.8245768438300309,-1.2119709708261872,2.895876013973578
2024-01-01 00:05:20,4,throughput_mbps,0.823487198579264,-1.1091403887903513,2.7373133765821507
2024-01-01 00:05:21,4,throughput_mbps,0.8223975295132095,-1.0679046614749943,2.906397841575934
2024-01-01 00:05:22,4,throughput_mbps,0.8213078365778452,-1.1379315124758924,2.828554720884358
2024-01-01 00:05:23,4,throughput_mbps,0.8202181200113687,-1.3049480876029966,2.8204096666802783
2024-01-01 00:05:24,4,throughput_mbps,0.8191283797597626,-1.1360284544774197,2.6124935476694877
2024-01-01 00:05:25,4,throughput_mbps,0.8180386158664145,-1.2466415946772516,2.8065953763694678
2024-01-01 00:05:26,4,throughput_mbps,0.8169488281241397,-1.1647508990126996,2.8944388027617762
2024-01-01 00:05:27,4,throughput_mbps,0.8158590171332067,-1.0992353804996404,2.74805645655225
2024-01-01 00:05:28,4,throughput_mbps,0.8147691825749663,-1.07255295218183,2.884205669249095
2024-01-01 00:05:29,4,throughput_mbps,0.813679324548547,-1.3701546738829251,2.943819853710875
2024-01-01 00:05:30,4,throughput_mbps,0.8125894429999121,-1.3338315162264849,2.78270873870248
2024-01-01 00:05:31,4,throughput_mbps,0.8114995381673131,-1.0885959583062461,2.7936799579381835
2024-01-01 00:05:32,4,throughput_mbps,0.8104096099967186,-1.200201682521203,2.898523151808567
2024-01-01 00:05:33,4,throughput_mbps,0.8093196585315252,-1.360663202985836,2.687737959564607
2024-01-01 00:05:34,4,throughput_mbps,0.8082296835644921,-1.1681998463013286,2.603736396686904
2024-01-01 00:05:35,4,throughput_mbps,0.8071396857934896,-1.2444823907403286,2.858365738680396
2024-01-01 00:05:36,4,throughput_mbps,0.806049664704887,-1.2536793682813587,2.8485978163122043
2024-01-01 00:05:37,4,throughput_mbps,0.8049596204952828,-1.1826642837560306,2.725075857870343
2024-01-01 00:05:38,4,throughput_mbps,0.8038695529574085,-1.2051684604712354,2.869217955659419
2024-01-01 00:05:39,4,throughput_mbps,0.8027794626917688,-1.1760430913872992,2.765544175732644
2024-01-01 00:05:40,4,throughput_mbps,0.8016893493795696,-0.8906182562201174,2.757299669210639
2024-01-01 00:05:41,4,throughput_mbps,0.8005992131199827,-1.0808027506488278,2.7231121698110146
2024-01-01 00:05:42,4,throughput_mbps,0.7995090538589518,-1.1594392991441644,2.8342166700053992
2024-01-01 00:05:43,4,throughput_mbps,0.7984188718348061,-1.1315790743528389,2.9149314891637164
2024-01-01 00:05:44,4,throughput_mbps,0.7973286669934945,-1.1987933895710912,2.7117745871100216
2024-01-01 00:05:45,4,throughput_mbps,0.7962384393784255,-1.1934830865232826,2.8855357294255866
2024-01-01 00:05:46,4,throughput_mbps,0.7951481887822764,-1.180484885807664,2.8047139137390413
2024-01-01 00:05:47,4,throughput_mbps,0.7940579157499175,-1.347461166475112,2.847006324718457
2024-01-01 00:05:48,4,throughput_mbps,0.7929676201298277,-1.1748526602921339,2.7096618228201894
2024-01-01 00:05:49,4,throughput_mbps,0.7918773018538381,-1.1583537686071128,2.7727467182020966
2024-01-01 00:05:50,4,throughput_mbps,0.7907869608678725,-1.133399512739974,2.831391852008183
2024-01-01 00:05:51,4,throughput_mbps,0.7896965975777017,-1.1426055003517182,2.7732399768165927
2024-01-01 00:05:52,4,throughput_mbps,0.7886062117618704,-1.0340452059322447,2.8449115978999853
2024-01-01 00:05:53,4,throughput_mbps,0.7875158035195924,-1.2491473154971826,2.8390892431086048
2024-01-01 00:05:54,4,throughput_mbps,0.786425372643491,-1.1030486454969692,2.624220782483113
2024-01-01 00:05:55,4,throughput_mbps,0.7853349196785687,-1.2442565034452002,2.8887783171471586
2024-01-01 00:05:56,4,throughput_mbps,0.7842444444174583,-1.183118935415076,2.949305813692551
2024-01-01 00:05:57,4,throughput_mbps,0.7831539469593953,-1.3010826037328171,2.69239790900917
2024-01-01 00:05:58,4,throughput_mbps,0.782063427082854,-1.1912972619187625,2.6602411744035686
2024-01-01 00:05:59,4,throughput_mbps,0.7809728851937083,-1.2555536862636312,2.797185196141378
2024-01-01 00:06:00,4,throughput_mbps,0.7798823212378876,-1.290991867150749,2.7751797249567454
2024-01-01 00:06:01,4,throughput_mbps,0.778791734840502,-1.2180451694304804,2.8089884510143865
2024-01-01 00:06:02,4,throughput_mbps,0.777701126714135,-1.2639565088555713,2.5913713740628115
2024-01-01 00:06:03,4,throughput_mbps,0.7766104966513793,-1.2646624384904341,2.743580924542148
2024-01-01 00:06:04,4,throughput_mbps,0.7755198445840066,-1.2698239445952102,2.757724457229681
2024-01-01 00:06:05,4,throughput_mbps,0.7744291704579168,-1.3277581811873138,2.84096236968063
2024-01-01 00:06:06,4,throughput_mbps,0.773338474679085,-1.2260507093640207,2.819748076108083
2024-01-01 00:06:07,4,throughput_mbps,0.7722477570259194,-1.1864236971678017,2.564772359606724
2024-01-01 00:06:08,4,throughput_mbps,0.7711570175976871,-1.2064048008423844,2.754723319384699
2024-01-01 00:06:09,4,throughput_mbps,0.7700662561869112,-1.3556130361011658,2.7705511592380048
2024-01-01 00:06:10,4,throughput_mbps,0.7689754733388368,-1.2281001219201735,2.677905644381755
2024-01-01 00:06:11,4,throughput_mbps,0.7683716887624866,-1.1489579104443592,2.6930717049160826
2024-01-01 00:06:12,4,throughput_mbps,0.7677678827940502,-1.1862431651119558,2.77973526883184
2024-01-01 00:06:13,4,throughput_mbps,0.767164054751693,-1.1102166028571134,2.8242020241959316
2024-01-01 00:06:14,4,throughput_mbps,0.766560205501664,-1.2517360040658718,2.8055960561826225
2024-01-01 00:06:15,4,throughput_mbps,0.7659563348364777,-1.3718840312747902,2.6865719795966347
2024-01-01 00:06:16,4,throughput_mbps,0.7653524426878588,-1.2505745628152471,2.7326037979174376
2024-01-01 00:06:17,4,throughput_mbps,0.7647485290016882,-1.325434027767336,2.8110799462016858
2024-01-01 00:06:18,4,throughput_mbps,0.7641445941841007,-1.252089491358673,2.766954973622668
2024-01-01 00:06:19,4,throughput_mbps,0.7635406380133976,-1.2836892045033783,2.8347342779454494
2024-01-01 00:06:20,4,throughput_mbps,0.7629366605888861,-1.253910866856494,2.8889331806537304
2024-01-01 00:06:21,4,throughput_mbps,0.7623326617030127,-1.4104281094467197,2.6951210031126753
2024-01-01 00:06:22,4,throughput_mbps,0.7617286419012109,-1.301175636144205,2.702551281711347
2024-01-01 00:06:23,4,throughput_mbps,0.7611246009759358,-1.2655556848021714,2.7403409340001583
2024-01-01 00:06:24,4,throughput_mbps,0.7605205390265157,-1.3030715649674602,2.742501093710124
2024-01-01 00:06:25,4,throughput_mbps,0.7599164558311848,-1.2863448148897907,2.742568590530409
2024-01-01 00:06:26,4,throughput_mbps,0.7593123517961744,-1.2012476590687373,2.991026597092039
2024-01-01 00:06:27,4,throughput_mbps,0.7587082268673726,-1.2073411441814523,2.7083626006101857
2024-01-01 00:06:28,4,throughput_mbps,0.7581040809764562,-1.358311868741079,2.825522495064086
2024-01-01 00:06:29,4,throughput_mbps,0.7574999139717078,-1.2466247692423618,2.7717271715019653
2024-01-01 00:06:30,4,throughput_mbps,0.756895726398682,-1.181283416405308,2.7603042509747313
2024-01-01 00:06:31,4,throughput_mbps,0.7562915180497848,-1.081973833220591,2.820191417285163
2024-01-01 00:06:32,4,throughput_mbps,0.7556872889684698,-1.1397598594754106,2.6504562363816113
2024-01-01 00:06:33,4,throughput_mbps,0.7550830391006019,-1.2607191432545586,2.5016079684258012
2024-01-01 00:06:34,4,throughput_mbps,0.7544787686848158,-1.2090308648804573,2.787789437379234
2024-01-01 00:06:35,4,throughput_mbps,0.7538744776669797,-1.2115308340542927,2.683020315267549
2024-01-01 00:06:36,4,throughput_mbps,0.753270166146461,-1.3353228170268359,2.871114493464925
2024-01-01 00:06:37,4,throughput_mbps,0.75266583380379,-1.3415884152479653,2.815400796736842
2024-01-01 00:06:38,4,throughput_mbps,0.7520614812405495,-1.3607644641462153,2.737549305911943
2024-01-01 00:06:39,4,throughput_mbps,0.7514571082490952,-1.186842658541422,2.822036276851727
2024-01-01 00:06:40,4,throughput_mbps,0.750852714775281,-1.2723586211436069,2.816584161690333
2024-01-01 00:06:41,4,throughput_mbps,0.7502483010577804,-1.251317818892374,2.714255905227818
2024-01-01 00:06:42,4,throughput_mbps,0.7496438670424519,-1.3214584021638263,2.771239144548888
2024-01-01 00:06:43,4,throughput_mbps,0.7490394127727589,-1.2140962004802092,2.8405771369017527
2024-01-01 00:06:44,4,throughput_mbps,0.748434938041006,-1.2137172509166907,2.7005271810831193
2024-01-01 00:06:45,4,throughput_mbps,0.7478304433929719,-1.3645747619760493,2.8376516461806727
2024-01-01 00:06:46,4,throughput_mbps,0.7472259286769023,-1.156590002516358,2.6529725439022473
2024-01-01 00:06:47,4,throughput_mbps,0.7466213938244007,-1.0538671237293,2.836746758628221
2024-01-01 00:06:48,4,throughput_mbps,0.746016838781303,-1.3818422215732888,2.7257863855724977
2024-01-01 00:06:49,4,throughput_mbps,0.7454122639541387,-1.1319810913918178,2.9103159037026534
2024-01-01 00:06:50,4,throughput_mbps,0.7448076691209413,-1.234592794058473,2.784001762952572
2024-01-01 00:06:51,4,throughput_mbps,0.7442030543811189,-1.2363720084529575,2.744534310646658
2024-01-01 00:06:52,4,throughput_mbps,0.7435984195269283,-1.301840047440261,2.8170765882794053
2024-01-01 00:06:53,4,throughput_mbps,0.7429937651042635,-1.2219841113958716,2.7506302622646435
2024-01-01 00:06:54,4,throughput_mbps,0.7423890910589799,-1.2267266625557682,2.575608973175128
2024-01-01 00:06:55,4,throughput_mbps,0.7417843971273753,-1.2033497417271188,2.615324135708785
2024-01-01 00:06:56,4,throughput_mbps,0.7411796832552682,-1.4010108024826022,2.645885996695245
2024-01-01 00:06:57,4,throughput_mbps,0.74057494998861,-1.2658051311787903,2.746768523293826
2024-01-01 00:06:58,4,throughput_mbps,0.7399701971756032,-1.1230537149319992,2.7675916857226763
2024-01-01 00:06:59,4,throughput_mbps,0.7393654247478044,-1.1788719930942093,2.8913140793672154
2024-01-01 00:07:00,4,throughput_mbps,0.7387606326510332,-1.3011937591409044,2.6433706763239995
2024-01-01 00:07:01,4,throughput_mbps,0.7381558212919658,-1.3577031711889882,2.774278066596978
2024-01-01 00:07:02,4,throughput_mbps,0.7375509904485347,-1.2177275354691346,2.764504634410406
2024-01-01 00:07:03,4,throughput_mbps,0.7369461402201856,-1.1459702090069228,2.6426399978296007
2024-01-01 00:07:04,4,throughput_mbps,0.7363412703991044,-1.247067677926647,2.7493347853670502
2024-01-01 00:07:05,4,throughput_mbps,0.7357363815313558,-1.336434824709867,2.7245936478997157
2024-01-01 00:07:06,4,throughput_mbps,0.735131473409134,-1.1560297156556232,2.818113035273509
2024-01-01 00:07:07,4,throughput_mbps,0.734529573142406,-1.2583070705959267,2.659659062044609
2024-01-01 00:07:08,4,throughput_mbps,0.7339276534985388,-1.1452251299394016,2.6911775120015617
2024-01-01 00:07:09,4,throughput_mbps,0.7333257148842984,-1.2830177411170622,2.6828765196876603
2024-01-01 00:07:10,4,throughput_mbps,0.7327237572455103,-1.2269481700967826,2.8216154713235237
2024-01-01 00:07:11,4,throughput_mbps,0.732121780513685,-1.302593866525522,2.6153940227113472
2024-01-01 00:07:12,4,throughput_mbps,0.7315197844809562,-1.3179787693159546,2.733108048540005
2024-01-01 00:07:13,4,throughput_mbps,0.7309177698614788,-1.2944733358897815,2.585861546458194
2024-01-01 00:07:14,4,throughput_mbps,0.7303157362794204,-1.1522204940326477,2.8608276398231016
2024-01-01 00:07:15,4,throughput_mbps,0.7297136838342637,-1.260281943038884,2.7651689235182784
2024-01-01 00:07:16,4,throughput_mbps,0.7291116124718137,-1.3490528977840976,2.5604266664718347
2024-01-01 00:07:17,4,throughput_mbps,0.7285095224309284,-1.090593588444991,2.637640536003903
2024-01-01 00:07:18,4,throughput_mbps,0.7279074136574167,-1.4174044959973808,2.7798310488268805
2024-01-01 00:07:19,4,throughput_mbps,0.7273052859433792,-1.278959815790429,2.733509146404965
2024-01-01 00:07:20,4,throughput_mbps,0.7267031398350848,-1.207653097954456,2.721311416215078
2024-01-01 00:07:21,4,throughput_mbps,0.7261009751246429,-1.3868026266357363,2.6906116333890937
2024-01-01 00:07:22,4,throughput_mbps,0.7254987919115632,-1.267365200085982,2.82313341042505
2024-01-01 00:07:23,4,throughput_mbps,0.7248965899735931,-1.2657962825401017,2.84401336543953
2024-01-01 00:07:24,4,throughput_mbps,0.724294369717673,-1.1750699992534006,2.837346141810733
2024-01-01 00:07:25,4,throughput_mbps,0.7236921310896092,-1.2242052320593575,2.6209368865793023
2024-01-01 00:07:26,4,throughput_mbps,0.7230898740208556,-1.2247691923623338,2.850346219795293
2024-01-01 00:07:27,4,throughput_mbps,0.7224875983594882,-1.499998613582396,2.6647852979263584
2024-01-01 00:07:28,4,throughput_mbps,0.7218853046518832,-1.086594168220973,2.7762435487988313
2024-01-01 00:07:29,4,throughput_mbps,0.7212829926901039,-1.2657626228189214,2.562834476855316
2024-01-01 00:07:30,4,throughput_mbps,0.720680662517651,-1.457985960458549,2.8511759654797744
2024-01-01 00:07:31,4,throughput_mbps,0.7200783140803096,-1.235515615411932,2.7519802158837257
2024-01-01 00:07:32,4,throughput_mbps,0.7194759476170092,-1.168005432157494,2.834724318809655
2024-01-01 00:07:33,4,throughput_mbps,0.7188735630735389,-1.2161957330038753,2.670079383550393
2024-01-01 00:07:34,4,throughput_mbps,0.7182711605494445,-1.2275888820575458,2.7434284268429914
2024-01-01 00:07:35,4,throughput_mbps,0.7176687397246544,-1.213985629761016,2.742652488631098
2024-01-01 00:07:36,4,throughput_mbps,0.7170663012994134,-1.2556705771698646,2.7006442707075498
2024-01-01 00:07:37,4,throughput_mbps,0.716463844926345,-1.2631921609084071,2.6541674772081896
2024-01-01 00:07:38,4,throughput_mbps,0.7158613706345789,-1.3137675272069724,2.555613962391438
2024-01-01 00:07:39,4,throughput_mbps,0.7152588782721546,-1.328934938884128,2.5069330549472637
2024-01-01 00:07:40,4,throughput_mbps,0.7146563683856024,-1.3013970715136107,2.694897192579442
2024-01-01 00:07:41,4,throughput_mbps,0.7140538407669208,-1.202968548582408,2.6497885431864705
2024-01-01 00:07:42,4,throughput_mbps,0.7134512954596176,-1.2233260346074204,2.7385350757188465
2024-01-01 00:07:43,4,throughput_mbps,0.7128487324094643,-1.2835386255250434,2.584970606757612
2024-01-01 00:07:44,4,throughput_mbps,0.7122461518554437,-1.4265485269319444,2.60688246354307
2024-01-01 00:07:45,4,throughput_mbps,0.71164355374333,-1.181559588743722,2.711231053283726
2024-01-01 00:07:46,4,throughput_mbps,0.7110409381727039,-1.3586576804444046,2.771985154579695
2024-01-01 00:07:47,4,throughput_mbps,0.7104383048233766,-1.330682782335517,2.6665621108650854
2024-01-01 00:07:48,4,throughput_mbps,0.7098356542980466,-1.251621732341383,2.752807828682993
2024-01-01 00:07:49,4,throughput_mbps,0.7092329863886702,-1.3620150767199903,2.806458415767659
2024-01-01 00:07:50,4,throughput_mbps,0.7086303011387605,-1.3741468373776067,2.7920883422980727
2024-01-01 00:07:51,4,throughput_mbps,0.708027598494079,-1.4019277073082543,2.4970823039573062
2024-01-01 00:07:52,4,throughput_mbps,0.7074248786936435,-1.2661945981385514,2.744116851057947
2024-01-01 00:07:53,4,throughput_mbps,0.7068221416832181,-1.192530510175917,2.7520653722109847
2024-01-01 00:07:54,4,throughput_mbps,0.706219387506319,-1.3262164595671886,2.750806489436114
2024-01-01 00:07:55,4,throughput_mbps,0.7056166159548534,-1.3961793115130179,2.70428986538898
2024-01-01 00:07:56,4,throughput_mbps,0.7050138276316423,-1.282009511304998,2.854770885008523
2024-01-01 00:07:57,4,throughput_mbps,0.7044110222164185,-1.3422621583520578,2.7166583996718434
2024-01-01 00:07:58,4,throughput_mbps,0.7038081996549296,-1.4946389555706574,2.6851038326435
2024-01-01 00:07:59,4,throughput_mbps,0.7032053603545095,-1.210173862442715,2.802727077314006
2024-01-01 00:08:00,4,throughput_mbps,0.7026025040926273,-1.2848786924070088,2.7370449134043526
2024-01-01 00:08:01,4,throughput_mbps,0.7019996309688987,-1.278169199196361,2.5275733819228643
2024-01-01 00:08:02,4,throughput_mbps,0.7013967407751958,-1.2815910241710593,2.747180740188589
2024-01-01 00:08:03,4,throughput_mbps,0.7007938490037838,-1.480725273713392,2.6995002673640727
2024-01-01 00:08:04,4,throughput_mbps,0.700190940501089,-1.2715657587577283,2.754099578794905
2024-01-01 00:08:05,4,throughput_mbps,0.6995880153667451,-1.2982013793628633,2.88306808257741
2024-01-01 00:08:06,4,throughput_mbps,0.6989850733781627,-1.4571794425422024,2.7407255602731433
2024-01-01 00:08:07,4,throughput_mbps,0.6983821149427552,-1.3408200053801753,2.7597748545053453
2024-01-01 00:08:08,4,throughput_mbps,0.6977791400062754,-1.314205975646724,2.752733429185378
2024-01-01 00:08:09,4,throughput_mbps,0.6971761485000155,-1.2462378886642484,2.664217833320704
2024-01-01 00:08:10,4,throughput_mbps,0.6965731402158012,-1.3263645851493142,2.7801491983627797
2024-01-01 00:08:11,4,throughput_mbps,0.6959701158689044,-1.3073614985177373,2.886301401720991
2024-01-01 00:08:12,4,throughput_mbps,0.6953670750827986,-1.274804378300607,2.631995608690087
2024-01-01 00:08:13,4,throughput_mbps,0.6947640181110516,-1.183459819551542,2.6802811101536004
2024-01-01 00:08:14,4,throughput_mbps,0.6941609444376416,-1.4127252286342353,2.597737680027302
2024-01-01 00:08:15,4,throughput_mbps,0.6935578547634368,-1.3348957644219737,2.6485309140538336
2024-01-01 00:08:16,4,throughput_mbps,0.6929547488802561,-1.3743605277052162,2.6757428452324503
2024-01-01 00:08:17,4,throughput_mbps,0.6923516268877654,-1.3120959550133873,2.6063929851322793
2024-01-01 00:08:18,4,throughput_mbps,0.6917484885632856,-1.2542622006414907,2.7172618932606962
2024-01-01 00:08:19,4,throughput_mbps,0.6911453343143531,-1.434375116691207,2.585306079519107
2024-01-01 00:08:20,4,throughput_mbps,0.6905421640867078,-1.3146303340330692,2.582950188622543
2024-01-01 00:08:21,4,throughput_mbps,0.6899389778115973,-1.485281073216772,2.6282234601109025
2024-01-01 00:08:22,4,throughput_mbps,0.6893357752807887,-1.1643849137759912,2.6519613994461615
2024-01-01 00:08:23,4,throughput_mbps,0.6887325572097677,-1.2930326685345814,2.763957523884096
2024-01-01 00:08:24,4,throughput_mbps,0.6881293232218721,-1.4174457090431232,2.557072165353074
2024-01-01 00:08:25,4,throughput_mbps,0.6875260734167833,-1.3521927964085692,2.843571754920567
2024-01-01 00:08:26,4,throughput_mbps,0.686922807740223,-1.402718450816521,2.791779391310717
2024-01-01 00:08:27,4,throughput_mbps,0.6863195264313481,-1.513332872361779,2.7073617272191473
2024-01-01 00:08:28,4,throughput_mbps,0.685716229435883,-1.4019781849164237,2.7329078519947374
2024-01-01 00:08:29,4,throughput_mbps,0.6851129168535255,-1.3296710847889204,2.7431758109409476
2024-01-01 00:08:30,4,throughput_mbps,0.6845095883075257,-1.2705660932212919,2.592696798406872
2024-01-01 00:08:31,4,throughput_mbps,0.6839062445135011,-1.3493173247482382,2.6501900630915203
2024-01-01 00:08:32,4,throughput_mbps,0.6833028852631999,-1.313832570226047,2.6611995717237824
2024-01-01 00:08:33,4,throughput_mbps,0.6826995104878255,-1.3537311140950234,2.5546720509529584
2024-01-01 00:08:34,4,throughput_mbps,0.6820961201330857,-1.336777978200089,2.6998238677589796
2024-01-01 00:08:35,4,throughput_mbps,0.6814927146066828,-1.297324520335013,2.630159342248159
2024-01-01 00:08:36,4,throughput_mbps,0.6808892936858161,-1.301860922302541,2.6438461983179735
2024-01-01 00:08:37,4,throughput_mbps,0.6802858572183614,-1.446592464971576,2.741120404996587
2024-01-01 00:08:38,4,throughput_mbps,0.6796824057515262,-1.2423024180691016,2.556796669979294
2024-01-01 00:08:39,4,throughput_mbps,0.6790789390770194,-1.106128901792254,2.683882141004677
2024-01-01 00:08:40,4,throughput_mbps,0.6784754572383824,-1.3067092626410994,2.943526245192597
2024-01-01 00:08:41,4,throughput_mbps,0.6778719601813217,-1.3199911500845605,2.716701299709814
2024-01-01 00:08:42,4,throughput_mbps,0.6772684481450473,-1.3856751468570732,2.5747517146347008
2024-01-01 00:08:43,4,throughput_mbps,0.6766649210752681,-1.228203870193206,2.56981401182713
2024-01-01 00:08:44,4,throughput_mbps,0.6760613790717205,-1.2299424679009079,2.5777641390978814
2024-01-01 00:08:45,4,throughput_mbps,0.6754578218136874,-1.3062458955019653,2.6719846912937264
2024-01-01 00:08:46,4,throughput_mbps,0.6748542499046508,-1.4203943463418178,2.4831041545521644
2024-01-01 00:08:47,4,throughput_mbps,0.6742506631362837,-1.3769420318211343,2.695244502144791
2024-01-01 00:08:48,4,throughput_mbps,0.673647061552131,-1.2834595734238534,2.505259830401603
2024-01-01 00:08:49,4,throughput_mbps,0.6730434450978914,-1.3594387455973815,2.682103990265467
2024-01-01 00:08:50,4,throughput_mbps,0.6724398140128016,-1.2104648639253153,2.9327482243923795
2024-01-01 00:08:51,4,throughput_mbps,0.6718361682425628,-1.1915875108403233,2.598825225623868
2024-01-01 00:08:52,4,throughput_mbps,0.6712325078307214,-1.2881506508724434,2.7245930208755493
2024-01-01 00:08:53,4,throughput_mbps,0.6706288325689095,-1.3590659034626515,2.7572461541763738
2024-01-01 00:08:54,4,throughput_mbps,0.6700251430607121,-1.3087923393846095,2.5584903121134155
2024-01-01 00:08:55,4,throughput_mbps,0.6694214390831983,-1.4569967222847253,2.7656879552392333
2024-01-01 00:08:56,4,throughput_mbps,0.6688177205966355,-1.5142429404386966,2.730332341550827
2024-01-01 00:08:57,4,throughput_mbps,0.6682139873780595,-1.4313576555553464,2.5958505449518134
2024-01-01 00:08:58,4,throughput_mbps,0.6676102400310985,-1.290982092999854,2.6511822962960774
2024-01-01 00:08:59,4,throughput_mbps,0.6670064784949541,-1.33340224560456,2.6355534889000585
2024-01-01 00:09:00,4,throughput_mbps,0.6664027026655941,-1.3022021019504078,2.6230479896649244
2024-01-01 00:09:01,4,throughput_mbps,0.6657989124887059,-1.3442107355224142,2.6163016701896056
2024-01-01 00:09:02,4,throughput_mbps,0.6651951082035645,-1.2739779658950838,2.7284108641652245
2024-01-01 00:09:03,4,throughput_mbps,0.6645912897558597,-1.1217965801589664,2.595018806664491
2024-01-01 00:09:04,4,throughput_mbps,0.6639874571891428,-1.266770491237636,2.683305056593617
2024-01-01 00:09:05,4,throughput_mbps,0.6633836102949937,-1.2531255204230316,2.708444145703537
2024-01-01 00:09:06,4,throughput_mbps,0.6627797496771413,-1.3946036312383518,2.752111535725259
2024-01-01 00:09:07,4,throughput_mbps,0.6621758750146981,-1.2158927534340478,2.735365636787282
2024-01-01 00:09:08,4,throughput_mbps,0.6615719864074527,-1.3461992634228648,2.5646036511500845
2024-01-01 00:09:09,4,throughput_mbps,0.6609680838010848,-1.2819551027777611,2.7207285150558924
2024-01-01 00:09:10,4,throughput_mbps,0.6603641674348941,-1.3708293721380758,2.63584845627946
2024-01-01 00:09:11,4,throughput_mbps,0.6597602372545626,-1.28558300740134,2.525211511425374
2024-01-01 00:09:12,4,throughput_mbps,0.6591562933036447,-1.287942146791575,2.6714434715689808
2024-01-01 00:09:13,4,throughput_mbps,0.6585523353736872,-1.3726166715145147,2.5344369734222822
2024-01-01 00:09:14,4,throughput_mbps,0.6579483640122572,-1.2539983382059452,2.6462416032764184
2024-01-01 00:09:15,4,throughput_mbps,0.6573443790671619,-1.2871296771027145,2.6733305672442507
2024-01-01 00:09:16,4,throughput_mbps,0.6567403803153097,-1.3810035046693474,2.5020486003334073
2024-01-01 00:09:17,4,throughput_mbps,0.6561363681647858,-1.4040393871414156,2.5610975633925093
2024-01-01 00:09:18,4,throughput_mbps,0.6555323425612709,-1.3629635203757027,2.5756888591168074
2024-01-01 00:09:19,4,throughput_mbps,0.6549283034358034,-1.4038921277001462,2.5030323071366936
2024-01-01 00:09:20,4,throughput_mbps,0.654324250579895,-1.4863059566504866,2.6441507266198885
2024-01-01 00:09:21,4,throughput_mbps,0.6537201847099717,-1.4082665142718753,2.5414873793585504
2024-01-01 00:09:22,4,throughput_mbps,0.6531161054487631,-1.4518471317651649,2.7659327565771132
2024-01-01 00:09:23,4,throughput_mbps,0.6525120128960922,-1.221165819071956,2.6817814761860017
2024-01-01 00:09:24,4,throughput_mbps,0.6519079069976252,-1.3640330009851624,2.630027361041052
2024-01-01 00:09:25,4,throughput_mbps,0.6513037879927049,-1.4171485127369603,2.6493141491636263
2024-01-01 00:09:26,4,throughput_mbps,0.6506996558269995,-1.4801293358518541,2.5890027908685513
2024-01-01 00:09:27,4,throughput_mbps,0.6500955106003473,-1.3398162372183817,2.60303526470869
2024-01-01 00:09:28,4,throughput_mbps,0.6494913519353998,-1.337670731824511,2.598079977407138
2024-01-01 00:09:29,4,throughput_mbps,0.6488871805486953,-1.27979362312463,2.610842833418488
2024-01-01 00:09:30,4,throughput_mbps,0.648282996231731,-1.391565471831098,2.858820130664629
2024-01-01 00:09:31,4,throughput_mbps,0.647678798915502,-1.3709963052414456,2.6274900462718893
2024-01-01 00:09:32,4,throughput_mbps,0.6470745885456621,-1.370134582091374,2.639842403514544
2024-01-01 00:09:33,4,throughput_mbps,0.6464703655304385,-1.3983923628194581,2.615184737175377
2024-01-01 00:09:34,4,throughput_mbps,0.6458661296466295,-1.2568016140527623,2.5406513440598815
2024-01-01 00:09:35,4,throughput_mbps,0.6452618809940849,-1.3639478199196813,2.5597157998126323
2024-01-01 00:09:36,4,throughput_mbps,0.6446576193642605,-1.2365218760641568,2.6549308796088504
2024-01-01 00:09:37,4,throughput_mbps,0.6440533454591336,-1.2688872952707773,2.7431783253544175
2024-01-01 00:09:38,4,throughput_mbps,0.6434490587617584,-1.345867062871489,2.6130727025293767
2024-01-01 00:09:39,4,throughput_mbps,0.6428447595262013,-1.2655339298472432,2.7030433145769766
2024-01-01 00:09:40,4,throughput_mbps,0.6422404473749986,-1.3134498498827498,2.551990825844481
2024-01-01 00:09:41,4,throughput_mbps,0.6416361230248615,-1.302656207985534,2.5324352642129218
2024-01-01 00:09:42,4,throughput_mbps,0.6410317862672399,-1.4010360270836193,2.5869719663676
2024-01-01 00:09:43,4,throughput_mbps,0.6404274370330869,-1.4295511467923379,2.614091636848743
2024-01-01 00:09:44,4,throughput_mbps,0.6398230752680472,-1.3781420214870663,2.712452097760228
2024-01-01 00:09:45,4,throughput_mbps,0.6392187013804456,-1.2870064724614174,2.7444876277233257
2024-01-01 00:09:46,4,throughput_mbps,0.6386143151470023,-1.3788699657053718,2.5555845752361974
2024-01-01 00:09:47,4,throughput_mbps,0.6380099166675935,-1.4711948966637929,2.6194816796712357
2024-01-01 00:09:48,4,throughput_mbps,0.63740550573363,-1.3087241487904298,2.682406012449541
2024-01-01 00:09:49,4,throughput_mbps,0.6368010828929848,-1.2035151973001734,2.673043747767493
2024-01-01 00:09:50,4,throughput_mbps,0.6361966479370726,-1.2985623917800937,2.6369349285496924
2024-01-01 00:09:51,4,throughput_mbps,0.6355922009657842,-1.290402075432626,2.5464138570611414
2024-01-01 00:09:52,4,throughput_mbps,0.6349877417557919,-1.3525843023280402,2.609467623478089
2024-01-01 00:09:53,4,throughput_mbps,0.6343832707154796,-1.6056779950231668,2.570061554629331
2024-01-01 00:09:54,4,throughput_mbps,0.633778787790498,-1.3611345496453269,2.690018612396313
2024-01-01 00:09:55,4,throughput_mbps,0.6331742929117582,-1.3808620451230886,2.635306206646033
2024-01-01 00:09:56,4,throughput_mbps,0.6325697859269684,-1.3669014277637677,2.6437643297490077
2024-01-01 00:09:57,4,throughput_mbps,0.631965267384067,-1.343830647342474,2.6268074014446583
2024-01-01 00:09:58,4,throughput_mbps,0.6313607370744391,-1.4506576333770151,2.5398354890046706
2024-01-01 00:09:59,4,throughput_mbps,0.6307561949437235,-1.3146513531970137,2.638522841003874
2024-01-01 00:10:00,4,throughput_mbps,0.6301516412313475,-1.3518603827241367,2.5678388419996123
2024-01-01 00:10:01,4,throughput_mbps,0.6295470758829514,-1.2859679173861336,2.6933996900536115
2024-01-01 00:10:02,4,throughput_mbps,0.628942498942105,-1.3331294367272983,2.6158284243556786
2024-01-01 00:10:03,4,throughput_mbps,0.6283379102001643,-1.2469791555542082,2.775624312515051
2024-01-01 00:10:04,4,throughput_mbps,0.6277333102614686,-1.2839471146259753,2.8325769825586278
2024-01-01 00:10:05,4,throughput_mbps,0.6271286988046854,-1.4508933936377866,2.5782848352545873
2024-01-01 00:10:06,4,throughput_mbps,0.6265240759297306,-1.2513040568278335,2.6908205617340415
2024-01-01 00:10:07,4,throughput_mbps,0.6259194415822371,-1.3639831341316344,2.601247994788075
2024-01-01 00:10:08,4,throughput_mbps,0.6253147960016492,-1.3014951903693115,2.5338251143039447
2024-01-01 00:10:09,4,throughput_mbps,0.624710139133601,-1.3130301572883627,2.5749024982598394
2024-01-01 00:10:10,4,throughput_mbps,0.6241054710216631,-1.4359966998810219,2.646816333861556
2024-01-01 00:10:11,4,throughput_mbps,0.6235007914571654,-1.3523691575239607,2.58685799209152
2024-01-01 00:10:12,4,throughput_mbps,0.622896100988159,-1.4285225983436802,2.6281261654108574
2024-01-01 00:10:13,4,throughput_mbps,0.6222913994623407,-1.5547867209888553,2.5810247934141772
2024-01-01 00:10:14,4,throughput_mbps,0.6216866869084996,-1.2595735424155299,2.623006295987192
2024-01-01 00:10:15,4,throughput_mbps,0.6210819629784277,-1.197580614367927,2.6600983218227627
2024-01-01 00:10:16,4,throughput_mbps,0.6204772283745175,-1.5127471509645005,2.501078491583307
2024-01-01 00:10:17,4,throughput_mbps,0.6198724827753512,-1.27456263538973,2.6570552513928996
2024-01-01 00:10:18,4,throughput_mbps,0.6192677262808691,-1.343514102250507,2.558263695882272
2024-01-01 00:10:19,4,throughput_mbps,0.618662958836696,-1.4763647997308356,2.7517717571239637
2024-01-01 00:10:20,4,throughput_mbps,0.6180581806822987,-1.4560747213146024,2.4748295429589553
2024-01-01 00:10:21,4,throughput_mbps,0.617453391763303,-1.3102197118190628,2.5825381366565896
2024-01-01 00:10:22,4,throughput_mbps,0.6168485921232821,-1.5710150301164683,2.7005559682408715
2024-01-01 00:10:23,4,throughput_mbps,0.6162437815535258,-1.427920316116199,2.6113531825417287
2024-01-01 00:10:24,4,throughput_mbps,0.6156389606021704,-1.477758891077661,2.67110495882281
2024-01-01 00:10:25,4,throughput_mbps,0.6150341291168948,-1.2898758860149797,2.4568478435966097
2024-01-01 00:10:26,4,throughput_mbps,0.6144292870285033,-1.290196004084662,2.7127510668260504
2024-01-01 00:10:27,4,throughput_mbps,0.6138244342826105,-1.270364189789935,2.6206376759619965
2024-01-01 00:10:28,4,throughput_mbps,0.6132195712878638,-1.2372566782690388,2.5894826907457125
2024-01-01 00:10:29,4,throughput_mbps,0.612614697820717,-1.5633885527427775,2.5943117402752325
2024-01-01 00:10:30,4,throughput_mbps,0.6120098139811336,-1.1910565718291886,2.534581904059669
2024-01-01 00:10:31,4,throughput_mbps,0.6114049195603777,-1.281717848252773,2.6222267592757316
2024-01-01 00:10:32,4,throughput_mbps,0.6108000151066396,-1.2548070453698528,2.567238217649533
2024-01-01 00:10:33,4,throughput_mbps,0.6101951004111875,-1.549743213572203,2.464366606891135
2024-01-01 00:10:34,4,throughput_mbps,0.6095901755739969,-1.502337610139918,2.492048720418027
2024-01-01 00:10:35,4,throughput_mbps,0.6089852403714789,-1.3468216326041578,2.498016422854279
2024-01-01 00:10:36,4,throughput_mbps,0.608380295212331,-1.404461804790033,2.7657230500491834
2024-01-01 00:10:37,4,throughput_mbps,0.607775340042174,-1.2860603591506994,2.7597674282541975
2024-01-01 00:10:38,4,throughput_mbps,0.6071703744830315,-1.3970073198536919,2.6968737406138463
2024-01-01 00:10:39,4,throughput_mbps,0.6065653992523588,-1.4902368760049238,2.5254208890237493
2024-01-01 00:10:40,4,throughput_mbps,0.605960414141407,-1.2129822685052,2.6848699312298754
2024-01-01 00:10:41,4,throughput_mbps,0.60535541908093,-1.3543565924068286,2.5906354514858796
2024-01-01 00:10:42,4,throughput_mbps,0.6047504140165333,-1.3813660845739513,2.754100725501641
2024-01-01 00:10:43,4,throughput_mbps,0.6041453993569663,-1.3442402163082396,2.7205115269803115
2024-01-01 00:10:44,4,throughput_mbps,0.603540374878595,-1.4949876827856723,2.643623353477419
2024-01-01 00:10:45,4,throughput_mbps,0.6029353406814096,-1.3047544254893548,2.577118180655604
2024-01-01 00:10:46,4,throughput_mbps,0.6023302965566302,-1.4778532580207926,2.559153704801178
2024-01-01 00:10:47,4,throughput_mbps,0.6017252430525417,-1.4687300765566587,2.575174521932675
2024-01-01 00:10:48,4,throughput_mbps,0.6011201799603667,-1.393910225805833,2.6746334399266045
2024-01-01 00:10:49,4,throughput_mbps,0.6005151073801078,-1.3529268250858748,2.64549774118137
2024-01-01 00:10:50,4,throughput_mbps,0.5999100250880902,-1.5213029360129735,2.654829698277257
2024-01-01 00:10:51,4,throughput_mbps,0.5993049334931101,-1.415720756184183,2.504204888906636
2024-01-01 00:10:52,4,throughput_mbps,0.5986998325407792,-1.3732560613072036,2.5353455345186857
2024-01-01 00:10:53,4,throughput_mbps,0.5980947221618108,-1.4498217298539788,2.4480429305594344
2024-01-01 00:10:54,4,throughput_mbps,0.5974896022038317,-1.4333725653701308,2.6808950709012014
2024-01-01 00:10:55,4,throughput_mbps,0.596884473215175,-1.3226181790145277,2.4974926157515163
2024-01-01 00:10:56,4,throughput_mbps,0.5962793351414525,-1.5791535066170022,2.6377869335150343
2024-01-01 00:10:57,4,throughput_mbps,0.5956741877174176,-1.3981720642222848,2.7791143307364234
2024-01-01 00:10:58,4,throughput_mbps,0.5950690308886653,-1.3748972470718672,2.46235311713026
2024-01-01 00:10:59,4,throughput_mbps,0.5944638652035522,-1.4234155782892057,2.6154871796223773
2024-01-01 00:11:00,4,throughput_mbps,0.5938586904532658,-1.4060189232222629,2.5663277183430564
2024-01-01 00:11:01,4,throughput_mbps,0.59325350673783,-1.4770514791436438,2.5492775558473233
2024-01-01 00:11:02,4,throughput_mbps,0.592648313833502,-1.498631186939025,2.6531327422973936
2024-01-01 00:11:03,4,throughput_mbps,0.5920431121491537,-1.3785693928669258,2.7692412819417864
2024-01-01 00:11:04,4,throughput_mbps,0.5914379016303903,-1.3879212708866833,2.529338936094292
2024-01-01 00:11:05,4,throughput_mbps,0.5908326822078851,-1.347076065956512,2.618210415993232
2024-01-01 00:11:06,4,throughput_mbps,0.5902274537292518,-1.5592331764843619,2.60109745943848
2024-01-01 00:11:07,4,throughput_mbps,0.5896222167428911,-1.3549592270244466,2.6176004573536256
2024-01-01 00:11:08,4,throughput_mbps,0.5890169710399684,-1.4254056743091894,2.51427440204041
2024-01-01 00:11:09,4,throughput_mbps,0.5884117166640608,-1.4531717874156012,2.5302524267208586
2024-01-01 00:11:10,4,throughput_mbps,0.5878064535607636,-1.2913494283201192,2.6198488797885617
2024-01-01 00:11:11,4,throughput_mbps,0.5872011819696143,-1.4786499183546256,2.6099973854143483
2024-01-01 00:11:12,4,throughput_mbps,0.5865959018362097,-1.3101219699576752,2.5572835707772827
2024-01-01 00:11:13,4,throughput_mbps,0.5859906132605928,-1.345573523442183,2.7923007019737245
2024-01-01 00:11:14,4,throughput_mbps,0.5853853159209735,-1.482674743854631,2.454267800226581
2024-01-01 00:11:15,4,throughput_mbps,0.5847800104222594,-1.360429678759968,2.6238325344981015
2024-01-01 00:11:16,4,throughput_mbps,0.584174696555595,-1.4264205397956107,2.4924119361316204
2024-01-01 00:11:17,4,throughput_mbps,0.5835693742665733,-1.4826598556900148,2.486915518042528
2024-01-01 00:11:18,4,throughput_mbps,0.5829640437947381,-1.3967806946685197,2.643494987117487
2024-01-01 00:11:19,4,throughput_mbps,0.5823587050856821,-1.4150625659024596,2.5693678918212837
2024-01-01 00:11:20,4,throughput_mbps,0.5817533581829815,-1.4186570751995182,2.5449370255714183
2024-01-01 00:11:21,4,throughput_mbps,0.581148002877761,-1.3955570533642405,2.5110265240842806
2024-01-01 00:11:22,4,throughput_mbps,0.5805426397184978,-1.2675223853020487,2.704532942980552
2024-01-01 00:11:23,4,throughput_mbps,0.5799372685528024,-1.45166644584352,2.6389197492867806
2024-01-01 00:11:24,4,throughput_mbps,0.5793318893112854,-1.4372987379495568,2.5799654221264343
2024-01-01 00:11:25,4,throughput_mbps,0.5787265019395309,-1.4629300926628572,2.637860173238137
2024-01-01 00:11:26,4,throughput_mbps,0.5781211068465495,-1.5035727976621434,2.4975537057635817
2024-01-01 00:11:27,4,throughput_mbps,0.5775157038084695,-1.4255452511087587,2.57736500029539
2024-01-01 00:11:28,4,throughput_mbps,0.5769102929253545,-1.438267976422452,2.617908419534872
2024-01-01 00:11:29,4,throughput_mbps,0.5763048739883091,-1.4620932270158633,2.497037311359924
2024-01-01 00:11:30,4,throughput_mbps,0.575699447545848,-1.3502300610271103,2.6342345099409714
2024-01-01 00:11:31,4,throughput_mbps,0.5750940133890788,-1.3986162637771002,2.698245000857696
2024-01-01 00:11:32,4,throughput_mbps,0.5744885716180759,-1.6022666116370543,2.5273104912774182
2024-01-01 00:11:33,4,throughput_mbps,0.5738831220089297,-1.476871775863698,2.5091748276825783
2024-01-01 00:11:34,4,throughput_mbps,0.57327766497069,-1.3955075903884866,2.4900069786559884
2024-01-01 00:11:35,4,throughput_mbps,0.5726722004489477,-1.4074729880127284,2.557134478690148
2024-01-01 00:11:36,4,throughput_mbps,0.5720667283742736,-1.4838876867719926,2.4476103537995164
2024-01-01 00:11:37,4,throughput_mbps,0.5714612485377499,-1.3464875870073514,2.464006027900365
2024-01-01 00:11:38,4,throughput_mbps,0.5708557618119441,-1.4513007920561403,2.5133960042040115
2024-01-01 00:11:39,4,throughput_mbps,0.57025026750943,-1.4206345373592169,2.6658074394998974
2024-01-01 00:11:40,4,throughput_mbps,0.5696447658847861,-1.5769560302499102,2.6856259728185417
2024-01-01 00:11:41,4,throughput_mbps,0.5690392567290907,-1.4361550935308602,2.5881531603863754
2024-01-01 00:11:42,4,throughput_mbps,0.5684337405909098,-1.3890007575139927,2.6837381943680167
2024-01-01 00:11:43,4,throughput_mbps,0.5678282172613236,-1.2842116057029314,2.494652195624215
2024-01-01 00:11:44,4,throughput_mbps,0.5672226868404242,-1.292026138911081,2.5339767501176635
2024-01-01 00:11:45,4,throughput_mbps,0.5666171491042407,-1.5123317459227545,2.5941626581454775
2024-01-01 00:11:46,4,throughput_mbps,0.5660116044618857,-1.2980294973400377,2.675598978455027
2024-01-01 00:11:47,4,throughput_mbps,0.5654060528589447,-1.3459293223657438,2.4966842863565866
2024-01-01 00:11:48,4,throughput_mbps,0.5648004942259504,-1.3540944626659348,2.610090998571929
2024-01-01 00:11:49,4,throughput_mbps,0.5641949283539583,-1.4644251610313355,2.5850018362911062
2024-01-01 00:11:50,4,throughput_mbps,0.5635893559611415,-1.4864516041870475,2.419638115297421
2024-01-01 00:11:51,4,throughput_mbps,0.5629837766689885,-1.5085851622857864,2.4810353017845967
2024-01-01 00:11:52,4,throughput_mbps,0.562378190577597,-1.6185039081243857,2.6240770999761858
2024-01-01 00:11:53,4,throughput_mbps,0.5617725976325458,-1.2868843455915657,2.6516114086003153
2024-01-01 00:11:54,4,throughput_mbps,0.5611669980733983,-1.3059480761224604,2.486294542590157
2024-01-01 00:11:55,4,throughput_mbps,0.5605613918457326,-1.4337518196984964,2.7126177313780544
2024-01-01 00:11:56,4,throughput_mbps,0.5599557787405949,-1.341037579579527,2.556714745602989
2024-01-01 00:11:57,4,throughput_mbps,0.5593501593066101,-1.3765054882893977,2.518701890298017
2024-01-01 00:11:58,4,throughput_mbps,0.558744533334826,-1.4303969356905597,2.557369321382333
2024-01-01 00:11:59,4,throughput_mbps,0.5581389009253552,-1.4184195180188535,2.5390534819369637
2024-01-01 00:12:00,4,throughput_mbps,0.5575332618541534,-1.4811443739477603,2.526375392134671
2024-01-01 00:12:01,4,throughput_mbps,0.5569276165304059,-1.3093415642196833,2.502152935901308
2024-01-01 00:12:02,4,throughput_mbps,0.5563219648996932,-1.3611887567616212,2.493922843252999
2024-01-01 00:12:03,4,throughput_mbps,0.5557163068924993,-1.400142843455676,2.5047890106406645
2024-01-01 00:12:04,4,throughput_mbps,0.5551106423563977,-1.5207552257611874,2.498098853172862
2024-01-01 00:12:05,4,throughput_mbps,0.5545049718400411,-1.4715828587555426,2.5722319244900556
2024-01-01 00:12:06,4,throughput_mbps,0.5538992951344613,-1.4992742247200874,2.3163568643650496
2024-01-01 00:12:07,4,throughput_mbps,0.5532936122832295,-1.4774348607615975,2.635391036980781
2024-01-01 00:12:08,4,throughput_mbps,0.5526879232319197,-1.5475790139238164,2.3497168233435444
2024-01-01 00:12:09,4,throughput_mbps,0.5520822282200969,-1.4359587601151256,2.665047520846508
2024-01-01 00:12:10,4,throughput_mbps,0.5514765271933347,-1.4459407448078732,2.4888474458524077
2024-01-01 00:12:11,4,throughput_mbps,0.5508708202517618,-1.4203053957867446,2.7536633121696235
2024-01-01 00:12:12,4,throughput_mbps,0.5502651070732788,-1.530650809665444,2.5334645675637892
2024-01-01 00:12:13,4,throughput_mbps,0.5496593882631206,-1.5269761066867487,2.5203688106763256
2024-01-01 00:12:14,4,throughput_mbps,0.5490536636123039,-1.3735683539001866,2.475822323445964
2024-01-01 00:12:15,4,throughput_mbps,0.5484479333189597,-1.6305601772310352,2.3784856243049504
2024-01-01 00:12:16,4,throughput_mbps,0.5478421968649748,-1.399216589480642,2.4666839366665143
2024-01-01 00:12:17,4,throughput_mbps,0.5472364549535995,-1.4321505381062893,2.519245816244056
2024-01-01 00:12:18,4,throughput_mbps,0.5466307073758427,-1.3531888123822728,2.630394048192381
2024-01-01 00:12:19,4,throughput_mbps,0.5460249541752737,-1.4597106869937044,2.6850649971482876
2024-01-01 00:12:20,4,throughput_mbps,0.5454191952974629,-1.4509036872930512,2.434270446935319
2024-01-01 00:12:21,4,throughput_mbps,0.5448134309819745,-1.485196398626282,2.6743499609669423
2024-01-01 00:12:22,4,throughput_mbps,0.5442076611743794,-1.5122704157992721,2.4433594158965697
2024-01-01 00:12:23,4,throughput_mbps,0.5436018859748203,-1.4953526361497884,2.622370925429213
2024-01-01 00:12:24,4,throughput_mbps,0.5429961050611425,-1.4020041006911543,2.4986103696661326
2024-01-01 00:12:25,4,throughput_mbps,0.5423903190386319,-1.4721458834322536,2.4555121374830464
2024-01-01 00:12:26,4,throughput_mbps,0.5417845276982842,-1.6571556231771338,2.66834954117724
2024-01-01 00:12:27,4,throughput_mbps,0.5411787310836665,-1.3655319555936536,2.6396723950561642
2024-01-01 00:12:28,4,throughput_mbps,0.5405729291403479,-1.5960385063312756,2.4923419250384926
2024-01-01 00:12:29,4,throughput_mbps,0.53996712210789,-1.4456734487702547,2.591913797885534
2024-01-01 00:12:30,4,throughput_mbps,0.5393613099318617,-1.3662028632964385,2.5085743342732454
2024-01-01 00:12:31,4,throughput_mbps,0.5387554926558287,-1.4752365551462452,2.591196917207945
2024-01-01 00:12:32,4,throughput_mbps,0.5381496700707724,-1.482658013624584,2.4550954932918736
2024-01-01 00:12:33,4,throughput_mbps,0.5375438427820153,-1.2758079148433705,2.4566892533301097
2024-01-01 00:12:34,4,throughput_mbps,0.5369380104673612,-1.3846056167529648,2.5655439119992884
2024-01-01 00:12:35,4,throughput_mbps,0.536332173072373,-1.4011815682111532,2.621353392652854
2024-01-01 00:12:36,4,throughput_mbps,0.5357263310063892,-1.6272232407995681,2.5022788157008127
2024-01-01 00:12:37,4,throughput_mbps,0.535120484045198,-1.5025931556621026,2.5693711806065322
2024-01-01 00:12:38,4,throughput_mbps,0.534514632288956,-1.628947986555319,2.4514813783224794
2024-01-01 00:12:39,4,throughput_mbps,0.5339087755286347,-1.5956715775929116,2.603385014060635
2024-01-01 00:12:40,4,throughput_mbps,0.5333029143129814,-1.4375565846411926,2.4785828867740256
2024-01-01 00:12:41,4,throughput_mbps,0.532697048432968,-1.4879493963165489,2.4974414045799174
2024-01-01 00:12:42,4,throughput_mbps,0.5320911779887603,-1.4853078004076194,2.4496603233044025
2024-01-01 00:12:43,4,throughput_mbps,0.5314853027561157,-1.4593445910844962,2.694038734906816
2024-01-01 00:12:44,4,throughput_mbps,0.5308794231443983,-1.4516857679756974,2.474521132521069
2024-01-01 00:12:45,4,throughput_mbps,0.5302735390991777,-1.5227076481671964,2.4096336396596465
2024-01-01 00:12:46,4,throughput_mbps,0.5296676505508027,-1.5126098226561595,2.47464714208027
2024-01-01 00:12:47,4,throughput_mbps,0.5290617572902294,-1.3819246539408425,2.545799202978734
2024-01-01 00:12:48,4,throughput_mbps,0.5284558600360498,-1.4805131458904615,2.4054427607603803
2024-01-01 00:12:49,4,throughput_mbps,0.5278499584093952,-1.5465070765211641,2.4367331906729732
2024-01-01 00:12:50,4,throughput_mbps,0.5272440525104357,-1.6216270652101668,2.509037182135944
2024-01-01 00:12:51,4,throughput_mbps,0.5266381422847366,-1.4479454199854451,2.521057032323237
2024-01-01 00:12:52,4,throughput_mbps,0.5260322279718477,-1.4879020004708183,2.3653913203652364
2024-01-01 00:12:53,4,throughput_mbps,0.525426309517333,-1.5863128611503443,2.5938638513337944
2024-01-01 00:12:54,4,throughput_mbps,0.5248203870213719,-1.6359825230511411,2.615902967694811
2024-01-01 00:12:55,4,throughput_mbps,0.5242144601050549,-1.4638625769935223,2.597966125011287
2024-01-01 00:12:56,4,throughput_mbps,0.5236085294870169,-1.4597250968075928,2.602769170622494
2024-01-01 00:12:57,4,throughput_mbps,0.5230025951128289,-1.4415721732501274,2.5762725025227247
2024-01-01 00:12:58,4,throughput_mbps,0.5223966566035695,-1.4175295458865937,2.5857497153522093
2024-01-01 00:12:59,4,throughput_mbps,0.5217907139047951,-1.5299996059378969,2.519984617609057
2024-01-01 00:13:00,4,throughput_mbps,0.521184767735167,-1.499571454780121,2.4101423349118143
2024-01-01 00:13:01,4,throughput_mbps,0.5205788177157505,-1.5227981001993363,2.548008005123138
2024-01-01 00:13:02,4,throughput_mbps,0.519972863946729,-1.4748641341924578,2.4846150088543646
2024-01-01 00:13:03,4,throughput_mbps,0.519366906373666,-1.5159491773358582,2.504464125704133
2024-01-01 00:13:04,4,throughput_mbps,0.5187609452361017,-1.5601892966826716,2.3794877783303847
2024-01-01 00:13:05,4,throughput_mbps,0.5181549804795992,-1.5253314543762493,2.6119922422921977
2024-01-01 00:13:06,4,throughput_mbps,0.5175490122043491,-1.4248474120417733,2.5338150609203343
2024-01-01 00:13:07,4,throughput_mbps,0.5169430400313794,-1.4952888713165067,2.353570582916355
2024-01-01 00:13:08,4,throughput_mbps,0.516337064679389,-1.3793320833277087,2.349548697080868
2024-01-01 00:13:09,4,throughput_mbps,0.515731085939318,-1.5579848711941198,2.5202276900257874
2024-01-01 00:13:10,4,throughput_mbps,0.5151251037414412,-1.4613408955584601,2.5366020817005177
2024-01-01 00:13:11,4,throughput_mbps,0.5145191180313179,-1.4525405938415314,2.517719965593042
2024-01-01 00:13:12,4,throughput_mbps,0.5139131292184078,-1.3224647500792746,2.4623450645700826
2024-01-01 00:13:13,4,throughput_mbps,0.5133071370783459,-1.38048430330568,2.5798888893466327
2024-01-01 00:13:14,4,throughput_mbps,0.5127011417113265,-1.4963344262428542,2.603480723990605
2024-01-01 00:13:15,4,throughput_mbps,0.5120951429082767,-1.531283567698411,2.463680965050417
2024-01-01 00:13:16,4,throughput_mbps,0.5114891412179958,-1.5209321931180686,2.4227558919809833
2024-01-01 00:13:17,4,throughput_mbps,0.5108831364314108,-1.5264141783741034,2.388658891971254
2024-01-01 00:13:18,4,throughput_mbps,0.5102771284940846,-1.462281452296439,2.502923627762802
2024-01-01 00:13:19,4,throughput_mbps,0.5096711176455418,-1.5726714300409543,2.5634523292238565
2024-01-01 00:13:20,4,throughput_mbps,0.5090651038313443,-1.6000302700946492,2.49229645470877
2024-01-01 00:13:21,4,throughput_mbps,0.508459087151697,-1.4505193981992277,2.492886579088169
2024-01-01 00:13:22,4,throughput_mbps,0.5078530672842102,-1.488947077167034,2.6006467626745193
2024-01-01 00:13:23,4,throughput_mbps,0.5072470448343424,-1.5920372090910073,2.3242521669822804
2024-01-01 00:13:24,4,throughput_mbps,0.5066410195930134,-1.4791787242211227,2.382507129188892
2024-01-01 00:13:25,4,throughput_mbps,0.5060349916037711,-1.483598487839605,2.5025862280665234
2024-01-01 00:13:26,4,throughput_mbps,0.5054289608121777,-1.5802266377961247,2.3745191111150747
2024-01-01 00:13:27,4,throughput_mbps,0.5048229274577486,-1.4445329913083311,2.6748884265375708
2024-01-01 00:13:28,4,throughput_mbps,0.5042168914860453,-1.7466917794288979,2.5935463716085643
2024-01-01 00:13:29,4,throughput_mbps,0.5036108529406134,-1.3946794102298237,2.480290016676464
2024-01-01 00:13:30,4,throughput_mbps,0.5030048116123663,-1.4865441701305946,2.4526123547316656
2024-01-01 00:13:31,4,throughput_mbps,0.5023987681067801,-1.4404871362259586,2.5651197899020652
2024-01-01 00:13:32,4,throughput_mbps,0.5017927221014322,-1.5159054565694507,2.469050889697215
2024-01-01 00:13:33,4,throughput_mbps,0.5011866736965336,-1.3992658685411807,2.5727683302295765
2024-01-01 00:13:34,4,throughput_mbps,0.5005806228376475,-1.621778585896597,2.388712051179113
2024-01-01 00:13:35,4,throughput_mbps,0.4999745697642775,-1.5771916979573717,2.5029118352406887
2024-01-01 00:13:36,4,throughput_mbps,0.49936851442198543,-1.4301125689049186,2.5790902268742593
2024-01-01 00:13:37,4,throughput_mbps,0.4987624568543132,-1.561197626159194,2.5495557681291507
2024-01-01 00:13:38,4,throughput_mbps,0.4981563968521684,-1.4223753003523594,2.623474362845766
2024-01-01 00:13:39,4,throughput_mbps,0.49755033511901603,-1.439848106864252,2.5271190875970158
2024-01-01 00:13:40,4,throughput_mbps,0.496944271136451,-1.328059415456098,2.5388243933197123
2024-01-01 00:13:41,4,throughput_mbps,0.49633820510266885,-1.5701567167170354,2.479726829083189
2024-01-01 00:13:42,4,throughput_mbps,0.4957321368085746,-1.570877194303608,2.446112218240724
2024-01-01 00:13:43,4,throughput_mbps,0.4951260668596598,-1.4824382465488237,2.5161476709892434
2024-01-01 00:13:44,4,throughput_mbps,0.4945199949334632,-1.4133283237681507,2.4982085091978568
2024-01-01 00:13:45,4,throughput_mbps,0.49391392113020494,-1.5439574456056522,2.5258571424906915
2024-01-01 00:13:46,4,throughput_mbps,0.49330784539544836,-1.4180393403679348,2.5964482451179953
2024-01-01 00:13:47,4,throughput_mbps,0.49270176796867937,-1.3469868246632186,2.427339916080868
2024-01-01 00:13:48,4,throughput_mbps,0.4920956887954601,-1.3364405335469334,2.4744062334137236
2024-01-01 00:13:49,4,throughput_mbps,0.49148960791932655,-1.603927535893922,2.4267140323579333
2024-01-01 00:13:50,4,throughput_mbps,0.490883525131179,-1.6482593550325946,2.5769288981543523
2024-01-01 00:13:51,4,throughput_mbps,0.49027744097982306,-1.5178177979427352,2.5442253476549763
2024-01-01 00:13:52,4,throughput_mbps,0.4896713553128529,-1.4637754349580123,2.39690449107946
2024-01-01 00:13:53,4,throughput_mbps,0.4890652680604145,-1.4159236562215525,2.3828562417201304
2024-01-01 00:13:54,4,throughput_mbps,0.48845917916806825,-1.3985484778103234,2.4437024366738505
2024-01-01 00:13:55,4,throughput_mbps,0.48785308904537744,-1.4310561448952621,2.5496517738415014
2024-01-01 00:13:56,4,throughput_mbps,0.487246997467814,-1.478922326653681,2.499713290141554
2024-01-01 00:13:57,4,throughput_mbps,0.48664090422627054,-1.4774737324768188,2.507664557144459
2024-01-01 00:13:58,4,throughput_mbps,0.4860348100396512,-1.4806164321729638,2.5460782682871206
2024-01-01 00:13:59,4,throughput_mbps,0.48542871452874925,-1.5166618590533916,2.367491223278648
2024-01-01 00:14:00,4,throughput_mbps,0.48482261779379643,-1.5521387406094151,2.422594499931744
2024-01-01 00:14:01,4,throughput_mbps,0.4842165197803573,-1.4631797235951773,2.576635629530673
2024-01-01 00:14:02,4,throughput_mbps,0.483610420727891,-1.6566337970101068,2.4895649390763532
2024-01-01 00:14:03,4,throughput_mbps,0.48300432058196147,-1.496453804660299,2.41122640741746
2024-01-01 00:14:04,4,throughput_mbps,0.48239821944280553,-1.5277074888089517,2.537218008785468
2024-01-01 00:14:05,4,throughput_mbps,0.4817921169311895,-1.346200711018368,2.4231084470151134
2024-01-01 00:14:06,4,throughput_mbps,0.4811860137660362,-1.5623086985776888,2.4943064761027687
2024-01-01 00:14:07,4,throughput_mbps,0.4805799097382414,-1.4273222134308232,2.483739029500286
2024-01-01 00:14:08,4,throughput_mbps,0.4799738047779065,-1.5501961867873821,2.480769860940861
2024-01-01 00:14:09,4,throughput_mbps,0.47936769883059477,-1.496288713718798,2.453765368444037
2024-01-01 00:14:10,4,throughput_mbps,0.4787615923058944,-1.3459715487763955,2.544253160238429
2024-01-01 00:14:11,4,throughput_mbps,0.47815548497922516,-1.4250885758602476,2.47793830301928
2024-01-01 00:14:12,4,throughput_mbps,0.47754937695082544,-1.53825512926877,2.4219033789514324
2024-01-01 00:14:13,4,throughput_mbps,0.47694326801158615,-1.4844351071524091,2.514875157630414
2024-01-01 00:14:14,4,throughput_mbps,0.4763371587102948,-1.5092414197097925,2.5210256775233595
2024-01-01 00:14:15,4,throughput_mbps,0.4757310488378401,-1.3659144038187183,2.5962540237230156
2024-01-01 00:14:16,4,throughput_mbps,0.4751249386491438,-1.5540297195599035,2.5136426498543494
2024-01-01 00:14:17,4,throughput_mbps,0.474518827455573,-1.5595243487215094,2.4844687813013353
2024-01-01 00:14:18,4,throughput_mbps,0.47391271613075564,-1.5570649100973464,2.482062360530194
2024-01-01 00:14:19,4,throughput_mbps,0.4733066044655829,-1.5104629255441577,2.5687667127865317
2024-01-01 00:14:20,4,throughput_mbps,0.47270049239012235,-1.648211388279314,2.4091783626093726
2024-01-01 00:14:21,4,throughput_mbps,0.47209437984993874,-1.4710665476511677,2.583179312496949
2024-01-01 00:14:22,4,throughput_mbps,0.4714882672546368,-1.477903597307599,2.5354067216750833
2024-01-01 00:14:23,4,throughput_mbps,0.4708821543795965,-1.4362830352597642,2.548955363343811
2024-01-01 00:14:24,4,throughput_mbps,0.4702760413250631,-1.457647353829603,2.365621276307184
2024-01-01 00:14:25,4,throughput_mbps,0.46966992788192535,-1.541549927340268,2.419237509294165
2024-01-01 00:14:26,4,throughput_mbps,0.4690638145989531,-1.6016728774347528,2.3677873268403653
2024-01-01 00:14:27,4,throughput_mbps,0.4684577012670331,-1.6219416657996186,2.349615988564961
2024-01-01 00:14:28,4,throughput_mbps,0.4678515879864166,-1.5030191374805573,2.5057847814947505
2024-01-01 00:14:29,4,throughput_mbps,0.4672454745324627,-1.424879778721971,2.515342243872924
2024-01-01 00:14:30,4,throughput_mbps,0.4666393613147825,-1.4863584446587441,2.433333172345113
2024-01-01 00:14:31,4,throughput_mbps,0.4660332482789465,-1.4448586927176506,2.5085415596798186
2024-01-01 00:14:32,4,throughput_mbps,0.46542713535498775,-1.4694127928842315,2.4704965759389586
2024-01-01 00:14:33,4,throughput_mbps,0.46482102239053313,-1.5052591988553568,2.4026838276389415
2024-01-01 00:14:34,4,throughput_mbps,0.46421490993433845,-1.4533658238642881,2.465319154877727
2024-01-01 00:14:35,4,throughput_mbps,0.4636087977772899,-1.5038545530124472,2.5018872970595325
2024-01-01 00:14:36,4,throughput_mbps,0.46300268586495885,-1.522334487641159,2.6074847576671156
2024-01-01 00:14:37,4,throughput_mbps,0.46239657443672927,-1.4374338521372332,2.2629298129294666
2024-01-01 00:14:38,4,throughput_mbps,0.4617904634381707,-1.5793089470641832,2.395327895257297
2024-01-01 00:14:39,4,throughput_mbps,0.46118435291278953,-1.5412552098640917,2.3833696688558486
2024-01-01 00:14:40,4,throughput_mbps,0.4605782426514746,-1.5124523779990349,2.482829268552672
2024-01-01 00:14:41,4,throughput_mbps,0.45997213325971786,-1.48321005833706,2.250625279948085
2024-01-01 00:14:42,4,throughput_mbps,0.4593660244149055,-1.5954022853998773,2.419321412519882
2024-01-01 00:14:43,4,throughput_mbps,0.4587599162172913,-1.470020623446183,2.5018280631026486
2024-01-01 00:14:44,4,throughput_mbps,0.4581538086124483,-1.7749350862476678,2.4027359309135257
2024-01-01 00:14:45,4,throughput_mbps,0.4575477018397411,-1.5347043920360792,2.377022804818265
2024-01-01 00:14:46,4,throughput_mbps,0.45694159584474,-1.5329361607599108,2.3833683859166026
2024-01-01 00:14:47,4,throughput_mbps,0.45633549067094703,-1.49984504716975,2.4639174500010697
2024-01-01 00:14:48,4,throughput_mbps,0.45572938610925207,-1.473470639041101,2.4806445782401876
2024-01-01 00:14:49,4,throughput_mbps,0.4551232827083773,-1.3406508666329362,2.584647039553024
2024-01-01 00:14:50,4,throughput_mbps,0.4545171803159711,-1.4912210116810902,2.436925753823675
2024-01-01 00:14:51,4,throughput_mbps,0.4539110788620117,-1.4893959968323216,2.4513129765391866
2024-01-01 00:14:52,4,throughput_mbps,0.45330497829207256,-1.554436424439952,2.3942735099657604
2024-01-01 00:14:53,4,throughput_mbps,0.4526988790157833,-1.5281035204034554,2.56132784577007
2024-01-01 00:14:54,4,throughput_mbps,0.45209278080842974,-1.5573501286243239,2.400183947149279
2024-01-01 00:14:55,4,throughput_mbps,0.4514866837702701,-1.4591296033799157,2.637178977008448
2024-01-01 00:14:56,4,throughput_mbps,0.45088058769219674,-1.6558445461564522,2.2707120449787626
2024-01-01 00:14:57,4,throughput_mbps,0.4502744931229108,-1.5238625593489303,2.4764958034833273
2024-01-01 00:14:58,4,throughput_mbps,0.44966840000798697,-1.4121937338385069,2.440571875263524
2024-01-01 00:14:59,4,throughput_mbps,0.44906230808154796,-1.530627381911363,2.5902486445640323
2024-01-01 00:15:00,4,throughput_mbps,0.4484562172891728,-1.590140055311837,2.304708412665912
2024-01-01 00:15:01,4,throughput_mbps,0.4478501281795507,-1.596932480917483,2.3471265078982797
2024-01-01 00:15:02,4,throughput_mbps,0.44724404060034595,-1.5720247593544818,2.488003946977713
2024-01-01 00:15:03,4,throughput_mbps,0.4466379544815039,-1.5301679169692473,2.3658672147494504
2024-01-01 00:15:04,4,throughput_mbps,0.4460318697686002,-1.5600432813029996,2.54689898889155
2024-01-01 00:15:05,4,throughput_mbps,0.4454257868712695,-1.5447358220622522,2.438454833677045
2024-01-01 00:15:06,4,throughput_mbps,0.4448197055647633,-1.5018313929604803,2.3255527187105662
2024-01-01 00:15:07,4,throughput_mbps,0.44421362594934416,-1.6661966668288275,2.2974689758954847
2024-01-01 00:15:08,4,throughput_mbps,0.4436075478159083,-1.4361300187479538,2.510441630041638
2024-01-01 00:15:09,4,throughput_mbps,0.44300147171312143,-1.59374992131098,2.366998486917401
2024-01-01 00:15:10,4,throughput_mbps,0.4423953974318775,-1.5896043433738778,2.4220242104820344
2024-01-01 00:15:11,4,throughput_mbps,0.44178932507244295,-1.5709955828195257,2.3693574937799298
2024-01-01 00:15:12,4,throughput_mbps,0.4411832544100535,-1.7067080467965474,2.2605271397257884
2024-01-01 00:15:13,4,throughput_mbps,0.44057718585434064,-1.6012909736800294,2.3348581963967336
2024-01-01 00:15:14,4,throughput_mbps,0.4399711193508873,-1.580064211402739,2.432121129366356
2024-01-01 00:15:15,4,throughput_mbps,0.4393650545202378,-1.5094464561516239,2.536690057158913
2024-01-01 00:15:16,4,throughput_mbps,0.4387589920813908,-1.6044524119124668,2.5193125148449282
2024-01-01 00:15:17,4,throughput_mbps,0.4381529318252465,-1.4800245829953893,2.371136879432376
2024-01-01 00:15:18,4,throughput_mbps,0.43754687368170764,-1.6628630257176649,2.3893042620762186
2024-01-01 00:15:19,4,throughput_mbps,0.4369408175963569,-1.5308420881620657,2.3751372293273016
2024-01-01 00:15:20,4,throughput_mbps,0.4363347639788278,-1.542196033038434,2.4184245867245666
2024-01-01 00:15:21,4,throughput_mbps,0.4357287126043321,-1.5938068487570156,2.5234694745804966
2024-01-01 00:15:22,4,throughput_mbps,0.43512266357313545,-1.5213700865449427,2.4563492480128506
2024-01-01 00:15:23,4,throughput_mbps,0.4345166166761427,-1.6239334900319553,2.402317702676718
2024-01-01 00:15:24,4,throughput_mbps,0.4339105724619685,-1.6690171738147415,2.380654742549722
2024-01-01 00:15:25,4,throughput_mbps,0.4333045307215138,-1.496788311315393,2.469734433281261
2024-01-01 00:15:26,4,throughput_mbps,0.43269849155504875,-1.5992281266488793,2.4657358598034604
2024-01-01 00:15:27,4,throughput_mbps,0.4320924547377704,-1.5029853161472249,2.4872574128075584
2024-01-01 00:15:28,4,throughput_mbps,0.43148642067930704,-1.416616493632191,2.469440319464995
2024-01-01 00:15:29,4,throughput_mbps,0.43088038932524675,-1.565185162200535,2.4066144533404024
2024-01-01 00:15:30,4,throughput_mbps,0.4302743606054604,-1.5447906375719687,2.4268077993471193
2024-01-01 00:15:31,4,throughput_mbps,0.42966833436765706,-1.5657207323613767,2.4874052519215604
2024-01-01 00:15:32,4,throughput_mbps,0.42906231116042015,-1.5698746721425527,2.6156740570736456
2024-01-01 00:15:33,4,throughput_mbps,0.428456290774657,-1.617894913896858,2.3268230203729066
2024-01-01 00:15:34,4,throughput_mbps,0.4278502732538335,-1.53162474250961,2.542087214274344
2024-01-01 00:15:35,4,throughput_mbps,0.4272442585435412,-1.5416265796515625,2.169524663169077
2024-01-01 00:15:36,4,throughput_mbps,0.42663824688299046,-1.5757275137116875,2.5036177958751975
2024-01-01 00:15:37,4,throughput_mbps,0.4260322382177704,-1.6609306887061992,2.310910185531237
2024-01-01 00:15:38,4,throughput_mbps,0.42542623264815166,-1.6670955350064054,2.646466590670401
2024-01-01 00:15:39,4,throughput_mbps,0.42482022985143564,-1.636304275657638,2.4017247234610988
2024-01-01 00:15:40,4,throughput_mbps,0.424214230530846,-1.4485526883276256,2.4464437662700553
2024-01-01 00:15:41,4,throughput_mbps,0.423608234338374,-1.5682948071312528,2.4218378159675322
2024-01-01 00:15:42,4,throughput_mbps,0.4230022413017246,-1.5606188522833246,2.498027310298996
2024-01-01 00:15:43,4,throughput_mbps,0.42239625126862856,-1.5083479112249112,2.411558163267864
2024-01-01 00:15:44,4,throughput_mbps,0.42179026478761883,-1.5700103723983674,2.5706442077195417
2024-01-01 00:15:45,4,throughput_mbps,0.42118428164961264,-1.5920693387139297,2.3857225704538996
2024-01-01 00:15:46,4,throughput_mbps,0.4205783018980651,-1.574301769314522,2.428562130644933
2024-01-01 00:15:47,4,throughput_mbps,0.4199723254785739,-1.6164571240434338,2.499817781101532
2024-01-01 00:15:48,4,throughput_mbps,0.4193663526303073,-1.6615166026650574,2.4338036703543615
2024-01-01 00:15:49,4,throughput_mbps,0.41876038329885956,-1.6173950962055694,2.453522102845401
2024-01-01 00:15:50,4,throughput_mbps,0.4181544175845017,-1.573745715969461,2.527380282530044
2024-01-01 00:15:51,4,throughput_mbps,0.4175484551645243,-1.616331248333325,2.336819181240244
2024-01-01 00:15:52,4,throughput_mbps,0.4169424966442429,-1.6150560051291092,2.3050677892660945
2024-01-01 00:15:53,4,throughput_mbps,0.4163365418145815,-1.5926073778631402,2.364601005478525
2024-01-01 00:15:54,4,throughput_mbps,0.41573059062114154,-1.6836392387916799,2.3678615968722503
2024-01-01 00:15:55,4,throughput_mbps,0.41512464330306564,-1.4557077174950657,2.5086373642241577
2024-01-01 00:15:56,4,throughput_mbps,0.41451869980595124,-1.5526206422557232,2.4165005563812736
2024-01-01 00:15:57,4,throughput_mbps,0.4139127601732442,-1.4290679938841142,2.471999857137204
2024-01-01 00:15:58,4,throughput_mbps,0.41330682419587983,-1.6857148504274664,2.3300219690869035
2024-01-01 00:15:59,4,throughput_mbps,0.41270089242232155,-1.5463037079570423,2.583476226005522
2024-01-01 00:16:00,4,throughput_mbps,0.4120949647003286,-1.6065013692680332,2.4138157730012897
2024-01-01 00:16:01,4,throughput_mbps,0.4114890409596882,-1.6532964851885203,2.3574536388266196
2024-01-01 00:16:02,4,throughput_mbps,0.41088312114600284,-1.6012472089711545,2.4256400830019635
2024-01-01 00:16:03,4,throughput_mbps,0.4102772056688737,-1.4462528480939454,2.361869439293397
2024-01-01 00:16:04,4,throughput_mbps,0.4096712943034134,-1.680188615523489,2.3211378870084007
2024-01-01 00:16:05,4,throughput_mbps,0.4090653871498902,-1.6139782095715423,2.2826147254062863
2024-01-01 00:16:06,4,throughput_mbps,0.4084594839992488,-1.6669193213262952,2.309051216086154
2024-01-01 00:16:07,4,throughput_mbps,0.40785358539991146,-1.6423400637865033,2.450842165909888
2024-01-01 00:16:08,4,throughput_mbps,0.40724769114281917,-1.6216270314807093,2.3490760630312906
2024-01-01 00:16:09,4,throughput_mbps,0.4066418013282419,-1.555772155962138,2.382767935228774
2024-01-01 00:16:10,4,throughput_mbps,0.4060359157312824,-1.5545446664158298,2.351674242545048
2024-01-01 00:16:11,4,throughput_mbps,0.40543003476152817,-1.5392894766687506,2.5554325155936852
2024-01-01 00:16:12,4,throughput_mbps,0.40482415836458824,-1.5841781808842734,2.408476364110133
2024-01-01 00:16:13,4,throughput_mbps,0.40421828647021746,-1.4440276348565177,2.365451407205377
2024-01-01 00:16:14,4,throughput_mbps,0.4036124188693684,-1.5851322268726835,2.3839987096650757
2024-01-01 00:16:15,4,throughput_mbps,0.40300655628093984,-1.5087883013332162,2.3778864452415425
2024-01-01 00:16:16,4,throughput_mbps,0.40240069832536346,-1.426100997886039,2.3220494734763157
2024-01-01 00:16:17,4,throughput_mbps,0.40179484525755993,-1.6302042060901398,2.510366529144687
2024-01-01 00:16:18,4,throughput_mbps,0.4011889965591796,-1.5568966063733012,2.406911627552884
2024-01-01 00:16:19,4,throughput_mbps,0.40058315293323504,-1.7317100222784771,2.3353733974357094
2024-01-01 00:16:20,4,throughput_mbps,0.3999773141706822,-1.5985359992634676,2.391479341993629
2024-01-01 00:16:21,4,throughput_mbps,0.39937148037178943,-1.484779180169165,2.3288279931834834
2024-01-01 00:16:22,4,throughput_mbps,0.39876565131163694,-1.445071620554668,2.4397462633669003
2024-01-01 00:00:01,5,jitter_ms,20.57014473391469,-35.9280279718436,76.38187112118182
2024-01-01 00:00:02,5,jitter_ms,20.715450886987398,-36.76453047817193,74.93315217851926
2024-01-01 00:00:03,5,jitter_ms,20.86075650605199,-38.82568099396052,80.32069969825434
2024-01-01 00:00:04,5,jitter_ms,21.00606159138064,-37.783195145368765,77.59264232442277
2024-01-01 00:00:05,5,jitter_ms,21.151366143321553,-33.654946991463476,78.4928473148217
2024-01-01 00:00:06,5,jitter_ms,21.29667016291831,-40.623345479399134,76.46737649300725
2024-01-01 00:00:07,5,jitter_ms,21.441973646582568,-34.33846121147252,80.14754601279891
2024-01-01 00:00:08,5,jitter_ms,21.587276596206557,-34.63675124628486,75.27628951096095
2024-01-01 00:00:09,5,jitter_ms,21.7325790105185,-33.95511320087241,80.05229104535489
2024-01-01 00:00:10,5,jitter_ms,21.877880892104862,-30.786150860975166,79.09755539661583
2024-01-01 00:00:11,5,jitter_ms,22.02318228777755,-35.47934075502204,82.9749239605537
2024-01-01 00:00:12,5,jitter_ms,22.168483148257828,-35.68226168414888,80.33611515181649
2024-01-01 00:00:13,5,jitter_ms,22.313783473045973,-38.79671081039762,82.84491185703364
2024-01-01 00:00:14,5,jitter_ms,22.459083263260723,-37.16447217787723,79.46178719767114
2024-01-01 00:00:15,5,jitter_ms,22.604382516860184,-39.80896241791955,77.51000103549242
2024-01-01 00:00:16,5,jitter_ms,22.749681234116032,-34.11859513936888,78.2778699876449
2024-01-01 00:00:17,5,jitter_ms,22.894979415375797,-35.14062889773975,77.43384200730118
2024-01-01 00:00:18,5,jitter_ms,23.040277061681156,-33.30666791170045,77.67979781091205
2024-01-01 00:00:19,5,jitter_ms,23.185574395582346,-37.945421450692535,74.03964919509437
2024-01-01 00:00:20,5,jitter_ms,23.3308711928361,-29.522952979278717,79.63215235336399
2024-01-01 00:00:21,5,jitter_ms,23.476167452943184,-30.167657176861592,81.759908582863
2024-01-01 00:00:22,5,jitter_ms,23.621463176174675,-32.000252247196094,78.27459061352711
2024-01-01 00:00:23,5,jitter_ms,23.766758361337452,-32.771217539103766,80.37230618098907
2024-01-01 00:00:24,5,jitter_ms,23.912053008702735,-32.96128545697773,82.318710799449
2024-01-01 00:00:25,5,jitter_ms,24.057347117771727,-28.78237760326701,83.85423406983712
2024-01-01 00:00:26,5,jitter_ms,24.202640690430698,-33.017406732754054,81.70896198687836
2024-01-01 00:00:27,5,jitter_ms,24.34793372310215,-33.83785062393123,81.55973973236664
2024-01-01 00:00:28,5,jitter_ms,24.493225832514774,-33.15337835228202,82.14909165377932
2024-01-01 00:00:29,5,jitter_ms,24.63851740332766,-28.525064144638886,83.52423756508946
2024-01-01 00:00:30,5,jitter_ms,24.783808435811416,-33.82850935093679,81.64647266612724
2024-01-01 00:00:31,5,jitter_ms,24.92909892792931,-32.95126303199638,79.67239687393605
2024-01-01 00:00:32,5,jitter_ms,25.07438888079729,-31.87681748889536,80.7793724215431
2024-01-01 00:00:33,5,jitter_ms,25.21967829391705,-28.865475479198796,84.5517952302195
2024-01-01 00:00:34,5,jitter_ms,25.36496716832783,-36.814000371913345,80.46196200210211
2024-01-01 00:00:35,5,jitter_ms,25.51025550130125,-30.726608163681174,80.71713620205419
2024-01-01 00:00:36,5,jitter_ms,25.6555375979496,-31.340832070614905,87.1933924632652
2024-01-01 00:00:37,5,jitter_ms,25.80081915370223,-32.18130394733856,81.67959709469336
2024-01-01 00:00:38,5,jitter_ms,25.946100169673656,-27.586943305072836,86.35158328084799
2024-01-01 00:00:39,5,jitter_ms,26.091380643829552,-34.02619062231515,87.48986326950754
2024-01-01 00:00:40,5,jitter_ms,26.236660576440606,-26.564503844031194,83.77511534992695
2024-01-01 00:00:41,5,jitter_ms,26.381939969107442,-29.368537425254605,86.03434049636982
2024-01-01 00:00:42,5,jitter_ms,26.527218818823343,-30.286125703175085,84.63738251988201
2024-01-01 00:00:43,5,jitter_ms,26.672497126626673,-30.544533302170947,79.33712467188393
2024-01-01 00:00:44,5,jitter_ms,26.817774892301188,-31.65759003034378,85.52395801405449
2024-01-01 00:00:45,5,jitter_ms,26.954922982192393,-25.698988412161643,84.94469769089181
2024-01-01 00:00:46,5,jitter_ms,27.092070529035958,-35.29953969709734,82.0200716504356
2024-01-01 00:00:47,5,jitter_ms,27.229217533102137,-27.873200179589187,88.84868078483726
2024-01-01 00:00:48,5,jitter_ms,27.36636399417481,-29.245130412566535,86.43151483008303
2024-01-01 00:00:49,5,jitter_ms,27.503509913290802,-32.23855317302737,80.96830866571268
2024-01-01 00:00:50,5,jitter_ms,27.64065528744725,-32.60204881848512,81.73627722759849
2024-01-01 00:00:51,5,jitter_ms,27.777800117756975,-31.794267546851604,88.95568701984187
2024-01-01 00:00:52,5,jitter_ms,27.9149444044143,-26.237844225031605,86.95490935201393
2024-01-01 00:00:53,5,jitter_ms,28.05208814853088,-30.6168846918505,86.5556480092812
2024-01-01 00:00:54,5,jitter_ms,28.167226281202396,-26.72405318399125,84.70074144506752
2024-01-01 00:00:55,5,jitter_ms,28.28236386936849,-26.8334987346566,83.98692984772559
2024-01-01 00:00:56,5,jitter_ms,28.397500912813292,-29.4646507540488,87.33201528028304
2024-01-01 00:00:57,5,jitter_ms,28.512637411806423,-31.08766988913893,87.03138310978912
2024-01-01 00:00:58,5,jitter_ms,28.627773365161147,-28.32220783574207,85.60751277537403
2024-01-01 00:00:59,5,jitter_ms,28.742908773147214,-27.02354544750057,83.11786974063085
2024-01-01 00:01:00,5,jitter_ms,28.8580436355489,-22.964039334883406,86.01780919170554
2024-01-01 00:01:01,5,jitter_ms,28.973177953401077,-28.041236744503852,86.38432252449559
2024-01-01 00:01:02,5,jitter_ms,29.088311723706514,-29.896815973854242,83.2290499262662
2024-01-01 00:01:03,5,jitter_ms,29.203444948060902,-26.585486739391715,86.82825736909294
2024-01-01 00:01:04,5,jitter_ms,29.28133836150039,-30.643451402045056,89.3977728967797
2024-01-01 00:01:05,5,jitter_ms,29.3592312287622,-26.51201122335635,84.25882860044419
2024-01-01 00:01:06,5,jitter_ms,29.43712354866109,-24.032513412613522,84.1682599374185
2024-01-01 00:01:07,5,jitter_ms,29.515015321466464,-25.998206308844715,86.56979617306153
2024-01-01 00:01:08,5,jitter_ms,29.592906546962865,-27.67896457691835,88.39035320951744
2024-01-01 00:01:09,5,jitter_ms,29.67079722618387,-31.237525819782185,87.6234682771521
2024-01-01 00:01:10,5,jitter_ms,29.7486873564159,-29.735586357549202,86.67593178878208
2024-01-01 00:01:11,5,jitter_ms,29.82657693841294,-27.93126455415868,84.84311217860719
2024-01-01 00:01:12,5,jitter_ms,29.90446597251941,-25.7351268371089,87.38457577697422
2024-01-01 00:01:13,5,jitter_ms,29.9823544590041,-25.820187066765325,89.5604136348413
2024-01-01 00:01:14,5,jitter_ms,30.06024239584397,-24.08528931742352,86.66492884012514
2024-01-01 00:01:15,5,jitter_ms,30.138129784147363,-28.16416128874967,83.76280408830318
2024-01-01 00:01:16,5,jitter_ms,30.168880057136214,-23.944312218143033,90.61135530393533
2024-01-01 00:01:17,5,jitter_ms,30.199629782125893,-25.374039418715004,87.00927391804966
2024-01-01 00:01:18,5,jitter_ms,30.23037895640626,-22.81781560686443,85.42327252643487
2024-01-01 00:01:19,5,jitter_ms,30.261127581009838,-25.39009894516521,88.20900864240794
2024-01-01 00:01:20,5,jitter_ms,30.291875656205256,-30.029847883124383,93.59346591447701
2024-01-01 00:01:21,5,jitter_ms,30.322623180810037,-27.19059945812663,85.12639278173721
2024-01-01 00:01:22,5,jitter_ms,30.35337015509296,-25.48906142241876,84.54678701627371
2024-01-01 00:01:23,5,jitter_ms,30.38411657855977,-32.02235599086246,83.84228563610917
2024-01-01 00:01:24,5,jitter_ms,30.41486245307948,-27.639611847781573,84.52279515407034
2024-01-01 00:01:25,5,jitter_ms,30.44560777510704,-26.719819229891588,84.19812129755354
2024-01-01 00:01:26,5,jitter_ms,30.476352545673958,-24.12541297297171,86.69944806384127
2024-01-01 00:01:27,5,jitter_ms,30.50709676512379,-24.322208136619597,89.41843990233984
2024-01-01 00:01:28,5,jitter_ms,30.537840433724696,-26.411963103993482,88.54808324515656
2024-01-01 00:01:29,5,jitter_ms,30.521854779490347,-28.28904030421769,87.64519951381665
2024-01-01 00:01:30,5,jitter_ms,30.505868573494517,-19.80774152164878,91.11564424455263
2024-01-01 00:01:31,5,jitter_ms,30.48988181524345,-24.75643807383276,86.6474150620037
2024-01-01 00:01:32,5,jitter_ms,30.473894505766935,-23.7163003119689,87.31132792793893
2024-01-01 00:01:33,5,jitter_ms,30.45790664159972,-27.364263731253597,85.76511146721919
2024-01-01 00:01:34,5,jitter_ms,30.441918225295083,-28.824816245055185,86.51132344898984
2024-01-01 00:01:35,5,jitter_ms,30.42592925559805,-30.325037694992222,84.09678936393608
2024-01-01 00:01:36,5,jitter_ms,30.409939734374014,-22.208231713490974,88.244474802476
2024-01-01 00:01:37,5,jitter_ms,30.393949658084736,-27.417879833833688,87.65803057258795
2024-01-01 00:01:38,5,jitter_ms,30.37795902775975,-24.215514345973283,89.53852625869625
2024-01-01 00:01:39,5,jitter_ms,30.361967843741915,-26.358309766011093,91.46617494467384
2024-01-01 00:01:40,5,jitter_ms,30.34597610629889,-29.33968157297182,89.87582966237558
2024-01-01 00:01:41,5,jitter_ms,30.296454984258432,-30.717390941696284,84.57753211234302
2024-01-01 00:01:42,5,jitter_ms,30.246933307881953,-23.834690063893248,84.32495204730002
2024-01-01 00:01:43,5,jitter_ms,30.197411076676644,-23.808865903832626,83.9273452216136
2024-01-01 00:01:44,5,jitter_ms,30.147888291670327,-26.734308085843374,87.06022541654356
2024-01-01 00:01:45,5,jitter_ms,30.09836495016446,-23.635702336283554,92.28098043099965
2024-01-01 00:01:46,5,jitter_ms,30.04884105318714,-26.438222176762643,87.29986933264071
2024-01-01 00:01:47,5,jitter_ms,29.999316600246,-26.426867127267116,86.22306099778822
2024-01-01 00:01:48,5,jitter_ms,29.949791592443116,-27.516192468045425,85.86838805882986
2024-01-01 00:01:49,5,jitter_ms,29.900266027766605,-24.261544874829188,85.5718756134816
2024-01-01 00:01:50,5,jitter_ms,29.850739906484193,-26.86806681352055,85.35730655245288
2024-01-01 00:01:51,5,jitter_ms,29.801213228938057,-26.08714401455852,86.76015809836554
2024-01-01 00:01:52,5,jitter_ms,29.75168599587657,-25.236568950528074,88.2411326610614
2024-01-01 00:01:53,5,jitter_ms,29.70215820460467,-24.57881126382779,87.99719463659581
2024-01-01 00:01:54,5,jitter_ms,29.644113156921975,-28.943247359705246,87.44036991928596
2024-01-01 00:01:55,5,jitter_ms,29.586067551841744,-30.917849845257695,89.67439114196242
2024-01-01 00:01:56,5,jitter_ms,29.528021389631085,-32.32286227106097,89.79389404133828
2024-01-01 00:01:57,5,jitter_ms,29.469974669114247,-28.65209938995194,87.66597980223558
2024-01-01 00:01:58,5,jitter_ms,29.411927390558475,-30.818208410194238,87.94938730643693
2024-01-01 00:01:59,5,jitter_ms,29.35387955347236,-29.873895775229464,81.54727824267444
2024-01-01 00:02:00,5,jitter_ms,29.295831159436446,-27.27380139624594,88.15960290079207
2024-01-01 00:02:01,5,jitter_ms,29.237782205481434,-28.78254095114794,84.34053172495999
2024-01-01 00:02:02,5,jitter_ms,29.179732692632747,-30.55911767883763,89.49448006777283
2024-01-01 00:02:03,5,jitter_ms,29.121682621157188,-28.04600095248365,84.92888385442468
2024-01-01 00:02:04,5,jitter_ms,29.063631989880324,-23.375530609293182,87.86525575895443
2024-01-01 00:02:05,5,jitter_ms,29.0055807990691,-27.120194070914607,82.28460492344489
2024-01-01 00:02:06,5,jitter_ms,28.94752912044993,-26.50930715215863,86.78318840855867
2024-01-01 00:02:07,5,jitter_ms,28.889476883106894,-25.931954081420198,88.32197870027804
2024-01-01 00:02:08,5,jitter_ms,28.831424084351454,-26.56425398670858,86.68074683170636
2024-01-01 00:02:09,5,jitter_ms,28.773370724930686,-27.599377004227648,88.0425657331921
2024-01-01 00:02:10,5,jitter_ms,28.71531680470582,-27.13562005286639,84.85766095157882
2024-01-01 00:02:11,5,jitter_ms,28.657262325382714,-28.955203456133795,88.39297121822243
2024-01-01 00:02:12,5,jitter_ms,28.599207283517586,-26.49126653685932,87.87253887959565
2024-01-01 00:02:13,5,jitter_ms,28.541151680688206,-28.82226262827342,81.66068499903625
2024-01-01 00:02:14,5,jitter_ms,28.483095516404248,-28.909679916997003,84.88174369975893
2024-01-01 00:02:15,5,jitter_ms,28.42503879093198,-28.914113988791172,84.01248055282346
2024-01-01 00:02:16,5,jitter_ms,28.366981503099257,-23.68090547027611,88.5439887649344
2024-01-01 00:02:17,5,jitter_ms,28.3089236531725,-29.41504910877583,80.85157284690446
2024-01-01 00:02:18,5,jitter_ms,28.25086524093862,-27.218496951360322,83.13778336227283
2024-01-01 00:02:19,5,jitter_ms,28.19280646859435,-28.43036299290835,84.7334694104388
2024-01-01 00:02:20,5,jitter_ms,28.134747132281657,-28.81600491907115,87.93237199565645
2024-01-01 00:02:21,5,jitter_ms,28.07668723274616,-28.76677072873317,80.2192167606569
2024-01-01 00:02:22,5,jitter_ms,28.018626770328254,-26.146635073062573,84.23838687441354
2024-01-01 00:02:23,5,jitter_ms,27.960565745293728,-31.06811283894853,85.10122870777747
2024-01-01 00:02:24,5,jitter_ms,27.902504155642283,-28.177202916570916,82.48880575822656
2024-01-01 00:02:25,5,jitter_ms,27.84444200246967,-30.50739068260632,80.2301188189586
2024-01-01 00:02:26,5,jitter_ms,27.78637928528652,-32.292731758853236,89.18872358046052
2024-01-01 00:02:27,5,jitter_ms,27.728316005113477,-33.61832984735452,82.48157738591367
2024-01-01 00:02:28,5,jitter_ms,27.670252159270774,-33.56977355895212,82.96566376838476
2024-01-01 00:02:29,5,jitter_ms,27.612187748779323,-31.66137913631516,85.09210098586526
2024-01-01 00:02:30,5,jitter_ms,27.554122773150226,-27.21698941686281,86.35264844580445
2024-01-01 00:02:31,5,jitter_ms,27.496057233477757,-31.07944060844607,81.8889795330011
2024-01-01 00:02:32,5,jitter_ms,27.43799112776412,-30.572486078870764,83.60178642922563
2024-01-01 00:02:33,5,jitter_ms,27.379924188737334,-29.047691121519776,81.003299264889
2024-01-01 00:02:34,5,jitter_ms,27.321856684274948,-34.338557639383865,86.70363504881443
2024-01-01 00:02:35,5,jitter_ms,27.263788615396116,-28.777506148420965,85.90597775124165
2024-01-01 00:02:36,5,jitter_ms,27.205719978596598,-27.048015176050093,89.84779864275767
2024-01-01 00:02:37,5,jitter_ms,27.147650775723967,-27.70976624760941,84.7982311033798
2024-01-01 00:02:38,5,jitter_ms,27.08958100628983,-30.53128025205169,83.07750726878653
2024-01-01 00:02:39,5,jitter_ms,27.031510670559406,-31.572242474340587,83.86859406687083
2024-01-01 00:02:40,5,jitter_ms,26.973439767365143,-26.898855565126397,86.30596978259028
2024-01-01 00:02:41,5,jitter_ms,26.915368296972407,-28.9385541951799,83.06825739854594
2024-01-01 00:02:42,5,jitter_ms,26.857296260399316,-30.378204317173044,86.49582059983706
2024-01-01 00:02:43,5,jitter_ms,26.799223654972725,-28.231947789815774,86.88378891742195
2024-01-01 00:02:44,5,jitter_ms,26.741150481711013,-31.76658320239534,81.82839055235468
2024-01-01 00:02:45,5,jitter_ms,26.683076740126502,-29.406551093537168,81.06266637487406
2024-01-01 00:02:46,5,jitter_ms,26.62500243131072,-26.363126477672633,82.61242325837
2024-01-01 00:02:47,5,jitter_ms,26.566927633770035,-31.294217472544798,86.00346272004191
2024-01-01 00:02:48,5,jitter_ms,26.508852267270463,-31.612718264696966,82.19031867036954
2024-01-01 00:02:49,5,jitter_ms,26.45077633215083,-32.6872817772014,84.91818868808647
2024-01-01 00:02:50,5,jitter_ms,26.392699829152455,-35.64870972754258,82.70757467975801
2024-01-01 00:02:51,5,jitter_ms,26.334622755605746,-25.99709957916651,87.88525470720666
2024-01-01 00:02:52,5,jitter_ms,26.27654511177596,-30.410735685508115,83.10119053587493
2024-01-01 00:02:53,5,jitter_ms,26.218466898954894,-27.50176021016761,85.54619836012199
2024-01-01 00:02:54,5,jitter_ms,26.160388117406722,-29.32124900354979,84.82874022479838
2024-01-01 00:02:55,5,jitter_ms,26.102308764463636,-32.25144409209128,85.25001734420245
2024-01-01 00:02:56,5,jitter_ms,26.04422884114199,-33.075407840046566,83.09159536965815
2024-01-01 00:02:57,5,jitter_ms,25.98614834695507,-38.66160058328474,81.76037957260014
2024-01-01 00:02:58,5,jitter_ms,25.9280672829922,-29.25718350248853,81.09802622961175
2024-01-01 00:02:59,5,jitter_ms,25.869985647264556,-32.63780707414311,81.87756574936725
2024-01-01 00:03:00,5,jitter_ms,25.811903440036815,-29.614102596598205,81.58561406930099
2024-01-01 00:03:01,5,jitter_ms,25.75382066164711,-29.55470701068014,82.21336699894576
2024-01-01 00:03:02,5,jitter_ms,25.695737312835284,-33.99748968148325,86.04668174407644
2024-01-01 00:03:03,5,jitter_ms,25.647653659471654,-34.97448436371736,83.14285502848487
2024-01-01 00:03:04,5,jitter_ms,25.599569434036624,-33.281607656372756,81.47558624694273
2024-01-01 00:03:05,5,jitter_ms,25.55148463631876,-30.88629166748507,85.63384266815424
2024-01-01 00:03:06,5,jitter_ms,25.50339926658209,-30.549906554448626,85.79996515075567
2024-01-01 00:03:07,5,jitter_ms,25.45531332366427,-30.18204881033033,81.16281719169243
2024-01-01 00:03:08,5,jitter_ms,25.407226807829492,-32.19945045130954,85.50846449753094
2024-01-01 00:03:09,5,jitter_ms,25.359139718592026,-29.1171510192181,79.40184314631121
2024-01-01 00:03:10,5,jitter_ms,25.311052057514104,-27.90834252686745,83.31225517302882
2024-01-01 00:03:11,5,jitter_ms,25.262963821660584,-33.08180597020548,83.72565489068904
2024-01-01 00:03:12,5,jitter_ms,25.214875012045095,-29.767295405173893,82.91362867431882
2024-01-01 00:03:13,5,jitter_ms,25.16678562845647,-32.37370263025583,78.97356950623268
2024-01-01 00:03:14,5,jitter_ms,25.118695671158395,-30.313264831568947,86.76966855936338
2024-01-01 00:03:15,5,jitter_ms,25.070605138990075,-33.459311573270334,80.05204820458825
2024-01-01 00:03:16,5,jitter_ms,25.022514032215344,-30.647100561037238,80.49210446490159
2024-01-01 00:03:17,5,jitter_ms,24.974422350623186,-36.11357285436433,82.48318812333224
2024-01-01 00:03:18,5,jitter_ms,24.926330095225566,-37.062120346209255,80.60055468656425
2024-01-01 00:03:19,5,jitter_ms,24.878237263091453,-33.624497510658585,80.55877175096967
2024-01-01 00:03:20,5,jitter_ms,24.830143855781053,-37.15639965445082,77.39908031806671
2024-01-01 00:03:21,5,jitter_ms,24.78204987355759,-34.63712514290353,83.78109940468806
2024-01-01 00:03:22,5,jitter_ms,24.767026992059154,-30.01095925000949,82.30596184381758
2024-01-01 00:03:23,5,jitter_ms,24.752003534751758,-35.65425179244746,82.53466404516165
2024-01-01 00:03:24,5,jitter_ms,24.736979501150763,-31.288179522956526,82.83769335426736
2024-01-01 00:03:25,5,jitter_ms,24.721954892266957,-29.793155799585683,84.82506143898514
2024-01-01 00:03:26,5,jitter_ms,24.70692970544639,-33.768712884406995,81.1870459592605
2024-01-01 00:03:27,5,jitter_ms,24.69190394170011,-30.958758752204368,84.17067372291987
2024-01-01 00:03:28,5,jitter_ms,24.676877600543975,-32.462768561051,84.37980252871614
2024-01-01 00:03:29,5,jitter_ms,24.661850683061562,-29.76809203906767,78.99663961788325
2024-01-01 00:03:30,5,jitter_ms,24.64682318727445,-33.82808029957741,77.82391553131492
2024-01-01 00:03:31,5,jitter_ms,24.63179511344593,-30.692110800586374,82.97379967973009
2024-01-01 00:03:32,5,jitter_ms,24.61676646191233,-30.329643606868267,81.88883978198493
2024-01-01 00:03:33,5,jitter_ms,24.601737233682925,-35.44724787040185,80.74073930276195
2024-01-01 00:03:34,5,jitter_ms,24.58670742454104,-35.64762965704847,86.56533791190695
2024-01-01 00:03:35,5,jitter_ms,24.571677037809263,-33.70081310007281,82.04149169493603
2024-01-01 00:03:36,5,jitter_ms,24.556646072257372,-33.40059055690401,81.96658800207967
2024-01-01 00:03:37,5,jitter_ms,24.541614528894094,-34.140706110111836,81.06506385951764
2024-01-01 00:03:38,5,jitter_ms,24.526582405070883,-31.600749645257945,86.89781605964208
2024-01-01 00:03:39,5,jitter_ms,24.51154970179673,-28.36759296331545,84.59428344847571
2024-01-01 00:03:40,5,jitter_ms,24.496516418588484,-32.24261056661329,81.49764152876531
2024-01-01 00:03:41,5,jitter_ms,24.521095241111404,-30.060533973688248,82.71459542689838
2024-01-01 00:03:42,5,jitter_ms,24.545673482807196,-34.38368038801437,84.39507042141227
2024-01-01 00:03:43,5,jitter_ms,24.570251143938634,-33.5013971296889,82.36812152744226
2024-01-01 00:03:44,5,jitter_ms,24.594828224841336,-34.73614025305561,80.71377634884219
2024-01-01 00:03:45,5,jitter_ms,24.619404726522504,-32.20216373821203,80.48490280853139
2024-01-01 00:03:46,5,jitter_ms,24.643980645519036,-33.0814761257361,80.44310624549261
2024-01-01 00:03:47,5,jitter_ms,24.668555983656724,-31.62129489876708,80.76445788867633
2024-01-01 00:03:48,5,jitter_ms,24.693130740452936,-33.00615747873477,82.00277113873706
2024-01-01 00:03:49,5,jitter_ms,24.717704916169765,-32.14232170642039,82.34599099753108
2024-01-01 00:03:50,5,jitter_ms,24.74227850965331,-36.95345492130025,77.09546169667095
2024-01-01 00:03:51,5,jitter_ms,24.766851521165833,-28.083220387393844,83.1274315720436
2024-01-01 00:03:52,5,jitter_ms,24.791423950225166,-33.1154610928143,82.45405233257922
2024-01-01 00:03:53,5,jitter_ms,24.81599579865443,-33.88951546808009,80.06547756447384
2024-01-01 00:03:54,5,jitter_ms,24.840567062995174,-28.246337681553886,81.02958526315217
2024-01-01 00:03:55,5,jitter_ms,24.865137744253754,-29.8060341050679,82.39011818438446
2024-01-01 00:03:56,5,jitter_ms,24.889707842765105,-32.299951798609165,84.26327908096296
2024-01-01 00:03:57,5,jitter_ms,24.914277358790827,-30.548400272074904,82.80209893217605
2024-01-01 00:03:58,5,jitter_ms,24.938846290362115,-31.65547118774266,80.46974953908264
2024-01-01 00:03:59,5,jitter_ms,24.963414638557357,-30.92942807331516,82.20590184740584
2024-01-01 00:04:00,5,jitter_ms,25.018292944219446,-35.43789681618952,82.79192809122443
2024-01-01 00:04:01,5,jitter_ms,25.073170664599964,-31.14004042383781,81.11496568776091
2024-01-01 00:04:02,5,jitter_ms,25.12804780070391,-35.97332384946811,82.66783270224965
2024-01-01 00:04:03,5,jitter_ms,25.182924352321926,-32.05439431884499,83.6505358578785
2024-01-01 00:04:04,5,jitter_ms,25.237800319715433,-29.101673021196117,79.93456683463714
2024-01-01 00:04:05,5,jitter_ms,25.292675701733494,-29.213026000635644,81.59755834343706
2024-01-01 00:04:06,5,jitter_ms,25.347550498637695,-28.762798138203614,80.71508274218552
2024-01-01 00:04:07,5,jitter_ms,25.402424709947127,-32.24652197975418,78.5474344136442
2024-01-01 00:04:08,5,jitter_ms,25.457298337208528,-34.34805914111978,84.07795094558108
2024-01-01 00:04:09,5,jitter_ms,25.512171377515735,-31.327276669531567,78.95223124275499
2024-01-01 00:04:10,5,jitter_ms,25.567043831872375,-33.64176618450258,83.38684951490643
2024-01-01 00:04:11,5,jitter_ms,25.621915699327644,-30.438829485912287,81.16279684072751
2024-01-01 00:04:12,5,jitter_ms,25.676786982367716,-34.87134767793677,83.35278154990316
2024-01-01 00:04:13,5,jitter_ms,25.731657677618152,-25.59966702798542,83.1148992616935
2024-01-01 00:04:14,5,jitter_ms,25.786527786081876,-34.309050362746845,82.34683347596216
2024-01-01 00:04:15,5,jitter_ms,25.841397307549933,-32.96722024261792,79.32260179480144
2024-01-01 00:04:16,5,jitter_ms,25.89626624228322,-31.3957147994725,83.5216746839773
2024-01-01 00:04:17,5,jitter_ms,25.951134589133197,-29.444485315182263,85.28507210671462
2024-01-01 00:04:18,5,jitter_ms,26.0060023483609,-32.17056778674279,79.22463813712704
2024-01-01 00:04:19,5,jitter_ms,26.060869519486417,-32.62866233788629,80.91724848243128
2024-01-01 00:04:20,5,jitter_ms,26.11573610405326,-32.38130290206355,82.1933562566489
2024-01-01 00:04:21,5,jitter_ms,26.170602099161325,-28.358011188739507,84.44187182184672
2024-01-01 00:04:22,5,jitter_ms,26.22546750581214,-30.571730938264434,84.2202428955477
2024-01-01 00:04:23,5,jitter_ms,26.280332323797055,-26.12037704180428,84.47424978849956
2024-01-01 00:04:24,5,jitter_ms,26.335196553376587,-31.44673434022687,83.88902752698797
2024-01-01 00:04:25,5,jitter_ms,26.390060193403798,-35.82974250141427,83.84519207328374
2024-01-01 00:04:26,5,jitter_ms,26.444923244139357,-26.4071194476598,81.60309193183214
2024-01-01 00:04:27,5,jitter_ms,26.499785705374762,-34.22335716479858,81.87915582569501
2024-01-01 00:04:28,5,jitter_ms,26.554647578109847,-29.52162080773377,80.86569714648007
2024-01-01 00:04:29,5,jitter_ms,26.60950886644973,-26.39418963849507,82.20168843748458
2024-01-01 00:04:30,5,jitter_ms,26.664369564934837,-28.362647607348194,84.13651075876925
2024-01-01 00:04:31,5,jitter_ms,26.719229673086122,-28.97275778271391,82.07790004912206
2024-01-01 00:04:32,5,jitter_ms,26.774089191163746,-24.78345427054361,84.25449097913814
2024-01-01 00:04:33,5,jitter_ms,26.828948118022367,-26.27963285758803,82.60223682604754
2024-01-01 00:04:34,5,jitter_ms,26.883806453922304,-29.64823876075903,85.28906846764046
2024-01-01 00:04:35,5,jitter_ms,26.93866419865534,-29.70256653512399,83.02390493228984
2024-01-01 00:04:36,5,jitter_ms,26.99352135321989,-30.322940360080484,84.82894577027206
2024-01-01 00:04:37,5,jitter_ms,27.0483779149944,-28.704069862414123,80.64316432376049
2024-01-01 00:04:38,5,jitter_ms,27.10323388470738,-30.787094745624042,86.80913916473067
2024-01-01 00:04:39,5,jitter_ms,27.158089263429268,-24.44216759568638,86.01127729287508
2024-01-01 00:04:40,5,jitter_ms,27.21294404920554,-27.139184478306923,80.0233576806912
2024-01-01 00:04:41,5,jitter_ms,27.267798242296315,-30.953397055244267,89.07492936463161
2024-01-01 00:04:42,5,jitter_ms,27.32265184303381,-27.20660175856506,82.30290045610212
2024-01-01 00:04:43,5,jitter_ms,27.37750485241508,-30.028727669537428,82.93140414769549
2024-01-01 00:04:44,5,jitter_ms,27.432357267011888,-27.48306275067498,84.31845673867916
2024-01-01 00:04:45,5,jitter_ms,27.487209088631623,-31.56808074635346,83.97796373382553
2024-01-01 00:04:46,5,jitter_ms,27.542060316796494,-27.42100374652293,82.28091378004312
2024-01-01 00:04:47,5,jitter_ms,27.596910951765977,-28.89673149726551,86.02188954184659
2024-01-01 00:04:48,5,jitter_ms,27.651760992397758,-26.182958839329267,84.22796928100784
2024-01-01 00:04:49,5,jitter_ms,27.706610438951465,-26.23258924969559,88.48338452566831
2024-01-01 00:04:50,5,jitter_ms,27.7614592909498,-26.224751593862194,86.52523596846706
2024-01-01 00:04:51,5,jitter_ms,27.816307550197433,-27.773948419211806,79.69574936696043
2024-01-01 00:04:52,5,jitter_ms,27.871155213270853,-28.47492763225518,86.01705093031626
2024-01-01 00:04:53,5,jitter_ms,27.926002280430048,-28.88541893000087,83.45999660869748
2024-01-01 00:04:54,5,jitter_ms,27.9808487534791,-28.00731744677143,86.63558051138986
2024-01-01 00:04:55,5,jitter_ms,28.03569463267657,-27.92747892273473,84.56943488448407
2024-01-01 00:04:56,5,jitter_ms,28.09053991460154,-26.287177244302573,86.37157134593494
2024-01-01 00:04:57,5,jitter_ms,28.145384601057536,-26.40682807500345,86.02894837694022
2024-01-01 00:04:58,5,jitter_ms,28.200228691567787,-33.40807180647985,81.87056904066705
2024-01-01 00:04:59,5,jitter_ms,28.25507218639122,-31.9532976696648,85.51831503865252
2024-01-01 00:05:00,5,jitter_ms,28.309915084387953,-32.99868618604875,84.82648266688491
2024-01-01 00:05:01,5,jitter_ms,28.364757385817057,-31.318850390478094,84.97513482675359
2024-01-01 00:05:02,5,jitter_ms,28.419599090202258,-27.106825672258324,89.57770551477716
2024-01-01 00:05:03,5,jitter_ms,28.474440199344357,-32.480485376716445,87.44495846378979
2024-01-01 00:05:04,5,jitter_ms,28.529280709827173,-30.673211381521625,87.31688471051103
2024-01-01 00:05:05,5,jitter_ms,28.584120622644782,-31.627510801682238,86.42928797859336
2024-01-01 00:05:06,5,jitter_ms,28.638959938127982,-30.16460327618282,88.6183838958492
2024-01-01 00:05:07,5,jitter_ms,28.693798656535158,-26.5948231487439,84.03847401498938
2024-01-01 00:05:08,5,jitter_ms,28.748636775921643,-27.97298934804839,85.02720695713451
2024-01-01 00:05:09,5,jitter_ms,28.803474297352558,-27.761173758110385,82.98606866122098
2024-01-01 00:05:10,5,jitter_ms,28.858311220352178,-29.959368053934355,88.69530534474951
2024-01-01 00:05:11,5,jitter_ms,28.913147545912715,-26.30297507885508,83.99742704760429
2024-01-01 00:05:12,5,jitter_ms,28.967983271428885,-31.252592738930318,83.3789595338229
2024-01-01 00:05:13,5,jitter_ms,29.022818397893204,-30.549792663709724,86.8123294016486
2024-01-01 00:05:14,5,jitter_ms,29.077652924830407,-30.5267674812648,84.22897412942648
2024-01-01 00:05:15,5,jitter_ms,29.13248676104329,-25.813150642465143,88.31136679453111
2024-01-01 00:05:16,5,jitter_ms,29.187319996850626,-29.703340902718473,86.74915942806047
2024-01-01 00:05:17,5,jitter_ms,29.242152632510887,-31.602430393251677,90.74980470731174
2024-01-01 00:05:18,5,jitter_ms,29.29698466955175,-29.050265841633383,84.01630882463506
2024-01-01 00:05:19,5,jitter_ms,29.35181610510283,-28.733789722391798,89.46359552471039
2024-01-01 00:05:20,5,jitter_ms,29.40664694015539,-30.631531294053932,86.40652509734343
2024-01-01 00:05:21,5,jitter_ms,29.461477174502914,-26.695742305545874,83.50213500136515
2024-01-01 00:05:22,5,jitter_ms,29.516306808403243,-28.43163425336352,88.05257195958048
2024-01-01 00:05:23,5,jitter_ms,29.571135840721197,-25.834300707936617,87.41817446658307
2024-01-01 00:05:24,5,jitter_ms,29.62596427171479,-28.61529907899531,88.63998411550763
2024-01-01 00:05:25,5,jitter_ms,29.680792101177648,-24.910344067949428,88.79022066100656
2024-01-01 00:05:26,5,jitter_ms,29.735619330099304,-27.021720056485965,88.26363894191799
2024-01-01 00:05:27,5,jitter_ms,29.790445955613677,-29.11960512239042,87.20564629568146
2024-01-01 00:05:28,5,jitter_ms,29.84527197924632,-25.255988926546323,85.95473710657429
2024-01-01 00:05:29,5,jitter_ms,29.900097400523137,-32.72912128157714,84.59092118313137
2024-01-01 00:05:30,5,jitter_ms,29.95492221970158,-27.398326611087867,87.7795563468521
2024-01-01 00:05:31,5,jitter_ms,30.009746435648132,-29.89462687627205,88.06697424102155
2024-01-01 00:05:32,5,jitter_ms,30.064570048620418,-27.71785421384401,89.25835196171404
2024-01-01 00:05:33,5,jitter_ms,30.119393058412363,-26.954197133795493,88.1102669041802
2024-01-01 00:05:34,5,jitter_ms,30.17421546601208,-26.139948969334977,85.6669477210952
2024-01-01 00:05:35,5,jitter_ms,30.229037268094395,-27.42248855915182,88.39555573898366
2024-01-01 00:05:36,5,jitter_ms,30.283858467109216,-23.61082547147974,85.39894486658386
2024-01-01 00:05:37,5,jitter_ms,30.338679062119795,-29.14193177182036,86.66911706650924
2024-01-01 00:05:38,5,jitter_ms,30.39349905411352,-32.368086980337,85.83932137587453
2024-01-01 00:05:39,5,jitter_ms,30.448318440230537,-23.69240110743169,85.58529149970786
2024-01-01 00:05:40,5,jitter_ms,30.503137221993093,-25.313579439446166,89.2500618267761
2024-01-01 00:05:41,5,jitter_ms,30.557955398928108,-30.14179982297698,83.91466287301522
2024-01-01 00:05:42,5,jitter_ms,30.6127729712925,-25.66935612601936,90.45286953727187
2024-01-01 00:05:43,5,jitter_ms,30.6675899379552,-27.499531904031215,86.00752290623969
2024-01-01 00:05:44,5,jitter_ms,30.722406299173272,-25.338513432145064,87.97474753621154
2024-01-01 00:05:45,5,jitter_ms,30.777222054741113,-24.524932583619147,91.62567654251905
2024-01-01 00:05:46,5,jitter_ms,30.832037205644653,-25.447351077542656,83.6662457634593
2024-01-01 00:05:47,5,jitter_ms,30.886851749295083,-27.061518878982458,89.53309070455445
2024-01-01 00:05:48,5,jitter_ms,30.941665686411827,-27.576445549473192,94.71158200019144
2024-01-01 00:05:49,5,jitter_ms,30.996479017323107,-28.083087368498045,86.97499872032493
2024-01-01 00:05:50,5,jitter_ms,31.051291742285297,-26.550852804896575,88.31429921735007
2024-01-01 00:05:51,5,jitter_ms,31.106103859368837,-25.715277333005144,88.59135453430183
2024-01-01 00:05:52,5,jitter_ms,31.160915369630587,-27.052301086544144,91.3911328525257
2024-01-01 00:05:53,5,jitter_ms,31.215726272598502,-26.581944433426468,81.4234429067374
2024-01-01 00:05:54,5,jitter_ms,31.270536569257075,-28.31107240592636,84.57227483054466
2024-01-01 00:05:55,5,jitter_ms,31.3253462570213,-26.0526567335909,89.29901876699635
2024-01-01 00:05:56,5,jitter_ms,31.380155336875973,-25.171951823257572,89.65008217839328
2024-01-01 00:05:57,5,jitter_ms,31.434963808349536,-23.024043512992883,89.61984467938709
2024-01-01 00:05:58,5,jitter_ms,31.48977167249729,-23.038279085247137,91.60385407383923
2024-01-01 00:05:59,5,jitter_ms,31.544578927392365,-24.488006507984124,89.68754650570597
2024-01-01 00:06:00,5,jitter_ms,31.599385573291194,-31.230063701667923,88.57086569050155
2024-01-01 00:06:01,5,jitter_ms,31.654191611975733,-25.55655690768242,87.90171490802234
2024-01-01 00:06:02,5,jitter_ms,31.708997040065583,-22.192479591784913,92.16514530038343
2024-01-01 00:06:03,5,jitter_ms,31.76380185854443,-26.069822403647233,89.59009031174836
2024-01-01 00:06:04,5,jitter_ms,31.818606067739577,-24.450289890895714,90.11233314647211
2024-01-01 00:06:05,5,jitter_ms,31.873409667906714,-25.404627628432486,88.09902377247724
2024-01-01 00:06:06,5,jitter_ms,31.928212657121584,-30.385450278953787,83.58709782356175
2024-01-01 00:06:07,5,jitter_ms,31.98301503643814,-26.326794566244104,87.8050808210186
2024-01-01 00:06:08,5,jitter_ms,32.037816805385646,-20.78873822842079,90.61138272511508
2024-01-01 00:06:09,5,jitter_ms,32.092617964945866,-25.79059706414009,89.21690390597837
2024-01-01 00:06:10,5,jitter_ms,32.14741851254095,-20.830973346955947,92.23182978698766
2024-01-01 00:06:11,5,jitter_ms,32.20220080385221,-28.168571852400547,88.14953697366272
2024-01-01 00:06:12,5,jitter_ms,32.256982482984405,-24.940140981087445,89.91721891512249
2024-01-01 00:06:13,5,jitter_ms,32.31176355316714,-21.493542332318647,84.21257541452343
2024-01-01 00:06:14,5,jitter_ms,32.36654401030166,-24.126230979624015,86.90581743716699
2024-01-01 00:06:15,5,jitter_ms,32.42132385536945,-24.658784964955526,90.91666053124595
2024-01-01 00:06:16,5,jitter_ms,32.4761030886971,-22.63015618614422,90.37731744128419
2024-01-01 00:06:17,5,jitter_ms,32.53088171053973,-26.83162505503451,86.76282628870112
2024-01-01 00:06:18,5,jitter_ms,32.58565971897736,-23.646171763048798,89.08977037998528
2024-01-01 00:06:19,5,jitter_ms,32.64043711506161,-26.905954811337246,85.37813639413315
2024-01-01 00:06:20,5,jitter_ms,32.69521389832278,-21.00788479139165,89.83635110824729
2024-01-01 00:06:21,5,jitter_ms,32.749990069740456,-29.86805435879938,87.91607259076167
2024-01-01 00:06:22,5,jitter_ms,32.80476562674252,-28.028010825540708,89.23082249159764
2024-01-01 00:06:23,5,jitter_ms,32.859540570308866,-25.53112730150409,88.05212720396517
2024-01-01 00:06:24,5,jitter_ms,32.914314899970286,-26.989171311634852,89.98385719165097
2024-01-01 00:06:25,5,jitter_ms,32.96908861677683,-22.664194600831454,88.75608793063276
2024-01-01 00:06:26,5,jitter_ms,33.02386171881122,-21.479677248116054,89.5883826434827
2024-01-01 00:06:27,5,jitter_ms,33.07863420632865,-19.39150000858752,92.40952087926031
2024-01-01 00:06:28,5,jitter_ms,33.133406079654996,-22.919644530236315,94.41424766502682
2024-01-01 00:06:29,5,jitter_ms,33.18817733950342,-22.076572615664816,90.34942562119346
2024-01-01 00:06:30,5,jitter_ms,33.24294798330564,-21.765006967522805,86.24156240478726
2024-01-01 00:06:31,5,jitter_ms,33.2977180120401,-22.639872481862483,90.60909451140591
2024-01-01 00:06:32,5,jitter_ms,33.35248742550295,-22.919149059731346,85.78691191455263
2024-01-01 00:06:33,5,jitter_ms,33.40725622394868,-21.043790276804533,89.66224604119179
2024-01-01 00:06:34,5,jitter_ms,33.46202440625687,-22.27337035036732,91.42385012758739
2024-01-01 00:06:35,5,jitter_ms,33.5167919726822,-23.08639073020476,95.50091535451759
2024-01-01 00:06:36,5,jitter_ms,33.571558922756495,-21.372584064372703,88.78530193205624
2024-01-01 00:06:37,5,jitter_ms,33.62632525798539,-22.4839427179839,89.01159270870188
2024-01-01 00:06:38,5,jitter_ms,33.68109097553998,-22.621046524313048,93.93211783765575
2024-01-01 00:06:39,5,jitter_ms,33.73585607639719,-26.06790521651806,89.13797033507642
2024-01-01 00:06:40,5,jitter_ms,33.790620560811185,-20.620132662489283,94.40782213031619
2024-01-01 00:06:41,5,jitter_ms,33.845384427663035,-20.788472676900575,91.85113799995126
2024-01-01 00:06:42,5,jitter_ms,33.900147677207045,-23.177598163363047,89.60954045202742
2024-01-01 00:06:43,5,jitter_ms,33.954910309239814,-19.357351682233503,86.46761129101844
2024-01-01 00:06:44,5,jitter_ms,34.009672324736705,-24.088643432412518,93.2472754391414
2024-01-01 00:06:45,5,jitter_ms,34.06443372113668,-24.6749858580617,85.65102182699012
2024-01-01 00:06:46,5,jitter_ms,34.11919449915144,-25.161454030763686,89.35501066267376
2024-01-01 00:06:47,5,jitter_ms,34.17395465910571,-21.299424896440062,90.74879601420716
2024-01-01 00:06:48,5,jitter_ms,34.22871420125312,-26.648165963113854,91.74970897328268
2024-01-01 00:06:49,5,jitter_ms,34.28347312368481,-23.221813494463728,94.83036063662492
2024-01-01 00:06:50,5,jitter_ms,34.33823142744632,-21.325448279877918,91.61048673556643
2024-01-01 00:06:51,5,jitter_ms,34.39298911207069,-21.657918886721404,93.87754882605832
2024-01-01 00:06:52,5,jitter_ms,34.4477461785318,-24.198940252334854,90.17810102138927
2024-01-01 00:06:53,5,jitter_ms,34.502502624272495,-22.63447503778004,91.43115805630677
2024-01-01 00:06:54,5,jitter_ms,34.557258449546914,-23.871435142490604,87.63300356443247
2024-01-01 00:06:55,5,jitter_ms,34.61201365559235,-23.44583679263747,91.50456169336508
2024-01-01 00:06:56,5,jitter_ms,34.666768242661774,-22.077578002297535,92.47615476536906
2024-01-01 00:06:57,5,jitter_ms,34.72152220819994,-25.234627731927954,93.35632504450444
2024-01-01 00:06:58,5,jitter_ms,34.77627555291696,-22.654337456142425,87.64226599266127
2024-01-01 00:06:59,5,jitter_ms,34.831028277136824,-19.45952935735517,93.70910449835104
2024-01-01 00:07:00,5,jitter_ms,34.885780381112575,-22.97776289460855,95.67553356296163
2024-01-01 00:07:01,5,jitter_ms,34.94053186293969,-21.50686379383643,95.30153565432497
2024-01-01 00:07:02,5,jitter_ms,34.99528272366136,-25.150224538610452,89.11247581504558
2024-01-01 00:07:03,5,jitter_ms,35.050032962811656,-25.15512902087605,87.0179364717728
2024-01-01 00:07:04,5,jitter_ms,35.10478258136227,-20.3695070457027,94.16428556064352
2024-01-01 00:07:05,5,jitter_ms,35.15953157676185,-22.58029643407649,92.63589498002358
2024-01-01 00:07:06,5,jitter_ms,35.2142799499824,-19.423511867841402,93.74899819761337
2024-01-01 00:07:07,5,jitter_ms,35.24406076377688,-20.979505942898598,93.90253623648188
2024-01-01 00:07:08,5,jitter_ms,35.273840955968495,-27.76411833214777,88.20559843346489
2024-01-01 00:07:09,5,jitter_ms,35.303620524655464,-21.90270068341697,89.7859518980564
2024-01-01 00:07:10,5,jitter_ms,35.3333994700909,-23.40270928275272,90.86878989651532
2024-01-01 00:07:11,5,jitter_ms,35.36317779259811,-24.008580305450614,91.30178657603615
2024-01-01 00:07:12,5,jitter_ms,35.39295549314709,-17.108442149576163,94.21837259162916
2024-01-01 00:07:13,5,jitter_ms,35.42273256840241,-24.15010255906991,95.80687726560824
2024-01-01 00:07:14,5,jitter_ms,35.45250902012259,-19.447833470370327,91.68795784326763
2024-01-01 00:07:15,5,jitter_ms,35.48228484784276,-21.866443328567012,91.01876664010325
2024-01-01 00:07:16,5,jitter_ms,35.51206005181536,-22.936358634661133,94.48631929286034
2024-01-01 00:07:17,5,jitter_ms,35.5418346309291,-21.175650057365605,90.30357034925633
2024-01-01 00:07:18,5,jitter_ms,35.571608585436564,-21.770094543724646,90.69693230460534
2024-01-01 00:07:19,5,jitter_ms,35.601381916306636,-21.642092649250525,94.59743000004451
2024-01-01 00:07:20,5,jitter_ms,35.631154620995304,-16.277232470268274,91.55028917466674
2024-01-01 00:07:21,5,jitter_ms,35.66092670047177,-21.725466036297206,90.05846803917571
2024-01-01 00:07:22,5,jitter_ms,35.69069815427195,-21.19893088048398,90.59331031006788
2024-01-01 00:07:23,5,jitter_ms,35.72046898343445,-20.622659579977743,95.23311702707608
2024-01-01 00:07:24,5,jitter_ms,35.75023918606297,-26.651449132295152,96.19316383142089
2024-01-01 00:07:25,5,jitter_ms,35.78000876240988,-24.474301303955055,95.69623570142696
2024-01-01 00:07:26,5,jitter_ms,35.80977771279757,-18.949692544642414,88.74162140562066
2024-01-01 00:07:27,5,jitter_ms,35.83954603793134,-20.78057801390179,92.09678625120632
2024-01-01 00:07:28,5,jitter_ms,35.869313735271106,-23.524467816480303,95.94393991644272
2024-01-01 00:07:29,5,jitter_ms,35.899080805784564,-23.9561988482626,92.81054566370872
2024-01-01 00:07:30,5,jitter_ms,35.92884724927014,-19.301430095994277,93.38402064834781
2024-01-01 00:07:31,5,jitter_ms,35.958613065979506,-18.642592527674353,93.09711351986603
2024-01-01 00:07:32,5,jitter_ms,35.98837825480461,-19.95128501787059,97.04303755762933
2024-01-01 00:07:33,5,jitter_ms,36.0181428159973,-20.925832561360238,97.01902986275547
2024-01-01 00:07:34,5,jitter_ms,36.04790674909458,-15.550297658733818,94.64822952904704
2024-01-01 00:07:35,5,jitter_ms,36.077670055585536,-16.05533842020619,96.3065354677869
2024-01-01 00:07:36,5,jitter_ms,36.10743273221961,-19.260515713765063,95.0313606670233
2024-01-01 00:07:37,5,jitter_ms,36.137194780607246,-22.94000983297188,93.68119830604738
2024-01-01 00:07:38,5,jitter_ms,36.166956200617186,-19.678093400488578,93.50312554514076
2024-01-01 00:07:39,5,jitter_ms,36.19671699295313,-19.904097455637096,92.44213220534525
2024-01-01 00:07:40,5,jitter_ms,36.22647715508086,-22.346396616175277,91.04894554133857
2024-01-01 00:07:41,5,jitter_ms,36.25623668796585,-18.625981965985464,92.93407500801146
2024-01-01 00:07:42,5,jitter_ms,36.28599559140698,-19.371118996443382,94.43446397292969
2024-01-01 00:07:43,5,jitter_ms,36.31575386565536,-17.951967398302028,93.40954116675866
2024-01-01 00:07:44,5,jitter_ms,36.3455115096055,-23.887589241420393,95.94222548571703
2024-01-01 00:07:45,5,jitter_ms,36.37526852350867,-17.36206792343048,93.0809837458568
2024-01-01 00:07:46,5,jitter_ms,36.405024906902966,-19.184363354302192,92.75618809139434
2024-01-01 00:07:47,5,jitter_ms,36.43478066127399,-20.709318566479272,89.90068501965666
2024-01-01 00:07:48,5,jitter_ms,36.46453578383051,-17.777971882424698,95.17605337322625
2024-01-01 00:07:49,5,jitter_ms,36.49429027553648,-18.190985510801386,93.4200761665752
2024-01-01 00:07:50,5,jitter_ms,36.524044136191094,-21.779528442558778,94.03399840746984
2024-01-01 00:07:51,5,jitter_ms,36.553797366045046,-17.995547235686306,94.34593577763937
2024-01-01 00:07:52,5,jitter_ms,36.58354996399462,-24.576112128065493,93.34143980542353
2024-01-01 00:07:53,5,jitter_ms,36.613301930290675,-15.01804308337543,97.00596709210257
2024-01-01 00:07:54,5,jitter_ms,36.64305326473257,-22.184428413079868,94.48754811044999
2024-01-01 00:07:55,5,jitter_ms,36.672803968282466,-15.636709141385856,94.37056949807089
2024-01-01 00:07:56,5,jitter_ms,36.70255403815358,-20.019650831556994,91.5218922601897
2024-01-01 00:07:57,5,jitter_ms,36.732303475829376,-17.492901953028145,90.28437400322925
2024-01-01 00:07:58,5,jitter_ms,36.76205228156007,-21.73572771734477,91.99823561159887
2024-01-01 00:07:59,5,jitter_ms,36.79180045346231,-22.273175841000125,93.82156582038836
2024-01-01 00:08:00,5,jitter_ms,36.821547992567744,-18.284478508668574,93.96921440803872
2024-01-01 00:08:01,5,jitter_ms,36.851294898415645,-20.60114884531736,95.7024684406359
2024-01-01 00:08:02,5,jitter_ms,36.88104117196683,-20.6634281363814,93.44523385440094
2024-01-01 00:08:03,5,jitter_ms,36.90366756578945,-22.39273116782355,91.70360517656614
2024-01-01 00:08:04,5,jitter_ms,36.92629332575366,-22.94286955101252,94.37051761310799
2024-01-01 00:08:05,5,jitter_ms,36.94891845139927,-18.491737352262046,90.71169283723982
2024-01-01 00:08:06,5,jitter_ms,36.97154294375629,-21.585193433858205,93.51710221805945
2024-01-01 00:08:07,5,jitter_ms,36.99416680094418,-24.00437599909522,94.14808867943901
2024-01-01 00:08:08,5,jitter_ms,37.016790023213225,-18.242481253375,95.35691920603885
2024-01-01 00:08:09,5,jitter_ms,37.03941261088317,-19.538211177487533,91.86589586494556
2024-01-01 00:08:10,5,jitter_ms,37.06203456491317,-18.062248422000046,95.86894680032867
2024-01-01 00:08:11,5,jitter_ms,37.084655882005094,-23.10064771948616,94.83577734215464
2024-01-01 00:08:12,5,jitter_ms,37.10727656389787,-18.653030671815188,92.36091173294884
2024-01-01 00:08:13,5,jitter_ms,37.1298966094227,-20.290023438057936,92.02115096214135
2024-01-01 00:08:14,5,jitter_ms,37.152516020956554,-19.005984322133926,95.21230483210921
2024-01-01 00:08:15,5,jitter_ms,37.1751347952733,-21.83597282676665,89.87379887225273
2024-01-01 00:08:16,5,jitter_ms,37.19775293333183,-21.965204761752737,92.81705252906701
2024-01-01 00:08:17,5,jitter_ms,37.22037043467297,-21.79822971242021,92.73165216475218
2024-01-01 00:08:18,5,jitter_ms,37.242987300324366,-19.025823799823844,92.3804226591712
2024-01-01 00:08:19,5,jitter_ms,37.26560352840989,-18.56130997687382,96.72563322143132
2024-01-01 00:08:20,5,jitter_ms,37.28821911917926,-21.35879948258707,93.66139396666141
2024-01-01 00:08:21,5,jitter_ms,37.31083407295146,-18.91401186720971,93.05554490396948
2024-01-01 00:08:22,5,jitter_ms,37.33344839068339,-20.703940120755288,93.19346703571763
2024-01-01 00:08:23,5,jitter_ms,37.356062069084714,-20.433808770239956,93.83144085192771
2024-01-01 00:08:24,5,jitter_ms,37.37867510989025,-18.021739149004762,95.80821758988999
2024-01-01 00:08:25,5,jitter_ms,37.40128751264145,-19.396755919259647,94.79699591988063
2024-01-01 00:08:26,5,jitter_ms,37.42389927758728,-24.258247379410218,93.00817233734497
2024-01-01 00:08:27,5,jitter_ms,37.446510403631635,-17.823531829540578,91.69513324391087
2024-01-01 00:08:28,5,jitter_ms,37.469120891023664,-24.478175873108114,86.54805273981593
2024-01-01 00:08:29,5,jitter_ms,37.4917307393053,-22.238544534432222,100.46150869431523
2024-01-01 00:08:30,5,jitter_ms,37.51433995020848,-17.603412706611365,93.02637327262632
2024-01-01 00:08:31,5,jitter_ms,37.536948520447936,-12.828421368107753,94.21634618526902
2024-01-01 00:08:32,5,jitter_ms,37.55955645097967,-17.77040460792631,92.28151593604638
2024-01-01 00:08:33,5,jitter_ms,37.58216374212192,-21.92920944130481,94.89141644988499
2024-01-01 00:08:34,5,jitter_ms,37.60477039412313,-22.086107941828775,94.58394441226163
2024-01-01 00:08:35,5,jitter_ms,37.627376405113296,-22.778074449170532,96.39243571311705
2024-01-01 00:08:36,5,jitter_ms,37.64998177611682,-15.38634289224141,92.50049114976605
2024-01-01 00:08:37,5,jitter_ms,37.67258650782934,-22.065108998100296,95.67376337951372
2024-01-01 00:08:38,5,jitter_ms,37.69519059774549,-19.237029257182925,94.9291362164993
2024-01-01 00:08:39,5,jitter_ms,37.717794046819776,-19.96672844509592,96.561005059497
2024-01-01 00:08:40,5,jitter_ms,37.74039685485341,-23.728934101748344,94.16915996328837
2024-01-01 00:08:41,5,jitter_ms,37.762999022094604,-19.258502259876515,94.48345400147521
2024-01-01 00:08:42,5,jitter_ms,37.78560054745054,-16.648012964680603,95.65838781933525
2024-01-01 00:08:43,5,jitter_ms,37.80820143116965,-21.65660511705847,95.38967829498723
2024-01-01 00:08:44,5,jitter_ms,37.83080167279522,-16.622895883541396,100.61901739430638
2024-01-01 00:08:45,5,jitter_ms,37.85340127379604,-16.69029815581519,96.41184757740703
2024-01-01 00:08:46,5,jitter_ms,37.87600023141271,-17.956812584583634,95.36516998290647
2024-01-01 00:08:47,5,jitter_ms,37.89859854659818,-16.410187732552462,94.25536402796138
2024-01-01 00:08:48,5,jitter_ms,37.92119621915399,-15.927841728834776,96.02826920307727
2024-01-01 00:08:49,5,jitter_ms,37.94379324932795,-20.48461557839767,93.54499063456007
2024-01-01 00:08:50,5,jitter_ms,37.966389636029035,-21.84555249787188,94.21246062288792
2024-01-01 00:08:51,5,jitter_ms,37.98898537950522,-19.57589164051842,91.60424760919442
2024-01-01 00:08:52,5,jitter_ms,38.0115804795582,-18.233360106708165,91.26558702487975
2024-01-01 00:08:53,5,jitter_ms,38.03417493713909,-21.231480383989478,92.96104056954604
2024-01-01 00:08:54,5,jitter_ms,38.05676874949309,-17.231513206339812,95.53067790559008
2024-01-01 00:08:55,5,jitter_ms,38.07936191764098,-23.35555272724337,95.34694147179019
2024-01-01 00:08:56,5,jitter_ms,38.10195444176118,-17.075759641702465,93.64332665968938
2024-01-01 00:08:57,5,jitter_ms,38.124546322873115,-17.986054037164152,101.22953720113205
2024-01-01 00:08:58,5,jitter_ms,38.14713755822404,-21.4560598715048,95.56449846555202
2024-01-01 00:08:59,5,jitter_ms,38.16972793647375,-14.028269818249786,94.73632795588682
2024-01-01 00:09:00,5,jitter_ms,38.19231766971511,-16.698800990583205,99.29109404325821
2024-01-01 00:09:01,5,jitter_ms,38.21490675819537,-17.50422329247763,95.44501912541412
2024-01-01 00:09:02,5,jitter_ms,38.23749520082612,-17.586370939880414,96.06116398698462
2024-01-01 00:09:03,5,jitter_ms,38.26008299785478,-17.636803368553704,93.0943594010689
2024-01-01 00:09:04,5,jitter_ms,38.282670149083486,-16.517550547934157,96.47809461541944
2024-01-01 00:09:05,5,jitter_ms,38.30525665546109,-16.139372860025535,94.0329795673976
2024-01-01 00:09:06,5,jitter_ms,38.327842514239435,-15.968186533159356,91.85362032702638
2024-01-01 00:09:07,5,jitter_ms,38.350427726881534,-18.441603097678357,97.16362187493583
2024-01-01 00:09:08,5,jitter_ms,38.373012292932756,-21.365629905343454,94.23168336504746
2024-01-01 00:09:09,5,jitter_ms,38.395596212639916,-16.730737254554082,93.26813862314928
2024-01-01 00:09:10,5,jitter_ms,38.41817948491641,-17.106261066822338,92.94580601247304
2024-01-01 00:09:11,5,jitter_ms,38.44076211000924,-19.5543439470533,97.67581466676171
2024-01-01 00:09:12,5,jitter_ms,38.463344087720884,-11.58967118081816,90.9464121999934
2024-01-01 00:09:13,5,jitter_ms,38.48592541899863,-12.872579700044984,98.0580033243795
2024-01-01 00:09:14,5,jitter_ms,38.508506101355316,-20.700761792032562,93.99688055279455
2024-01-01 00:09:15,5,jitter_ms,38.53108613548207,-15.888261702922314,96.36018408727027
2024-01-01 00:09:16,5,jitter_ms,38.55366552239474,-16.473297348897333,93.9911594743012
2024-01-01 00:09:17,5,jitter_ms,38.57624426023888,-19.405590309631368,92.90908363122143
2024-01-01 00:09:18,5,jitter_ms,38.59882234926134,-21.391642875282738,99.08817152165506
2024-01-01 00:09:19,5,jitter_ms,38.62139978977751,-18.348423295332637,97.61778261540073
2024-01-01 00:09:20,5,jitter_ms,38.643976582733174,-19.02289675812259,97.42059520346471
2024-01-01 00:09:21,5,jitter_ms,38.66655272487614,-16.232215178821022,99.53789349655709
2024-01-01 00:09:22,5,jitter_ms,38.68912821792122,-16.342982897699788,96.19883140711848
2024-01-01 00:09:23,5,jitter_ms,38.711703061415164,-25.927395401069813,87.7333674797736
2024-01-01 00:09:24,5,jitter_ms,38.734277255604056,-14.783601546926755,95.20881620699973
2024-01-01 00:09:25,5,jitter_ms,38.75685079940461,-17.464008264442793,95.5032525276028
2024-01-01 00:09:26,5,jitter_ms,38.77942369306308,-17.94861670416838,91.09932192060104
2024-01-01 00:09:27,5,jitter_ms,38.80199593612673,-19.78122430656147,95.38873137095219
2024-01-01 00:09:28,5,jitter_ms,38.824567530307434,-19.72021765693985,95.01702474595533
2024-01-01 00:09:29,5,jitter_ms,38.84713847235818,-17.958817291581568,96.12829944596294
2024-01-01 00:09:30,5,jitter_ms,38.8697087632238,-18.825831479566034,97.46332900322935
2024-01-01 00:09:31,5,jitter_ms,38.89227840321895,-18.320202111215323,95.51107667258307
2024-01-01 00:09:32,5,jitter_ms,38.914847392589174,-14.502785376576659,97.62141537077548
2024-01-01 00:09:33,5,jitter_ms,38.93741572948625,-16.564039960709845,94.53111627741217
2024-01-01 00:09:34,5,jitter_ms,38.95998341492276,-20.091710533110767,93.99494836475237
2024-01-01 00:09:35,5,jitter_ms,38.98255044844654,-15.4669831571905,96.86042819777248
2024-01-01 00:09:36,5,jitter_ms,39.00511683100042,-16.83909105229722,97.39849887311465
2024-01-01 00:09:37,5,jitter_ms,39.02768255941174,-19.770294926382572,98.19734502650995
2024-01-01 00:09:38,5,jitter_ms,39.05024763601822,-15.319959432664756,99.00576044329006
2024-01-01 00:09:39,5,jitter_ms,39.07281205967088,-21.321171084600504,97.54439819154861
2024-01-01 00:09:40,5,jitter_ms,39.09537583207741,-18.955093926440824,94.61039490937867
2024-01-01 00:09:41,5,jitter_ms,39.117938949998766,-17.023499562355493,98.38633918952796
2024-01-01 00:09:42,5,jitter_ms,39.14050141437747,-17.518158701100088,97.00036558548487
2024-01-01 00:09:43,5,jitter_ms,39.16306322552744,-21.734199030282973,100.12490771049352
2024-01-01 00:09:44,5,jitter_ms,39.1856243836936,-18.03634966786493,100.66298679822636
2024-01-01 00:09:45,5,jitter_ms,39.208184887032274,-18.144251856539693,93.05030850480742
2024-01-01 00:09:46,5,jitter_ms,39.23074473655359,-16.136075264238386,95.08417645276815
2024-01-01 00:09:47,5,jitter_ms,39.25330393180649,-21.342603398209537,97.4078280537092
2024-01-01 00:09:48,5,jitter_ms,39.27586247373148,-17.367741239631915,104.17370812456342
2024-01-01 00:09:49,5,jitter_ms,39.29842035985925,-19.376354764658423,93.3297418061276
2024-01-01 00:09:50,5,jitter_ms,39.320977591130614,-20.04774197388798,94.92108186274011
2024-01-01 00:09:51,5,jitter_ms,39.34353416709507,-19.495428742844638,95.4266444155668
2024-01-01 00:09:52,5,jitter_ms,39.36609008876104,-17.687713028411675,98.91013582295706
2024-01-01 00:09:53,5,jitter_ms,39.38864535428777,-18.96106942197172,94.17907369586905
2024-01-01 00:09:54,5,jitter_ms,39.41119996392024,-20.920005761254874,98.59740198685002
2024-01-01 00:09:55,5,jitter_ms,39.43375391797163,-19.064552703338425,98.01869426508424
2024-01-01 00:09:56,5,jitter_ms,39.456307217126394,-15.799282511125408,95.7902876079375
2024-01-01 00:09:57,5,jitter_ms,39.478859858919314,-15.761831613253456,96.24362700523076
2024-01-01 00:09:58,5,jitter_ms,39.50141184428966,-18.44716901839431,100.15088532930375
2024-01-01 00:09:59,5,jitter_ms,39.523963173481725,-13.277768201036904,96.4335085235466
2024-01-01 00:10:00,5,jitter_ms,39.54651384542011,-16.748435155472492,95.17269539836917
2024-01-01 00:10:01,5,jitter_ms,39.56906386034929,-13.84903931943212,95.0727302408298
2024-01-01 00:10:02,5,jitter_ms,39.59161321807379,-16.471189258792087,94.2259663282341
2024-01-01 00:10:03,5,jitter_ms,39.61416191953118,-17.32748105828699,95.27000560441833
2024-01-01 00:10:04,5,jitter_ms,39.636709962005966,-19.905530679611214,96.47875120137932
2024-01-01 00:10:05,5,jitter_ms,39.65925734694391,-18.693049788613045,95.51554038945764
2024-01-01 00:10:06,5,jitter_ms,39.681804073895755,-18.736487060562126,101.1091833843409
2024-01-01 00:10:07,5,jitter_ms,39.70435014310537,-14.569023711538865,98.4064117052595
2024-01-01 00:10:08,5,jitter_ms,39.726895553499176,-17.41135930005367,98.31410164607288
2024-01-01 00:10:09,5,jitter_ms,39.74944030532126,-17.650571423185518,99.28697867487999
2024-01-01 00:10:10,5,jitter_ms,39.77198439837645,-20.391220425469132,98.82011487259787
2024-01-01 00:10:11,5,jitter_ms,39.79452783360077,-14.059047014918088,95.82824696104754
2024-01-01 00:10:12,5,jitter_ms,39.81707060853675,-16.259663054957354,98.39502392108797
2024-01-01 00:10:13,5,jitter_ms,39.839612723867276,-13.94838762683777,96.20859994184896
2024-01-01 00:10:14,5,jitter_ms,39.86215417946583,-20.799037100506652,95.35419243050515
2024-01-01 00:10:15,5,jitter_ms,39.8846949768912,-17.139285837082383,97.16819306548236
2024-01-01 00:10:16,5,jitter_ms,39.907235112996105,-16.497459208359707,99.70456999984245
2024-01-01 00:10:17,5,jitter_ms,39.929774589222745,-17.67007143064163,95.87473559553723
2024-01-01 00:10:18,5,jitter_ms,39.952313405122965,-20.09527859145475,94.61331168555735
2024-01-01 00:10:19,5,jitter_ms,39.97485156094003,-14.150934797300915,94.46310435006123
2024-01-01 00:10:20,5,jitter_ms,39.99738905560309,-15.869364245001199,96.58307294354314
2024-01-01 00:10:21,5,jitter_ms,40.01992588935558,-16.536433299606333,98.01911452310867
2024-01-01 00:10:22,5,jitter_ms,40.042462062002876,-18.538319894938503,100.64461988785786
2024-01-01 00:10:23,5,jitter_ms,40.06499757447861,-15.441436340019624,96.96587787265388
2024-01-01 00:10:24,5,jitter_ms,40.087532424331556,-19.499974914995718,102.16570975954568
2024-01-01 00:10:25,5,jitter_ms,40.11006661224283,-17.226841732807323,94.81227409231369
2024-01-01 00:10:26,5,jitter_ms,40.132600138523685,-16.28423838164788,97.87396320502377
2024-01-01 00:10:27,5,jitter_ms,40.15513300341681,-15.532639921067364,96.23148529570572
2024-01-01 00:10:28,5,jitter_ms,40.17766520509501,-20.46701110138707,99.37375930195303
2024-01-01 00:10:29,5,jitter_ms,40.20019674455949,-14.482924863362511,99.07563456620895
2024-01-01 00:10:30,5,jitter_ms,40.22272762136323,-16.92427195870583,100.38056035300863
2024-01-01 00:10:31,5,jitter_ms,40.24525783643827,-20.11788329085001,97.14282667529287
2024-01-01 00:10:32,5,jitter_ms,40.26778738733756,-20.067932544274644,96.24168826540095
2024-01-01 00:10:33,5,jitter_ms,40.29031627499346,-20.611374123428817,95.78962224631042
2024-01-01 00:10:34,5,jitter_ms,40.31284449895949,-16.308254798747836,99.68109549725212
2024-01-01 00:10:35,5,jitter_ms,40.33537206023515,-14.940204233854447,92.09297389419044
2024-01-01 00:10:36,5,jitter_ms,40.35789895699618,-16.213885356014202,100.29489421625526
2024-01-01 00:10:37,5,jitter_ms,40.38042518948538,-13.932721725337089,95.09015716235656
2024-01-01 00:10:38,5,jitter_ms,40.40295075938997,-17.616581710611847,94.02530996859379
2024-01-01 00:10:39,5,jitter_ms,40.42547566350996,-17.095212215067015,99.24454557097674
2024-01-01 00:10:40,5,jitter_ms,40.44799990277649,-9.829249369718289,98.17394230805075
2024-01-01 00:10:41,5,jitter_ms,40.47052347749985,-15.904997245183141,93.33929599993768
2024-01-01 00:10:42,5,jitter_ms,40.493046387921986,-17.267735590014027,94.98178277298582
2024-01-01 00:10:43,5,jitter_ms,40.51556863222147,-19.241888338372803,91.87176443659358
2024-01-01 00:10:44,5,jitter_ms,40.53809021139638,-15.836684833067554,96.42943087848973
2024-01-01 00:10:45,5,jitter_ms,40.56061112500112,-12.159156276592181,100.75422024452776
2024-01-01 00:10:46,5,jitter_ms,40.583131373964754,-18.10957121110046,95.92823055818697
2024-01-01 00:10:47,5,jitter_ms,40.605650955848034,-18.71271383047721,102.19978451167283
2024-01-01 00:10:48,5,jitter_ms,40.62816987158038,-15.907797322723523,96.71762478431484
2024-01-01 00:10:49,5,jitter_ms,40.65068812071672,-16.596866891082737,98.86195698067729
2024-01-01 00:10:50,5,jitter_ms,40.673205704253434,-14.716565412134203,96.81964127437318
2024-01-01 00:10:51,5,jitter_ms,40.695722620372024,-15.178454213788017,101.8884123409096
2024-01-01 00:10:52,5,jitter_ms,40.71823886931453,-16.133340051521238,100.02156868024461
2024-01-01 00:10:53,5,jitter_ms,40.74075445139047,-11.659466291235411,100.52239641569889
2024-01-01 00:10:54,5,jitter_ms,40.76326936727591,-17.460214032444096,99.27238034248033
2024-01-01 00:10:55,5,jitter_ms,40.78578361453574,-15.881365394438475,97.2689716254883
2024-01-01 00:10:56,5,jitter_ms,40.808297193412045,-14.231485829130907,97.08767260758015
2024-01-01 00:10:57,5,jitter_ms,40.830810105083316,-13.996920899110417,96.95103101596597
2024-01-01 00:10:58,5,jitter_ms,40.85332234979038,-14.12939140449308,97.58669465477622
2024-01-01 00:10:59,5,jitter_ms,40.875833925100224,-17.313427638562445,95.00922136856637
2024-01-01 00:11:00,5,jitter_ms,40.898344831939916,-16.078536264255288,94.74463497725597
2024-01-01 00:11:01,5,jitter_ms,40.920855069865496,-13.073744953187662,97.90058847155377
2024-01-01 00:11:02,5,jitter_ms,40.943364639870815,-13.518847411885789,98.9496256561974
2024-01-01 00:11:03,5,jitter_ms,40.96587354014209,-17.91913338496393,96.15895058290576
2024-01-01 00:11:04,5,jitter_ms,40.98838177092068,-12.581090461468422,95.7862395270815
2024-01-01 00:11:05,5,jitter_ms,41.01088933251538,-21.00717852330098,97.38135497997668
2024-01-01 00:11:06,5,jitter_ms,41.03339622560047,-15.912041051273963,96.24994593173514
2024-01-01 00:11:07,5,jitter_ms,41.05590244774717,-13.797430575498577,96.18969329216146
2024-01-01 00:11:08,5,jitter_ms,41.07840799988092,-14.408191638788955,96.61910834415396
2024-01-01 00:11:09,5,jitter_ms,41.10091288180905,-14.72510627535095,97.86968796824353
2024-01-01 00:11:10,5,jitter_ms,41.123417093772204,-19.06133103438485,95.6319590715707
2024-01-01 00:11:11,5,jitter_ms,41.14592063471123,-13.967715181937121,99.74048907925278
2024-01-01 00:11:12,5,jitter_ms,41.16842350486694,-16.554284120976966,99.90333779680877
2024-01-01 00:11:13,5,jitter_ms,41.190925703796516,-19.556975468553443,101.24541928625005
2024-01-01 00:11:14,5,jitter_ms,41.21342723292416,-16.92739355669525,96.78338544430015
2024-01-01 00:11:15,5,jitter_ms,41.23592808957494,-15.97743184617873,103.73467822587907
2024-01-01 00:11:16,5,jitter_ms,41.258428274672696,-22.86618207602578,94.07854306725409
2024-01-01 00:11:17,5,jitter_ms,41.280927788457674,-15.009729570863895,95.147123811702
2024-01-01 00:11:18,5,jitter_ms,41.303426629872384,-11.358905214342137,97.32374228562604
2024-01-01 00:11:19,5,jitter_ms,41.325924799157235,-16.88777951300463,97.37905971345066
2024-01-01 00:11:20,5,jitter_ms,41.34842229612005,-18.569569383591325,98.46683685279139
2024-01-01 00:11:21,5,jitter_ms,41.370919121682945,-15.41546461371365,100.89200862678865
2024-01-01 00:11:22,5,jitter_ms,41.393415273425035,-16.92716424560435,98.00898999876138
2024-01-01 00:11:23,5,jitter_ms,41.415910752018995,-14.001206209465758,99.52899384691555
2024-01-01 00:11:24,5,jitter_ms,41.4384055577724,-18.518982974147278,92.81589977774277
2024-01-01 00:11:25,5,jitter_ms,41.46089969092495,-9.416192299666085,100.09905964495962
2024-01-01 00:11:26,5,jitter_ms,41.48339314967194,-18.60741202034421,99.58928043217568
2024-01-01 00:11:27,5,jitter_ms,41.50588593500241,-10.544417047745489,98.19988010778583
2024-01-01 00:11:28,5,jitter_ms,41.528378046474856,-16.11210568640014,97.72340888994077
2024-01-01 00:11:29,5,jitter_ms,41.550869485009784,-14.357729364429597,100.10257550341127
2024-01-01 00:11:30,5,jitter_ms,41.57336024819054,-13.111892893091806,96.83865684853609
2024-01-01 00:11:31,5,jitter_ms,41.59585033693796,-14.272074430159117,97.97317404000066
2024-01-01 00:11:32,5,jitter_ms,41.618339750811074,-12.670187928824536,98.8037510408809
2024-01-01 00:11:33,5,jitter_ms,41.6408284907972,-13.786688307250309,94.24084257505291
2024-01-01 00:11:34,5,jitter_ms,41.663316555094625,-19.398099759499075,95.78403932713105
2024-01-01 00:11:35,5,jitter_ms,41.68580394394312,-22.286248330488583,95.15589508453908
2024-01-01 00:11:36,5,jitter_ms,41.7082906576495,-11.749870030943503,96.29590487717888
2024-01-01 00:11:37,5,jitter_ms,41.73077669713252,-15.872630659834705,102.72247898938596
2024-01-01 00:11:38,5,jitter_ms,41.75326205855312,-16.20468112417282,100.05137701561058
2024-01-01 00:11:39,5,jitter_ms,41.77574674493687,-13.332056211544304,104.18150838501856
2024-01-01 00:11:40,5,jitter_ms,41.79823075516371,-11.570660011119985,94.84605450387693
2024-01-01 00:11:41,5,jitter_ms,41.82071409015174,-17.573765934838978,97.82018478643805
2024-01-01 00:11:42,5,jitter_ms,41.843196747490666,-11.518571237092576,102.22128510805958
2024-01-01 00:11:43,5,jitter_ms,41.86567872809892,-18.66682140840062,99.53913966980515
2024-01-01 00:11:44,5,jitter_ms,41.888160031536685,-17.959137336174557,96.68698592183867
2024-01-01 00:11:45,5,jitter_ms,41.91064065878871,-18.900462082918498,96.84779889579934
2024-01-01 00:11:46,5,jitter_ms,41.933120608058026,-13.11274241623484,98.65940445233652
2024-01-01 00:11:47,5,jitter_ms,41.95559987958377,-17.860945531880624,97.7491304868394
2024-01-01 00:11:48,5,jitter_ms,41.978078473671985,-13.322216574908529,98.64450854201799
2024-01-01 00:11:49,5,jitter_ms,42.000556391239,-11.852468513853042,97.6021861030115
2024-01-01 00:11:50,5,jitter_ms,42.02303362913361,-14.591099404041659,98.76306888482809
2024-01-01 00:11:51,5,jitter_ms,42.045510189017804,-14.308432576345883,100.73123176370984
2024-01-01 00:11:52,5,jitter_ms,42.06798607045236,-17.134408170447244,97.99450874460787
2024-01-01 00:11:53,5,jitter_ms,42.09046127367566,-12.625878429119407,95.26675518922941
2024-01-01 00:11:54,5,jitter_ms,42.112935797638556,-13.462418462680928,101.27372679306647
2024-01-01 00:11:55,5,jitter_ms,42.13540964257962,-15.641969050036572,107.18475078666039
2024-01-01 00:11:56,5,jitter_ms,42.157882809413906,-15.93219693439393,99.03887746343506
2024-01-01 00:11:57,5,jitter_ms,42.18035529573912,-15.54957609541145,99.21453177581435
2024-01-01 00:11:58,5,jitter_ms,42.20282710247065,-16.366361212906376,101.52843923874006
2024-01-01 00:11:59,5,jitter_ms,42.22529822917013,-11.490899799336516,96.76757925377441
2024-01-01 00:12:00,5,jitter_ms,42.24776867681913,-13.936152680649139,96.24683936016251
2024-01-01 00:12:01,5,jitter_ms,42.27023844362658,-12.572654970375691,98.83786808681225
2024-01-01 00:12:02,5,jitter_ms,42.29270752983083,-14.458767110057462,96.17049659923032
2024-01-01 00:12:03,5,jitter_ms,42.315175935736974,-11.94344993152282,102.49793211478607
2024-01-01 00:12:04,5,jitter_ms,42.337643662010706,-16.094244847947124,94.8844069143554
2024-01-01 00:12:05,5,jitter_ms,42.360110706254005,-17.52937580931146,93.52551860946747
2024-01-01 00:12:06,5,jitter_ms,42.38257706938066,-16.778552613730493,103.08627015501582
2024-01-01 00:12:07,5,jitter_ms,42.40504275120047,-14.536760535845332,101.11657057569167
2024-01-01 00:12:08,5,jitter_ms,42.427507751951026,-12.192010156941388,99.24727830756034
2024-01-01 00:12:09,5,jitter_ms,42.44997207058671,-13.621089351956346,99.67104096045523
2024-01-01 00:12:10,5,jitter_ms,42.472435707345305,-18.959261977551524,98.06154387171156
2024-01-01 00:12:11,5,jitter_ms,42.494898661789556,-16.348969636754152,98.39203891435294
2024-01-01 00:12:12,5,jitter_ms,42.5173609353258,-15.200060834966921,101.42018072988827
2024-01-01 00:12:13,5,jitter_ms,42.539822525313014,-13.278477266970647,95.8252442575681
2024-01-01 00:12:14,5,jitter_ms,42.56228343266334,-16.712154845345577,101.81559894054477
2024-01-01 00:12:15,5,jitter_ms,42.58474365651295,-15.20000564252249,97.83000482687108
2024-01-01 00:12:16,5,jitter_ms,42.607203199121045,-17.347860692399614,98.87904495109841
2024-01-01 00:12:17,5,jitter_ms,42.62966205742184,-11.034753610022818,99.44218076713395
2024-01-01 00:12:18,5,jitter_ms,42.652120232326695,-16.70401024229024,102.58690590103748
2024-01-01 00:12:19,5,jitter_ms,42.67457772364595,-17.404749380582956,100.86872453325498
2024-01-01 00:12:20,5,jitter_ms,42.697034531616524,-12.20825195508304,97.2193473269848
2024-01-01 00:12:21,5,jitter_ms,42.71949065519566,-13.511702509808234,99.6275086988329
2024-01-01 00:12:22,5,jitter_ms,42.741946094620474,-14.775589050373418,100.51763398529862
2024-01-01 00:12:23,5,jitter_ms,42.764400849454915,-18.024950244289425,100.24315601465534
2024-01-01 00:12:24,5,jitter_ms,42.78685492110156,-16.35383405642447,99.95746679360425
2024-01-01 00:12:25,5,jitter_ms,42.80930830692646,-16.061541652128234,98.68844339079877
2024-01-01 00:12:26,5,jitter_ms,42.83176100783936,-16.38058692219975,97.97997777494001
2024-01-01 00:12:27,5,jitter_ms,42.854213023650935,-13.513534195844642,95.74891599706983
2024-01-01 00:12:28,5,jitter_ms,42.87666435459769,-15.687150216392379,102.3734721389718
2024-01-01 00:12:29,5,jitter_ms,42.89911499963876,-15.145977316590155,101.14256137292749
2024-01-01 00:12:30,5,jitter_ms,42.92156495901083,-14.770995781002155,98.43812811681937
2024-01-01 00:12:31,5,jitter_ms,42.94401423252476,-14.833651344403869,98.57683081642175
2024-01-01 00:12:32,5,jitter_ms,42.966462821088314,-17.129162871677543,98.8687342466997
2024-01-01 00:12:33,5,jitter_ms,42.98891072207243,-9.466781765721004,99.30408063790878
2024-01-01 00:12:34,5,jitter_ms,43.011357936877346,-13.912067198412656,96.81968427594977
2024-01-01 00:12:35,5,jitter_ms,43.03380446573902,-12.002908022942185,99.13317744831933
2024-01-01 00:12:36,5,jitter_ms,43.056250306880465,-16.020845370067878,100.02850067928867
2024-01-01 00:12:37,5,jitter_ms,43.07869546127578,-16.472279514221633,101.32101379804696
2024-01-01 00:12:38,5,jitter_ms,43.1011399284902,-14.59275984648342,101.31780883494841
2024-01-01 00:12:39,5,jitter_ms,43.123583709430044,-13.857693391148409,97.08447615050645
2024-01-01 00:12:40,5,jitter_ms,43.14602680171609,-12.668152226252312,99.8444567851499
2024-01-01 00:12:41,5,jitter_ms,43.168469206255004,-13.682685310466157,100.292838204955
2024-01-01 00:12:42,5,jitter_ms,43.19091092261256,-12.432776450086509,98.0382910611552
2024-01-01 00:12:43,5,jitter_ms,43.21335195176112,-12.482211519000877,101.90125752819453
2024-01-01 00:12:44,5,jitter_ms,43.23579229192674,-9.265267759452078,98.65733223033898
2024-01-01 00:12:45,5,jitter_ms,43.258231943345436,-16.269670808558587,98.94211135482846
2024-01-01 00:12:46,5,jitter_ms,43.28067090631959,-14.020531645509612,102.47744066290473
2024-01-01 00:12:47,5,jitter_ms,43.30310918175371,-14.182990500755785,100.258639141692
2024-01-01 00:12:48,5,jitter_ms,43.32554676653703,-13.018181483976894,100.7669228238221
2024-01-01 00:12:49,5,jitter_ms,43.347983662310455,-13.456771320659074,105.0127773351509
2024-01-01 00:12:50,5,jitter_ms,43.370419868640354,-14.789267466984123,100.36792217161866
2024-01-01 00:12:51,5,jitter_ms,43.39285538576202,-12.79702030200074,102.22846804432338
2024-01-01 00:12:52,5,jitter_ms,43.41529021264006,-13.039607513467264,99.36357761223367
2024-01-01 00:12:53,5,jitter_ms,43.43772434950992,-14.198173000469936,102.14575913488144
2024-01-01 00:12:54,5,jitter_ms,43.46015779593856,-13.715915441351143,99.0586497778185
2024-01-01 00:12:55,5,jitter_ms,43.48259055356375,-11.861153502271183,102.6172406720093
2024-01-01 00:12:56,5,jitter_ms,43.50502261928019,-16.509912090544756,101.86963825697136
2024-01-01 00:12:57,5,jitter_ms,43.52745399332373,-14.691224438191174,102.91727503365863
2024-01-01 00:12:58,5,jitter_ms,43.549884677331505,-12.644468125111118,99.10053778403424
2024-01-01 00:12:59,5,jitter_ms,43.57231467153772,-14.17109486599514,97.8989973736501
2024-01-01 00:13:00,5,jitter_ms,43.594743972840064,-12.451772751790196,99.97808517788901
2024-01-01 00:13:01,5,jitter_ms,43.617172582875,-12.546839087406589,100.22672678096025
2024-01-01 00:13:02,5,jitter_ms,43.63960050121012,-12.879471679659195,102.21752409877453
2024-01-01 00:13:03,5,jitter_ms,43.66202772808005,-16.324189725329365,101.57298447612315
2024-01-01 00:13:04,5,jitter_ms,43.68445426245225,-13.461727076121145,97.51589104375617
2024-01-01 00:13:05,5,jitter_ms,43.706880104561534,-17.627814463330914,96.35162753932467
2024-01-01 00:13:06,5,jitter_ms,43.729305253976044,-11.40977619922586,99.83823852159193
2024-01-01 00:13:07,5,jitter_ms,43.75172971232912,-12.562419220611217,98.58357059095823
2024-01-01 00:13:08,5,jitter_ms,43.77415347652395,-13.181219806536735,102.15701776428976
2024-01-01 00:13:09,5,jitter_ms,43.79657654746159,-14.620360593793222,105.34310899366494
2024-01-01 00:13:10,5,jitter_ms,43.818998925442855,-13.144583714676198,99.83201247260503
2024-01-01 00:13:11,5,jitter_ms,43.84142061070179,-10.905899051520953,102.09661289294904
2024-01-01 00:13:12,5,jitter_ms,43.86384160147581,-12.877326499119851,104.39242103188988
2024-01-01 00:13:13,5,jitter_ms,43.88626189873127,-12.091978757464998,104.55785819766724
2024-01-01 00:13:14,5,jitter_ms,43.90868150203691,-14.464148876131201,96.57951602604544
2024-01-01 00:13:15,5,jitter_ms,43.93110041229167,-10.996168960338345,99.4958112399178
2024-01-01 00:13:16,5,jitter_ms,43.953518627135836,-11.969516189565871,101.98695816276087
2024-01-01 00:13:17,5,jitter_ms,43.9759361474687,-13.855573729756307,103.55816693495376
2024-01-01 00:13:18,5,jitter_ms,43.998352973524035,-9.694022126402041,101.37593822810253
2024-01-01 00:13:19,5,jitter_ms,44.02076910427295,-14.09265099673695,98.57564071250295
2024-01-01 00:13:20,5,jitter_ms,44.04318453994945,-10.40524485535665,101.97613564355966
2024-01-01 00:13:21,5,jitter_ms,44.06559928012311,-11.40752745873791,100.86770993024646
2024-01-01 00:13:22,5,jitter_ms,44.08801332617837,-13.890717040374769,102.80043284065144
2024-01-01 00:13:23,5,jitter_ms,44.11042667551585,-15.478224796172515,99.64596558575906
2024-01-01 00:13:24,5,jitter_ms,44.13283932903338,-11.987056178483515,103.36372188704458
2024-01-01 00:13:25,5,jitter_ms,44.15525128654418,-11.086845462585186,103.2008941789559
2024-01-01 00:13:26,5,jitter_ms,44.17766254828162,-10.83667469895442,102.85481687665597
2024-01-01 00:13:27,5,jitter_ms,44.20007311321872,-11.951776052460845,103.0102494618749
2024-01-01 00:13:28,5,jitter_ms,44.22248298158904,-12.853678100606324,98.05957637707192
2024-01-01 00:13:29,5,jitter_ms,44.24489215320598,-17.62484809191846,101.50682073957586
2024-01-01 00:13:30,5,jitter_ms,44.26730062896536,-9.673300764432035,100.9802470620776
2024-01-01 00:13:31,5,jitter_ms,44.289708406272794,-11.875665682234814,99.42929298282692
2024-01-01 00:13:32,5,jitter_ms,44.312115486510294,-13.377673320360541,98.09541034294166
2024-01-01 00:13:33,5,jitter_ms,44.334521869248476,-12.350044964670968,101.88548469505993
2024-01-01 00:13:34,5,jitter_ms,44.356927554720286,-13.419337879040077,99.60216309886638
2024-01-01 00:13:35,5,jitter_ms,44.37933254190067,-13.951015239311905,103.57523837058773
2024-01-01 00:13:36,5,jitter_ms,44.40173683102276,-13.921511635515921,96.45636898680506
2024-01-01 00:13:37,5,jitter_ms,44.42414042190032,-16.030901988485585,101.7857865975972
2024-01-01 00:13:38,5,jitter_ms,44.446543315427476,-11.991373821558492,105.0952803469383
2024-01-01 00:13:39,5,jitter_ms,44.46894550859588,-16.950483383419776,99.451759661279
2024-01-01 00:13:40,5,jitter_ms,44.491347003622714,-10.188046407145368,102.42716509812807
2024-01-01 00:13:41,5,jitter_ms,44.51374779966049,-15.001260458337677,105.32779418597912
2024-01-01 00:13:42,5,jitter_ms,44.53614789760255,-11.099020992895168,104.23825463107568
2024-01-01 00:13:43,5,jitter_ms,44.5585472948617,-10.211683829712987,102.93659218247228
2024-01-01 00:13:44,5,jitter_ms,44.58094599281619,-15.95390398010999,102.16836516018245
2024-01-01 00:13:45,5,jitter_ms,44.60334399103781,-13.024881901408722,98.95871856473346
2024-01-01 00:13:46,5,jitter_ms,44.62574128975885,-9.2696554261132,102.4358827088943
2024-01-01 00:13:47,5,jitter_ms,44.648137887957176,-11.013100378664115,100.79111412467688
2024-01-01 00:13:48,5,jitter_ms,44.67053378586526,-14.1147078789667,100.50661990057267
2024-01-01 00:13:49,5,jitter_ms,44.69292898329738,-12.217708982867993,104.8585004498306
2024-01-01 00:13:50,5,jitter_ms,44.71532348114519,-9.76173839474053,103.43771436423839
2024-01-01 00:13:51,5,jitter_ms,44.73771727706821,-13.012597701763964,103.98615091729054
2024-01-01 00:13:52,5,jitter_ms,44.76011037171665,-13.32278996836186,103.43304357598147
2024-01-01 00:13:53,5,jitter_ms,44.78250276538857,-12.711698615328729,101.23269627393798
2024-01-01 00:13:54,5,jitter_ms,44.804894458315644,-10.743630871828273,100.30570469846069
2024-01-01 00:13:55,5,jitter_ms,44.82728544875273,-12.733838306077896,101.46587197244804
2024-01-01 00:13:56,5,jitter_ms,44.84967573765682,-13.996828465999002,101.95072590994712
2024-01-01 00:13:57,5,jitter_ms,44.87206532591792,-13.464187439558405,101.97582369632805
2024-01-01 00:13:58,5,jitter_ms,44.89445421047495,-10.321372414962806,101.99190537613332
2024-01-01 00:13:59,5,jitter_ms,44.9168423929429,-12.661157951947446,103.51568054724997
2024-01-01 00:14:00,5,jitter_ms,44.93922987289505,-12.259024705896879,105.94159644961861
2024-01-01 00:14:01,5,jitter_ms,44.961616650562874,-10.34097004734201,102.67621122650104
2024-01-01 00:14:02,5,jitter_ms,44.984002724927876,-12.310559526476412,98.88717169039988
2024-01-01 00:14:03,5,jitter_ms,45.00638809622172,-14.503101944653945,102.97759746288318
2024-01-01 00:14:04,5,jitter_ms,45.02877276401825,-14.038566713816214,103.625954017183
2024-01-01 00:14:05,5,jitter_ms,45.0511567299293,-8.627614393036925,105.51449944674306
2024-01-01 00:14:06,5,jitter_ms,45.073539990899334,-14.279294431069102,105.09150963565942
2024-01-01 00:14:07,5,jitter_ms,45.095922547817395,-7.077749624416738,100.88335201627979
2024-01-01 00:14:08,5,jitter_ms,45.11830440098052,-11.008188106931184,100.26222751170089
2024-01-01 00:14:09,5,jitter_ms,45.14068555061961,-16.36634082328456,99.6527429912116
2024-01-01 00:14:10,5,jitter_ms,45.163065994995605,-9.92501067212629,104.99169647830867
2024-01-01 00:14:11,5,jitter_ms,45.185445735062224,-13.50148222306792,101.61035038449187
2024-01-01 00:14:12,5,jitter_ms,45.20782477039395,-11.49199402240944,102.98665717666631
2024-01-01 00:14:13,5,jitter_ms,45.23020310187763,-9.999745759986851,103.1237810445071
2024-01-01 00:14:14,5,jitter_ms,45.25258072718545,-15.17760887443324,100.36198536284964
2024-01-01 00:14:15,5,jitter_ms,45.27495764720463,-13.651051977763931,105.02644934268861
2024-01-01 00:14:16,5,jitter_ms,45.29733386085462,-9.960868949809887,104.6045796421796
2024-01-01 00:14:17,5,jitter_ms,45.31970937105408,-7.672707994986622,101.36317184918784
2024-01-01 00:14:18,5,jitter_ms,45.342084174100364,-11.049248866874308,100.51432402450295
2024-01-01 00:14:19,5,jitter_ms,45.36445827087997,-12.938589802166378,102.39533409234318
2024-01-01 00:14:20,5,jitter_ms,45.38683166168922,-14.092671439339776,104.18002115430633
2024-01-01 00:14:21,5,jitter_ms,45.40920434675827,-12.165213214697419,101.28174044869404
2024-01-01 00:14:22,5,jitter_ms,45.43157632435307,-11.771774452828106,100.43609531236127
2024-01-01 00:14:23,5,jitter_ms,45.453947595424616,-10.25535490955224,100.17492991006986
2024-01-01 00:14:24,5,jitter_ms,45.47631815954863,-12.978234635115824,100.33021754060046
2024-01-01 00:14:25,5,jitter_ms,45.49868801760944,-10.010378474400058,104.47669338507843
2024-01-01 00:14:26,5,jitter_ms,45.52105716728588,-11.07450686583891,103.42838705464378
2024-01-01 00:14:27,5,jitter_ms,45.54342560946266,-7.101396369709296,100.60403975287166
2024-01-01 00:14:28,5,jitter_ms,45.565793343715995,-7.727175774944826,98.36045328103386
2024-01-01 00:14:29,5,jitter_ms,45.58816037099517,-10.67661361961431,103.30493319884401
2024-01-01 00:14:30,5,jitter_ms,45.61052668956921,-8.846477542408657,101.56846552614839
2024-01-01 00:14:31,5,jitter_ms,45.63289229966837,-12.474273399729574,100.5786490921358
2024-01-01 00:14:32,5,jitter_ms,45.65525720158818,-10.128095716375732,104.96971789142127
2024-01-01 00:14:33,5,jitter_ms,45.677621395971585,-9.126140594398013,102.36258158572593
2024-01-01 00:14:34,5,jitter_ms,45.69998488050191,-9.134307023927095,102.65180899636746
2024-01-01 00:14:35,5,jitter_ms,45.72234765606214,-8.472166714765356,101.46262454661374
2024-01-01 00:14:36,5,jitter_ms,45.744709722881794,-14.950786890133248,104.76436157502553
2024-01-01 00:14:37,5,jitter_ms,45.767071079950966,-9.956304220533415,104.27930976316794
2024-01-01 00:14:38,5,jitter_ms,45.78943172749939,-8.54803952317443,104.25799784080179
2024-01-01 00:14:39,5,jitter_ms,45.811791665343584,-8.158956847973808,100.90096361387977
2024-01-01 00:14:40,5,jitter_ms,45.83415089436471,-13.076054642523063,99.56984340776219
2024-01-01 00:14:41,5,jitter_ms,45.85650941201092,-12.313375504182032,100.13200688900348
2024-01-01 00:14:42,5,jitter_ms,45.878867219641926,-11.096146220931006,103.3260844258714
2024-01-01 00:14:43,5,jitter_ms,45.9012243168353,-10.649255778332964,104.87969560455436
2024-01-01 00:14:44,5,jitter_ms,45.923580703820136,-15.829679757681866,102.0025963076352
2024-01-01 00:14:45,5,jitter_ms,45.94593637958849,-9.262501708185585,102.88153328733614
2024-01-01 00:14:46,5,jitter_ms,45.96829134436966,-5.545467981416476,100.14947629017261
2024-01-01 00:14:47,5,jitter_ms,45.99064559798052,-13.399769226065729,105.03015564347717
2024-01-01 00:14:48,5,jitter_ms,46.01299914130054,-11.571332614721463,103.98753539207756
2024-01-01 00:14:49,5,jitter_ms,46.03535197202142,-10.29423783102014,102.041943153927
2024-01-01 00:14:50,5,jitter_ms,46.057704090784405,-7.875507518263328,102.22600291430327
2024-01-01 00:14:51,5,jitter_ms,46.08005549788376,-10.574866881456153,104.26870822860697
2024-01-01 00:14:52,5,jitter_ms,46.102406193547964,-11.125791816990931,104.93459755074387
2024-01-01 00:14:53,5,jitter_ms,46.12475617605568,-11.010683912821243,101.88972629927679
2024-01-01 00:14:54,5,jitter_ms,46.14710544635112,-12.399883820662852,103.5248829573519
2024-01-01 00:14:55,5,jitter_ms,46.16945400401309,-7.549231271809001,101.09244083988132
2024-01-01 00:14:56,5,jitter_ms,46.191801849919344,-9.82400319965887,104.50637682679714
2024-01-01 00:14:57,5,jitter_ms,46.21414898176606,-6.2980111771038585,102.07794852643012
2024-01-01 00:14:58,5,jitter_ms,46.236495399782335,-9.75023655466148,97.33286721282704
2024-01-01 00:14:59,5,jitter_ms,46.25884110508382,-8.675977438892893,103.46339074691146
2024-01-01 00:15:00,5,jitter_ms,46.28118609789825,-11.99504512658154,104.45029753306405
2024-01-01 00:15:01,5,jitter_ms,46.30353037592404,-9.575840509766959,99.2668579909428
2024-01-01 00:15:02,5,jitter_ms,46.32587393980056,-10.957209515072632,102.6688827972294
2024-01-01 00:15:03,5,jitter_ms,46.3482167898213,-11.378821279066159,103.60865744351452
2024-01-01 00:15:04,5,jitter_ms,46.370558926214045,-8.775851819423364,104.33736201100157
2024-01-01 00:15:05,5,jitter_ms,46.39290034726247,-12.815214503425087,100.1071648826115
2024-01-01 00:15:06,5,jitter_ms,46.415241053908076,-11.36642142799647,101.50450447247103
2024-01-01 00:15:07,5,jitter_ms,46.4375810457309,-7.278446076667106,108.5581460493363
2024-01-01 00:15:08,5,jitter_ms,46.459920323606156,-9.874410969150835,102.91689167280597
2024-01-01 00:15:09,5,jitter_ms,46.48225888523676,-5.847019224066094,105.73589854428502
2024-01-01 00:15:10,5,jitter_ms,46.50459673149827,-11.690929129566358,101.16555308399371
2024-01-01 00:15:11,5,jitter_ms,46.52693386197127,-7.9806790213486725,105.05183839275287
2024-01-01 00:15:12,5,jitter_ms,46.54927027759551,-13.534164638151594,106.7504363292693
2024-01-01 00:15:13,5,jitter_ms,46.57160597665778,-7.503033660623139,102.68129133549361
2024-01-01 00:15:14,5,jitter_ms,46.59394095938596,-6.7348386549451185,105.12394844936972
2024-01-01 00:15:15,5,jitter_ms,46.61627522736548,-12.49415022015129,100.01919738594528
2024-01-01 00:15:16,5,jitter_ms,46.638608777591486,-12.20643070422324,101.66227072317852
2024-01-01 00:15:17,5,jitter_ms,46.660941610938224,-10.903403060995169,99.78062948771186
2024-01-01 00:15:18,5,jitter_ms,46.68327372769821,-9.542269172719093,104.15569445457409
2024-01-01 00:15:19,5,jitter_ms,46.705605128098384,-10.6193814681759,106.2957400882023
2024-01-01 00:15:20,5,jitter_ms,46.72793581042864,-7.9770815329607,105.36948238569852
2024-01-01 00:15:21,5,jitter_ms,46.75026577562717,-13.303154860000033,101.0150674364766
2024-01-01 00:15:22,5,jitter_ms,46.772595023275514,-10.153162179082559,104.37573702956603
2024-01-01 00:15:23,5,jitter_ms,46.794923554245685,-9.28071944945491,106.20162746117805
2024-01-01 00:15:24,5,jitter_ms,46.817251366249046,-7.188658395728719,108.10817643029971
2024-01-01 00:15:25,5,jitter_ms,46.839578460157966,-10.210194203515732,104.82770129989564
2024-01-01 00:15:26,5,jitter_ms,46.86190483555457,-11.393867948751733,108.12958182647809
2024-01-01 00:15:27,5,jitter_ms,46.88423049337523,-11.75282261055085,107.63369359886795
2024-01-01 00:15:28,5,jitter_ms,46.90655543191299,-6.743989721888674,100.46194233030162
2024-01-01 00:15:29,5,jitter_ms,46.92887965139488,-12.138059409974936,102.85733543583038
2024-01-01 00:15:30,5,jitter_ms,46.95120315211264,-8.946951357300998,103.3703289341602
2024-01-01 00:15:31,5,jitter_ms,46.97352593470011,-9.649987151720362,103.00959011577045
2024-01-01 00:15:32,5,jitter_ms,46.99584799687318,-12.853928152711141,103.38592632607065
2024-01-01 00:15:33,5,jitter_ms,47.018169339502506,-14.665807141519752,104.80283746258968
2024-01-01 00:15:34,5,jitter_ms,47.040489962407136,-9.167979527446185,105.36328355329232
2024-01-01 00:15:35,5,jitter_ms,47.0628098658133,-12.629030747054442,101.27677844530241
2024-01-01 00:15:36,5,jitter_ms,47.08512904872575,-8.461804504146578,104.52942317404653
2024-01-01 00:15:37,5,jitter_ms,47.10744751137089,-8.145803075482661,106.81370655085621
2024-01-01 00:15:38,5,jitter_ms,47.12976525333208,-5.029103312290341,105.18318418684021
2024-01-01 00:15:39,5,jitter_ms,47.15208227594974,-8.753918578412508,101.00010170233635
2024-01-01 00:15:40,5,jitter_ms,47.17439857630172,-10.284734881369932,104.1325935678873
2024-01-01 00:15:41,5,jitter_ms,47.1967141558346,-8.888845897875628,104.32203615013655
2024-01-01 00:15:42,5,jitter_ms,47.21902901443257,-8.502784603315476,105.12983969253766
2024-01-01 00:15:43,5,jitter_ms,47.24134315272757,-8.966930938718527,104.26048029867853
2024-01-01 00:15:44,5,jitter_ms,47.2636565684423,-10.800394868780659,100.43222313604758
2024-01-01 00:15:45,5,jitter_ms,47.28596926244485,-9.496798135318521,102.90766595544903
2024-01-01 00:15:46,5,jitter_ms,47.30828123455481,-6.552394052349086,103.70675158548406
2024-01-01 00:15:47,5,jitter_ms,47.33059248499773,-13.072590816799378,102.8017839808195
2024-01-01 00:15:48,5,jitter_ms,47.35290301278137,-12.880186276418808,100.66483170917435
2024-01-01 00:15:49,5,jitter_ms,47.37521281813149,-8.429399943942313,103.46341830427123
2024-01-01 00:15:50,5,jitter_ms,47.397521900632626,-11.022663096932366,102.81306720967874
2024-01-01 00:15:51,5,jitter_ms,47.419830261621314,-4.635844612450663,108.69191865799733
2024-01-01 00:15:52,5,jitter_ms,47.44213789858951,-13.182652592081952,102.5252322404589
2024-01-01 00:15:53,5,jitter_ms,47.46444481240357,-7.918008916586427,104.20490399963064
2024-01-01 00:15:54,5,jitter_ms,47.48675100328866,-9.52437330181672,103.72947568185114
2024-01-01 00:15:55,5,jitter_ms,47.50905647025429,-11.92723020090655,103.74753545244837
2024-01-01 00:15:56,5,jitter_ms,47.531361213525834,-9.74921781598654,103.30277918183052
2024-01-01 00:15:57,5,jitter_ms,47.553665232923386,-9.498805367093802,105.59697293376779
2024-01-01 00:15:58,5,jitter_ms,47.57596852931144,-14.039230481310533,98.72604548359958
2024-01-01 00:15:59,5,jitter_ms,47.59827110042123,-11.761925902590605,106.92605121691457
2024-01-01 00:16:00,5,jitter_ms,47.620572946882945,-12.51581519681817,105.58867497472683
2024-01-01 00:16:01,5,jitter_ms,47.64287406898627,-5.270721288947504,102.90565499115716
2024-01-01 00:16:02,5,jitter_ms,47.66517446695573,-8.29383969520381,103.41415078444106
2024-01-01 00:16:03,5,jitter_ms,47.687474139099216,-6.2126514874144565,103.50496475677193
2024-01-01 00:16:04,5,jitter_ms,47.70977308634528,-10.397666273828259,104.3082755965544
2024-01-01 00:16:05,5,jitter_ms,47.73207130827983,-12.132809832037266,102.43122925376277
2024-01-01 00:16:06,5,jitter_ms,47.75436880576567,-12.736848347575888,100.4156820258141
2024-01-01 00:16:07,5,jitter_ms,47.77666557653857,-11.18575647764777,106.12216184386209
2024-01-01 00:16:08,5,jitter_ms,47.79896162146167,-7.192223243060749,106.61340646349845
2024-01-01 00:16:09,5,jitter_ms,47.82125694012146,-11.724060287959691,105.98695924408194
2024-01-01 00:16:10,5,jitter_ms,47.843551533444696,-4.737963032299073,105.17958308863895
2024-01-01 00:16:11,5,jitter_ms,47.865845399742426,-8.427149231809333,108.70152363946985
2024-01-01 00:16:12,5,jitter_ms,47.88813853923928,-9.544249329377534,101.83962361951043
2024-01-01 00:16:13,5,jitter_ms,47.91043095222413,-5.65475510194657,105.75383255573362
2024-01-01 00:16:14,5,jitter_ms,47.93272263955788,-12.123919294296481,105.5512138770265
2024-01-01 00:16:15,5,jitter_ms,47.95501359827924,-11.966457640236337,105.37758279590587
2024-01-01 00:16:16,5,jitter_ms,47.97730382995124,-5.037779082661912,107.24773848049806
2024-01-01 00:16:17,5,jitter_ms,47.999593333524516,-4.711084658331672,107.0885424684084
2024-01-01 00:16:18,5,jitter_ms,48.021882111132456,-8.154022094673605,99.30612605972915
2024-01-01 00:16:19,5,jitter_ms,48.04417015988105,-10.34654434679365,108.0063315697986
2024-01-01 00:16:20,5,jitter_ms,48.06645748063081,-5.492115971715834,104.88018802866578
2024-01-01 00:16:21,5,jitter_ms,48.088744072969476,-9.723812936534062,106.10053352165289
2024-01-01 00:16:22,5,jitter_ms,48.11102993782109,-8.260700747988617,104.5517929857333
2024-01-01 00:00:01,5,throughput_mbps,1.9427400152713254,-0.2768339646182426,4.036706056821931
2024-01-01 00:00:02,5,throughput_mbps,1.9348757366760339,-0.050906277641076185,3.9563818220907416
2024-01-01 00:00:03,5,throughput_mbps,1.9270114360165742,-0.3926298361468887,4.039566516587219
2024-01-01 00:00:04,5,throughput_mbps,1.9191471132284184,-0.002808594956052119,4.16752382330108
2024-01-01 00:00:05,5,throughput_mbps,1.9112827682306595,-0.28262496687823674,3.995319854117606
2024-01-01 00:00:06,5,throughput_mbps,1.9034184007758985,-0.13113045485482638,3.871382184726832
2024-01-01 00:00:07,5,throughput_mbps,1.8955540117138212,-0.1313604820368023,3.9795883207677183
2024-01-01 00:00:08,5,throughput_mbps,1.887689600597827,-0.3305081679186846,3.7572623175109277
2024-01-01 00:00:09,5,throughput_mbps,1.879825167729084,-0.2908611212829382,4.14953578238873
2024-01-01 00:00:10,5,throughput_mbps,1.871960712494451,-0.3133061340067717,3.99379673545641
2024-01-01 00:00:11,5,throughput_mbps,1.8640962357677655,-0.3887889429218803,4.0230113010211195
2024-01-01 00:00:12,5,throughput_mbps,1.8562317372611745,-0.39500346340070996,4.010618749069723
2024-01-01 00:00:13,5,throughput_mbps,1.848367217093002,-0.3524417894044292,3.960370125775666
2024-01-01 00:00:14,5,throughput_mbps,1.8405026749994275,-0.29656868354972504,3.943979803319767
2024-01-01 00:00:15,5,throughput_mbps,1.8326381114645462,-0.2479663312245276,4.026919529712967
2024-01-01 00:00:16,5,throughput_mbps,1.8247735264238094,-0.28816933504620645,3.8996563843796337
2024-01-01 00:00:17,5,throughput_mbps,1.816908919796275,-0.3093903632234464,3.9015383898591307
2024-01-01 00:00:18,5,throughput_mbps,1.8090442913344644,-0.2521571411923732,4.052429862649017
2024-01-01 00:00:19,5,throughput_mbps,1.8011796419129857,-0.4397688576936611,3.9027000767385904
2024-01-01 00:00:20,5,throughput_mbps,1.793314971060437,-0.41696299773284057,3.8998271868784067
2024-01-01 00:00:21,5,throughput_mbps,1.785450278895162,-0.3200904160788498,3.7304417627078075
2024-01-01 00:00:22,5,throughput_mbps,1.7775855653525887,-0.45737511301373,3.9874879129518743
2024-01-01 00:00:23,5,throughput_mbps,1.769720830717603,-0.2800660612547552,3.780909850378748
2024-01-01 00:00:24,5,throughput_mbps,1.761856074925639,-0.17672557298630184,4.012723488735671
2024-01-01 00:00:25,5,throughput_mbps,1.7539912980950583,-0.2789296008167297,3.771911956108995
2024-01-01 00:00:26,5,throughput_mbps,1.7461264997790034,-0.39877698970826325,3.955746696151001
2024-01-01 00:00:27,5,throughput_mbps,1.738261680827606,-0.4866864844034387,3.965319523108915
2024-01-01 00:00:28,5,throughput_mbps,1.7303968406475865,-0.28680239995530327,3.8594324663918678
2024-01-01 00:00:29,5,throughput_mbps,1.7225319795037395,-0.4690629548677299,3.8516230175643753
2024-01-01 00:00:30,5,throughput_mbps,1.7146670973314742,-0.3599821879801124,3.9748344223919267
2024-01-01 00:00:31,5,throughput_mbps,1.7068021946150944,-0.3888726997198064,3.7431607898690427
2024-01-01 00:00:32,5,throughput_mbps,1.698937271090654,-0.5397754269425944,3.792150362138209
2024-01-01 00:00:33,5,throughput_mbps,1.6910723268765357,-0.6410379476550618,3.7314651335909077
2024-01-01 00:00:34,5,throughput_mbps,1.6832073617251666,-0.3616713561049037,3.8363232043154545
2024-01-01 00:00:35,5,throughput_mbps,1.6753423762874686,-0.7106636691721661,3.6970554457404217
2024-01-01 00:00:36,5,throughput_mbps,1.6674773708600377,-0.474551887491607,3.7137879493614907
2024-01-01 00:00:37,5,throughput_mbps,1.6596123450171154,-0.4234781649014262,3.6394576677496624
2024-01-01 00:00:38,5,throughput_mbps,1.6517472984946968,-0.4774755224068076,3.7692958460740167
2024-01-01 00:00:39,5,throughput_mbps,1.6438822317771788,-0.5199324390071556,3.5966845401732614
2024-01-01 00:00:40,5,throughput_mbps,1.636017144799975,-0.6554370481782779,3.858292889126438
2024-01-01 00:00:41,5,throughput_mbps,1.628152037182521,-0.5278735234943546,3.8467313542994916
2024-01-01 00:00:42,5,throughput_mbps,1.6202869096423211,-0.5143536572567469,3.6877635421051256
2024-01-01 00:00:43,5,throughput_mbps,1.6124217619317687,-0.4456093522507818,3.8225980942199644
2024-01-01 00:00:44,5,throughput_mbps,1.6045565941028026,-0.6111649897139279,3.641853380787372
2024-01-01 00:00:45,5,throughput_mbps,1.5966914054825558,-0.4688783765793883,3.6677437723269204
2024-01-01 00:00:46,5,throughput_mbps,1.5888261969643187,-0.5489898670042344,3.6135386593001484
2024-01-01 00:00:47,5,throughput_mbps,1.5809609684834895,-0.3930348083692604,3.8324413774359987
2024-01-01 00:00:48,5,throughput_mbps,1.5730957200920102,-0.6820287186796994,3.5517930899624948
2024-01-01 00:00:49,5,throughput_mbps,1.565230451542218,-0.6851158154259597,3.618880356180738
2024-01-01 00:00:50,5,throughput_mbps,1.5573651635517591,-0.6131092434560486,3.595963265902881
2024-01-01 00:00:51,5,throughput_mbps,1.5494998558565518,-0.6121099034561096,3.7756329634790182
2024-01-01 00:00:52,5,throughput_mbps,1.541634528408416,-0.5838446081522456,3.880138260286134
2024-01-01 00:00:53,5,throughput_mbps,1.5337691809432263,-0.5261133253948816,3.7778590696116447
2024-01-01 00:00:54,5,throughput_mbps,1.5259038141984593,-0.5967399649800137,3.4520073945509773
2024-01-01 00:00:55,5,throughput_mbps,1.5180384279066688,-0.5696206004818032,3.4420763493077993
2024-01-01 00:00:56,5,throughput_mbps,1.510173022119805,-0.6240077710307911,3.712471323024484
2024-01-01 00:00:57,5,throughput_mbps,1.5023075967732442,-0.6157903328482799,3.584630298449052
2024-01-01 00:00:58,5,throughput_mbps,1.494442152152088,-0.6539285055009068,3.709868283403515
2024-01-01 00:00:59,5,throughput_mbps,1.4865766881917168,-0.6824671572107953,3.616673789812
2024-01-01 00:01:00,5,throughput_mbps,1.4787112049440851,-0.5643190581666404,3.4646160365139833
2024-01-01 00:01:01,5,throughput_mbps,1.4708457021614603,-0.7532685113021629,3.5796725344598648
2024-01-01 00:01:02,5,throughput_mbps,1.4629801805616873,-0.6402824410999894,3.5666950185709085
2024-01-01 00:01:03,5,throughput_mbps,1.4551146397640071,-0.5277295307426966,3.5675544879614596
2024-01-01 00:01:04,5,throughput_mbps,1.447249080359225,-0.5821970069034675,3.616322548788588
2024-01-01 00:01:05,5,throughput_mbps,1.4393835018103749,-0.6976463464616397,3.512478235959058
2024-01-01 00:01:06,5,throughput_mbps,1.4315179044026052,-0.64946400140485,3.7188823470089165
2024-01-01 00:01:07,5,throughput_mbps,1.4236522880712845,-0.6423974559098291,3.543183283295199
2024-01-01 00:01:08,5,throughput_mbps,1.4157866528683747,-0.7838331419191784,3.5278957684794228
2024-01-01 00:01:09,5,throughput_mbps,1.407920998546098,-0.7425970357644975,3.4000782731424946
2024-01-01 00:01:10,5,throughput_mbps,1.4000553257558952,-0.5674931875555392,3.418832627721249
2024-01-01 00:01:11,5,throughput_mbps,1.3921896343165323,-0.820932885207896,3.4190287434760744
2024-01-01 00:01:12,5,throughput_mbps,1.384323924146905,-0.6581540457589043,3.5613743038752657
2024-01-01 00:01:13,5,throughput_mbps,1.376458195182361,-0.7912704189095606,3.372828954242672
2024-01-01 00:01:14,5,throughput_mbps,1.3685924479077132,-0.7290616914418324,3.6168612877207185
2024-01-01 00:01:15,5,throughput_mbps,1.3607266820586998,-0.673933561170556,3.5174810717379548
2024-01-01 00:01:16,5,throughput_mbps,1.3529362349661835,-0.7187863916826644,3.5645702665672387
2024-01-01 00:01:17,5,throughput_mbps,1.3451457691699886,-0.9333296889578948,3.4290714761724255
2024-01-01 00:01:18,5,throughput_mbps,1.3373552853216666,-0.6137526801947746,3.2506448485203925
2024-01-01 00:01:19,5,throughput_mbps,1.3295647831734032,-0.9541561085597624,3.5225429560697314
2024-01-01 00:01:20,5,throughput_mbps,1.3217742626605422,-0.801787141419553,3.5457052757117653
2024-01-01 00:01:21,5,throughput_mbps,1.313983724068315,-0.800475437877021,3.3348443195298536
2024-01-01 00:01:22,5,throughput_mbps,1.3061931673320697,-0.6988001299084324,3.3909617412730144
2024-01-01 00:01:23,5,throughput_mbps,1.298402592570341,-0.8915915874391621,3.357540966042116
2024-01-01 00:01:24,5,throughput_mbps,1.2906119993355922,-0.9052429126794634,3.5120049270734985
2024-01-01 00:01:25,5,throughput_mbps,1.2828213884791464,-0.9195644019606708,3.3824590616811077
2024-01-01 00:01:26,5,throughput_mbps,1.2750307597531572,-0.9110016673757693,3.3252949389707007
2024-01-01 00:01:27,5,throughput_mbps,1.2672401130764763,-0.9382095601353838,3.3671361023463535
2024-01-01 00:01:28,5,throughput_mbps,1.2594494483844323,-0.8142102714929966,3.621822759343654
2024-01-01 00:01:29,5,throughput_mbps,1.2539839188392623,-0.8954903034052795,3.5006162564594545
2024-01-01 00:01:30,5,throughput_mbps,1.24851837149934,-1.0127359468059494,3.3557211317841134
2024-01-01 00:01:31,5,throughput_mbps,1.2430528064832167,-0.904007609994795,3.2466027436443223
2024-01-01 00:01:32,5,throughput_mbps,1.2375872235429894,-1.0039052588330215,3.411018024110556
2024-01-01 00:01:33,5,throughput_mbps,1.2321216235136465,-0.9581230674072114,3.360479817742984
2024-01-01 00:01:34,5,throughput_mbps,1.2266560057808262,-1.1231067105981907,3.392891430977953
2024-01-01 00:01:35,5,throughput_mbps,1.2211903706463276,-0.9859557229011566,3.403279935521311
2024-01-01 00:01:36,5,throughput_mbps,1.2157247176624832,-0.9506544822804738,3.3523262551948405
2024-01-01 00:01:37,5,throughput_mbps,1.2102590476808417,-0.9738448631730029,3.3076266112042965
2024-01-01 00:01:38,5,throughput_mbps,1.204793360453492,-0.8536806843242613,3.4228080875176143
2024-01-01 00:01:39,5,throughput_mbps,1.1993276558992532,-0.7665558335011764,3.358750599351033
2024-01-01 00:01:40,5,throughput_mbps,1.1938619339534378,-0.8184758175544101,3.2140927313728533
2024-01-01 00:01:41,5,throughput_mbps,1.1897422028041114,-0.9514137579882828,3.344968549771439
2024-01-01 00:01:42,5,throughput_mbps,1.1856224544838654,-0.9742504351711864,3.2166018986351035
2024-01-01 00:01:43,5,throughput_mbps,1.1815026891112828,-0.9958172398317023,3.453590434993375
2024-01-01 00:01:44,5,throughput_mbps,1.1773829064383992,-0.9223953634271752,3.3051655476655077
2024-01-01 00:01:45,5,throughput_mbps,1.1732631071171213,-0.9521730384290104,3.478642706225145
2024-01-01 00:01:46,5,throughput_mbps,1.169143290899492,-0.9917261047443984,3.1777766097401767
2024-01-01 00:01:47,5,throughput_mbps,1.1650234579041108,-0.978684057422657,3.3136500673347826
2024-01-01 00:01:48,5,throughput_mbps,1.160903607866477,-0.934644749432271,3.247500706224571
2024-01-01 00:01:49,5,throughput_mbps,1.1567837412717736,-0.9323320845524777,3.2366498933616623
2024-01-01 00:01:50,5,throughput_mbps,1.152663858055318,-0.9305983628699719,3.4007457679529316
2024-01-01 00:01:51,5,throughput_mbps,1.1485439581358947,-1.0815230483117002,3.1983315219787354
2024-01-01 00:01:52,5,throughput_mbps,1.1444240413321056,-0.9751336677852936,3.23573951567292
2024-01-01 00:01:53,5,throughput_mbps,1.1403041082959575,-0.8926279771794592,3.2356419741556017
2024-01-01 00:01:54,5,throughput_mbps,1.1378427868867265,-1.1167379857613662,3.220701789329815
2024-01-01 00:01:55,5,throughput_mbps,1.1353814490491412,-1.1142733066471326,3.407007068300834
2024-01-01 00:01:56,5,throughput_mbps,1.1329200947185005,-0.9952419868849691,3.273124729773823
2024-01-01 00:01:57,5,throughput_mbps,1.1304587241802166,-0.94077976096054,3.2760853168059807
2024-01-01 00:01:58,5,throughput_mbps,1.127997337369592,-0.9558046617030329,3.4715691701496616
2024-01-01 00:01:59,5,throughput_mbps,1.125535934405256,-0.9290626024819288,3.1535723237699305
2024-01-01 00:02:00,5,throughput_mbps,1.1230745149059187,-0.8548867055887348,3.317622578089474
2024-01-01 00:02:01,5,throughput_mbps,1.1206130795903053,-1.1240653557845126,3.215724575633677
2024-01-01 00:02:02,5,throughput_mbps,1.1181516282103794,-0.9471494481537767,3.27271971105545
2024-01-01 00:02:03,5,throughput_mbps,1.1156901607014311,-1.0387755369535332,3.274435445671296
2024-01-01 00:02:04,5,throughput_mbps,1.1132286773489053,-1.0277467948572716,3.0722842935555805
2024-01-01 00:02:05,5,throughput_mbps,1.1107671780880954,-0.960328694647703,3.2646977109251964
2024-01-01 00:02:06,5,throughput_mbps,1.109616377294467,-0.9571298348641277,3.2328413944499323
2024-01-01 00:02:07,5,throughput_mbps,1.1084655603964881,-1.1085117225752608,3.055579324828412
2024-01-01 00:02:08,5,throughput_mbps,1.1073147280463451,-1.1347325192473665,3.347597439557017
2024-01-01 00:02:09,5,throughput_mbps,1.1061638800626084,-1.0183439641280712,3.3754440460150783
2024-01-01 00:02:10,5,throughput_mbps,1.1050130164807421,-0.9964743511725409,3.287260632756674
2024-01-01 00:02:11,5,throughput_mbps,1.1038621368858292,-1.0990927051908126,3.220318684013614
2024-01-01 00:02:12,5,throughput_mbps,1.1027112421134775,-1.0149522778657805,3.2753881423844398
2024-01-01 00:02:13,5,throughput_mbps,1.1015603317823062,-1.2321828764995904,3.254198792048985
2024-01-01 00:02:14,5,throughput_mbps,1.1004094060109768,-1.077539328805865,3.24670974446468
2024-01-01 00:02:15,5,throughput_mbps,1.099258464734767,-1.0434981072752014,3.33227765680978
2024-01-01 00:02:16,5,throughput_mbps,1.0981075082391734,-1.1350270060597494,3.2690103072009666
2024-01-01 00:02:17,5,throughput_mbps,1.0969565364594767,-0.9896914534194862,3.305857717130831
2024-01-01 00:02:18,5,throughput_mbps,1.0958055494476964,-1.065434999373813,3.1829900536258675
2024-01-01 00:02:19,5,throughput_mbps,1.0953716965160551,-1.1420977275020114,3.0652568037027073
2024-01-01 00:02:20,5,throughput_mbps,1.0949378287565197,-1.02081825278692,3.219217556120444
2024-01-01 00:02:21,5,throughput_mbps,1.0945039459876256,-1.0537560030889017,3.0998874530323057
2024-01-01 00:02:22,5,throughput_mbps,1.0940700481280725,-0.9433128865944509,3.197455394215354
2024-01-01 00:02:23,5,throughput_mbps,1.0936361351131247,-1.086142704382213,3.2352835439183636
2024-01-01 00:02:24,5,throughput_mbps,1.0932022074283083,-0.8969671215048999,3.037457326427553
2024-01-01 00:02:25,5,throughput_mbps,1.0927682648088997,-1.0929211982353282,3.1781632947281073
2024-01-01 00:02:26,5,throughput_mbps,1.0923343073735883,-1.0639956082008808,3.415127539006626
2024-01-01 00:02:27,5,throughput_mbps,1.091900334874206,-1.102561713723007,3.1853716837065273
2024-01-01 00:02:28,5,throughput_mbps,1.091466347963162,-1.0148776865372415,3.1319187311809897
2024-01-01 00:02:29,5,throughput_mbps,1.091032346392295,-1.1069472791652573,3.1703975910445497
2024-01-01 00:02:30,5,throughput_mbps,1.0905983302803086,-1.0065682296224197,3.1933452832508302
2024-01-01 00:02:31,5,throughput_mbps,1.090164299362433,-0.9764642893761369,3.1219437404310657
2024-01-01 00:02:32,5,throughput_mbps,1.0897302541242613,-1.0696648150558532,3.252004961973549
2024-01-01 00:02:33,5,throughput_mbps,1.0894884888312737,-0.865355365960141,3.3059919352289464
2024-01-01 00:02:34,5,throughput_mbps,1.0892467090719269,-1.0590297474829662,3.2241739780916228
2024-01-01 00:02:35,5,throughput_mbps,1.089004914598012,-1.174039536406012,3.243601677488405
2024-01-01 00:02:36,5,throughput_mbps,1.088763106262079,-1.1550704912636345,3.1967677979404057
2024-01-01 00:02:37,5,throughput_mbps,1.0885212836158757,-1.088484605047993,3.303644727906776
2024-01-01 00:02:38,5,throughput_mbps,1.0882794467781198,-0.9664117569311212,3.245274458139218
2024-01-01 00:02:39,5,throughput_mbps,1.0880375956840627,-1.0594286451220387,3.2318802549573546
2024-01-01 00:02:40,5,throughput_mbps,1.0877957306192996,-1.1726485773313073,3.311046011997965
2024-01-01 00:02:41,5,throughput_mbps,1.0875538515190848,-0.952608331400398,3.188139228391565
2024-01-01 00:02:42,5,throughput_mbps,1.0873119581351856,-0.9125330177095169,3.182834370820518
2024-01-01 00:02:43,5,throughput_mbps,1.0870700511201683,-1.2150170077163707,3.2961767413261174
2024-01-01 00:02:44,5,throughput_mbps,1.0868281302258065,-0.9728795283289865,3.2278620623596255
2024-01-01 00:02:45,5,throughput_mbps,1.086586195570838,-1.2067388626118407,3.2545064109591646
2024-01-01 00:02:46,5,throughput_mbps,1.0863442468904039,-1.0229886748755026,3.1228689981627413
2024-01-01 00:02:47,5,throughput_mbps,1.086102436076729,-1.055525592465641,3.3520021731399194
2024-01-01 00:02:48,5,throughput_mbps,1.0858606116585658,-0.9672089564669438,3.157108537490026
2024-01-01 00:02:49,5,throughput_mbps,1.0856187735545428,-1.0419793770990202,3.2577995445229027
2024-01-01 00:02:50,5,throughput_mbps,1.0853769215830984,-1.1327225019184461,3.344563204474198
2024-01-01 00:02:51,5,throughput_mbps,1.0851350563968796,-1.1596651583353565,3.211423931011344
2024-01-01 00:02:52,5,throughput_mbps,1.084893177931139,-1.0832994702405196,3.1449577744893293
2024-01-01 00:02:53,5,throughput_mbps,1.084651285870895,-0.9367099782482936,3.20077966479183
2024-01-01 00:02:54,5,throughput_mbps,1.0844093801513748,-0.962647941558844,3.0730008635199892
2024-01-01 00:02:55,5,throughput_mbps,1.0841674614252645,-1.112480541222731,3.1647316859155055
2024-01-01 00:02:56,5,throughput_mbps,1.0839255294442878,-1.1811182064292716,3.2967206252660555
2024-01-01 00:02:57,5,throughput_mbps,1.0836835843272081,-0.9972677232604478,3.3045694273989517
2024-01-01 00:02:58,5,throughput_mbps,1.083441625809099,-1.254335456645908,3.3581468420655805
2024-01-01 00:02:59,5,throughput_mbps,1.0831996543757845,-1.0846930765767895,3.2334903055451876
2024-01-01 00:03:00,5,throughput_mbps,1.0829576699625052,-1.151046522964645,3.2544106545982756
2024-01-01 00:03:01,5,throughput_mbps,1.0827156724878584,-1.062471682426286,3.1458031969952933
2024-01-01 00:03:02,5,throughput_mbps,1.0824736617702544,-1.0786584721894314,3.1859608778291464
2024-01-01 00:03:03,5,throughput_mbps,1.0822316388568698,-0.9858415595484172,3.2784005092199537
2024-01-01 00:03:04,5,throughput_mbps,1.0819896031049807,-1.1561981322879986,3.351273606379235
2024-01-01 00:03:05,5,throughput_mbps,1.0817475545666353,-1.1218550189905105,3.1990943147618447
2024-01-01 00:03:06,5,throughput_mbps,1.0815054931770605,-1.0862681163877907,3.3243567826723037
2024-01-01 00:03:07,5,throughput_mbps,1.0812634192219455,-0.8708803364957073,3.1962570635425167
2024-01-01 00:03:08,5,throughput_mbps,1.0810213326365203,-1.0377961921508352,3.220183257704428
2024-01-01 00:03:09,5,throughput_mbps,1.0807792335395727,-1.3400854462281535,3.2651400565932085
2024-01-01 00:03:10,5,throughput_mbps,1.0805371215492832,-1.0853301902762165,3.2058687349598234
2024-01-01 00:03:11,5,throughput_mbps,1.0802949973852232,-1.0593529339645575,3.2471159052727714
2024-01-01 00:03:12,5,throughput_mbps,1.0800528607990538,-1.1475197476707482,3.2190576186613375
2024-01-01 00:03:13,5,throughput_mbps,1.079810711842827,-0.9974541763894064,3.234860344295478
2024-01-01 00:03:14,5,throughput_mbps,1.0795685504517627,-1.021920854375189,3.3877354557044606
2024-01-01 00:03:15,5,throughput_mbps,1.0793263769115757,-1.0661403892321526,3.238674444766191
2024-01-01 00:03:16,5,throughput_mbps,1.0790841911574893,-1.087973513087483,3.0903369285192803
2024-01-01 00:03:17,5,throughput_mbps,1.0788419932415558,-0.9886333340235548,3.149913553836976
2024-01-01 00:03:18,5,throughput_mbps,1.0785997829154024,-1.0428560660868487,3.26080449427661
2024-01-01 00:03:19,5,throughput_mbps,1.078357560898688,-1.074884134490369,3.4520492580614426
2024-01-01 00:03:20,5,throughput_mbps,1.0781153268095371,-0.9381030925104413,3.2453059697906643
2024-01-01 00:03:21,5,throughput_mbps,1.07787308058316,-1.0148518007222518,3.221214337775513
2024-01-01 00:03:22,5,throughput_mbps,1.0776308231862135,-0.9618772286085825,3.1720522968537885
2024-01-01 00:03:23,5,throughput_mbps,1.0773885538729937,-1.0645881947169262,3.2537916961950213
2024-01-01 00:03:24,5,throughput_mbps,1.0771462727623138,-1.1113032627360477,3.1195830172175554
2024-01-01 00:03:25,5,throughput_mbps,1.076903979605776,-1.1042666214469765,3.1992424278308036
2024-01-01 00:03:26,5,throughput_mbps,1.0766616750563438,-1.1752328867291222,3.249656175966587
2024-01-01 00:03:27,5,throughput_mbps,1.076419358865624,-1.26188724582887,3.22111809154283
2024-01-01 00:03:28,5,throughput_mbps,1.0761770311524421,-1.0593545710947763,3.2141281862911093
2024-01-01 00:03:29,5,throughput_mbps,1.0759346916517039,-0.9650123739277006,3.2042270132799904
2024-01-01 00:03:30,5,throughput_mbps,1.0756923408494714,-1.127238421327003,3.194305550319564
2024-01-01 00:03:31,5,throughput_mbps,1.0754499786809584,-1.189621389389419,3.21130813333444
2024-01-01 00:03:32,5,throughput_mbps,1.075207605064683,-0.8739232164362106,3.2800604626408516
2024-01-01 00:03:33,5,throughput_mbps,1.074965219752215,-1.0573148299430137,3.1458509778816808
2024-01-01 00:03:34,5,throughput_mbps,1.074722823780541,-1.0185694825666995,3.272998537323061
2024-01-01 00:03:35,5,throughput_mbps,1.0744804163336517,-1.1522694260024815,3.0779720204417504
2024-01-01 00:03:36,5,throughput_mbps,1.0742379977140142,-1.2125647065292149,3.202209585379687
2024-01-01 00:03:37,5,throughput_mbps,1.0739955676731887,-1.1515659777786973,3.2074367371406765
2024-01-01 00:03:38,5,throughput_mbps,1.0737531268642364,-0.9775121074024715,3.184832420354161
2024-01-01 00:03:39,5,throughput_mbps,1.0735106750387224,-1.0166063542010007,3.0887471141144163
2024-01-01 00:03:40,5,throughput_mbps,1.073268212315495,-1.1815691831398203,3.114448202407158
2024-01-01 00:03:41,5,throughput_mbps,1.0730257385711144,-1.0334595335772019,3.2949458295184093
2024-01-01 00:03:42,5,throughput_mbps,1.0727832541500106,-1.1880306746650053,3.2048833016189393
2024-01-01 00:03:43,5,throughput_mbps,1.072540758987389,-1.1119050580232617,3.1880956190901926
2024-01-01 00:03:44,5,throughput_mbps,1.0722982530017366,-0.9660413823819304,3.15321547930938
2024-01-01 00:03:45,5,throughput_mbps,1.0720557359445846,-1.0626536300351388,3.2171981951726005
2024-01-01 00:03:46,5,throughput_mbps,1.0718132086694299,-0.939514952414937,3.2112227840828074
2024-01-01 00:03:47,5,throughput_mbps,1.0715706707274366,-0.8996923851774239,3.2196129773618445
2024-01-01 00:03:48,5,throughput_mbps,1.0713281222374618,-1.0614467667722935,3.2034514299005052
2024-01-01 00:03:49,5,throughput_mbps,1.071085563134699,-1.1730915449041004,3.167470773703236
2024-01-01 00:03:50,5,throughput_mbps,1.07084299370496,-1.1187998281207636,3.0897252308089924
2024-01-01 00:03:51,5,throughput_mbps,1.070600413883439,-1.1844083057351287,3.2194356868074974
2024-01-01 00:03:52,5,throughput_mbps,1.0703578237890061,-0.9099637716861955,3.2553291465200562
2024-01-01 00:03:53,5,throughput_mbps,1.0701152229727648,-1.1336381728845604,3.2396630531622956
2024-01-01 00:03:54,5,throughput_mbps,1.0698726122883013,-0.9880754131168598,3.1802189547540527
2024-01-01 00:03:55,5,throughput_mbps,1.069629991487133,-0.8972288274742092,3.0643758656317917
2024-01-01 00:03:56,5,throughput_mbps,1.0693873604877182,-1.1548721248530418,3.293325866540201
2024-01-01 00:03:57,5,throughput_mbps,1.06914471922524,-1.0849029039477591,3.229570400164952
2024-01-01 00:03:58,5,throughput_mbps,1.0689020681859556,-0.909668464562483,3.137437730274615
2024-01-01 00:03:59,5,throughput_mbps,1.0686594071046276,-0.985516593430407,3.286764515557097
2024-01-01 00:04:00,5,throughput_mbps,1.0684167369846946,-0.9705955408766183,3.2167545229801053
2024-01-01 00:04:01,5,throughput_mbps,1.0681740572942444,-1.2162461945534937,3.2263498967432396
2024-01-01 00:04:02,5,throughput_mbps,1.06793136778477,-1.2094172589662058,3.141613300788556
2024-01-01 00:04:03,5,throughput_mbps,1.0676886685083418,-1.1327859615497697,3.4141750993809015
2024-01-01 00:04:04,5,throughput_mbps,1.0674459594001424,-0.9452560699437005,3.195869641723781
2024-01-01 00:04:05,5,throughput_mbps,1.0672032407460184,-1.054863486040929,3.1339295346184266
2024-01-01 00:04:06,5,throughput_mbps,1.0669605124811539,-1.0711887536501405,3.2050772435510506
2024-01-01 00:04:07,5,throughput_mbps,1.0667177747244434,-1.228547072792933,3.2404832406594823
2024-01-01 00:04:08,5,throughput_mbps,1.0664750270937087,-1.1037806975487412,3.309410204574383
2024-01-01 00:04:09,5,throughput_mbps,1.066232270309053,-1.0001528244360973,3.1776897880571418
2024-01-01 00:04:10,5,throughput_mbps,1.065989504121946,-1.092670628209387,3.195114860247986
2024-01-01 00:04:11,5,throughput_mbps,1.0657467287681812,-1.002992738691984,3.230595755989941
2024-01-01 00:04:12,5,throughput_mbps,1.0655039436317724,-1.2686821984165708,3.1086399938827443
2024-01-01 00:04:13,5,throughput_mbps,1.0652611495497466,-1.1592193430395312,3.2284381721790676
2024-01-01 00:04:14,5,throughput_mbps,1.065018346273562,-1.0235198699270156,3.1861239906029044
2024-01-01 00:04:15,5,throughput_mbps,1.064775533855292,-0.9352338378253648,3.269759087620842
2024-01-01 00:04:16,5,throughput_mbps,1.0645327122301123,-1.1005276407889715,3.2913419307507397
2024-01-01 00:04:17,5,throughput_mbps,1.064289881683893,-0.9758995387617652,3.2163887339730914
2024-01-01 00:04:18,5,throughput_mbps,1.0640470421518111,-1.1493757446383641,3.282947862356288
2024-01-01 00:04:19,5,throughput_mbps,1.0638041937527798,-1.1558983637563962,3.2049034978346165
2024-01-01 00:04:20,5,throughput_mbps,1.063561336104556,-1.0684736985291186,3.2414236064211557
2024-01-01 00:04:21,5,throughput_mbps,1.0633184699273341,-1.075636486373482,3.1696008786497885
2024-01-01 00:04:22,5,throughput_mbps,1.0630755949725497,-1.092326430046825,3.135330867824838
2024-01-01 00:04:23,5,throughput_mbps,1.0628327112922786,-1.0916817542608048,3.02158988825709
2024-01-01 00:04:24,5,throughput_mbps,1.062589818821692,-1.0125747554647486,3.232100008397348
2024-01-01 00:04:25,5,throughput_mbps,1.0623469178466745,-1.1499847885434025,3.107168171569739
2024-01-01 00:04:26,5,throughput_mbps,1.0621040083023976,-1.0976769600302203,3.085119984882582
2024-01-01 00:04:27,5,throughput_mbps,1.0618610902409387,-1.0802745365566708,3.439566462834674
2024-01-01 00:04:28,5,throughput_mbps,1.0616181634137087,-1.1556712929819084,3.128270384291473
2024-01-01 00:04:29,5,throughput_mbps,1.0613752368912879,-1.152104304748287,3.1688371549223007
2024-01-01 00:04:30,5,throughput_mbps,1.0611323019410652,-1.2181768413080234,3.142950548055078
2024-01-01 00:04:31,5,throughput_mbps,1.0608893586819677,-1.3108641532130787,3.0310454016932944
2024-01-01 00:04:32,5,throughput_mbps,1.060646407049162,-1.1356033326375758,3.223251739976736
2024-01-01 00:04:33,5,throughput_mbps,1.0604034473285462,-0.9906107895325625,3.284608461884842
2024-01-01 00:04:34,5,throughput_mbps,1.0601604794552872,-1.2210073612182755,3.2569782865684025
2024-01-01 00:04:35,5,throughput_mbps,1.0599175034814643,-1.1336472928655497,3.1862930551526034
2024-01-01 00:04:36,5,throughput_mbps,1.059674519158468,-1.0637781748416306,3.2165603652817274
2024-01-01 00:04:37,5,throughput_mbps,1.0594315271397472,-1.1390593766360066,3.260824225217565
2024-01-01 00:04:38,5,throughput_mbps,1.0591885272435586,-1.1772525833203489,3.1336962720883252
2024-01-01 00:04:39,5,throughput_mbps,1.058945519204478,-1.1498410747495154,3.2293949895058205
2024-01-01 00:04:40,5,throughput_mbps,1.0587025035090016,-1.1696276640031376,3.11427852764394
2024-01-01 00:04:41,5,throughput_mbps,1.0584594800922968,-1.1911938957146155,3.0886208547486076
2024-01-01 00:04:42,5,throughput_mbps,1.0582164488727117,-1.1149257728258202,3.335895852283144
2024-01-01 00:04:43,5,throughput_mbps,1.0579734096016173,-1.0657979247868563,3.1683580538178395
2024-01-01 00:04:44,5,throughput_mbps,1.0577303631331048,-1.2458936809539685,3.320634520533498
2024-01-01 00:04:45,5,throughput_mbps,1.057487309017945,-1.1966477963880175,3.338920464691997
2024-01-01 00:04:46,5,throughput_mbps,1.0572442473750872,-1.2715236557507568,3.2062079048598324
2024-01-01 00:04:47,5,throughput_mbps,1.0570011781396902,-1.1324815385598386,3.115188266435537
2024-01-01 00:04:48,5,throughput_mbps,1.056758101597673,-1.0455802900273596,3.1806069951574703
2024-01-01 00:04:49,5,throughput_mbps,1.0565150176841962,-1.1536939986136274,3.2349342482998824
2024-01-01 00:04:50,5,throughput_mbps,1.056271926518217,-1.2462438513990526,3.2417330538941576
2024-01-01 00:04:51,5,throughput_mbps,1.0560288276504604,-1.1111661187280661,3.034170837033096
2024-01-01 00:04:52,5,throughput_mbps,1.055785721935082,-0.982193364858022,3.0763973211280295
2024-01-01 00:04:53,5,throughput_mbps,1.0555426093072489,-1.0732475355470086,3.304228937314996
2024-01-01 00:04:54,5,throughput_mbps,1.0552994893176744,-1.1074279290826323,3.038845896986137
2024-01-01 00:04:55,5,throughput_mbps,1.0550563619015059,-1.112947365593916,3.233365259755534
2024-01-01 00:04:56,5,throughput_mbps,1.054813227912935,-1.20065395037199,3.032988151814706
2024-01-01 00:04:57,5,throughput_mbps,1.0545700869026629,-1.1890409814122405,3.1679270873725525
2024-01-01 00:04:58,5,throughput_mbps,1.0543269389896532,-1.1665494180111642,3.2868662830120776
2024-01-01 00:04:59,5,throughput_mbps,1.0540837841090607,-1.0929776105282007,3.3309332778654643
2024-01-01 00:05:00,5,throughput_mbps,1.0538406225468182,-1.1537180723820024,3.0944973012209016
2024-01-01 00:05:01,5,throughput_mbps,1.0535974542380804,-0.9061795183106934,3.075543681352762
2024-01-01 00:05:02,5,throughput_mbps,1.0533542793018198,-1.1361770499897716,3.271384536330944
2024-01-01 00:05:03,5,throughput_mbps,1.0531110972886941,-1.0327355566057717,3.276551144499315
2024-01-01 00:05:04,5,throughput_mbps,1.0528679090529545,-0.941055752794976,3.124348955954749
2024-01-01 00:05:05,5,throughput_mbps,1.0526247143459382,-1.1328232039370203,3.081500279824348
2024-01-01 00:05:06,5,throughput_mbps,1.0523815130859384,-1.0853092282801358,3.157787777508328
2024-01-01 00:05:07,5,throughput_mbps,1.0521383052081024,-0.9477485477326705,3.160508877022891
2024-01-01 00:05:08,5,throughput_mbps,1.0518950911990625,-1.0456715361794184,3.259413217829037
2024-01-01 00:05:09,5,throughput_mbps,1.0516518707932787,-0.9711033670104513,3.192868073956338
2024-01-01 00:05:10,5,throughput_mbps,1.0514086441097295,-1.1670268281161724,3.2580202149537514
2024-01-01 00:05:11,5,throughput_mbps,1.0511654108997317,-1.056616425212488,3.332757587636529
2024-01-01 00:05:12,5,throughput_mbps,1.0509221718168935,-1.0546056625409912,3.3673972308901727
2024-01-01 00:05:13,5,throughput_mbps,1.0506789266125343,-1.0350549611734008,3.2231802629438917
2024-01-01 00:05:14,5,throughput_mbps,1.0504356754056403,-1.2101744638952745,3.0514297385610565
2024-01-01 00:05:15,5,throughput_mbps,1.05019241798432,-1.2154059951762983,3.403807859193521
2024-01-01 00:05:16,5,throughput_mbps,1.0499491547815603,-1.1261299556887125,3.204808578853364
2024-01-01 00:05:17,5,throughput_mbps,1.0497058857325134,-1.2705948884209821,3.1779313444744965
2024-01-01 00:05:18,5,throughput_mbps,1.049462610454667,-1.146737567389728,3.1844643035334435
2024-01-01 00:05:19,5,throughput_mbps,1.049219329668563,-1.1882117167751534,3.1332307286631442
2024-01-01 00:05:20,5,throughput_mbps,1.048976043125507,-1.1197273125994516,3.0934003479678838
2024-01-01 00:05:21,5,throughput_mbps,1.0487327508775808,-1.0073831200343994,3.288319617598289
2024-01-01 00:05:22,5,throughput_mbps,1.0484894528599302,-0.9243820620226945,3.406519082824729
2024-01-01 00:05:23,5,throughput_mbps,1.048246149358507,-1.0322144155059705,3.1976827726835326
2024-01-01 00:05:24,5,throughput_mbps,1.0480028403084571,-0.9219181594430376,3.1917099617660787
2024-01-01 00:05:25,5,throughput_mbps,1.0477595257618622,-1.0011540852155634,3.1760252947093273
2024-01-01 00:05:26,5,throughput_mbps,1.0475162054700122,-1.1467263794729743,3.1033863107983755
2024-01-01 00:05:27,5,throughput_mbps,1.0472728801534892,-1.189178211239223,3.3259740765520123
2024-01-01 00:05:28,5,throughput_mbps,1.0470295494297457,-0.9456794075711389,3.255951460607822
2024-01-01 00:05:29,5,throughput_mbps,1.046786213417782,-1.2332957115562275,3.3152550936951943
2024-01-01 00:05:30,5,throughput_mbps,1.046542872052742,-1.0774882774955816,3.5258833961186955
2024-01-01 00:05:31,5,throughput_mbps,1.0462995256205812,-1.1711109670684727,3.256142027124169
2024-01-01 00:05:32,5,throughput_mbps,1.0460561740564431,-0.9310304574471882,3.141488102324695
2024-01-01 00:05:33,5,throughput_mbps,1.0458128174124088,-1.0396622153837056,3.264908867673237
2024-01-01 00:05:34,5,throughput_mbps,1.0455694554397563,-1.1242005118457632,3.226549539464796
2024-01-01 00:05:35,5,throughput_mbps,1.0453260889760378,-1.0688615204370202,3.295538856586655
2024-01-01 00:05:36,5,throughput_mbps,1.0450827174048005,-1.0896775941385566,3.1251661249553453
2024-01-01 00:05:37,5,throughput_mbps,1.0448393409619903,-1.0508977294354174,3.2308632434625424
2024-01-01 00:05:38,5,throughput_mbps,1.044595959398879,-1.147223626462647,3.2142259374287536
2024-01-01 00:05:39,5,throughput_mbps,1.0443525734360963,-1.0594484538615352,3.1007054214958707
2024-01-01 00:05:40,5,throughput_mbps,1.044109182691051,-1.1400393707665923,3.235652160838857
2024-01-01 00:05:41,5,throughput_mbps,1.0438657872827546,-1.1655092435777623,3.2787447499199587
2024-01-01 00:05:42,5,throughput_mbps,1.0436223871463488,-1.0196345037301024,3.2217032222550355
2024-01-01 00:05:43,5,throughput_mbps,1.043378982567792,-0.9625449150921985,3.1566428211876985
2024-01-01 00:05:44,5,throughput_mbps,1.0431355734822247,-0.9912490379735978,3.336582468541054
2024-01-01 00:05:45,5,throughput_mbps,1.0428921599417278,-1.1042936480337056,3.253540982432754
2024-01-01 00:05:46,5,throughput_mbps,1.042648741697561,-1.2006848793274443,3.175628938741211
2024-01-01 00:05:47,5,throughput_mbps,1.0424053194034422,-1.0207838463922032,3.1953321887504993
2024-01-01 00:05:48,5,throughput_mbps,1.0421618928775747,-1.0504184754104464,3.1483957836027705
2024-01-01 00:05:49,5,throughput_mbps,1.0419184620381552,-1.0507561845311073,3.1721558412826516
2024-01-01 00:05:50,5,throughput_mbps,1.0416750268203199,-1.0789491101383903,3.1135004871239356
2024-01-01 00:05:51,5,throughput_mbps,1.0414315877108604,-1.0987908982300594,3.2304839221656207
2024-01-01 00:05:52,5,throughput_mbps,1.0411881444440838,-1.1603196606320691,3.256821985047122
2024-01-01 00:05:53,5,throughput_mbps,1.0409446971390135,-0.9892733106328471,3.175578590451674
2024-01-01 00:05:54,5,throughput_mbps,1.0407012455468996,-1.154643620888107,3.2059209616814472
2024-01-01 00:05:55,5,throughput_mbps,1.0404577903214767,-1.1052792231802318,3.178053474317152
2024-01-01 00:05:56,5,throughput_mbps,1.0402143312139962,-0.994479417616318,3.254108415799604
2024-01-01 00:05:57,5,throughput_mbps,1.039970868343488,-1.0438127677057552,3.2419110542361307
2024-01-01 00:05:58,5,throughput_mbps,1.0397274014442368,-1.1723538780009422,3.1982167972681705
2024-01-01 00:05:59,5,throughput_mbps,1.0394839310030544,-1.172221270208966,3.1433725629998546
2024-01-01 00:06:00,5,throughput_mbps,1.0392404569550817,-1.1323846086926723,3.173285636957723
2024-01-01 00:06:01,5,throughput_mbps,1.0389969788506987,-0.9323568137083907,3.2470764759482953
2024-01-01 00:06:02,5,throughput_mbps,1.038753497544516,-1.0640984828300792,3.0827495048558986
2024-01-01 00:06:03,5,throughput_mbps,1.038510012787779,-1.0146275435737206,3.1245737744891455
2024-01-01 00:06:04,5,throughput_mbps,1.0382665244986524,-1.0730820129581609,3.197158713488946
2024-01-01 00:06:05,5,throughput_mbps,1.0380230326122704,-1.0706113628150287,3.286133015897019
2024-01-01 00:06:06,5,throughput_mbps,1.0377795376154666,-1.0787730221728993,3.14901191342014
2024-01-01 00:06:07,5,throughput_mbps,1.0375360392425015,-1.0433146012814107,3.333130730389574
2024-01-01 00:06:08,5,throughput_mbps,1.0372925376124105,-1.2942622456610104,3.12847852828299
2024-01-01 00:06:09,5,throughput_mbps,1.0370490324764272,-1.0653267704627118,3.1649075536465925
2024-01-01 00:06:10,5,throughput_mbps,1.0368055244883128,-1.2236041937444702,3.158611390800438
2024-01-01 00:06:11,5,throughput_mbps,1.0365620136847051,-1.19968332742508,3.208630878374412
2024-01-01 00:06:12,5,throughput_mbps,1.0363185000831474,-1.0145841296901965,3.23251332671569
2024-01-01 00:06:13,5,throughput_mbps,1.0360749828661628,-0.9302236334260479,3.298228423748864
2024-01-01 00:06:14,5,throughput_mbps,1.0358314630723187,-1.0642567183645648,3.1673044702133684
2024-01-01 00:06:15,5,throughput_mbps,1.0355879404528483,-1.2606535066483118,3.193436483171096
2024-01-01 00:06:16,5,throughput_mbps,1.0353444149258906,-0.9486914012282593,3.156023173527179
2024-01-01 00:06:17,5,throughput_mbps,1.0351008864265787,-1.1726105854738957,3.1158841507895265
2024-01-01 00:06:18,5,throughput_mbps,1.0348573554417761,-1.1701522386055752,3.0357129166688175
2024-01-01 00:06:19,5,throughput_mbps,1.0346138217057073,-1.1948520736190287,3.168326906594812
2024-01-01 00:06:20,5,throughput_mbps,1.0343702853374166,-0.9750823369765917,3.1772091980977195
2024-01-01 00:06:21,5,throughput_mbps,1.0341267460881274,-1.148036630251904,3.1533050576976085
2024-01-01 00:06:22,5,throughput_mbps,1.0338832046116138,-1.0569553287524673,3.2460211579512412
2024-01-01 00:06:23,5,throughput_mbps,1.0336396606590992,-1.075686996640979,3.319176597671326
2024-01-01 00:06:24,5,throughput_mbps,1.0333961143496335,-1.1783651573218523,3.068418133298659
2024-01-01 00:06:25,5,throughput_mbps,1.0331525654174223,-1.3061353852747546,2.998393815359541
2024-01-01 00:06:26,5,throughput_mbps,1.0329090143493431,-1.077986693435499,3.0034658887845045
2024-01-01 00:06:27,5,throughput_mbps,1.0326654610805335,-1.0439895737499667,3.241637521862975
2024-01-01 00:06:28,5,throughput_mbps,1.032421905529108,-1.0831389582238449,3.2051059884770523
2024-01-01 00:06:29,5,throughput_mbps,1.032178347513262,-1.0340424411293379,3.197172448146266
2024-01-01 00:06:30,5,throughput_mbps,1.0319347876867755,-0.9900786289133027,3.260029185727843
2024-01-01 00:06:31,5,throughput_mbps,1.0316912258008664,-1.0763506728634393,3.0601884919793854
2024-01-01 00:06:32,5,throughput_mbps,1.0314476619076054,-1.0958057862261623,3.198093598336767
2024-01-01 00:06:33,5,throughput_mbps,1.0312040959421276,-1.0718067636670126,3.3152035074965185
2024-01-01 00:06:34,5,throughput_mbps,1.0309605281903749,-1.038851047860215,3.290770259162769
2024-01-01 00:06:35,5,throughput_mbps,1.0307169585874818,-1.2805416379628767,3.035541649854221
2024-01-01 00:06:36,5,throughput_mbps,1.0304733872525054,-0.9483041267093644,3.1913590127795293
2024-01-01 00:06:37,5,throughput_mbps,1.0302298138026844,-1.162496739252568,3.1486407696314958
2024-01-01 00:06:38,5,throughput_mbps,1.0299862389587884,-1.0456216679884824,3.2260084455654456
2024-01-01 00:06:39,5,throughput_mbps,1.0297426624720296,-1.2388348675260417,3.10972570426133
2024-01-01 00:06:40,5,throughput_mbps,1.0294990842775433,-1.2066323156560212,3.211971196167363
2024-01-01 00:06:41,5,throughput_mbps,1.0292555046612648,-1.254924578449566,3.1565845057439086
2024-01-01 00:06:42,5,throughput_mbps,1.0290119235583288,-1.1683983100536504,2.9115066189229055
2024-01-01 00:06:43,5,throughput_mbps,1.0287683410208026,-1.0363641790846,3.159455594026593
2024-01-01 00:06:44,5,throughput_mbps,1.0285247567998956,-1.1275364769623548,3.083447767580002
2024-01-01 00:06:45,5,throughput_mbps,1.0282811715493916,-1.3190665873939194,3.0815747562342435
2024-01-01 00:06:46,5,throughput_mbps,1.0280375850874943,-1.0573733831658996,3.4315114195373058
2024-01-01 00:06:47,5,throughput_mbps,1.0277939973322796,-1.1995935626338745,3.18241780360648
2024-01-01 00:06:48,5,throughput_mbps,1.0275504082188802,-1.1044170513612086,3.1962932496895236
2024-01-01 00:06:49,5,throughput_mbps,1.0273068182342167,-0.9890981164117831,3.077738890528715
2024-01-01 00:06:50,5,throughput_mbps,1.02706322711243,-1.0333107946740079,3.089452121233661
2024-01-01 00:06:51,5,throughput_mbps,1.026819634972583,-1.1508823248745323,3.1755021531950107
2024-01-01 00:06:52,5,throughput_mbps,1.0265760415658822,-1.1466114745993055,3.271876548970122
2024-01-01 00:06:53,5,throughput_mbps,1.0263324475461082,-1.0361073092200064,3.0132766902947012
2024-01-01 00:06:54,5,throughput_mbps,1.0260888528483978,-1.1317347199249501,3.1022698429431457
2024-01-01 00:06:55,5,throughput_mbps,1.0258452571569532,-0.9430636221417283,3.2192909457497736
2024-01-01 00:06:56,5,throughput_mbps,1.02560166040691,-1.0620270737485904,3.098857630613982
2024-01-01 00:06:57,5,throughput_mbps,1.0253580632520474,-1.0970838542275356,3.2257839631398433
2024-01-01 00:06:58,5,throughput_mbps,1.0251144655105753,-1.0134263966367354,3.1778717773833973
2024-01-01 00:06:59,5,throughput_mbps,1.0248708671005449,-1.1097968620632934,3.065401674682706
2024-01-01 00:07:00,5,throughput_mbps,1.0246272679570905,-1.0025845239292073,3.193983559358394
2024-01-01 00:07:01,5,throughput_mbps,1.0243836685671464,-1.0390304441191198,3.324848756888894
2024-01-01 00:07:02,5,throughput_mbps,1.0241400686648254,-1.0678200628825045,3.1990670160163845
2024-01-01 00:07:03,5,throughput_mbps,1.0238964683691956,-1.1502573099241113,3.157193782134952
2024-01-01 00:07:04,5,throughput_mbps,1.0236528674314607,-1.0796490270953032,3.151838459065865
2024-01-01 00:07:05,5,throughput_mbps,1.0234092665053935,-0.9532684576776445,3.366169877450616
2024-01-01 00:07:06,5,throughput_mbps,1.023165665342197,-1.1274767932990422,3.1106644247944892
2024-01-01 00:07:07,5,throughput_mbps,1.0229220642665235,-1.2738922961888641,3.0916262692651153
2024-01-01 00:07:08,5,throughput_mbps,1.022678462806891,-1.1368182057639038,3.0365703751027144
2024-01-01 00:07:09,5,throughput_mbps,1.0224348614502385,-1.118120163043618,3.131922706857236
2024-01-01 00:07:10,5,throughput_mbps,1.0221912601317047,-1.1170021962871017,3.177088235666326
2024-01-01 00:07:11,5,throughput_mbps,1.0219476587693168,-1.1682158859744993,3.169743539196074
2024-01-01 00:07:12,5,throughput_mbps,1.0217040571142757,-1.1144350271626629,3.182218468798417
2024-01-01 00:07:13,5,throughput_mbps,1.021460456021396,-1.1266935093621449,3.163620162245563
2024-01-01 00:07:14,5,throughput_mbps,1.0212168550408294,-1.0573877338092612,3.1989539574960775
2024-01-01 00:07:15,5,throughput_mbps,1.0209732542916474,-1.3105774462276634,3.065551873794156
2024-01-01 00:07:16,5,throughput_mbps,1.0207296537089896,-1.1386269204998587,3.219610809056792
2024-01-01 00:07:17,5,throughput_mbps,1.0204860535787432,-1.2171401322756321,3.2998438514793738
2024-01-01 00:07:18,5,throughput_mbps,1.020242453836045,-1.1344947739784077,3.2274053770363915
2024-01-01 00:07:19,5,throughput_mbps,1.0199988542320992,-1.2876362436704054,3.149350563727089
2024-01-01 00:07:20,5,throughput_mbps,1.0197552554206597,-0.9706610981461012,3.0492209795534224
2024-01-01 00:07:21,5,throughput_mbps,1.0195116571529284,-1.1087375665648371,3.169082081572249
2024-01-01 00:07:22,5,throughput_mbps,1.019268059547982,-1.2504075383688351,3.11903905385085
2024-01-01 00:07:23,5,throughput_mbps,1.019024462339888,-1.1931902926643496,3.17603749215976
2024-01-01 00:07:24,5,throughput_mbps,1.0187808660155937,-1.0933197053714312,3.1377819332958703
2024-01-01 00:07:25,5,throughput_mbps,1.0185372705102405,-1.1391434295497576,3.126698365742388
2024-01-01 00:07:26,5,throughput_mbps,1.0182936757418264,-1.17291831255923,3.273059393289139
2024-01-01 00:07:27,5,throughput_mbps,1.0180500815285818,-0.9626441798587346,3.1787980329458
2024-01-01 00:07:28,5,throughput_mbps,1.0178064885242468,-1.0756572404537812,3.2547750630297414
2024-01-01 00:07:29,5,throughput_mbps,1.0175628964800247,-1.1355439996465344,3.2432496060297775
2024-01-01 00:07:30,5,throughput_mbps,1.017319305447964,-1.0599023163904617,3.270937487033287
2024-01-01 00:07:31,5,throughput_mbps,1.0170757153632064,-1.152998704667268,3.120153441399366
2024-01-01 00:07:32,5,throughput_mbps,1.0168321265116118,-1.1966289913896333,3.0507043720238927
2024-01-01 00:07:33,5,throughput_mbps,1.0165885388283207,-1.0614557462916934,3.1422072482284547
2024-01-01 00:07:34,5,throughput_mbps,1.016344952432412,-1.1743172882489954,3.102806051027646
2024-01-01 00:07:35,5,throughput_mbps,1.0161013669410277,-1.2728828688820277,3.1948717424798447
2024-01-01 00:07:36,5,throughput_mbps,1.0158577831918256,-1.0335843781226042,3.1758659999999925
2024-01-01 00:07:37,5,throughput_mbps,1.0156142007692415,-1.1863595712773285,3.0102452342332864
2024-01-01 00:07:38,5,throughput_mbps,1.0153706197081527,-1.2437947628981625,3.149048320617678
2024-01-01 00:07:39,5,throughput_mbps,1.0151270398268024,-1.1639276011716302,3.1968131774582424
2024-01-01 00:07:40,5,throughput_mbps,1.0148834617789046,-0.9658893367300093,3.2356293831985505
2024-01-01 00:07:41,5,throughput_mbps,1.0146398853156664,-1.0058693664948062,3.202527634231737
2024-01-01 00:07:42,5,throughput_mbps,1.0143963104891294,-1.172534467775476,3.2059916873964203
2024-01-01 00:07:43,5,throughput_mbps,1.0141527372344392,-1.1592480598504822,3.088552843573444
2024-01-01 00:07:44,5,throughput_mbps,1.0139091658374297,-1.1179271171462575,3.116320591480171
2024-01-01 00:07:45,5,throughput_mbps,1.0136655962332446,-1.103924312918454,3.122446412184521
2024-01-01 00:07:46,5,throughput_mbps,1.0134220285409643,-1.2161736749638543,3.2318834344396974
2024-01-01 00:07:47,5,throughput_mbps,1.0131784623777205,-1.1995338000988096,3.112445539595685
2024-01-01 00:07:48,5,throughput_mbps,1.0129348984642468,-1.0369740968025565,3.070775335549949
2024-01-01 00:07:49,5,throughput_mbps,1.0126913365517536,-1.166222308395826,3.2329789829782354
2024-01-01 00:07:50,5,throughput_mbps,1.0124477766922781,-1.0756042563358583,3.1031435192608936
2024-01-01 00:07:51,5,throughput_mbps,1.0122042188209686,-1.1185296196399273,3.1568012161124344
2024-01-01 00:07:52,5,throughput_mbps,1.0119606632236406,-1.2325569913091878,3.1058460158876118
2024-01-01 00:07:53,5,throughput_mbps,1.0117171098354398,-1.1586970639760823,3.049533029330686
2024-01-01 00:07:54,5,throughput_mbps,1.0114735587084014,-1.0513705413531562,3.0338744823976076
2024-01-01 00:07:55,5,throughput_mbps,1.0112300095937428,-1.097140551637878,3.289886045760677
2024-01-01 00:07:56,5,throughput_mbps,1.010986463212181,-1.3170677606902637,3.2456945012977925
2024-01-01 00:07:57,5,throughput_mbps,1.0107429191808375,-1.2100427279051997,3.2465639661457106
2024-01-01 00:07:58,5,throughput_mbps,1.0104993774348605,-1.2933201609656018,3.0339801166390896
2024-01-01 00:07:59,5,throughput_mbps,1.0102558384611937,-1.1230339162678498,3.0906880267785586
2024-01-01 00:08:00,5,throughput_mbps,1.0100123019938396,-1.0464598875046112,3.1371752149615726
2024-01-01 00:08:01,5,throughput_mbps,1.0097687681518783,-1.1307779195879892,3.1046090656307737
2024-01-01 00:08:02,5,throughput_mbps,1.0095252366865315,-1.3036187886678525,3.17723632793357
2024-01-01 00:08:03,5,throughput_mbps,1.0092817093464639,-1.119718779776881,3.2099211431756465
2024-01-01 00:08:04,5,throughput_mbps,1.0090381847878784,-1.0977051513826361,3.001158206547695
2024-01-01 00:08:05,5,throughput_mbps,1.0087946631298554,-1.1178932969819633,3.151714638551779
2024-01-01 00:08:06,5,throughput_mbps,1.0085511441063906,-1.0482091973236336,3.144442392661699
2024-01-01 00:08:07,5,throughput_mbps,1.0083076282044197,-1.1105178968503173,3.063602305627534
2024-01-01 00:08:08,5,throughput_mbps,1.0080641153590948,-1.1004807027194308,3.126459411505687
2024-01-01 00:08:09,5,throughput_mbps,1.007820605488334,-1.1407762174919205,3.257016996300063
2024-01-01 00:08:10,5,throughput_mbps,1.0075770983433647,-1.3121646943853549,3.150636933475238
2024-01-01 00:08:11,5,throughput_mbps,1.0073335947789717,-1.0911520940735218,3.315321046338077
2024-01-01 00:08:12,5,throughput_mbps,1.007090094345215,-1.2875980522227468,3.1124702770005332
2024-01-01 00:08:13,5,throughput_mbps,1.0068465973450982,-1.151449631671043,3.1280405166096257
2024-01-01 00:08:14,5,throughput_mbps,1.0066031031620037,-1.0995899112458885,3.1012142873753747
2024-01-01 00:08:15,5,throughput_mbps,1.0063596126334606,-1.2926898646886407,3.1646423456466177
2024-01-01 00:08:16,5,throughput_mbps,1.0061161255106987,-1.1892544148617645,3.2314374027602573
2024-01-01 00:08:17,5,throughput_mbps,1.0058726419127977,-1.1048371101601662,3.2199297481429445
2024-01-01 00:08:18,5,throughput_mbps,1.0056291615737378,-1.3160541124669578,3.140445959276452
2024-01-01 00:08:19,5,throughput_mbps,1.005385684980441,-1.3151347487774872,3.1317136839345436
2024-01-01 00:08:20,5,throughput_mbps,1.0051422120680644,-1.1532061457323572,3.041344849249231
2024-01-01 00:08:21,5,throughput_mbps,1.0048987427545049,-1.0783895640130665,3.0881332801514785
2024-01-01 00:08:22,5,throughput_mbps,1.0046552767910015,-0.9271028470432644,3.139777429676651
2024-01-01 00:08:23,5,throughput_mbps,1.004411815032311,-1.028312533043614,3.321236400606228
2024-01-01 00:08:24,5,throughput_mbps,1.0041683570284854,-1.135746871256241,3.204961561238966
2024-01-01 00:08:25,5,throughput_mbps,1.0039249028986015,-1.0185256854957763,3.142538513401073
2024-01-01 00:08:26,5,throughput_mbps,1.003681452577821,-1.1812421752189055,3.216916420980544
2024-01-01 00:08:27,5,throughput_mbps,1.0034380063518644,-1.0478995576122063,3.1532309001532197
2024-01-01 00:08:28,5,throughput_mbps,1.0031945641558904,-1.2046255964502148,3.001504615789537
2024-01-01 00:08:29,5,throughput_mbps,1.002951126108977,-1.0825118192283667,3.1742216138239256
2024-01-01 00:08:30,5,throughput_mbps,1.002707691761177,-1.0839835016204808,3.168464899773236
2024-01-01 00:08:31,5,throughput_mbps,1.0024642619672233,-1.171259459420171,3.093304096157421
2024-01-01 00:08:32,5,throughput_mbps,1.002220836478364,-1.018641158855104,3.026384287541771
2024-01-01 00:08:33,5,throughput_mbps,1.0019774152124745,-1.110511427226365,3.187733664485592
2024-01-01 00:08:34,5,throughput_mbps,1.0017339981047189,-1.1756295252090943,3.1156171370074133
2024-01-01 00:08:35,5,throughput_mbps,1.0014905856419964,-0.997710342672634,3.0626328421621887
2024-01-01 00:08:36,5,throughput_mbps,1.0012471775582656,-0.9889160946592985,3.2859009870129303
2024-01-01 00:08:37,5,throughput_mbps,1.0010037736718533,-1.0552258444416458,3.2617888586148953
2024-01-01 00:08:38,5,throughput_mbps,1.000760374636262,-1.1518714514378865,3.090848106755995
2024-01-01 00:08:39,5,throughput_mbps,1.0005169802027476,-1.1588595403117354,3.159860244907673
2024-01-01 00:08:40,5,throughput_mbps,1.0002735904233129,-1.0455481660400157,3.2181486588256134
2024-01-01 00:08:41,5,throughput_mbps,1.0000302052331282,-1.0066586966243394,3.2669982279975573
2024-01-01 00:08:42,5,throughput_mbps,0.9997868249178647,-1.1090785564250751,3.144215009547134
2024-01-01 00:08:43,5,throughput_mbps,0.9995434494126885,-1.2544367742578335,3.295773969985801
2024-01-01 00:08:44,5,throughput_mbps,0.9993000788366743,-1.058834537939676,3.021854026219521
2024-01-01 00:08:45,5,throughput_mbps,0.9990567128069456,-1.1103942837418446,3.0310257392244613
2024-01-01 00:08:46,5,throughput_mbps,0.9988133520440377,-1.1296920732739555,3.2115468708565995
2024-01-01 00:08:47,5,throughput_mbps,0.9985699962992163,-1.0910871866733058,3.284930906022007
2024-01-01 00:08:48,5,throughput_mbps,0.9983266456244794,-1.1961811481610303,3.148255992740972
2024-01-01 00:08:49,5,throughput_mbps,0.9980832999550002,-1.0340250698907143,3.153707991219724
2024-01-01 00:08:50,5,throughput_mbps,0.9978399595764234,-0.9641045470285551,3.0126938113417148
2024-01-01 00:08:51,5,throughput_mbps,0.997596624423919,-1.1166541147756543,3.0470674667273707
2024-01-01 00:08:52,5,throughput_mbps,0.9973532945494819,-1.2360714846810896,3.1245771568892033
2024-01-01 00:08:53,5,throughput_mbps,0.9971099697043937,-1.3016816648215217,3.167261126236852
2024-01-01 00:08:54,5,throughput_mbps,0.996866650609151,-1.0682704489907502,3.2856513728737755
2024-01-01 00:08:55,5,throughput_mbps,0.9966233369976925,-0.9359321694969064,2.9977358293348115
2024-01-01 00:08:56,5,throughput_mbps,0.9963800288225328,-1.1454168236394326,3.2089997128750465
2024-01-01 00:08:57,5,throughput_mbps,0.9961367258176204,-1.1397886915460658,3.1605450124956973
2024-01-01 00:08:58,5,throughput_mbps,0.9958934287034302,-1.1623763203606223,3.126809512270314
2024-01-01 00:08:59,5,throughput_mbps,0.9956501374007133,-1.226355257595156,3.059233170740155
2024-01-01 00:09:00,5,throughput_mbps,0.9954068517919903,-1.002340739491155,3.1297824922213016
2024-01-01 00:09:01,5,throughput_mbps,0.995163571812442,-1.0605213129305018,3.230254514092996
2024-01-01 00:09:02,5,throughput_mbps,0.9949202977476685,-1.1775822825661757,3.113105359812691
2024-01-01 00:09:03,5,throughput_mbps,0.9946770295328471,-1.0583307961575594,3.1426106510311276
2024-01-01 00:09:04,5,throughput_mbps,0.9944337672199628,-1.1548901115060572,3.1450674922673043
2024-01-01 00:09:05,5,throughput_mbps,0.9941905105603166,-1.3223349498012251,2.976374226112719
2024-01-01 00:09:06,5,throughput_mbps,0.9939472602743411,-1.0418929492434759,3.0351953299832584
2024-01-01 00:09:07,5,throughput_mbps,0.9937040159791688,-1.2175494635754758,3.1115940046356303
2024-01-01 00:09:08,5,throughput_mbps,0.9934607777938629,-1.2434293952108688,2.9555287335742833
2024-01-01 00:09:09,5,throughput_mbps,0.9932175456536091,-1.2852002308123291,3.2435732441204683
2024-01-01 00:09:10,5,throughput_mbps,0.9929743198439769,-1.1378103177369305,3.1684549398666704
2024-01-01 00:09:11,5,throughput_mbps,0.9927311003001487,-1.1819126664698925,3.2175455016165495
2024-01-01 00:09:12,5,throughput_mbps,0.9924878870741021,-1.14376270437384,3.0665404658103195
2024-01-01 00:09:13,5,throughput_mbps,0.9922446799171527,-1.222573365359387,3.0663258558810096
2024-01-01 00:09:14,5,throughput_mbps,0.9920014794826013,-1.0961741208155011,3.0560017173185803
2024-01-01 00:09:15,5,throughput_mbps,0.9917582855888443,-1.0904211800081378,3.0829111924620616
2024-01-01 00:09:16,5,throughput_mbps,0.9915150979698155,-1.15995575550444,3.2109967257830823
2024-01-01 00:09:17,5,throughput_mbps,0.991271917112313,-1.1240267383123237,2.9976733047622544
2024-01-01 00:09:18,5,throughput_mbps,0.9910287429515252,-1.0662972159406194,3.2165572691725535
2024-01-01 00:09:19,5,throughput_mbps,0.9907855754052501,-1.1218493621959018,3.1828996843881625
2024-01-01 00:09:20,5,throughput_mbps,0.9905424142248156,-0.9972922476275043,3.244318744470228
2024-01-01 00:09:21,5,throughput_mbps,0.9902992602647391,-1.2192862369964963,3.090843189892338
2024-01-01 00:09:22,5,throughput_mbps,0.9900561130750822,-1.0383004051177471,3.1519058923402126
2024-01-01 00:09:23,5,throughput_mbps,0.9898129727749001,-1.2178327331100405,3.133910846561477
2024-01-01 00:09:24,5,throughput_mbps,0.989569839299389,-1.2384504527830555,3.1974595295765917
2024-01-01 00:09:25,5,throughput_mbps,0.989326712934057,-1.1068112539552033,3.185314049738334
2024-01-01 00:09:26,5,throughput_mbps,0.9890835936140967,-1.2708012344539465,3.02311100628863
2024-01-01 00:09:27,5,throughput_mbps,0.9888404814585617,-1.0199874743944628,3.1340206601505076
2024-01-01 00:09:28,5,throughput_mbps,0.9885973760175277,-1.0936491769173038,3.1540767568721066
2024-01-01 00:09:29,5,throughput_mbps,0.9883542781454644,-1.095352418412242,3.0390007571414213
2024-01-01 00:09:30,5,throughput_mbps,0.988111187593713,-1.1049892328672586,3.1280585879049
2024-01-01 00:09:31,5,throughput_mbps,0.9878681042800518,-1.310404004160387,3.108628380103447
2024-01-01 00:09:32,5,throughput_mbps,0.9876250281396824,-1.1726081544584346,3.1069970886694804
2024-01-01 00:09:33,5,throughput_mbps,0.9873819596593527,-1.198173721520405,3.123115620246793
2024-01-01 00:09:34,5,throughput_mbps,0.9871388985729866,-1.0759370781238053,3.2075750077871086
2024-01-01 00:09:35,5,throughput_mbps,0.9868958449996318,-1.0400177907507753,3.189040453511399
2024-01-01 00:09:36,5,throughput_mbps,0.9866527986906507,-1.1769833723754113,3.311098739178987
2024-01-01 00:09:37,5,throughput_mbps,0.9864097604830269,-1.091564411817995,3.2969919522647957
2024-01-01 00:09:38,5,throughput_mbps,0.986166729760434,-1.2270879307947855,3.0978975452366875
2024-01-01 00:09:39,5,throughput_mbps,0.9859237068257605,-1.1139434877594843,3.1160771637886993
2024-01-01 00:09:40,5,throughput_mbps,0.985680691229097,-1.0912543450854564,3.0226536336776255
2024-01-01 00:09:41,5,throughput_mbps,0.9854376838248371,-1.2523152699362103,3.1035239949354154
2024-01-01 00:09:42,5,throughput_mbps,0.985194684364348,-1.0209655575024488,3.079507118927432
2024-01-01 00:09:43,5,throughput_mbps,0.9849516927653887,-1.1993285300762948,3.2112665207313285
2024-01-01 00:09:44,5,throughput_mbps,0.984708708963171,-1.2083062686982,3.1227447454259654
2024-01-01 00:09:45,5,throughput_mbps,0.9844657334443977,-0.9992257503763562,3.2153122700295347
2024-01-01 00:09:46,5,throughput_mbps,0.9842227659429926,-1.300298776600694,3.1156629816530734
2024-01-01 00:09:47,5,throughput_mbps,0.9839798065779943,-1.0925981897058967,2.937559191426686
2024-01-01 00:09:48,5,throughput_mbps,0.9837368551007933,-1.172917053823634,3.068536158962808
2024-01-01 00:09:49,5,throughput_mbps,0.9834939121644406,-1.1064686500591436,3.137650907120578
2024-01-01 00:09:50,5,throughput_mbps,0.9832509775203209,-1.2471618765021089,3.0154038453590055
2024-01-01 00:09:51,5,throughput_mbps,0.9830080512874713,-1.2818527163998334,3.2655622650978
2024-01-01 00:09:52,5,throughput_mbps,0.9827651331998188,-1.319267584048823,3.1051638922662783
2024-01-01 00:09:53,5,throughput_mbps,0.9825222237440362,-1.1929451022690634,3.3134793366527777
2024-01-01 00:09:54,5,throughput_mbps,0.9822793228553379,-1.186804969486069,3.1805127741828776
2024-01-01 00:09:55,5,throughput_mbps,0.9820364304514648,-1.0555049503233693,3.227264550242944
2024-01-01 00:09:56,5,throughput_mbps,0.9817935463509246,-1.14440078258612,2.9818372097521575
2024-01-01 00:09:57,5,throughput_mbps,0.9815506712067038,-1.158163002555448,3.0982289037195927
2024-01-01 00:09:58,5,throughput_mbps,0.9813078047702068,-1.062652795804256,3.156172815331863
2024-01-01 00:09:59,5,throughput_mbps,0.9810649469766576,-0.9847871501793268,3.2280528929665757
2024-01-01 00:10:00,5,throughput_mbps,0.9808220981114038,-1.1425284061845011,3.0973059522097794
2024-01-01 00:10:01,5,throughput_mbps,0.9805792581096652,-1.1494443417655904,3.1239504654019283
2024-01-01 00:10:02,5,throughput_mbps,0.9803364270233702,-1.1292709346099266,3.200367690710448
2024-01-01 00:10:03,5,throughput_mbps,0.9800936046039472,-1.1380862747385476,3.1596506026173414
2024-01-01 00:10:04,5,throughput_mbps,0.9798507915714242,-1.203910742826207,3.236444614318641
2024-01-01 00:10:05,5,throughput_mbps,0.9796079875430237,-1.1597894206607409,3.150657094862666
2024-01-01 00:10:06,5,throughput_mbps,0.9793651926377698,-1.1547555509750946,3.1436178130034156
2024-01-01 00:10:07,5,throughput_mbps,0.9791224067908931,-1.1471257084036852,2.9328661392353563
2024-01-01 00:10:08,5,throughput_mbps,0.9788796302877015,-1.3318761224236524,3.143773348261442
2024-01-01 00:10:09,5,throughput_mbps,0.9786368630634219,-1.2133771032620837,3.1947735989056407
2024-01-01 00:10:10,5,throughput_mbps,0.9783941051699735,-1.1002812015567478,3.2786079468470146
2024-01-01 00:10:11,5,throughput_mbps,0.9781513563588065,-1.2220560630985244,3.120416910009493
2024-01-01 00:10:12,5,throughput_mbps,0.9779086172827793,-1.2186461622682032,3.1283129069204443
2024-01-01 00:10:13,5,throughput_mbps,0.9776658877604375,-1.0829301839352825,3.0211550772999574
2024-01-01 00:10:14,5,throughput_mbps,0.977423167826171,-1.094028096739891,3.155751811360907
2024-01-01 00:10:15,5,throughput_mbps,0.9771804570651844,-1.1205130325202108,3.2530020134682727
2024-01-01 00:10:16,5,throughput_mbps,0.9769377563140826,-1.290932719969324,3.0982442384214095
2024-01-01 00:10:17,5,throughput_mbps,0.9766950651901167,-1.1451142199140565,3.133121427133488
2024-01-01 00:10:18,5,throughput_mbps,0.9764523838122992,-1.103713698469848,3.210532616584655
2024-01-01 00:10:19,5,throughput_mbps,0.9762097121158717,-1.1482935888328962,3.1745387145186705
2024-01-01 00:10:20,5,throughput_mbps,0.97596705038608,-1.0417612203699695,3.2117133056222706
2024-01-01 00:10:21,5,throughput_mbps,0.9757243985581615,-1.0770398982041833,3.114362301378786
2024-01-01 00:10:22,5,throughput_mbps,0.9754817566840224,-1.178636003522952,3.1434372005289863
2024-01-01 00:10:23,5,throughput_mbps,0.9752391245151465,-1.0614235980630014,3.1283346834805115
2024-01-01 00:10:24,5,throughput_mbps,0.9749965027042837,-1.2220612096722538,3.060460385205355
2024-01-01 00:10:25,5,throughput_mbps,0.9747538910700148,-1.137964892392431,3.2148024973345546
2024-01-01 00:10:26,5,throughput_mbps,0.9745112895300349,-1.1791273491849594,3.085476950868717
2024-01-01 00:10:27,5,throughput_mbps,0.974268698019593,-1.2677597264791143,2.921973400935507
2024-01-01 00:10:28,5,throughput_mbps,0.9740261170252024,-1.1414906508983282,3.218303126793517
2024-01-01 00:10:29,5,throughput_mbps,0.9737835462807971,-1.2255143122688312,3.2366039244929135
2024-01-01 00:10:30,5,throughput_mbps,0.9735409859053781,-1.1334065319865831,3.052235869105581
2024-01-01 00:10:31,5,throughput_mbps,0.9732984356504526,-1.2833748309695552,3.1612420454727213
2024-01-01 00:10:32,5,throughput_mbps,0.973055896168695,-1.160789205854715,3.153100320126758
2024-01-01 00:10:33,5,throughput_mbps,0.972813367211606,-1.055189084461924,3.2581164183563014
2024-01-01 00:10:34,5,throughput_mbps,0.9725708488981827,-1.3109560308972852,3.147083880064254
2024-01-01 00:10:35,5,throughput_mbps,0.972328340962369,-0.9478149084748718,3.2500852545170615
2024-01-01 00:10:36,5,throughput_mbps,0.972085843890636,-1.1716436102047567,3.1165618821808634
2024-01-01 00:10:37,5,throughput_mbps,0.9718433576182375,-1.230383066929278,3.066142053152917
2024-01-01 00:10:38,5,throughput_mbps,0.9716008816953885,-1.1815936604653867,2.9921641761845783
2024-01-01 00:10:39,5,throughput_mbps,0.9713584169760086,-1.0894309527267896,3.0361814766175494
2024-01-01 00:10:40,5,throughput_mbps,0.971115963211621,-1.0069881993899994,3.125635603602021
2024-01-01 00:10:41,5,throughput_mbps,0.970873520319899,-1.1082716673589141,3.2318559238041606
2024-01-01 00:10:42,5,throughput_mbps,0.9706310882361076,-1.2512367215354043,3.099823418581123
2024-01-01 00:10:43,5,throughput_mbps,0.97038866744668,-1.210089100010593,3.102433947585218
2024-01-01 00:10:44,5,throughput_mbps,0.9701462576855607,-1.2408670663980284,3.0846973952151955
2024-01-01 00:10:45,5,throughput_mbps,0.9699038590717337,-1.3032040768729125,3.1329311036695793
2024-01-01 00:10:46,5,throughput_mbps,0.9696614713567546,-1.259132892175945,3.1421247989355425
2024-01-01 00:10:47,5,throughput_mbps,0.969419095193147,-1.1850370022047818,3.143563390588864
2024-01-01 00:10:48,5,throughput_mbps,0.9691767303324599,-1.3491619840464641,2.970907186079654
2024-01-01 00:10:49,5,throughput_mbps,0.9689343768936725,-1.1311344453469598,3.03775197271579
2024-01-01 00:10:50,5,throughput_mbps,0.9686920346107407,-1.2837961987792976,3.2155673194488457
2024-01-01 00:10:51,5,throughput_mbps,0.9684497039700533,-1.1603832513522165,3.161445850870271
2024-01-01 00:10:52,5,throughput_mbps,0.9682073849068786,-1.2917614817988141,3.1743116130045363
2024-01-01 00:10:53,5,throughput_mbps,0.9679650773388733,-1.090547929798281,3.1893654461331504
2024-01-01 00:10:54,5,throughput_mbps,0.9677227810847259,-1.0556077047171377,3.096940490998393
2024-01-01 00:10:55,5,throughput_mbps,0.9674804967968763,-1.2712747637701387,2.878506458762555
2024-01-01 00:10:56,5,throughput_mbps,0.9672382244105908,-1.0634827948731864,3.203144838015455
2024-01-01 00:10:57,5,throughput_mbps,0.966995963610349,-1.2248589642359569,3.216123679414015
2024-01-01 00:10:58,5,throughput_mbps,0.9667537143314396,-1.2838121400450613,3.055670343787779
2024-01-01 00:10:59,5,throughput_mbps,0.9665114772262606,-1.2334838619937079,3.027009067903635
2024-01-01 00:11:00,5,throughput_mbps,0.9662692520464004,-1.2312283928297947,2.957418199972735
2024-01-01 00:11:01,5,throughput_mbps,0.9660270389108239,-1.1439228229864478,3.0626993597812047
2024-01-01 00:11:02,5,throughput_mbps,0.9657848375534983,-1.217919565147514,3.0878992230727436
2024-01-01 00:11:03,5,throughput_mbps,0.9655426484607414,-1.1311326564486863,3.1339307921882393
2024-01-01 00:11:04,5,throughput_mbps,0.9653004715678346,-1.3269919272786908,3.0641557294630695
2024-01-01 00:11:05,5,throughput_mbps,0.9650583067924186,-1.1094531284864984,3.109418704280226
2024-01-01 00:11:06,5,throughput_mbps,0.964816153953224,-1.2849580602792208,3.019406898522721
2024-01-01 00:11:07,5,throughput_mbps,0.9645740137025599,-1.1433198027949283,3.0485224967232916
2024-01-01 00:11:08,5,throughput_mbps,0.9643318857920439,-1.0260707602921797,3.162422063586455
2024-01-01 00:11:09,5,throughput_mbps,0.9640897702735234,-1.1633245409562705,3.2461528708088325
2024-01-01 00:11:10,5,throughput_mbps,0.9638476670822944,-1.190015407550713,3.081430929429144
2024-01-01 00:11:11,5,throughput_mbps,0.9636055765033051,-1.1651785622517585,3.1286342129719866
2024-01-01 00:11:12,5,throughput_mbps,0.9633634984718462,-1.0929889365237835,3.0177096027750756
2024-01-01 00:11:13,5,throughput_mbps,0.9631214331068666,-1.2538913796129487,3.0874230097044553
2024-01-01 00:11:14,5,throughput_mbps,0.9628793800258073,-1.106612276863072,3.0936304974746456
2024-01-01 00:11:15,5,throughput_mbps,0.9626373399479935,-1.251790051049771,2.999781860420169
2024-01-01 00:11:16,5,throughput_mbps,0.9623953126250713,-1.13264567300721,3.2247056588336798
2024-01-01 00:11:17,5,throughput_mbps,0.9621532979923452,-1.1161782181745057,3.13066917894969
2024-01-01 00:11:18,5,throughput_mbps,0.9619112963347182,-1.1492806065128882,3.2043051140231333
2024-01-01 00:11:19,5,throughput_mbps,0.9616693075874896,-1.1468581821693065,3.214851337916612
2024-01-01 00:11:20,5,throughput_mbps,0.961427331802492,-1.073795433507982,2.988019595013711
2024-01-01 00:11:21,5,throughput_mbps,0.9611853687314058,-1.096314592414634,3.210861534752233
2024-01-01 00:11:22,5,throughput_mbps,0.9609434190263684,-1.1569609772265173,3.0483396845571984
2024-01-01 00:11:23,5,throughput_mbps,0.9607014825061585,-1.120771070457305,3.1690901934066598
2024-01-01 00:11:24,5,throughput_mbps,0.9604595590883906,-1.1509660036462803,2.9679495711588966
2024-01-01 00:11:25,5,throughput_mbps,0.9602176487083793,-1.013082808015501,3.240127507032969
2024-01-01 00:11:26,5,throughput_mbps,0.9599757518522933,-1.2642193143104963,3.2188773277416853
2024-01-01 00:11:27,5,throughput_mbps,0.9597338682541232,-1.1472794431166358,3.0393391374564116
2024-01-01 00:11:28,5,throughput_mbps,0.9594919980327969,-1.3094960720780633,2.963853397028327
2024-01-01 00:11:29,5,throughput_mbps,0.9592501409400257,-1.3188606971646128,3.1796420852570426
2024-01-01 00:11:30,5,throughput_mbps,0.9590082976278514,-1.1692184887283914,3.1403236020260694
2024-01-01 00:11:31,5,throughput_mbps,0.9587664678479775,-1.3789127790113032,3.066886872267889
2024-01-01 00:11:32,5,throughput_mbps,0.9585246517193254,-1.1562758578978496,3.091391160806762
2024-01-01 00:11:33,5,throughput_mbps,0.9582828489759023,-1.2006836022779752,3.188094542873343
2024-01-01 00:11:34,5,throughput_mbps,0.9580410601038226,-1.2057276234077818,3.0518849098483942
2024-01-01 00:11:35,5,throughput_mbps,0.957799285038404,-1.0168858521747048,3.0801860894957884
2024-01-01 00:11:36,5,throughput_mbps,0.9575575236972463,-1.267488982429657,3.010827189406114
2024-01-01 00:11:37,5,throughput_mbps,0.9573157758320932,-1.1270330335784295,3.0918928549324094
2024-01-01 00:11:38,5,throughput_mbps,0.9570740424797864,-1.1341696587451082,3.1509714956427057
2024-01-01 00:11:39,5,throughput_mbps,0.9568323228235782,-1.2185965178323475,2.930746795300297
2024-01-01 00:11:40,5,throughput_mbps,0.9565906171659632,-1.117099183360166,2.9912896016077872
2024-01-01 00:11:41,5,throughput_mbps,0.9563489252587014,-1.1776503482239062,3.0240329121936487
2024-01-01 00:11:42,5,throughput_mbps,0.9561072477536865,-1.2154237161264696,3.2154473525876797
2024-01-01 00:11:43,5,throughput_mbps,0.9558655844026699,-1.1594427278910393,3.0895721796272877
2024-01-01 00:11:44,5,throughput_mbps,0.955623935324555,-1.0494180692976283,3.033416246403353
2024-01-01 00:11:45,5,throughput_mbps,0.9553823002533672,-1.164790723669852,3.175321268375884
2024-01-01 00:11:46,5,throughput_mbps,0.9551406796751352,-1.2102891617751796,3.064097765146672
2024-01-01 00:11:47,5,throughput_mbps,0.9548990735251919,-1.1991548847855487,3.1152686867988106
2024-01-01 00:11:48,5,throughput_mbps,0.9546574817211215,-1.2951278063612452,3.0374993873697296
2024-01-01 00:11:49,5,throughput_mbps,0.9544159040147185,-1.2747496216461909,3.0377951773367142
2024-01-01 00:11:50,5,throughput_mbps,0.9541743412590857,-1.3293609527704344,3.0896673257464795
2024-01-01 00:11:51,5,throughput_mbps,0.9539327930046961,-1.2416853249457211,3.1379780194128695
2024-01-01 00:11:52,5,throughput_mbps,0.9536912593704407,-1.1680825069511889,3.0760877367932196
2024-01-01 00:11:53,5,throughput_mbps,0.9534497402916691,-1.1426609636962421,3.1025420394872856
2024-01-01 00:11:54,5,throughput_mbps,0.9532082360530396,-1.2796183288264196,3.1169788941878607
2024-01-01 00:11:55,5,throughput_mbps,0.9529667465898961,-1.2768570461339428,3.14283730210412
2024-01-01 00:11:56,5,throughput_mbps,0.9527252716540623,-1.2623139647624868,3.1242886861399413
2024-01-01 00:11:57,5,throughput_mbps,0.9524838118972377,-1.0033030044199653,3.2089200441428094
2024-01-01 00:11:58,5,throughput_mbps,0.9522423670712373,-1.1641212394618454,3.0592762123164077
2024-01-01 00:11:59,5,throughput_mbps,0.9520009372949401,-1.1025738556542113,3.0763666797941136
2024-01-01 00:12:00,5,throughput_mbps,0.9517595223023977,-1.0758924072438945,3.0785897824021857
2024-01-01 00:12:01,5,throughput_mbps,0.9515181225795251,-1.2270028144706857,3.0916354731960785
2024-01-01 00:12:02,5,throughput_mbps,0.951276738061675,-1.0965477818083775,3.081242877051969
2024-01-01 00:12:03,5,throughput_mbps,0.9510353686664138,-1.237233335164938,3.068717314103831
2024-01-01 00:12:04,5,throughput_mbps,0.9507940142127027,-1.2758710555819226,3.009591269392517
2024-01-01 00:12:05,5,throughput_mbps,0.9505526753521338,-1.2972134301201947,3.1113291474163627
2024-01-01 00:12:06,5,throughput_mbps,0.9503113518365572,-1.141409292344155,3.1065736395988526
2024-01-01 00:12:07,5,throughput_mbps,0.9500700437177375,-1.1845738688887242,3.122389160479428
2024-01-01 00:12:08,5,throughput_mbps,0.9498287509310447,-1.2322988187373138,2.9731161839046947
2024-01-01 00:12:09,5,throughput_mbps,0.9495874737610269,-1.1800713611702829,3.0522394480711186
2024-01-01 00:12:10,5,throughput_mbps,0.9493462121430489,-1.2600074571585067,3.297059392260182
2024-01-01 00:12:11,5,throughput_mbps,0.9491049661959684,-1.26426144909537,3.1111763421943377
2024-01-01 00:12:12,5,throughput_mbps,0.9488637355374807,-1.087425619527155,3.1662997972045153
2024-01-01 00:12:13,5,throughput_mbps,0.9486225208861683,-1.1586937229821863,3.0766731603151496
2024-01-01 00:12:14,5,throughput_mbps,0.9483813219939174,-1.2177570070419492,3.1854475113167546
2024-01-01 00:12:15,5,throughput_mbps,0.9481401390959504,-1.1959128416636093,3.3500686497753613
2024-01-01 00:12:16,5,throughput_mbps,0.947898971577237,-1.3061051366353573,3.0549672744701057
2024-01-01 00:12:17,5,throughput_mbps,0.9476578202726771,-1.271757398216296,3.1702535107874676
2024-01-01 00:12:18,5,throughput_mbps,0.9474166849341757,-1.306811454079761,3.172814040081578
2024-01-01 00:12:19,5,throughput_mbps,0.9471755656134779,-1.185260688462434,3.119142853772817
2024-01-01 00:12:20,5,throughput_mbps,0.9469344622459713,-1.1878140816099838,3.173705299395079
2024-01-01 00:12:21,5,throughput_mbps,0.9466933751161132,-1.1929789184130128,3.024741754946505
2024-01-01 00:12:22,5,throughput_mbps,0.9464523041592849,-1.1088092991497807,3.0501363890387183
2024-01-01 00:12:23,5,throughput_mbps,0.9462112494943229,-1.1320655221517593,3.0877537425414396
2024-01-01 00:12:24,5,throughput_mbps,0.9459702107389837,-1.356055627838152,2.960388848656789
2024-01-01 00:12:25,5,throughput_mbps,0.9457291886116772,-1.105062493248216,3.0564750570388033
2024-01-01 00:12:26,5,throughput_mbps,0.9454881828643459,-1.1760049555000973,3.005297400681125
2024-01-01 00:12:27,5,throughput_mbps,0.9452471935487224,-1.1601709193529535,3.2385732583908964
2024-01-01 00:12:28,5,throughput_mbps,0.945006220600206,-1.2633666188497001,3.0116347021820107
2024-01-01 00:12:29,5,throughput_mbps,0.9447652643031914,-1.391812922573013,2.912614717595466
2024-01-01 00:12:30,5,throughput_mbps,0.9445243245930718,-1.1269515394990113,3.115636441094934
2024-01-01 00:12:31,5,throughput_mbps,0.9442834015215729,-1.3015842880584825,3.095940122031699
2024-01-01 00:12:32,5,throughput_mbps,0.9440424948406859,-1.2592356559549083,3.0615172120456324
2024-01-01 00:12:33,5,throughput_mbps,0.943801605268701,-1.277746883833351,3.241235213268586
2024-01-01 00:12:34,5,throughput_mbps,0.9435607324234091,-1.177462097137445,3.0275282772032153
2024-01-01 00:12:35,5,throughput_mbps,0.9433198762402207,-1.2363911962904277,2.9907139063649852
2024-01-01 00:12:36,5,throughput_mbps,0.943079037204759,-1.1081561043672008,3.112692505916798
2024-01-01 00:12:37,5,throughput_mbps,0.9428382150511438,-1.1027304914780875,3.040242287588016
2024-01-01 00:12:38,5,throughput_mbps,0.9425974098981839,-1.2784798548482428,2.9178461996119442
2024-01-01 00:12:39,5,throughput_mbps,0.9423566214979049,-1.0988363582734955,3.0806968516229003
2024-01-01 00:12:40,5,throughput_mbps,0.9421158505013979,-0.9875268999595926,3.2334196906890162
2024-01-01 00:12:41,5,throughput_mbps,0.9418750966606789,-1.4078802474899241,3.0106137648787996
2024-01-01 00:12:42,5,throughput_mbps,0.9416343600945478,-1.249196998853364,3.0920822651277815
2024-01-01 00:12:43,5,throughput_mbps,0.9413936405371492,-1.1593358127485807,3.1124446780417565
2024-01-01 00:12:44,5,throughput_mbps,0.9411529384740354,-1.1752874969184768,3.3062856898494046
2024-01-01 00:12:45,5,throughput_mbps,0.9409122538406214,-1.1344436332867422,3.1176174595240953
2024-01-01 00:12:46,5,throughput_mbps,0.940671586554424,-1.1280299466708401,3.15053348215059
2024-01-01 00:12:47,5,throughput_mbps,0.9404309363675107,-1.1901086163074626,3.154943149143023
2024-01-01 00:12:48,5,throughput_mbps,0.940190304132124,-1.1877506931242845,3.099956108041725
2024-01-01 00:12:49,5,throughput_mbps,0.939949689399047,-1.1834475090041034,3.1208543696631423
2024-01-01 00:12:50,5,throughput_mbps,0.9397090922870646,-1.1722372276914539,3.0005328771571076
2024-01-01 00:12:51,5,throughput_mbps,0.9394685127316118,-1.2830147660051454,3.0355313884670623
2024-01-01 00:12:52,5,throughput_mbps,0.9392279510168974,-1.305073933469529,3.104192178938788
2024-01-01 00:12:53,5,throughput_mbps,0.9389874070783489,-1.259200212188762,3.019093683732829
2024-01-01 00:12:54,5,throughput_mbps,0.938746881034743,-1.3234044690484383,3.0697155125620252
2024-01-01 00:12:55,5,throughput_mbps,0.9385063724369213,-1.251684039752279,3.031466324069228
2024-01-01 00:12:56,5,throughput_mbps,0.9382658821369946,-1.2416188243637096,3.196756387046975
2024-01-01 00:12:57,5,throughput_mbps,0.9380254100703851,-1.0933472195337386,3.1635580381973716
2024-01-01 00:12:58,5,throughput_mbps,0.9377849557879429,-1.3763873485693896,3.0475020618505035
2024-01-01 00:12:59,5,throughput_mbps,0.9375445192251273,-1.1565333482151834,3.108863703552632
2024-01-01 00:13:00,5,throughput_mbps,0.9373041012339814,-1.1223222377920659,3.1950021410476825
2024-01-01 00:13:01,5,throughput_mbps,0.9370637013653627,-1.1499820065435788,3.196467566594906
2024-01-01 00:13:02,5,throughput_mbps,0.9368233197380311,-1.2631284116334103,3.0422374159094656
2024-01-01 00:13:03,5,throughput_mbps,0.9365829562874411,-1.1568552922652597,3.2919219768690366
2024-01-01 00:13:04,5,throughput_mbps,0.9363426112977004,-1.4000354885721495,3.0595737220112076
2024-01-01 00:13:05,5,throughput_mbps,0.9361022847042557,-1.1613671598534332,3.0877705743927044
2024-01-01 00:13:06,5,throughput_mbps,0.9358619766258581,-1.1673732481807084,3.018535465550914
2024-01-01 00:13:07,5,throughput_mbps,0.9356216866134264,-1.2081954226933647,3.040236600670384
2024-01-01 00:13:08,5,throughput_mbps,0.9353814155188669,-1.2090501691058964,3.304675317838868
2024-01-01 00:13:09,5,throughput_mbps,0.935141163094341,-1.3610714919518323,3.1204061589250562
2024-01-01 00:13:10,5,throughput_mbps,0.9349009292573399,-1.125301314684307,3.1013799385973804
2024-01-01 00:13:11,5,throughput_mbps,0.9346607139433324,-1.3398045611413638,3.1160543605853457
2024-01-01 00:13:12,5,throughput_mbps,0.9344205176376049,-1.3294521892568025,3.119509246516642
2024-01-01 00:13:13,5,throughput_mbps,0.9341803400743696,-1.2983399531078355,3.0956943858577763
2024-01-01 00:13:14,5,throughput_mbps,0.9339401813723609,-1.2326623009940307,3.0415779053586878
2024-01-01 00:13:15,5,throughput_mbps,0.9337000412837961,-1.2070928716752856,2.9877280620588302
2024-01-01 00:13:16,5,throughput_mbps,0.9334599204591965,-1.2138197691297405,3.1962215274579275
2024-01-01 00:13:17,5,throughput_mbps,0.933219818650768,-1.2692226171248557,3.041473661395143
2024-01-01 00:13:18,5,throughput_mbps,0.9329797357939897,-1.2681393379661356,3.1845928778592594
2024-01-01 00:13:19,5,throughput_mbps,0.9327396721728387,-1.233002932999808,2.9893128413312637
2024-01-01 00:13:20,5,throughput_mbps,0.9324996277227875,-1.2590910525571544,3.0144246312492973
2024-01-01 00:13:21,5,throughput_mbps,0.9322596025625529,-1.1782060542701112,2.954064357238515
2024-01-01 00:13:22,5,throughput_mbps,0.9320195963102342,-1.1774797318492891,3.103019430792544
2024-01-01 00:13:23,5,throughput_mbps,0.9317796096833146,-1.2635433127591134,3.159427335425141
2024-01-01 00:13:24,5,throughput_mbps,0.9315396424340397,-1.2103756145220619,3.177427561975036
2024-01-01 00:13:25,5,throughput_mbps,0.9312996946140413,-1.1725175492853939,3.1489255921813477
2024-01-01 00:13:26,5,throughput_mbps,0.9310597661588118,-1.2829706001581456,2.9625470298532246
2024-01-01 00:13:27,5,throughput_mbps,0.9308198573522573,-1.2634662039429114,3.0722405987263524
2024-01-01 00:13:28,5,throughput_mbps,0.9305799681298629,-1.3623136166892649,2.917252119174119
2024-01-01 00:13:29,5,throughput_mbps,0.9303400985432531,-1.293009133230979,2.9904133109337105
2024-01-01 00:13:30,5,throughput_mbps,0.9301002483447304,-1.244669836922001,2.881932991165969
2024-01-01 00:13:31,5,throughput_mbps,0.9298604182516375,-1.1750305821378033,3.238697603897634
2024-01-01 00:13:32,5,throughput_mbps,0.9296206078821161,-1.1929050067795925,3.2344407330071814
2024-01-01 00:13:33,5,throughput_mbps,0.9293808173548578,-1.1775604167526228,3.1717306161757115
2024-01-01 00:13:34,5,throughput_mbps,0.9291410466053698,-1.2786589532898118,3.171924303681682
2024-01-01 00:13:35,5,throughput_mbps,0.9289012959174847,-1.2171691573810821,3.014914388922276
2024-01-01 00:13:36,5,throughput_mbps,0.9286615652267022,-1.2133968279203546,3.0650842157579583
2024-01-01 00:13:37,5,throughput_mbps,0.9284218545846313,-1.270524946400367,3.0349147526620937
2024-01-01 00:13:38,5,throughput_mbps,0.9281821637436218,-1.2321871383382632,3.007418162121099
2024-01-01 00:13:39,5,throughput_mbps,0.9279424935369633,-1.2505724231616744,3.1861162354596004
2024-01-01 00:13:40,5,throughput_mbps,0.9277028433506683,-1.2323542450357354,3.118691106267775
2024-01-01 00:13:41,5,throughput_mbps,0.9274632134195036,-1.28448086292339,3.1369038878564655
2024-01-01 00:13:42,5,throughput_mbps,0.9272236034958422,-1.3452046464732148,3.0254297384231803
2024-01-01 00:13:43,5,throughput_mbps,0.9269840142968118,-1.066521033442722,3.001500996639995
2024-01-01 00:13:44,5,throughput_mbps,0.9267444454406358,-1.193732860370323,3.2190379711020025
2024-01-01 00:13:45,5,throughput_mbps,0.926504897045978,-1.0907816467579112,2.885939683523654
2024-01-01 00:13:46,5,throughput_mbps,0.9262653690483664,-1.2708325837043823,3.1093232367714245
2024-01-01 00:13:47,5,throughput_mbps,0.9260258617315226,-1.1623072046972451,3.165431622422047
2024-01-01 00:13:48,5,throughput_mbps,0.9257863750309673,-1.4145197684207098,3.12007740043089
2024-01-01 00:13:49,5,throughput_mbps,0.9255469089982872,-1.2128513069896703,3.089423955920854
2024-01-01 00:13:50,5,throughput_mbps,0.9253074633859036,-1.3239246846009962,3.240635918908863
2024-01-01 00:13:51,5,throughput_mbps,0.9250680388437326,-1.3531994915843193,3.042721322141194
2024-01-01 00:13:52,5,throughput_mbps,0.9248286351912481,-1.1870896401664541,3.18146493608937
2024-01-01 00:13:53,5,throughput_mbps,0.9245892523459002,-1.1038486214958865,3.1092102076620622
2024-01-01 00:13:54,5,throughput_mbps,0.9243498902432334,-1.2576214766381475,3.085346995611054
2024-01-01 00:13:55,5,throughput_mbps,0.9241105493680823,-1.260536048702338,3.1022271511273063
2024-01-01 00:13:56,5,throughput_mbps,0.9238712294547934,-1.049378923757518,3.2081375698864703
2024-01-01 00:13:57,5,throughput_mbps,0.9236319302558332,-1.003891513561935,3.14494774357389
2024-01-01 00:13:58,5,throughput_mbps,0.9233926526221747,-1.285521451309567,3.155230369414435
2024-01-01 00:13:59,5,throughput_mbps,0.9231533961050861,-1.2916045188512915,3.0170282711239578
2024-01-01 00:14:00,5,throughput_mbps,0.922914160823194,-1.2805164463871461,3.1526493695109212
2024-01-01 00:14:01,5,throughput_mbps,0.9226749467120542,-1.246034711935837,3.1673170202868546
2024-01-01 00:14:02,5,throughput_mbps,0.9224357540552455,-1.0992664119201503,3.0479005549511724
2024-01-01 00:14:03,5,throughput_mbps,0.9221965827883161,-1.2763446243775864,3.19604833173193
2024-01-01 00:14:04,5,throughput_mbps,0.9219574330298802,-1.3229749172868122,3.126670704134294
2024-01-01 00:14:05,5,throughput_mbps,0.9217183043312804,-1.486168087040549,3.0943095373667346
2024-01-01 00:14:06,5,throughput_mbps,0.9214791975433303,-1.223509683431898,3.1099729054370897
2024-01-01 00:14:07,5,throughput_mbps,0.9212401124185309,-1.2153998480665436,3.1810798531772226
2024-01-01 00:14:08,5,throughput_mbps,0.9210010488743191,-1.112050540188178,3.04429880864674
2024-01-01 00:14:09,5,throughput_mbps,0.9207620068462674,-1.2759455065143788,3.111153904357795
2024-01-01 00:14:10,5,throughput_mbps,0.9205229868190405,-1.2905365401882725,3.068360687096385
2024-01-01 00:14:11,5,throughput_mbps,0.9202839885270375,-1.171653758268622,2.974272805722554
2024-01-01 00:14:12,5,throughput_mbps,0.9200450120888541,-1.2051095808461976,3.004525820930566
2024-01-01 00:14:13,5,throughput_mbps,0.9198060572570568,-1.3110145398141009,3.0873395691133045
2024-01-01 00:14:14,5,throughput_mbps,0.9195671246811354,-1.0390286117005403,3.1889746377595727
2024-01-01 00:14:15,5,throughput_mbps,0.9193282141136438,-1.2540677994995242,3.045601253426295
2024-01-01 00:14:16,5,throughput_mbps,0.9190893258561647,-1.0953642422334544,3.0522444619154188
2024-01-01 00:14:17,5,throughput_mbps,0.918850459094136,-1.0909508500133018,3.2011138813894138
2024-01-01 00:14:18,5,throughput_mbps,0.9186116148611273,-1.273870953419387,3.057299561616536
2024-01-01 00:14:19,5,throughput_mbps,0.9183727929097161,-1.2530449002982031,2.9248992669179574
2024-01-01 00:14:20,5,throughput_mbps,0.9181339931573288,-1.353774525294582,2.980055507696656
2024-01-01 00:14:21,5,throughput_mbps,0.9178952155395619,-1.1703238780164318,3.0116040754648536
2024-01-01 00:14:22,5,throughput_mbps,0.9176564605409387,-1.2584585641999066,3.165861677160055
2024-01-01 00:14:23,5,throughput_mbps,0.917417727895903,-1.2508603747448137,3.1649863161827754
2024-01-01 00:14:24,5,throughput_mbps,0.9171790177230184,-1.2179521757499843,2.9768974490044764
2024-01-01 00:14:25,5,throughput_mbps,0.9169403297749305,-1.18356010649488,3.111210553826454
2024-01-01 00:14:26,5,throughput_mbps,0.916701664700898,-1.2922504754832662,3.0367334456501545
2024-01-01 00:14:27,5,throughput_mbps,0.9164630222535537,-1.108499863357347,3.134667108361438
2024-01-01 00:14:28,5,throughput_mbps,0.9162244025514483,-1.247962338121297,3.1060438510940442
2024-01-01 00:14:29,5,throughput_mbps,0.9159858053290632,-1.3917849570394327,3.0850930662647715
2024-01-01 00:14:30,5,throughput_mbps,0.9157472310708267,-1.026564449554892,3.0509338774043204
2024-01-01 00:14:31,5,throughput_mbps,0.9155086797123393,-1.2532340232378545,3.0539535705395138
2024-01-01 00:14:32,5,throughput_mbps,0.9152701511710177,-1.1738880204879323,2.9729459118739374
2024-01-01 00:14:33,5,throughput_mbps,0.9150316452666022,-1.267127458097863,2.99848319386501
2024-01-01 00:14:34,5,throughput_mbps,0.914793162648195,-1.314145248560049,3.0956077373513344
2024-01-01 00:14:35,5,throughput_mbps,0.9145547030684817,-1.1301034530479959,3.0024736075032847
2024-01-01 00:14:36,5,throughput_mbps,0.914316266463087,-1.1988952851158325,3.077133995660866
2024-01-01 00:14:37,5,throughput_mbps,0.9140778531152377,-1.3282323666941387,3.0701916192841465
2024-01-01 00:14:38,5,throughput_mbps,0.9138394629605501,-1.1667390830174824,2.8926874895942896
2024-01-01 00:14:39,5,throughput_mbps,0.9136010960505091,-1.2186076801173789,2.9238259109820723
2024-01-01 00:14:40,5,throughput_mbps,0.9133627521378613,-1.2526476315001827,3.1202705923958187
2024-01-01 00:14:41,5,throughput_mbps,0.9131244319386034,-1.3033348975126617,3.1051196236571745
2024-01-01 00:14:42,5,throughput_mbps,0.9128861350713989,-1.3212679483728265,2.9849653826578613
2024-01-01 00:14:43,5,throughput_mbps,0.9126478616547595,-1.2756015376767638,3.0529490097068024
2024-01-01 00:14:44,5,throughput_mbps,0.9124096116243259,-1.2867212559891623,3.2105299301586725
2024-01-01 00:14:45,5,throughput_mbps,0.9121713852632416,-1.3557249295773472,3.0234086916441085
2024-01-01 00:14:46,5,throughput_mbps,0.911933182507139,-1.3490731125708766,3.120817128458634
2024-01-01 00:14:47,5,throughput_mbps,0.9116950034074858,-1.2862051820624965,3.1372420944730037
2024-01-01 00:14:48,5,throughput_mbps,0.9114568477170841,-1.1535716606819613,3.090575343552262
2024-01-01 00:14:49,5,throughput_mbps,0.9112187160847339,-1.2633544463890314,3.0581127409643885
2024-01-01 00:14:50,5,throughput_mbps,0.9109806083302522,-1.1956133159997182,3.160064565243739
2024-01-01 00:14:51,5,throughput_mbps,0.9107425243710408,-1.21387493241903,3.119831394454236
2024-01-01 00:14:52,5,throughput_mbps,0.9105044641427588,-1.2783384332562848,2.8311457114817684
2024-01-01 00:14:53,5,throughput_mbps,0.9102664281295461,-1.2716115940006807,3.003053043723015
2024-01-01 00:14:54,5,throughput_mbps,0.9100284160659702,-1.1427309018836438,3.037741516965509
2024-01-01 00:14:55,5,throughput_mbps,0.909790428070509,-1.221120876708215,3.1670356988687214
2024-01-01 00:14:56,5,throughput_mbps,0.9095524638960211,-1.350256409154871,3.1703624343610595
2024-01-01 00:14:57,5,throughput_mbps,0.9093145241911407,-1.2344380431816138,2.9751778077274302
2024-01-01 00:14:58,5,throughput_mbps,0.9090766088915103,-1.1786723142633584,3.077675962624489
2024-01-01 00:14:59,5,throughput_mbps,0.9088387176829725,-1.1487745083796135,3.1003041790526358
2024-01-01 00:15:00,5,throughput_mbps,0.9086008505012171,-1.1139001029733953,2.938239535126715
2024-01-01 00:15:01,5,throughput_mbps,0.9083630079947947,-1.2682592641771546,3.1062870243249185
2024-01-01 00:15:02,5,throughput_mbps,0.9081251899835989,-1.1014650851447345,3.0553205210967804
2024-01-01 00:15:03,5,throughput_mbps,0.9078873963850224,-1.257573044552445,3.081038947017773
2024-01-01 00:15:04,5,throughput_mbps,0.9076496271347495,-1.0759842762405385,2.845965536161765
2024-01-01 00:15:05,5,throughput_mbps,0.9074118827167651,-1.3347785194253963,3.005501488818888
2024-01-01 00:15:06,5,throughput_mbps,0.9071741628656874,-1.2521514079781184,3.1526109282696595
2024-01-01 00:15:07,5,throughput_mbps,0.906936467699959,-1.0717992701272694,2.9786636178827743
2024-01-01 00:15:08,5,throughput_mbps,0.9066987969725253,-1.3295232186950205,3.1120978378120134
2024-01-01 00:15:09,5,throughput_mbps,0.9064611513317686,-1.3037710469644677,3.0351371362340367
2024-01-01 00:15:10,5,throughput_mbps,0.90622353053062,-1.2919149785501176,3.0671970169061744
2024-01-01 00:15:11,5,throughput_mbps,0.9059859346875074,-1.3548899650276638,2.9607691328939514
2024-01-01 00:15:12,5,throughput_mbps,0.9057483635370922,-1.097942609866067,2.9885596470791542
2024-01-01 00:15:13,5,throughput_mbps,0.9055108175632541,-1.281311440703546,2.795631978311061
2024-01-01 00:15:14,5,throughput_mbps,0.9052732967016821,-1.2770747802177105,2.9524975920237613
2024-01-01 00:15:15,5,throughput_mbps,0.9050358005043407,-1.2871866542815291,3.0407813805488275
2024-01-01 00:15:16,5,throughput_mbps,0.904798329820494,-1.123573431061831,3.1509600487587712
2024-01-01 00:15:17,5,throughput_mbps,0.9045608844031225,-1.3574359027016512,3.1540975970973495
2024-01-01 00:15:18,5,throughput_mbps,0.9043234641696082,-1.1493340301211243,2.9688792162937383
2024-01-01 00:15:19,5,throughput_mbps,0.9040860690556684,-1.1966147288159676,2.930057836581946
2024-01-01 00:15:20,5,throughput_mbps,0.9038486995450864,-1.357328467898077,3.0571346752226853
2024-01-01 00:15:21,5,throughput_mbps,0.9036113553725483,-1.1347655828133172,3.1326425958977837
2024-01-01 00:15:22,5,throughput_mbps,0.9033740366564509,-1.3040332241404964,3.0552778281244777
2024-01-01 00:15:23,5,throughput_mbps,0.9031367431498512,-1.3010628294621613,3.1523692422242435
2024-01-01 00:15:24,5,throughput_mbps,0.9028994755008068,-1.2738262053946765,3.106851040866019
2024-01-01 00:15:25,5,throughput_mbps,0.9026622334623605,-1.4017955541869895,2.9041800063332412
2024-01-01 00:15:26,5,throughput_mbps,0.9024250171528938,-1.2133660153073185,3.0732559126697865
2024-01-01 00:15:27,5,throughput_mbps,0.902187826307137,-1.1879816907516398,3.134942278414187
2024-01-01 00:15:28,5,throughput_mbps,0.9019506614087658,-1.1952916818240937,3.0012318804379157
2024-01-01 00:15:29,5,throughput_mbps,0.9017135223935014,-1.200123273504709,3.018002614640446
2024-01-01 00:15:30,5,throughput_mbps,0.901476409178718,-1.2372397056975086,3.140699157329145
2024-01-01 00:15:31,5,throughput_mbps,0.901239321584532,-1.2702283964117422,3.102056167190747
2024-01-01 00:15:32,5,throughput_mbps,0.9010022602588251,-1.3904795190517216,2.95751960389278
2024-01-01 00:15:33,5,throughput_mbps,0.9007652249547,-1.3655019337533465,2.9736217254000423
2024-01-01 00:15:34,5,throughput_mbps,0.9005282157235195,-1.2313872694719479,2.9770596441639148
2024-01-01 00:15:35,5,throughput_mbps,0.900291232501034,-1.2583295882656556,3.083110935842665
2024-01-01 00:15:36,5,throughput_mbps,0.9000542755698254,-1.1732765618018328,2.949596031939961
2024-01-01 00:15:37,5,throughput_mbps,0.8998173448656345,-1.2340400081587717,3.0854540073445493
2024-01-01 00:15:38,5,throughput_mbps,0.8995804405068061,-1.2496963901675466,3.084502822613803
2024-01-01 00:15:39,5,throughput_mbps,0.8993435621125369,-1.2124064034992468,2.9427924344387075
2024-01-01 00:15:40,5,throughput_mbps,0.8991067105131059,-1.3840672351968524,3.0762029109318028
2024-01-01 00:15:41,5,throughput_mbps,0.8988698852974896,-1.3915729195584556,2.9128874007677923
2024-01-01 00:15:42,5,throughput_mbps,0.898633086498645,-1.1178287131903364,3.0941853793152494
2024-01-01 00:15:43,5,throughput_mbps,0.8983963139367717,-1.2655825415217279,3.1310666503879796
2024-01-01 00:15:44,5,throughput_mbps,0.8981595682594811,-1.3057196320447246,3.0274478004188934
2024-01-01 00:15:45,5,throughput_mbps,0.8979228492199687,-1.163652082155631,3.0086723642868747
2024-01-01 00:15:46,5,throughput_mbps,0.8976861568695685,-1.1456043211424778,2.8943603812088403
2024-01-01 00:15:47,5,throughput_mbps,0.8974494911440595,-1.3303578354771164,2.9762641523870936
2024-01-01 00:15:48,5,throughput_mbps,0.8972128523258828,-1.2769219009406756,3.0096705968852095
2024-01-01 00:15:49,5,throughput_mbps,0.8969762403508075,-1.2212368612303752,2.96751118769748
2024-01-01 00:15:50,5,throughput_mbps,0.8967396553371387,-1.222135237399902,2.971142157738546
2024-01-01 00:15:51,5,throughput_mbps,0.8965030969041886,-1.2954492332679468,2.999887790302687
2024-01-01 00:15:52,5,throughput_mbps,0.8962665657663664,-1.1829916633434374,3.2466544825158885
2024-01-01 00:15:53,5,throughput_mbps,0.8960300616769306,-1.230188786450604,3.2218304123596475
2024-01-01 00:15:54,5,throughput_mbps,0.8957935845716759,-1.3770753341959647,3.053914615756633
2024-01-01 00:15:55,5,throughput_mbps,0.8955571347329611,-1.3154831874395019,3.029831832461737
2024-01-01 00:15:56,5,throughput_mbps,0.8953207120965709,-1.0680598424459433,3.0400883161446663
2024-01-01 00:15:57,5,throughput_mbps,0.8950843167138142,-1.4219314899385855,3.069365371318488
2024-01-01 00:15:58,5,throughput_mbps,0.8948479483380203,-1.1426745242375407,3.1500287164643104
2024-01-01 00:15:59,5,throughput_mbps,0.8946116076164543,-1.2891824367817726,2.9599592739663616
2024-01-01 00:16:00,5,throughput_mbps,0.8943752943694024,-1.1792783098972937,3.114936115294765
2024-01-01 00:16:01,5,throughput_mbps,0.8941390085142193,-1.3189640035830663,3.1432852269631804
2024-01-01 00:16:02,5,throughput_mbps,0.8939027499867216,-1.3006358211830238,2.9613061302948798
2024-01-01 00:16:03,5,throughput_mbps,0.8936665192700802,-1.3411681034119696,3.141381831181518
2024-01-01 00:16:04,5,throughput_mbps,0.8934303160991905,-1.1439776997826627,2.9679775743305172
2024-01-01 00:16:05,5,throughput_mbps,0.8931941405923111,-1.2677774040620644,2.8880774637952746
2024-01-01 00:16:06,5,throughput_mbps,0.8929579925028367,-1.124651007192785,2.9451996483058775
2024-01-01 00:16:07,5,throughput_mbps,0.8927218724778443,-1.2155530888838808,3.004749400887332
2024-01-01 00:16:08,5,throughput_mbps,0.8924857802707129,-1.265663074627043,3.1416883212716424
2024-01-01 00:16:09,5,throughput_mbps,0.8922497159996844,-1.2425881087805708,3.027872707483262
2024-01-01 00:16:10,5,throughput_mbps,0.8920136793997034,-1.2284485612723082,3.050715124063929
2024-01-01 00:16:11,5,throughput_mbps,0.8917776709538235,-1.0259107447193485,3.0744080531956053
2024-01-01 00:16:12,5,throughput_mbps,0.8915416905978653,-1.414511423953552,2.7961421473968624
2024-01-01 00:16:13,5,throughput_mbps,0.8913057382491769,-1.3729013485184343,2.939280726679611
2024-01-01 00:16:14,5,throughput_mbps,0.8910698136612223,-1.3184361392471797,3.0486062203809308
2024-01-01 00:16:15,5,throughput_mbps,0.8908339176817606,-1.1751205875817137,3.025570197872078
2024-01-01 00:16:16,5,throughput_mbps,0.8905980498633637,-1.184006555815392,3.166862822227186
2024-01-01 00:16:17,5,throughput_mbps,0.8903622105066122,-1.1896492197701107,3.15517919510629
2024-01-01 00:16:18,5,throughput_mbps,0.8901263990002669,-1.229884984108258,3.095905282288288
2024-01-01 00:16:19,5,throughput_mbps,0.8898906161734866,-1.1761242660560691,2.9698101062639424
2024-01-01 00:16:20,5,throughput_mbps,0.8896548617797502,-1.2587511242909177,3.0709368806571464
2024-01-01 00:16:21,5,throughput_mbps,0.8894191359372572,-1.289898458298538,3.125043607707786
2024-01-01 00:16:22,5,throughput_mbps,0.8891834383810175,-1.258882260106762,2.7928888962783014
