sinr_dl_db,mcs_dl,packet_loss_ratio,prb_utilization,retransmissions,cqi,load_level,mobility_speed,shadowing_enabled,throughput_mbps_roll3,throughput_mbps_roll5,throughput_mbps_lag1,throughput_mbps_lag3,jitter_ms_roll3,jitter_ms_roll5,jitter_ms_lag1,jitter_ms_lag3,sinr_dl_db_roll3,sinr_dl_db_roll5,sinr_dl_db_lag1,sinr_dl_db_lag3,packet_loss_ratio_roll3,packet_loss_ratio_roll5,packet_loss_ratio_lag1,packet_loss_ratio_lag3,timestamp,ue_id,y_true,y_pred
89.0884,28,0.0233333,2,0,15,3,10,0,2.475646,1.8567345,1.06099,0.0,3.058424666666667,2.2938185,5.04387,0.0,22.54747333333333,11.213654999999997,-3.55328,-22.7878,0.5800001,0.685000075,0.82,1.0,1,5,0.449374,-0.11724818
89.0884,28,0.0233333,2,0,15,3,1,0,4.19157,2.6367596,5.75686,0.609088,1.9808726666666667,1.9249296,0.449374,3.68203,58.20784,26.788604,89.0884,-17.8927,0.28888886666666663,0.5526667200000001,0.0233333,0.896667,1,5,0.449374,0.15826155
89.0884,28,0.0233333,2,0,15,3,3,0,5.75686,3.7881316,5.75686,1.06099,0.449374,2.0148044,0.449374,5.04387,89.0884,49.163844,89.0884,-3.55328,0.0233333,0.35733338,0.0233333,0.82,1,5,0.449374,0.3514046
-14.5932,26,0.89875,2,55,0,4,0,0,4.103154666666666,3.8254627999999995,5.75686,5.75686,1.2559326666666666,1.8522083999999999,0.449374,0.449374,54.52786666666666,49.82374399999999,89.0884,89.0884,0.3151388666666667,0.35774998,0.0233333,0.0233333,1,5,2.86905,4.7384458
-22.7878,0,1.0,4,286,0,4,0,1,2.184201333333333,3.6132647999999996,0.795744,5.75686,1.1061413333333334,0.8434343999999999,2.86905,0.449374,17.235799999999998,45.976839999999996,-14.5932,89.0884,0.6406944333333334,0.39374998000000005,0.89875,0.0233333,1,5,0.0,1.4841359
-17.8927,26,0.902,2,56,0,5,0,0,0.5861653333333333,2.6544432000000002,0.0,5.75686,1.7615,1.2366496,0.0,0.449374,-18.424566666666667,24.580619999999996,-22.7878,89.0884,0.9335833333333334,0.56948332,1.0,0.0233333,1,5,2.41545,5.913694
-22.7878,0,1.0,4,289,0,5,0,1,0.32091733333333333,1.5030712,0.962752,0.795744,0.8051500000000001,1.1467748,2.41545,2.86905,-21.156100000000002,2.2053799999999955,-17.8927,-14.5932,0.9673333333333334,0.76481666,0.902,0.89875,1,5,0.0,-2.4233835
-8.72846,0,0.955,3,438,0,1,0,0,0.3503893333333334,0.3693824,0.0,0.0,19.768116666666668,12.43468,0.0,0.0,-16.469653333333333,-17.357992000000003,-22.7878,-22.7878,0.9523333333333334,0.9511499999999999,1.0,1.0,2,5,56.8889,41.43819
-14.5299,0,0.99,2,341,0,1,0,1,0.03602133333333333,0.2141632,0.088416,0.962752,118.47496666666666,71.56807,56.8889,2.41545,-15.34872,-17.345332000000003,-8.72846,-17.8927,0.9816666666666668,0.9693999999999999,0.955,0.902,2,5,298.536,100.989815
-8.72846,0,0.9575,3,479,0,2,0,0,0.09169066666666666,0.2475648,0.019648,0.0,129.0324,77.90253,298.536,0.0,-10.662273333333333,-14.533464,-14.5299,-22.7878,0.9674999999999999,0.9609,0.99,1.0,2,5,31.6723,33.139984
-14.5299,0,0.9925,4,330,0,2,0,1,0.07204266666666666,0.0609088,0.167008,0.088416,152.6251,102.95284,31.6723,56.8889,-12.596086666666666,-13.860904,-8.72846,-8.72846,0.98,0.9789999999999999,0.9575,0.955,2,5,127.667,153.631
-8.72846,0,0.99,2,362,0,3,0,0,0.08514133333333333,0.0726976,0.029472,0.019648,78.92790000000001,118.44171999999999,127.667,298.536,-10.662273333333333,-11.049036000000001,-14.5299,-14.5299,0.9800000000000001,0.977,0.9925,0.99,2,5,77.4444,47.294594
-7.24741,0,1.0,3,23,0,3,0,1,0.029472,0.0550144,0.058944,0.167008,68.37046666666667,107.06394,77.4444,31.6723,-10.16859,-10.752826000000002,-8.72846,-8.72846,0.9941666666666668,0.986,0.99,0.9575,2,5,0.0,55.555294
89.0884,28,0.0,2,0,15,3,10,0,1.9844480000000002,1.2299647999999999,0.0,0.029472,25.963759999999997,47.446116,0.0,127.667,24.37084333333333,9.970833999999996,-7.24741,-14.5299,0.6633333333333334,0.788,1.0,0.9925,2,5,0.44688,1.5737362
89.0884,28,0.0,2,0,15,3,1,0,3.9296,2.3754432000000003,5.8944,0.058944,0.29792,41.201032,0.44688,77.4444,56.97646333333333,29.534205999999994,89.0884,-8.72846,0.3333333333333333,0.5965,0.0,0.99,2,5,0.44688,-0.30958536
89.0884,28,0.0,2,0,15,3,3,0,5.8944,3.5484288,5.8944,0.0,0.44688,15.757007999999999,0.44688,0.0,89.0884,50.25786599999999,89.0884,-7.24741,0.0,0.398,0.0,1.0,2,5,0.44688,0.3841887
15.3374,22,0.89,2,321,12,4,0,0,4.217770666666667,3.7095424,5.8944,5.8944,3.594996666666667,2.2463740000000003,0.44688,0.44688,64.50473333333333,55.071038,89.0884,89.0884,0.2966666666666667,0.378,0.0,0.0,2,5,9.89123,8.078247
-3.61669,2,0.99125,4,169,2,4,0,1,2.2758933333333333,3.723296,0.864512,5.8944,18.401803333333334,11.219834,9.89123,0.44688,33.60303666666666,55.797182,15.3374,89.0884,0.6270833333333333,0.37625000000000003,0.89,0.0,2,5,44.8673,33.10151
-3.58828,2,0.798,4,6,2,5,0,0,0.9725766666666665,2.941306,0.068768,5.8944,19.008383333333335,11.583782000000001,44.8673,0.44688,2.71081,37.261846,-3.61669,89.0884,0.8930833333333333,0.53585,0.99125,0.0,2,5,2.26662,3.971438
-9.35187,0,1.0,3,179,0,5,0,1,0.6844060000000001,1.762426,1.98445,0.864512,15.711306666666667,11.494406000000001,2.26662,9.89123,-5.518946666666667,17.573791999999997,-3.58828,15.3374,0.92975,0.73585,0.798,0.89,2,5,0.0,25.321264
-18.8552,0,0.88,9,269,0,1,0,0,0.7400753333333334,0.6307012000000001,0.0,0.068768,3.0472066666666664,12.78003,0.0,44.8673,-10.59845,-4.014927999999999,-9.35187,-3.61669,0.8926666666666666,0.91185,1.0,0.99125,3,5,6.875,10.648826
-12.3607,0,0.995,4,514,0,1,0,1,0.08186666666666667,0.45976359999999994,0.235776,1.98445,2.2916666666666665,10.801784000000001,6.875,2.26662,-13.52259,-9.554548,-18.8552,-3.58828,0.9583333333333334,0.93285,0.88,0.798,3,5,0.0,-1.5681391
-18.8552,0,0.915,4,449,0,2,0,0,0.19320533333333334,0.5128132,0.009824,0.0,3.8848033333333336,2.784206,0.0,0.0,-16.690366666666666,-12.60225,-12.3607,-9.35187,0.93,0.9176,0.995,1.0,3,5,4.77941,3.8439927
-14.888,0,0.8875,3,425,0,2,0,1,0.26197333333333334,0.2043392,0.334016,0.235776,6.962970000000001,5.5527820000000006,4.77941,6.875,-15.367966666666668,-14.862193999999999,-18.8552,-18.8552,0.9325000000000001,0.9355,0.915,0.88,3,5,16.1095,5.9134355
-18.8552,0,0.951667,10,319,0,3,0,0,0.353664,0.2613184,0.44208,0.009824,8.74458,6.621747999999999,16.1095,0.0,-17.532799999999998,-16.76286,-14.888,-12.3607,0.9180556666666666,0.9258333999999999,0.8875,0.995,3,5,5.34483,8.168153
-22.7878,0,1.0,3,347,0,3,0,1,0.2423253333333333,0.2141632,0.284896,0.334016,7.151443333333333,5.246747999999999,5.34483,4.77941,-18.843666666666667,-17.54938,-18.8552,-18.8552,0.9463889999999999,0.9498333999999999,0.951667,0.915,3,5,0.0,6.0457673
89.0884,28,0.0,2,0,15,3,10,0,2.0597653333333334,1.3910784,0.0,0.44208,1.9302973333333322,5.335960399999999,0.0,16.1095,15.815133333333328,2.740439999999998,-22.7878,-14.888,0.6505556666666668,0.7508334,1.0,0.8875,3,5,0.446062,0.22347675
89.0884,28,0.0,2,0,15,3,1,0,3.9296,2.5031551999999997,5.8944,0.284896,0.2973746666666655,4.4692908,0.446062,5.34483,51.79633333333333,24.329159999999995,89.0884,-18.8552,0.3333333333333333,0.5678333999999999,0.0,0.951667,3,5,0.446062,0.3942161
89.0884,28,0.0,2,0,15,3,3,0,5.8944,3.5936192,5.8944,0.0,0.446062,1.3366032,0.446062,0.0,89.0884,45.12444,89.0884,-22.7878,0.0,0.3903334,0.0,1.0,3,5,0.446062,0.36641362
-32.3164,0,0.90375,3,387,0,4,0,0,4.181749333333333,3.6879295999999995,5.8944,5.8944,1.9099279999999987,1.2351692,0.446062,0.446062,48.620133333333335,42.4322,89.0884,89.0884,0.3012500000000001,0.38075000000000003,0.0,0.0,3,5,4.83766,11.944731
-18.94,0,0.9225,3,494,0,4,0,1,2.4199786666666667,3.8097471999999994,0.756448,5.8944,5.763940666666666,3.6367892,4.83766,0.446062,12.610666666666665,43.20175999999999,-32.3164,89.0884,0.60875,0.36524999999999996,0.90375,0.0,3,5,12.0081,11.324658
19.8227,26,0.89,2,358,14,5,0,0,0.815392,2.8469952,0.609088,5.8944,9.312453333333332,5.7658968,12.0081,0.446062,-10.4779,29.34862,-18.94,89.0884,0.9054166666666666,0.54325,0.9225,0.0,3,5,11.0916,6.7183294
-18.94,0,0.938,3,494,0,5,0,1,0.766272,1.7899327999999997,1.08064,0.756448,11.686833333333333,8.0688444,11.0916,4.83766,-6.019100000000001,7.742940000000002,19.8227,-32.3164,0.9168333333333334,0.73085,0.89,0.90375,3,5,11.9608,12.702369
-25.1761,0,0.865,4,412,0,1,0,0,0.6516586666666667,0.6641024,0.609088,0.609088,12.066833333333333,10.609252000000001,11.9608,12.0081,-8.097800000000001,-15.109959999999997,-18.94,-18.94,0.8976666666666667,0.9038499999999999,0.938,0.9225,4,5,13.1481,19.427984
7.90532,14,0.035,1,2,8,1,0,1,0.9234553333333334,0.8920188,0.265248,1.08064,8.812886666666666,9.907672000000002,13.1481,11.0916,-12.07026,-7.065615999999997,-25.1761,19.8227,0.6126666666666667,0.7301,0.865,0.89,4,5,1.32976,5.8549757
-21.2682,0,1.0,4,496,0,2,0,0,0.7204260000000001,0.7702012,1.89603,0.609088,4.825953333333332,7.5060519999999995,1.32976,11.9608,-12.846326666666668,-7.531255999999997,7.90532,-18.94,0.6333333333333334,0.7455999999999999,0.035,0.938,4,5,0.0,1.8052654
-4.00849,2,0.4475,8,63,2,2,0,1,1.3557100000000002,0.9882932,0.0,0.265248,1.5217933333333322,5.934856,0.0,13.1481,-5.790456666666667,-12.297493999999999,-21.2682,-25.1761,0.4941666666666667,0.6571,1.0,0.865,4,5,3.23562,6.314117
-32.3164,0,0.896667,3,391,0,3,0,0,0.9267293333333333,0.9882932,2.1711,1.89603,3.0677866666666653,4.736244,3.23562,1.32976,-19.19769666666667,-14.972773999999998,-4.00849,7.90532,0.781389,0.6488334,0.4475,0.035,4,5,5.96774,6.267989
-6.72983,0,0.998333,4,208,0,3,0,1,0.9300039999999999,0.9372084,0.609088,0.0,3.0677866666666653,2.106624,5.96774,0.0,-14.351573333333334,-11.283519999999998,-32.3164,-21.2682,0.7808333333333334,0.6755,0.896667,1.0,4,5,0.0,11.39616
89.0884,28,0.0,2,0,15,3,10,0,2.171104,1.7368824,0.009824,2.1711,2.137798333333332,1.9298030000000002,0.0,3.23562,16.68072333333333,4.953096000000002,-6.72983,-4.00849,0.6316666666666667,0.6685,0.998333,0.4475,4,5,0.445655,0.08823259
89.0884,28,0.0,2,0,15,3,1,0,3.9328746666666667,2.9157623999999998,5.8944,0.609088,0.29710333333333216,2.0189340000000002,0.445655,5.96774,57.14898999999999,27.024415999999995,89.0884,-32.3164,0.33277766666666675,0.46849999999999997,0.0,0.896667,4,5,0.445655,0.3500188
89.0884,28,0.0,2,0,15,3,3,0,5.8944,3.6604224000000003,5.8944,0.009824,0.445655,1.460941,0.445655,0.0,89.0884,45.643794,89.0884,-6.72983,0.0,0.379,0.0,0.998333,4,5,0.445655,0.34738943
-5.33911,0,0.9475,3,0,0,4,0,0,4.067136,3.6211264,5.8944,5.8944,2.384119999999999,1.519603,0.445655,0.445655,57.61256333333333,51.039252,89.0884,89.0884,0.3158333333333334,0.3891666,0.0,0.0,4,5,6.26105,5.776723
-4.38094,2,0.56625,8,195,2,4,0,1,3.2386459999999997,4.3009476,0.412608,5.8944,3.092538333333332,2.033785,6.26105,0.445655,26.456116666666663,51.509029999999996,-5.33911,89.0884,0.5045833333333335,0.30274999999999996,0.9475,0.0,4,5,2.57091,5.756247
-32.3164,0,0.912,6,412,0,5,0,0,1.5620166666666666,3.29497,3.40893,5.8944,4.353076666666666,2.790108,2.57091,0.445655,-14.01215,27.228070000000002,-4.38094,89.0884,0.8085833333333334,0.48514999999999997,0.56625,0.0,4,5,4.22727,12.453378
0.466,6,0.475,3,70,4,5,0,1,3.143680666666667,3.14761,0.864512,0.412608,2.7525466666666656,2.992869,4.22727,6.26105,-12.077113333333335,9.50359,-32.3164,-5.33911,0.6510833333333333,0.5801499999999999,0.912,0.9475,4,5,1.45946,4.47079
-5.33911,0,0.76,2,0,0,1,0,0,2.164554666666667,2.0630404,5.1576,3.40893,3.8261333333333325,4.062072000000001,1.45946,2.57091,-12.396503333333333,-9.381911999999996,0.466,-4.38094,0.7156666666666668,0.7321500000000001,0.475,0.56625,5,5,5.79167,7.409738
-17.4844,0,1.0,3,800,0,1,0,1,1.876384,1.9805188,0.471552,0.864512,2.417043333333332,2.809862,5.79167,4.22727,-7.4525033333333335,-11.810969999999998,-5.33911,-32.3164,0.7450000000000001,0.74265,0.76,0.912,5,5,0.0,-0.07935691
-5.33911,0,0.875,3,0,0,2,0,0,0.32091733333333333,1.3969728,0.0,5.1576,3.660556666666666,3.33368,0.0,1.45946,-9.387540000000001,-12.002603999999998,-17.4844,0.466,0.8783333333333334,0.8044,1.0,0.475,5,5,5.19,8.254542
-22.7878,0,1.0,3,431,0,2,0,1,0.16373333333333334,1.2240704,0.4912,0.471552,1.7299999999999989,2.488226,5.19,5.79167,-15.20377,-10.096883999999998,-5.33911,-5.33911,0.9583333333333335,0.8220000000000001,0.875,0.76,5,5,0.0,-2.907958
-5.33911,0,0.928333,3,0,0,3,0,0,0.304544,0.27703679999999997,0.0,0.0,3.770973333333332,3.4209180000000003,0.0,0.0,-11.15534,-11.257905999999997,-22.7878,-17.4844,0.9344443333333334,0.9126666,1.0,1.0,5,5,6.12292,4.9062133
-18.94,0,0.896667,3,495,0,3,0,1,0.34384,0.30454400000000004,0.422432,0.4912,6.028039999999998,4.654824,6.12292,5.19,-15.68897,-13.978083999999999,-5.33911,-5.33911,0.9416666666666668,0.9399999999999998,0.928333,0.875,5,5,11.9612,1.4602106
89.0884,28,0.0,2,0,15,3,10,0,2.30864,1.483424,0.609088,0.0,6.176510666666665,4.7439064,11.9612,0.0,21.60309666666667,7.336476000000002,-18.94,-22.7878,0.6083333333333334,0.74,0.896667,1.0,5,5,0.445412,0.4519315
89.0884,28,0.0,2,0,15,3,1,0,4.132629333333334,2.5640639999999997,5.8944,0.422432,4.284007999999999,3.7949887999999996,0.445412,6.12292,53.07893333333333,26.221978,89.0884,-5.33911,0.2988890000000001,0.565,0.0,0.928333,5,5,0.445412,0.4758289
89.0884,28,0.0,2,0,15,3,3,0,5.8944,3.742944,5.8944,0.609088,0.445412,3.8840711999999997,0.445412,11.9612,89.0884,48.597218,89.0884,-18.94,0.0,0.36499999999999994,0.0,0.896667,5,5,0.445412,0.054889366
-2.38719,2,0.91125,5,0,2,4,0,0,4.162101333333333,3.7979583999999997,5.8944,5.8944,1.361494666666666,3.2982191999999997,0.445412,0.445412,58.59653666666667,49.187602,89.0884,89.0884,0.30375000000000013,0.36158339999999994,0.0,0.0,5,5,3.19366,8.296991
-17.9394,0,0.97375,4,502,0,4,0,1,2.2660693333333333,3.7174016,0.697504,5.8944,19.367790666666668,11.7988392,3.19366,0.445412,22.920603333333332,49.38772199999999,-2.38719,89.0884,0.6283333333333334,0.37699999999999995,0.91125,0.0,5,5,54.4643,48.586792
-5.33911,0,0.959,2,0,0,5,0,0,0.4355306666666667,2.6190784000000003,0.206304,5.8944,21.269843333333334,12.9400708,54.4643,0.445412,-8.555233333333334,30.50222,-17.9394,89.0884,0.9480000000000001,0.5688,0.97375,0.0,5,5,6.15157,5.4992127
-22.7878,0,1.0,4,319,0,5,0,1,0.2030293333333333,1.4401984,0.402784,0.697504,20.20529,12.8509884,6.15157,3.19366,-15.355436666666668,8.12698,-5.33911,-2.38719,0.9775833333333335,0.7687999999999999,0.959,0.91125,5,5,0.0,17.373753
-2.38719,2,0.57,4,0,2,1,0,0,0.4158826666666666,0.4302912,0.0,0.206304,3.210546666666667,13.457920000000001,0.0,54.4643,-10.171366666666666,-10.168137999999999,-22.7878,-17.9394,0.8430000000000001,0.8827999999999999,1.0,0.97375,6,5,3.48007,7.4418855
-31.0001,0,0.875,3,764,0,1,0,1,0.363488,0.3399104,0.844864,0.402784,12.626689999999998,19.699188,3.48007,6.15157,-18.72503,-15.890719999999998,-2.38719,-5.33911,0.8150000000000001,0.8755499999999999,0.57,0.959,6,5,34.4,19.892912
-2.38719,2,0.815,3,0,2,2,0,0,0.6058133333333333,0.4440448,0.2456,0.0,13.714849999999998,9.459223999999999,34.4,0.0,-11.924826666666666,-12.780278,-31.0001,-22.7878,0.7533333333333334,0.8438000000000001,0.875,1.0,6,5,3.26448,5.971885
-18.5588,0,0.9275,3,246,0,2,0,1,0.4191573333333334,0.42046719999999993,0.726976,0.844864,32.01316,19.90391,3.26448,3.48007,-17.315363333333334,-15.424216000000001,-2.38719,-2.38719,0.8725,0.8375,0.815,0.57,6,5,58.375,38.9333
-2.38719,2,0.88,3,0,2,3,0,0,0.5730666666666667,0.5619327999999999,0.284896,0.2456,21.945963333333335,20.743592,58.375,34.4,-7.777726666666666,-11.344094,-18.5588,-31.0001,0.8741666666666669,0.8135,0.9275,0.875,6,5,4.19841,6.405585
5.32555,8,0.45,8,280,5,3,0,1,1.4113813333333332,1.041344,0.707328,0.726976,21.99799,20.73169,4.19841,3.26448,-5.206813333333333,-9.801546000000002,-2.38719,-2.38719,0.7525000000000001,0.7895000000000001,0.88,0.815,6,5,3.42056,11.15002
89.0884,28,0.0,2,0,15,3,10,0,3.2812160000000006,2.1711039999999997,3.24192,0.284896,2.6880733333333335,13.940740000000002,3.42056,58.375,30.675586666666664,14.216153999999998,5.32555,-18.5588,0.4433333333333334,0.6145,0.45,0.9275,6,5,0.44525,0.8657906
89.0884,28,0.0,2,0,15,3,1,0,5.0102400000000005,3.2045888,5.8944,0.707328,1.4370200000000002,13.376893999999998,0.44525,4.19841,61.167449999999995,32.511272,89.0884,-2.38719,0.1500000000000001,0.45150000000000007,0.0,0.88,6,5,0.44525,0.3804205
89.0884,28,0.0,2,0,15,3,3,0,5.8944,4.3264896,5.8944,3.24192,0.44525,1.790944,0.44525,3.42056,89.0884,54.040712,89.0884,5.32555,0.0,0.26599999999999996,0.0,0.45,6,5,0.44525,0.35436553
-5.63426,0,0.855,2,22,0,4,0,0,4.3094600000000005,4.41294,5.8944,5.8944,2.3074033333333337,2.157604,0.44525,0.44525,57.51417999999999,53.39129799999999,89.0884,89.0884,0.2850000000000001,0.261,0.0,0.0,6,5,6.03171,6.633443
-37.7224,0,0.9675,3,501,0,4,0,1,2.4298013333333337,3.8156408000000006,1.13958,5.8944,11.921986666666667,7.331292,6.03171,0.44525,15.243913333333332,44.781707999999995,-5.63426,89.0884,0.6075,0.3645,0.855,0.0,6,5,29.289,42.033943
-2.38719,2,0.933,3,0,2,5,0,0,0.6844040000000003,2.7684024000000003,0.255424,5.8944,12.661273333333334,7.774864000000001,29.289,0.44525,-15.247949999999998,26.486589999999996,-37.7224,89.0884,0.9185000000000002,0.5511,0.9675,0.0,6,5,2.66311,6.640862
-35.1994,0,0.973,4,257,0,5,0,1,0.39296000000000025,1.6425720000000001,0.658208,1.13958,26.095136666666665,16.952474000000002,2.66311,6.03171,-25.102996666666666,1.6290300000000002,-2.38719,-5.63426,0.9578333333333334,0.7457,0.933,0.855,6,5,46.3333,43.842667
-2.392,2,0.635,4,8,2,1,0,0,0.5468693333333335,0.6071224,0.265248,0.255424,18.74603,18.31176,46.3333,29.289,-13.326196666666666,-16.667049999999996,-35.1994,-37.7224,0.8470000000000001,0.8727,0.973,0.9675,7,5,7.24168,11.223453
-14.5299,0,0.995,4,177,0,1,0,1,0.3307413333333336,0.3811712,0.717152,0.658208,108.98532666666665,71.78161800000001,7.24168,2.66311,-17.373766666666665,-18.446177999999996,-2.392,-2.38719,0.8676666666666667,0.9007,0.635,0.933,7,5,273.381,156.80817
-5.46791,0,0.7975,3,12,0,2,0,0,0.5075733333333337,0.4892352,0.009824,0.265248,96.12319666666666,67.4732,273.381,46.3333,-7.463269999999999,-11.995279999999998,-14.5299,-35.1994,0.8091666666666667,0.8667,0.995,0.973,7,5,7.74691,14.290834
-22.4799,0,0.92,3,325,0,2,0,1,0.3733120000000003,0.42046720000000004,0.795744,0.717152,100.50366999999999,71.01719800000001,7.74691,7.24168,-14.159236666666667,-16.013821999999998,-5.46791,-2.392,0.9041666666666668,0.8641,0.7975,0.635,7,5,20.3831,85.93419
-3.1136,2,0.818333,2,16,2,3,0,0,0.7269773333333337,0.5815816,0.314368,0.009824,11.073043333333333,62.768362,20.3831,273.381,-10.353803333333333,-9.596661999999998,-22.4799,-14.5299,0.8452776666666667,0.8331666,0.92,0.995,7,5,5.08912,2.6071475
-14.2242,0,0.903333,3,481,0,3,0,1,0.6516600000000002,0.5521096,1.07082,0.795744,11.493129999999999,63.12146,5.08912,7.74691,-13.272566666666664,-11.963102,-3.1136,-5.46791,0.8805553333333336,0.8868332000000001,0.818333,0.7975,7,5,9.00717,10.339841
89.0884,28,0.0,2,0,15,3,10,0,2.511670666666667,1.7290248,0.569792,0.314368,4.847141333333333,8.534286800000011,9.00717,20.3831,23.916866666666664,8.760558,-14.2242,-22.4799,0.5738886666666668,0.6878331999999999,0.903333,0.92,7,5,0.445134,0.21876402
89.0884,28,0.0,2,0,15,3,1,0,4.119530666666667,2.748756,5.8944,1.07082,3.299146,7.073931600000011,0.445134,5.08912,54.65086666666667,27.671819999999997,89.0884,-3.1136,0.30111100000000013,0.5283332,0.0,0.818333,7,5,0.445134,0.48150885
89.0884,28,0.0,2,0,15,3,3,0,5.8944,3.8647624,5.8944,0.569792,0.445134,3.0863384000000114,0.445134,9.00717,89.0884,49.985479999999995,89.0884,-14.2242,0.0,0.3443332,0.0,0.903333,7,5,0.445134,0.31145164
-21.0154,26,1.0,2,4,0,4,0,0,3.9296,3.6505984,5.8944,5.8944,1.253106,2.6423244000000112,0.445134,0.445134,52.38713333333334,46.40512,89.0884,89.0884,0.3333333333333335,0.38066659999999997,0.0,0.0,7,5,2.86905,5.2849364
-18.94,0,1.0,4,385,0,4,0,1,1.9648000000000003,3.53664,0.0,5.8944,5.1074280000000005,3.242510400000011,2.86905,0.445134,16.37766666666667,45.46195999999999,-21.0154,89.0884,0.6666666666666669,0.4,1.0,0.0,7,5,12.0081,7.534694
-6.37031,0,0.875,2,75,0,5,0,0,0.4093333333333336,2.60336,0.0,5.8944,7.352383333333333,4.589483600000011,12.0081,0.445134,-15.441903333333329,26.370217999999994,-18.94,89.0884,0.9583333333333335,0.575,1.0,0.0,7,5,7.18,2.0747848
-18.94,0,1.0,5,608,0,5,0,1,0.4093333333333336,1.42448,1.228,0.0,10.382966666666666,6.892616800000011,7.18,2.86905,-14.750103333333328,4.764537999999998,-6.37031,-21.0154,0.9583333333333335,0.775,0.875,1.0,7,5,11.9608,7.5160074
-9.54002,0,0.925,5,243,0,1,0,0,0.4584533333333336,0.275072,0.0,0.0,6.573917666666667,6.919780600000012,11.9608,12.0081,-11.616776666666661,-14.961146,-18.94,-18.94,0.9333333333333336,0.96,1.0,1.0,8,5,0.580953,12.931074
-20.1029,0,0.885,4,77,0,1,0,1,0.12443733333333362,0.3202624,0.14736,1.228,23.854184333333336,18.15013060000001,0.580953,7.18,-16.194306666666662,-14.778646,-9.54002,-6.37031,0.9366666666666669,0.937,0.925,0.875,8,5,59.0208,45.639744
-9.54002,0,0.9175,3,280,0,2,0,0,0.2325013333333336,0.38510079999999997,0.225952,0.0,26.395384333333336,19.665390600000013,59.0208,11.9608,-13.060979999999995,-12.89865,-20.1029,-18.94,0.9091666666666668,0.9205,0.885,1.0,8,5,19.5844,7.249394
-4.00849,2,0.705,3,6,2,2,0,1,0.5697913333333336,0.3713468,0.324192,0.14736,27.040616666666665,18.73272060000001,19.5844,0.580953,-11.217136666666663,-12.426286000000001,-9.54002,-9.54002,0.8358333333333334,0.8865000000000001,0.9175,0.925,8,5,2.51665,9.026861
-17.8332,0,0.885,9,219,0,3,0,0,0.7204260000000003,0.506918,1.15923,0.225952,14.36005,20.53638060000001,2.51665,59.0208,-10.460569999999995,-12.204926,-4.00849,-20.1029,0.8358333333333334,0.8634999999999999,0.705,0.885,8,5,20.9791,27.87001
-7.24741,0,1.0,3,0,0,3,0,1,0.6123620000000003,0.4774459999999999,0.677856,0.324192,7.8319166666666655,20.420190000000012,20.9791,19.5844,-9.696366666666663,-11.746404,-17.8332,-9.54002,0.8633333333333334,0.8785000000000001,0.885,0.9175,8,5,0.0,5.1824627
89.0884,28,0.0,2,0,15,3,10,0,2.1907520000000003,1.6111356000000001,0.0,1.15923,7.141382666666666,8.705039600000012,0.0,2.51665,21.33593,10.091855999999998,-7.24741,-4.00849,0.6283333333333334,0.7015,1.0,0.705,8,5,0.445048,1.0642755
89.0884,28,0.0,2,0,15,3,1,0,3.9296000000000006,2.7251772,5.8944,0.677856,0.29669866666666667,4.877169200000012,0.445048,20.9791,56.976463333333335,29.817539999999997,89.0884,-17.8332,0.3333333333333335,0.518,0.0,0.885,8,5,0.445048,0.21786281
89.0884,28,0.0,2,0,15,3,3,0,5.8944,3.6722112000000005,5.8944,0.0,0.445048,4.462848800000012,0.445048,0.0,89.0884,48.43691799999999,89.0884,-7.24741,0.0,0.37699999999999995,0.0,1.0,8,5,0.445048,0.35951453
-12.8137,0,0.99375,3,562,0,4,0,0,3.9459733333333333,3.5464639999999994,5.8944,5.8944,6.6554986666666665,4.082308800000012,0.445048,0.445048,55.12103333333334,49.440818,89.0884,89.0884,0.33125000000000016,0.39875,0.0,0.0,8,5,19.0764,13.356641
-4.38094,2,0.805,4,0,2,4,0,1,2.4920200000000006,3.852972,0.04912,5.8944,7.222026,4.511234800000013,19.0764,0.445048,23.964586666666666,50.014112,-12.8137,89.0884,0.5995833333333335,0.35975,0.99375,0.0,8,5,2.14463,7.746087
-12.0591,0,0.901,5,161,0,5,0,0,0.8514120000000003,2.8686072,1.53254,5.8944,12.651876666666666,7.769145200000013,2.14463,0.445048,-9.751246666666662,29.784611999999992,-4.38094,89.0884,0.8999166666666669,0.5399499999999999,0.805,0.0,8,5,16.7346,20.08743
0.466,6,0.813,2,36,4,5,0,1,1.4474020000000003,2.0571452,0.972576,0.04912,6.742446666666666,7.949757600000012,16.7346,19.0764,-5.324679999999995,12.060132,-12.0591,-12.8137,0.8396666666666669,0.70255,0.901,0.99375,8,5,1.34811,4.7444463
-19.0246,0,1.0,7,179,0,1,0,0,0.9365553333333336,0.8782651999999999,1.83709,1.53254,6.02757,7.8607480000000125,1.34811,2.14463,-10.205899999999994,-9.562467999999999,0.466,-4.38094,0.9046666666666668,0.90255,0.813,0.805,9,5,0.0,10.282772
7.90532,14,0.0,5,0,8,1,0,1,1.267296666666667,1.2614011999999997,0.0,0.972576,0.7310856666666666,4.214497400000012,0.0,16.7346,-3.5510933333333283,-5.418663999999999,-19.0246,-12.0591,0.6043333333333335,0.7038,1.0,0.901,9,5,0.845147,3.5371122
-19.0246,0,1.0,9,200,0,2,0,0,0.6549333333333337,0.9548931999999997,1.9648,1.83709,0.28171566666666664,3.7855714000000127,0.845147,1.34811,-10.047959999999994,-8.347396,7.90532,0.466,0.6666666666666669,0.7428,0.0,0.813,9,5,0.0,-7.2339106
-22.7878,0,1.0,3,398,0,2,0,1,0.6549333333333337,0.7603779999999999,0.0,0.0,0.28171566666666664,0.4386514000000128,0.0,0.0,-11.302359999999993,-10.493136,-19.0246,-19.0246,0.6666666666666669,0.7626,1.0,1.0,9,5,0.0,4.188761
-8.72846,0,0.986667,3,298,0,3,0,0,0.026197333333333628,0.4086783999999998,0.0,1.9648,29.5017,17.870049400000013,0.0,0.845147,-16.846953333333328,-12.332028,-22.7878,7.90532,0.9955556666666668,0.7973334,1.0,0.0,9,5,88.5051,28.198635
-22.7878,0,1.0,3,602,0,3,0,1,0.026197333333333628,0.4086783999999998,0.078592,0.0,29.5017,17.870049400000013,88.5051,0.0,-18.101353333333325,-13.084667999999999,-8.72846,-19.0246,0.9955556666666668,0.7973334,0.986667,1.0,9,5,0.0,-6.687055
89.0884,28,0.0,2,0,15,3,10,0,1.9909973333333337,1.1945983999999998,0.0,0.0,29.650026999999998,17.790016200000014,0.0,0.0,19.19071333333334,3.151947999999996,-22.7878,-22.7878,0.6622223333333335,0.7973334,1.0,1.0,9,5,0.444981,5.21759
89.0884,28,0.0,2,0,15,3,1,0,3.9296,2.3734783999999998,5.8944,0.078592,0.29665400000000003,17.879012400000015,0.444981,88.5051,51.79633333333334,24.774547999999996,89.0884,-8.72846,0.3333333333333335,0.5973333999999999,0.0,0.986667,9,5,0.444981,0.23935004
89.0884,28,0.0,2,0,15,3,3,0,5.8944,3.5523584,5.8944,0.0,0.444981,17.96800860000001,0.444981,0.0,89.0884,47.14978799999999,89.0884,-22.7878,0.0,0.39733339999999995,0.0,1.0,9,5,0.444981,0.4032129
-21.4203,0,0.9075,4,291,0,4,0,0,4.171925333333333,3.6820352,5.8944,5.8944,6.360120666666667,3.905068600000014,0.444981,0.444981,52.252166666666675,44.611419999999995,89.0884,89.0884,0.30250000000000016,0.38149999999999995,0.0,0.0,9,5,18.1904,15.500516
-23.6366,0,0.9925,4,765,0,4,0,1,2.2267733333333335,3.693824,0.726976,5.8944,35.58479366666666,21.528868600000017,18.1904,0.444981,14.677166666666674,44.44166,-21.4203,89.0884,0.6333333333333334,0.38,0.9075,0.0,9,5,88.119,89.78151
-3.58828,2,0.856,4,0,2,5,0,0,0.733526666666667,2.7978759999999996,0.058944,5.8944,36.09742333333333,21.836446400000018,88.119,0.444981,-16.21505999999999,25.906323999999994,-23.6366,89.0884,0.9186666666666667,0.5511999999999999,0.9925,0.0,9,5,1.98287,4.350216
-22.7878,0,1.0,3,203,0,5,0,1,0.4912013333333336,1.6189959999999999,1.41466,0.726976,30.033956666666665,21.747450200000017,1.98287,18.1904,-16.670893333333325,3.531083999999995,-3.58828,-21.4203,0.9495000000000001,0.7512,0.856,0.9075,9,5,0.0,41.432964
6.39078,12,0.035,3,2,7,1,0,0,1.1035633333333337,0.8193219999999999,0.0,0.058944,1.1713199999999953,21.964672000000014,0.0,88.119,-6.661766666666658,-13.008440000000002,-22.7878,-23.6366,0.6303333333333334,0.7582,1.0,0.9925,10,5,1.53109,2.8936675
-17.4844,0,1.0,3,816,0,1,0,1,0.6320100000000003,0.6739267999999998,1.89603,1.41466,0.5103633333333286,18.326592000000016,1.53109,1.98287,-11.29380666666666,-12.221260000000004,6.39078,-3.58828,0.6783333333333333,0.7767,0.035,0.856,10,5,0.0,-9.20142
-4.19018,2,0.38,4,54,2,2,0,0,1.4441266666666668,1.1494079999999998,0.0,0.0,1.5398366666666619,1.320476000000017,0.0,0.0,-5.094599999999991,-8.331976000000003,-17.4844,-22.7878,0.47166666666666685,0.6542,1.0,1.0,10,5,3.08842,3.5001276
-18.5588,0,1.0,3,55,0,2,0,1,0.8121166666666669,0.8664759999999998,2.43635,1.89603,20.48780666666666,12.598902000000017,3.08842,1.53109,-13.411126666666659,-11.326080000000003,-4.19018,6.39078,0.7933333333333334,0.683,0.38,0.035,10,5,58.375,28.361206
-19.7434,0,0.923333,4,335,0,3,0,0,0.9627513333333336,0.9568567999999997,0.0,0.0,28.37750666666666,17.332722000000018,58.375,0.0,-14.16412666666666,-10.717200000000004,-18.5588,-17.4844,0.7677776666666668,0.6676666,1.0,1.0,10,5,23.6691,32.187164
-11.5347,0,1.0,4,65,0,3,0,1,0.15063466666666694,0.5776507999999998,0.451904,2.43635,27.34803333333333,17.026504000000017,23.6691,3.08842,-16.612299999999994,-14.302296000000004,-19.7434,-4.19018,0.9744443333333335,0.8606666000000001,0.923333,0.38,10,5,0.0,22.011703
89.0884,28,0.0,2,0,15,3,10,0,2.115434666666667,1.7565307999999997,0.0,0.0,8.038008999999995,17.115489400000016,0.0,58.375,19.270100000000006,7.0122639999999965,-11.5347,-18.5588,0.6411110000000001,0.6606666,1.0,1.0,10,5,0.444927,1.3382969
89.0884,28,0.0,2,0,15,3,1,0,3.9296000000000006,2.4481408,5.8944,0.451904,0.2966179999999953,16.586790800000017,0.444927,23.6691,55.547366666666676,25.667979999999993,89.0884,-19.7434,0.3333333333333335,0.5846666,0.0,0.923333,10,5,0.444927,0.3516437
89.0884,28,0.0,2,0,15,3,3,0,5.8944,3.6270207999999995,5.8944,0.0,0.444927,5.000776200000017,0.444927,0.0,89.0884,47.19741999999999,89.0884,-11.5347,0.0,0.38466659999999997,0.0,1.0,10,5,0.444927,0.40120333
9.81433,16,0.0575,5,10,9,4,0,0,6.398700000000001,5.0181,5.8944,5.8944,0.7092313333333286,0.514524200000017,0.444927,0.444927,62.66371000000001,53.108965999999995,89.0884,89.0884,0.019166666666666814,0.21150000000000002,0.0,0.0,10,5,1.23784,1.363843
-37.7224,0,1.0,4,414,0,4,0,1,4.4339,5.0181,7.4073,5.8944,10.323922333333329,6.372324200000017,1.23784,0.444927,20.39344333333334,47.87142599999999,9.81433,89.0884,0.3525000000000002,0.21150000000000002,0.0575,0.0,10,5,29.289,35.46507
-16.4438,0,0.998,3,532,0,5,0,0,2.4756493333333336,3.8431495999999994,0.0,5.8944,13.807213333333328,8.462298800000017,29.289,0.444927,-14.78395666666666,26.764985999999993,-37.7224,89.0884,0.6851666666666668,0.41109999999999997,1.0,0.0,10,5,10.8948,15.876714
-35.1994,0,1.0,4,277,0,5,0,1,0.006549333333333629,2.6642696,0.019648,7.4073,28.839033333333333,17.63997340000002,10.8948,1.23784,-29.788533333333323,1.9074259999999952,-16.4438,9.81433,0.9993333333333334,0.6111,0.998,0.0575,10,5,46.3333,46.1842
-14.3372,0,0.7,4,372,0,1,0,0,0.20302933333333362,1.6032775999999997,0.0,0.0,24.300233333333328,20.685508000000016,46.3333,29.289,-21.99346666666666,-18.777694000000004,-35.1994,-37.7224,0.8993333333333334,0.7510999999999999,1.0,1.0,11,5,15.6726,19.138044
-14.4023,0,0.86,3,383,0,1,0,1,0.28817066666666696,0.17683199999999982,0.58944,0.019648,37.78766666666666,30.709360000000014,15.6726,10.8948,-21.312966666666657,-23.621020000000005,-14.3372,-16.4438,0.8533333333333335,0.9116,0.7,0.998,11,5,51.3571,42.247852
-13.3184,0,0.8825,4,285,0,2,0,0,0.44208000000000025,0.2691775999999998,0.275072,0.0,28.664399999999997,28.64426000000002,51.3571,46.3333,-14.019299999999992,-18.740220000000004,-14.4023,-35.1994,0.8141666666666669,0.8881,0.86,1.0,11,5,18.9635,24.4745
-22.4799,0,1.0,3,498,0,2,0,1,0.2456000000000003,0.2652479999999998,0.461728,0.58944,30.234566666666662,30.541920000000015,18.9635,15.6726,-16.733533333333327,-19.947440000000004,-13.3184,-14.3372,0.9141666666666669,0.8885,0.8825,0.7,11,5,20.3831,34.43743
8.15847,14,0.02,2,8,8,3,0,0,2.079412666666667,1.4205499999999998,0.0,0.275072,13.603269999999995,21.567902000000014,20.3831,51.3571,-9.21327666666666,-11.275866000000004,-22.4799,-14.4023,0.6341666666666669,0.6925,1.0,0.86,11,5,1.46321,1.3789581
-13.4065,24,0.896667,2,60,0,3,0,1,2.128532666666667,1.4244795999999997,5.77651,0.461728,11.906069999999994,21.207762000000017,1.46321,18.9635,-9.242643333333326,-11.089726000000002,8.15847,-13.3184,0.6388890000000003,0.7318334,0.02,0.8825,11,5,13.8719,16.289562
89.0884,28,0.0,2,0,15,3,10,0,4.093332666666667,2.5483452,0.609088,0.0,5.259997666666663,11.025318600000016,13.8719,20.3831,27.946790000000004,9.608413999999996,-13.4065,-22.4799,0.3055556666666669,0.5598333999999999,0.896667,1.0,11,5,0.444883,0.24971794
89.0884,28,0.0,2,0,15,3,1,0,4.132629333333334,3.634879599999999,5.8944,5.77651,4.920555333333328,7.321595200000017,0.444883,1.46321,54.92343333333334,30.089773999999995,89.0884,8.15847,0.29888900000000024,0.3833334,0.0,0.02,11,5,0.444883,0.6977836
89.0884,28,0.0,2,0,15,3,3,0,5.8944,4.813759599999999,5.8944,0.609088,0.444883,3.333951800000017,0.444883,13.8719,89.0884,52.40343399999999,89.0884,-13.4065,0.0,0.1833334,0.0,0.896667,11,5,0.444883,0.107897356
-11.736,0,0.84875,4,188,0,4,0,0,4.325833333333334,3.8961976,5.8944,5.8944,1.7540553333333284,3.9157898000000175,0.444883,0.444883,55.48026666666667,48.42453999999999,89.0884,89.0884,0.28291666666666687,0.3490834,0.0,0.0,11,5,4.3724,5.7935286
-4.22972,2,1.0,3,317,2,4,0,1,2.3610333333333338,3.7743799999999994,1.1887,5.8944,5.608460999999996,3.543029800000017,4.3724,0.444883,24.374226666666672,50.259896,-11.736,89.0884,0.6162500000000003,0.36974999999999997,0.84875,0.0,11,5,12.0081,10.39407
-32.3164,0,1.0,5,496,0,5,0,0,0.39623333333333366,2.5955,0.0,5.8944,6.8692566666666615,4.299507200000017,12.0081,0.444883,-16.094039999999993,25.978935999999994,-4.22972,89.0884,0.9495833333333336,0.56975,1.0,0.0,11,5,4.22727,5.5784073
-18.94,0,1.0,3,366,0,5,0,1,0.0,1.4166199999999995,0.0,1.1887,9.39872333333333,6.602690600000017,4.22727,4.3724,-18.495373333333323,4.373255999999994,-32.3164,-11.736,1.0,0.7697499999999999,1.0,0.84875,11,5,11.9608,18.946293
37.2968,28,0.065,2,8,15,1,0,0,0.6123633333333336,0.6051579999999996,0.0,0.0,7.11680333333333,7.546182000000018,11.9608,12.0081,-4.653199999999994,-5.985064000000004,-18.94,-4.22972,0.6883333333333336,0.78275,1.0,1.0,12,5,5.16234,1.5853926
-30.1689,0,0.855,7,189,0,1,0,1,0.7073286666666668,0.4243971999999996,1.83709,0.0,35.07601333333333,24.29268200000002,5.16234,4.22727,-3.93736666666666,-9.671644000000004,37.2968,-32.3164,0.6400000000000002,0.784,0.065,1.0,12,5,88.1049,65.80388
32.0407,28,0.0325,2,4,15,2,0,0,1.9746253333333337,1.1847751999999996,0.284896,0.0,31.426843333333327,22.093720000000015,88.1049,11.9608,13.05620000000001,-2.417560000000003,-30.1689,-18.94,0.3175000000000003,0.5905,0.855,1.0,12,5,1.01329,-0.28758428
-4.00849,2,0.7625,5,6,2,2,0,1,1.6733553333333335,1.3714311999999995,3.80189,1.83709,30.443169999999995,21.690530000000017,1.01329,5.16234,-0.7122299999999905,3.2440219999999966,32.0407,37.2968,0.5500000000000003,0.5429999999999999,0.0325,0.065,12,5,2.21132,12.485316
19.9748,28,0.788333,2,493,15,3,0,0,1.9942733333333338,1.6209611999999995,0.93328,0.284896,2.637286666666662,20.235820000000018,2.21132,88.1049,16.002336666666675,11.026981999999999,-4.00849,-30.1689,0.5277776666666669,0.5006666,0.7625,0.855,12,5,4.68725,8.533378
5.32555,8,0.0766667,7,0,5,3,0,1,2.5411433333333338,2.3420432,1.24765,3.80189,2.8645966666666616,19.542396000000018,4.68725,1.01329,7.097286666666675,4.632731999999997,19.9748,32.0407,0.5424999000000003,0.5029999399999999,0.788333,0.0325,12,5,1.69522,2.066871
89.0884,28,0.0,2,0,15,3,10,0,4.19485,3.4639439999999992,5.4425,0.93328,2.275771999999995,2.010385200000014,1.69522,2.21132,38.129583333333336,28.484191999999997,5.32555,-4.00849,0.2883332333333336,0.33199994,0.0766667,0.7625,12,5,0.444846,0.304734
89.0884,28,0.0,2,0,15,3,1,0,5.743766666666667,3.8824459999999994,5.8944,1.24765,0.8616373333333286,1.8966964000000144,0.444846,4.68725,61.16745000000001,39.89373199999999,89.0884,19.9748,0.025555566666666963,0.32549994,0.0,0.788333,12,5,0.444846,0.35573077
89.0884,28,0.0,2,0,15,3,3,0,5.8944,4.87467,5.8944,5.4425,0.444846,1.5434016000000141,0.444846,1.69522,89.0884,58.51311,89.0884,5.32555,0.0,0.17299994,0.0,0.0766667,12,5,0.444846,0.35436553
-10.114,0,0.85875,4,115,0,4,0,0,4.299636666666667,4.847161999999999,5.8944,5.8944,1.715880666666662,1.4575416000000143,0.444846,0.444846,56.02093333333334,52.49534999999999,89.0884,89.0884,0.2862500000000003,0.18708334,0.0,0.0,12,5,4.25795,5.9545135
-6.65199,28,0.79375,2,5,0,4,0,1,2.875156666666667,4.082853999999999,1.11011,5.8944,2.176665333333329,1.4839376000000144,4.25795,0.444846,24.107470000000006,50.099841999999995,-10.114,89.0884,0.5508333333333336,0.33049999999999996,0.85875,0.0,12,5,1.8272,6.462904
0.903553,6,0.747,2,24,4,5,0,0,1.7388466666666667,3.4010679999999995,1.62096,5.8944,2.840823333333329,1.8824324000000143,1.8272,0.444846,-5.2874789999999905,32.46287259999999,-6.65199,89.0884,0.7998333333333335,0.47989999999999994,0.79375,0.0,12,5,2.43732,0.98371446
0.466,6,0.79,5,0,4,5,0,1,2.05649,2.6347959999999992,2.48547,1.11011,1.8185999999999953,2.031719200000014,2.43732,4.25795,-1.7608123333333239,14.738392599999994,0.903553,-10.114,0.776916666666667,0.6378999999999999,0.747,0.85875,12,5,1.19128,2.8899262
31.289,28,0.025,2,0,15,1,0,0,2.1547300000000003,1.8390519999999995,2.06304,1.62096,1.3401803333333284,2.0211382000000144,1.19128,1.8272,10.886184333333341,3.1785125999999977,0.466,-6.65199,0.5206666666666669,0.6429,0.79,0.79375,13,5,0.391941,1.7477359
-30.9828,0,0.88,3,356,0,1,0,1,1.4048320000000005,1.6641851999999997,1.91568,2.48547,26.608606999999992,16.818068200000013,0.391941,2.43732,0.25740000000001,-0.9952474000000023,31.289,0.903553,0.5650000000000003,0.64715,0.025,0.747,13,5,78.2426,67.83438
15.8534,22,0.025,3,0,12,2,0,0,1.9942720000000005,2.1062651999999997,0.235776,2.06304,26.443076333333323,16.591565800000012,78.2426,1.19128,5.386533333333343,3.5058305999999972,-30.9828,0.466,0.31000000000000033,0.4934,0.88,0.79,13,5,0.694688,2.6741562
-13.0236,0,0.7775,3,434,0,2,0,1,1.6471573333333336,1.7840383999999996,3.83136,1.91568,35.83489599999999,21.81758180000001,0.694688,0.391941,-9.384333333333323,0.7203999999999979,15.8534,31.289,0.5608333333333336,0.4995,0.025,0.025,13,5,28.5674,41.247253
-3.1136,2,0.895,3,0,2,3,0,0,1.7748693333333334,1.4952127999999996,0.874336,0.235776,11.231512666666662,22.465815800000012,28.5674,78.2426,-0.09459999999999032,0.004479999999997641,-13.0236,-30.9828,0.5658333333333336,0.5205,0.7775,0.88,13,5,4.43245,7.6438413
21.3446,28,0.81,2,194,15,3,0,1,0.871062666666667,1.3360647999999997,0.618912,3.83136,15.70371666666666,25.209687600000013,4.43245,0.694688,1.7358000000000093,-1.984400000000003,-3.1136,15.8534,0.8275000000000002,0.6775,0.895,0.025,13,5,14.1113,14.257089
89.0884,28,0.0,2,0,15,3,10,0,2.5444173333333335,2.4677895999999997,1.11994,0.874336,6.329521666666661,9.650130600000015,14.1113,28.5674,35.77313333333334,22.029839999999997,21.3446,-13.0236,0.5683333333333337,0.5015000000000001,0.81,0.7775,13,5,0.444815,0.23888874
89.0884,28,0.0,2,0,15,3,1,0,4.302913333333334,2.8803976,5.8944,0.618912,5.000309999999995,9.600156000000014,0.444815,4.43245,66.50713333333333,36.67683999999999,89.0884,-3.1136,0.2700000000000003,0.4965,0.0,0.895,13,5,0.444815,0.6046678
89.0884,28,0.0,2,0,15,3,3,0,5.8944,3.8844104,5.8944,1.11994,0.444815,3.975639000000014,0.444815,14.1113,89.0884,57.09923999999999,89.0884,21.3446,0.0,0.341,0.0,0.81,13,5,0.444815,0.21053739
-11.2569,26,1.0,2,9,0,4,0,0,3.9296000000000006,3.7606279999999996,5.8944,5.8944,1.2528933333333285,3.662959000000014,0.444815,0.444815,55.63996666666667,55.47058,89.0884,89.0884,0.33333333333333365,0.362,0.0,0.0,13,5,2.86905,4.0228753
-23.6366,0,1.0,4,869,0,4,0,1,1.9648000000000003,3.53664,0.0,5.8944,30.477621666666664,18.464499000000014,2.86905,0.444815,18.064966666666667,46.47434,-11.2569,89.0884,0.666666666666667,0.4,1.0,0.0,13,5,88.119,72.75979
-18.1825,0,0.888,3,333,0,5,0,0,0.3667633333333336,2.5778179999999997,0.0,5.8944,31.311793333333327,18.965002000000013,88.119,0.444815,-17.691999999999997,25.020159999999997,-23.6366,89.0884,0.9626666666666669,0.5776,1.0,0.0,13,5,2.94733,7.3970137
-22.7878,0,1.0,5,415,0,5,0,1,0.3667633333333336,1.3989379999999998,1.10029,0.0,30.35544333333333,18.876039000000013,2.94733,2.86905,-21.535633333333333,2.6449199999999946,-18.1825,-11.2569,0.9626666666666669,0.7776,0.888,1.0,13,5,0.0,48.83931
2.44399,6,0.03,2,0,4,1,0,0,1.0020500000000003,0.6012299999999996,0.0,0.0,1.1883833333333333,18.910640000000015,0.0,88.119,-12.842103333333329,-14.683962000000005,-22.7878,-23.6366,0.6393333333333336,0.7836,1.0,1.0,14,5,0.61782,2.6431584
7.90532,14,0.0,5,0,8,1,0,1,1.2902200000000004,0.9941899999999997,1.90586,1.10029,0.43154833333333337,18.472195000000013,0.61782,2.94733,-4.146163333333329,-10.851518000000002,2.44399,-18.1825,0.34333333333333355,0.5835999999999999,0.03,0.888,14,5,0.676825,3.6529121
2.44399,6,0.385,4,0,4,2,0,0,2.095786666666667,1.4775299999999998,1.9648,0.0,0.8674750000000001,1.1099510000000143,0.676825,0.0,4.264433333333337,-5.635400000000002,7.90532,-22.7878,0.1383333333333336,0.4606,0.0,1.0,14,5,1.30778,2.3415983
-18.5588,0,1.0,4,336,0,2,0,1,1.4605000000000004,1.2574719999999995,2.4167,1.90586,20.119868333333333,12.195485000000014,1.30778,0.61782,-2.7364966666666626,-5.7106600000000025,2.44399,2.44399,0.4616666666666669,0.483,0.385,0.03,14,5,58.375,46.43706
18.1389,26,1.0,2,386,14,3,0,0,0.8055666666666671,1.2574719999999995,0.0,1.9648,26.887293333333332,16.391305000000013,58.375,0.676825,0.6746966666666706,2.474679999999998,-18.5588,7.90532,0.7950000000000003,0.483,1.0,0.0,14,5,20.9791,16.96169
-7.24741,0,1.0,3,0,0,3,0,1,0.0,0.8762999999999999,0.0,2.4167,26.45136666666667,16.267741000000015,20.9791,1.30778,-2.555769999999996,0.536399999999998,18.1389,2.44399,1.0,0.677,1.0,0.385,14,5,0.0,12.469792
89.0884,28,0.0,2,0,15,3,10,0,1.9648000000000003,1.6622199999999996,0.0,0.0,7.141296333333333,16.221333800000014,0.0,58.375,33.32663,16.773015999999995,-7.24741,-18.5588,0.666666666666667,0.677,1.0,1.0,14,5,0.444789,1.0675422
89.0884,28,0.0,2,0,15,3,1,0,3.9296000000000006,2.35776,5.8944,0.0,0.296526,16.048735600000015,0.444789,20.9791,56.976463333333335,34.10189799999999,89.0884,18.1389,0.33333333333333354,0.6,0.0,1.0,14,5,0.444789,0.15773977
89.0884,28,0.0,2,0,15,3,3,0,5.8944,3.53664,5.8944,0.0,0.444789,4.462693400000014,0.444789,0.0,89.0884,55.63133799999999,89.0884,-7.24741,0.0,0.4,0.0,1.0,14,5,0.444789,0.35951453
-23.0966,0,0.9075,3,273,0,4,0,0,4.171925333333333,3.682035199999999,5.8944,5.8944,7.340792666666666,4.493433400000014,0.444789,0.444789,51.693400000000004,47.384237999999996,89.0884,89.0884,0.3025000000000002,0.3815,0.0,0.0,14,5,21.1328,16.926136
-37.7224,0,1.0,4,371,0,4,0,1,2.2071253333333334,3.682035199999999,0.726976,5.8944,16.955529666666667,10.351233400000016,21.1328,0.444789,9.423133333333334,41.28923999999999,-23.0966,89.0884,0.6358333333333336,0.3815,0.9075,0.0,14,5,29.289,36.00636
-4.89274,0,0.863,3,57,0,5,0,0,0.6909553333333336,2.7723331999999994,0.0,5.8944,19.125606666666666,11.653279600000015,29.289,0.444789,-21.903913333333332,22.493011999999993,-37.7224,89.0884,0.9235000000000002,0.5541,1.0,0.0,14,5,6.95502,3.4015667
-12.6221,0,0.982,6,164,0,5,0,1,0.5075740000000003,1.6288195999999995,1.34589,0.726976,49.34867333333333,33.924721800000015,6.95502,21.1328,-18.41241333333333,2.1509119999999955,-4.89274,-23.0966,0.9483333333333336,0.7505,0.863,0.9075,14,5,111.802,72.243
4.09508,8,0.035,6,2,5,1,0,0,1.1395840000000004,0.8291455999999997,0.176832,0.0,40.07555666666667,34.129694000000015,111.802,29.289,-4.473253333333329,-14.847752000000003,-12.6221,-37.7224,0.6266666666666668,0.7575000000000001,0.982,1.0,15,5,1.46965,3.107239
-17.4844,0,1.0,3,758,0,1,0,1,0.6909540000000004,0.6837503999999996,1.89603,1.34589,37.75721666666667,29.903134000000016,1.46965,6.95502,-8.670473333333328,-13.725312000000006,4.09508,-4.89274,0.6723333333333334,0.776,0.035,0.863,15,5,0.0,54.94531
-1.36234,4,0.215,5,6,3,2,0,0,1.6602566666666672,1.3006983999999995,0.0,0.176832,1.05843,24.386462000000016,0.0,111.802,-4.917219999999996,-6.453300000000004,-17.4844,-12.6221,0.4166666666666669,0.619,1.0,0.982,15,5,1.70564,3.8228352
-14.0147,0,0.8875,3,451,0,2,0,1,1.175606666666667,1.1199363999999998,3.08474,1.89603,11.97408,29.83877800000002,1.70564,1.46965,-10.95381333333333,-8.277692000000005,-1.36234,4.09508,0.7008333333333335,0.6239000000000001,0.215,0.035,15,5,34.2166,15.87948
-8.72846,0,0.978333,5,352,0,3,0,0,1.2181773333333337,1.1101123999999998,0.44208,0.0,29.882080000000002,18.223178000000015,34.2166,0.0,-8.035166666666662,-7.4989640000000035,-14.0147,-17.4844,0.6936110000000002,0.6231666,0.8875,1.0,15,5,53.724,43.582752
-22.7878,0,1.0,4,499,0,3,0,1,0.18993066666666694,0.7309063999999996,0.127712,3.08474,29.31353333333333,17.929248000000015,53.724,1.70564,-15.176986666666663,-12.875540000000006,-8.72846,-1.36234,0.9552776666666668,0.8161666000000001,0.978333,0.215,15,5,0.0,19.669132
89.0884,28,0.0,2,0,15,3,10,0,2.007370666666667,1.9097863999999998,0.0,0.44208,18.056255333333333,18.018201200000014,0.0,34.2166,19.190713333333335,8.439019999999996,-22.7878,-14.0147,0.6594443333333336,0.6161665999999999,1.0,0.8875,15,5,0.444766,2.6834764
89.0884,28,0.0,2,0,15,3,1,0,3.9296000000000006,2.4717183999999994,5.8944,0.127712,0.29651066666666664,17.766026400000015,0.444766,53.724,51.79633333333334,26.52916799999999,89.0884,-8.72846,0.33333333333333354,0.5731666,0.0,0.978333,15,5,0.444766,0.15781708
89.0884,28,0.0,2,0,15,3,3,0,5.8944,3.5621823999999997,5.8944,0.0,0.444766,11.011659600000016,0.444766,0.0,89.0884,47.149787999999994,89.0884,-22.7878,0.0,0.3956666,0.0,1.0,15,5,0.444766,0.4032129
-20.0559,0,0.92375,4,348,0,4,0,0,4.129354666666667,3.6564927999999997,5.8944,5.8944,7.077277333333334,4.335319600000018,0.444766,0.444766,52.706966666666666,44.88429999999999,89.0884,89.0884,0.3079166666666669,0.38475,0.0,0.0,15,5,20.3423,15.676105
-10.1466,0,0.9825,3,300,0,4,0,1,2.2104000000000004,3.6839999999999997,0.599264,5.8944,23.601955333333333,14.339079600000016,20.3423,0.444766,19.628633333333337,47.41253999999999,-20.0559,89.0884,0.6354166666666669,0.38125,0.92375,0.0,15,5,50.0188,42.470528
-12.0591,0,0.993,5,222,0,5,0,0,0.26852266666666696,2.5188735999999996,0.137536,5.8944,30.078933333333328,18.225266400000017,50.0188,0.444766,-14.087199999999996,27.183039999999995,-10.1466,89.0884,0.9664166666666669,0.57985,0.9825,0.0,15,5,19.8757,26.542934
-18.94,0,1.0,3,445,0,5,0,1,0.06876800000000029,1.3399935999999997,0.068768,0.599264,27.2851,20.528473200000015,19.8757,20.3423,-13.71523333333333,5.577359999999998,-12.0591,-20.0559,0.9918333333333336,0.7798499999999999,0.993,0.92375,15,5,11.9608,31.378475
1.95513,6,0.04,4,6,4,1,0,0,0.6516593333333336,0.5383555999999997,0.0,0.137536,11.093316666666666,20.728210000000015,11.9608,50.0188,-9.68132333333333,-11.849294,-18.94,-10.1466,0.677666666666667,0.7878499999999999,1.0,0.9825,16,5,1.44345,4.071932
-23.2521,0,0.885,3,243,0,1,0,1,0.7040540000000003,0.4636931999999997,1.88621,0.068768,26.177050000000005,29.685130000000015,1.44345,19.8757,-13.412323333333328,-12.488533999999998,1.95513,-12.0591,0.6416666666666669,0.7801,0.04,0.993,16,5,65.1269,36.38172
4.21721,10,0.055,3,14,6,2,0,0,1.9418773333333335,1.1788799999999997,0.225952,0.0,22.750963333333335,20.017878000000017,65.1269,11.9608,-5.693253333333328,-9.615772,-23.2521,-18.94,0.32666666666666694,0.5946,0.885,1.0,16,5,1.68254,1.8772787
-4.00849,2,0.76,6,0,2,2,0,1,1.6275086666666672,1.3537471999999997,3.71347,1.88621,22.98023666666667,16.46899200000002,1.68254,1.44345,-7.681126666666661,-8.00565,4.21721,1.95513,0.566666666666667,0.548,0.055,0.04,16,5,2.13127,9.764776
-19.7434,0,1.0,4,231,0,3,0,0,1.552191333333334,1.3537471999999997,0.943104,0.225952,9.16097,18.81065200000002,2.13127,65.1269,-6.511559999999996,-8.166329999999999,-4.00849,-23.2521,0.6050000000000003,0.548,0.76,0.885,16,5,23.6691,23.053394
-11.5347,0,0.993333,3,139,0,3,0,1,0.32746666666666696,0.9843643999999998,0.0,3.71347,100.80979,73.84776200000002,23.6691,1.68254,-11.762196666666663,-10.864296,-19.7434,4.21721,0.9177776666666669,0.7386666,1.0,0.055,16,5,276.629,187.4523
89.0884,28,0.0,2,0,15,3,10,0,1.9778986666666671,2.118054,0.039296,0.943104,100.24761533333333,60.91133120000002,276.629,2.13127,19.270100000000003,11.603804,-11.5347,-4.00849,0.6644443333333335,0.5616666,0.993333,0.76,16,5,0.444746,-1.3987529
89.0884,28,0.0,2,0,15,3,1,0,3.9426986666666672,2.5542399999999996,5.8944,0.0,92.50616400000001,60.66377240000003,0.444746,23.6691,55.54736666666667,28.578042,89.0884,-19.7434,0.33111100000000027,0.5506666,0.0,1.0,16,5,0.444746,-0.70372444
89.0884,28,0.0,2,0,15,3,3,0,5.8944,3.5444991999999997,5.8944,0.039296,0.444746,60.32646760000002,0.444746,276.629,89.0884,47.197419999999994,89.0884,-11.5347,0.0,0.3986666,0.0,0.993333,16,5,0.444746,-0.8248756
8.94191,16,0.005,3,5,9,4,0,0,6.536233333333333,5.1084792,5.8944,5.8944,0.6282903333333333,55.79172340000002,0.444746,0.444746,62.37290333333333,52.93448199999999,89.0884,89.0884,0.0016666666666669257,0.1996666,0.0,0.0,16,5,0.995379,1.8530251
-6.65199,28,1.0,2,0,0,4,0,1,4.571433333333334,5.100619999999999,7.8199,5.8944,1.0891083333333333,0.8313634000000227,0.995379,0.444746,30.45944,53.911024,8.94191,89.0884,0.33500000000000024,0.20099999999999998,0.005,0.0,16,5,1.8272,7.3484993
-3.58828,2,0.843,8,0,2,5,0,0,3.120756666666667,4.230213999999999,0.0,5.8944,1.5082663333333333,1.0828582000000229,1.8272,0.444746,-0.4327866666666618,35.375688,-6.65199,89.0884,0.6160000000000002,0.3696,1.0,0.0,16,5,1.70222,1.7278714
0.466,6,0.742,2,0,4,5,0,1,1.3589866666666672,3.5582519999999995,1.54237,7.8199,1.5391233333333334,1.2114990000000225,1.70222,0.995379,-3.2580899999999953,17.651208,-3.58828,8.94191,0.8616666666666669,0.518,0.843,0.005,16,5,1.08795,1.724809
29.5716,28,0.26,2,0,15,1,0,0,1.843636666666667,2.6701619999999995,2.53459,0.0,1.7522899999999997,1.6158898000000228,1.08795,1.8272,8.816440000000005,5.747847999999999,0.466,-6.65199,0.6150000000000003,0.5700000000000001,0.742,1.0,17,5,2.4667,3.9342458
-30.1689,0,1.0,9,206,0,1,0,1,1.3295133333333338,1.1061819999999998,1.45395,1.54237,30.553183333333333,19.037794000000023,2.4667,1.70222,-0.04376666666666177,-2.074314,29.5716,-3.58828,0.6673333333333336,0.769,0.26,0.843,17,5,88.1049,66.43361
-0.597304,4,0.6775,3,0,3,2,0,0,0.9070833333333338,1.3596419999999996,0.0,2.53459,30.80607333333333,19.041678000000022,88.1049,1.08795,-0.39820133333332874,-0.8633768000000005,-30.1689,0.466,0.6458333333333336,0.7045,1.0,0.742,17,5,1.84662,4.2574806
-15.8765,0,0.99,3,94,0,2,0,1,0.4355320000000003,1.0590271999999996,1.2673,1.45395,41.05374,25.343174000000023,1.84662,2.4667,-15.547567999999997,-3.3210208000000008,-0.597304,29.5716,0.889166666666667,0.7339,0.6775,0.26,17,5,33.2097,61.092247
9.30022,16,0.00666667,3,8,9,3,0,0,2.3872320000000005,1.7231291999999996,0.039296,0.0,12.063526666666666,25.352436000000022,33.2097,88.1049,-2.3911946666666624,-1.554176800000001,-15.8765,-30.1689,0.558055556666667,0.586833334,0.99,1.0,17,5,1.13426,0.7610706
-16.5397,24,1.0,2,2,0,3,0,1,1.9647986666666668,1.4323391999999997,5.8551,1.2673,16.071953333333333,27.633476000000023,1.13426,1.84662,-7.705326666666662,-10.776436800000003,9.30022,-0.597304,0.665555556666667,0.734833334,0.00666667,0.6775,17,5,13.8719,26.946104
89.0884,28,0.0,2,0,15,3,10,0,3.9165000000000005,2.6112192,0.0,0.039296,5.150296,10.101441600000022,13.8719,33.2097,27.282973333333334,13.075023199999999,-16.5397,-15.8765,0.335555556666667,0.534833334,1.0,0.99,17,5,0.444728,-0.5688509
89.0884,28,0.0,2,0,15,3,1,0,3.9296000000000006,3.5366391999999998,5.8944,5.8551,4.920452,9.821063200000022,0.444728,1.13426,53.87903333333333,31.012163999999995,89.0884,9.30022,0.33333333333333365,0.39933333400000004,0.0,0.00666667,17,5,0.444728,0.6977836
89.0884,28,0.0,2,0,15,3,3,0,5.8944,4.70766,5.8944,0.0,0.444728,3.268068800000022,0.444728,13.8719,89.0884,52.005143999999994,89.0884,-16.5397,0.0,0.201333334,0.0,1.0,17,5,0.444728,0.12979862
-10.114,0,0.97875,3,327,0,4,0,0,3.985269333333333,3.5700415999999997,5.8944,5.8944,2.9605886666666663,4.639678800000023,0.444728,0.444728,56.02093333333334,48.122299999999996,89.0884,89.0884,0.3262500000000003,0.39575000000000005,0.0,0.0,17,5,7.99231,8.860137
-23.6366,0,1.0,4,1000,0,4,0,1,2.0204693333333337,3.5700415999999997,0.167008,5.8944,32.185346,19.489098800000022,7.99231,0.444728,18.445933333333333,46.70292,-10.114,89.0884,0.6595833333333336,0.39575000000000005,0.97875,0.0,17,5,88.119,69.689835
-26.3628,0,0.905,3,509,0,5,0,0,0.36676266666666696,2.5778175999999995,0.0,5.8944,37.47040333333334,22.660133200000026,88.119,0.444728,-20.037799999999994,23.61268,-23.6366,89.0884,0.9612500000000003,0.57675,1.0,0.0,17,5,16.2999,8.984276
-22.7878,0,1.0,6,367,0,5,0,1,0.3110933333333336,1.3989375999999996,0.93328,0.167008,34.8063,22.571187600000023,16.2999,7.99231,-24.262399999999996,1.237439999999998,-26.3628,-10.114,0.9683333333333337,0.77675,0.905,0.97875,17,5,0.0,41.290264
29.5716,28,0.26,2,0,15,1,0,0,0.7957433333333336,0.5108475999999994,0.0,0.0,6.255533333333333,22.975582000000024,0.0,88.119,-6.526333333333327,-10.66592,-22.7878,-23.6366,0.721666666666667,0.82875,1.0,1.0,18,5,2.4667,5.0964336
-30.9828,0,1.0,3,654,0,1,0,1,0.4846500000000003,0.4774459999999994,1.45395,0.93328,26.9031,37.025640000000024,2.4667,16.2999,-8.06633333333333,-14.839679999999998,29.5716,-26.3628,0.7533333333333335,0.833,0.26,0.905,18,5,78.2426,44.831974
-31.6507,0,0.905,8,327,0,2,0,0,0.6090873333333336,0.5521083999999995,0.0,0.0,33.4382,23.322900000000022,78.2426,0.0,-11.020633333333329,-16.442500000000003,-30.9828,-22.7878,0.721666666666667,0.8140000000000001,1.0,1.0,18,5,19.6053,32.659027
-18.5588,0,1.0,4,312,0,2,0,1,0.12443733333333362,0.3654523999999995,0.373312,1.45395,52.074299999999994,31.73792000000002,19.6053,2.4667,-27.064099999999996,-14.8817,-31.6507,29.5716,0.9683333333333337,0.833,0.905,0.26,18,5,58.375,71.20521
-20.649,0,0.898333,4,459,0,3,0,0,0.3241920000000003,0.48530519999999944,0.0,0.0,28.799966666666666,33.42184000000002,58.375,78.2426,-23.6195,-14.45394,-18.5588,-30.9828,0.9344443333333338,0.8126666,1.0,1.0,18,5,8.4196,14.578627
5.32555,8,0.06,8,8,5,3,0,1,2.0466680000000004,1.3026631999999996,0.599264,0.373312,22.694166666666664,33.18608000000002,8.4196,19.6053,-11.294083333333328,-19.303150000000002,-20.649,-31.6507,0.652777666666667,0.7726666000000001,0.898333,0.905,18,5,1.2879,9.722201
89.0884,28,0.0,2,0,15,3,10,0,4.011468000000001,2.4815431999999995,5.54074,0.0,3.3840706666666667,17.626502400000025,1.2879,58.375,24.58831666666667,4.711089999999999,5.32555,-18.5588,0.31944433333333366,0.5726666,0.06,1.0,18,5,0.444712,0.32449195
89.0884,28,0.0,2,0,15,3,1,0,5.776513333333334,3.5857608,5.8944,0.599264,0.7257746666666667,13.794384800000023,0.444712,8.4196,61.16745,28.858909999999998,89.0884,-20.649,0.020000000000000295,0.39166660000000003,0.0,0.898333,18,5,0.444712,0.40691826
89.0884,28,0.0,2,0,15,3,3,0,5.8944,4.7646408,5.8944,5.54074,0.444712,2.208327200000023,0.444712,1.2879,89.0884,50.38834999999999,89.0884,5.32555,0.0,0.19166660000000002,0.0,0.06,18,5,0.444712,0.36649063
-11.2569,0,0.99625,5,205,0,4,0,0,3.9394240000000003,4.6506824,5.8944,5.8944,14.867208,9.266847200000024,0.444712,0.444712,55.63996666666667,52.266769999999994,89.0884,89.0884,0.3320833333333336,0.21125,0.0,0.0,18,5,43.7122,41.640404
-37.7224,0,1.0,5,187,0,4,0,1,1.9746240000000004,3.5425343999999996,0.029472,5.8944,24.481970666666665,14.867067200000026,43.7122,0.444712,13.369700000000002,43.65718,-11.2569,89.0884,0.6654166666666669,0.39925,0.99625,0.0,18,5,29.289,33.982105
-18.816,0,0.951,8,432,0,5,0,0,0.17028266666666694,2.4599295999999997,0.0,5.8944,28.470866666666666,17.260404800000025,29.289,0.444712,-22.59843333333333,22.076299999999996,-37.7224,89.0884,0.9824166666666669,0.58945,1.0,0.0,18,5,12.4114,37.196083
-12.6221,0,0.997,4,144,0,5,0,1,0.170282666666667,1.2869439999999996,0.481376,0.029472,52.5808,40.37986240000002,12.4114,43.7122,-23.053499999999996,1.7341999999999955,-18.816,-11.2569,0.9826666666666669,0.7888499999999999,0.951,0.99625,18,5,116.042,74.79609
-25.2547,0,1.0,8,233,0,1,0,0,0.170282666666667,0.10806399999999947,0.029472,0.0,42.8178,40.29092000000003,116.042,29.289,-18.897599999999994,-21.134420000000002,-12.6221,-37.7224,0.9826666666666669,0.98885,0.997,1.0,19,5,0.0,12.703182
7.90532,14,0.38,2,2,8,1,0,1,0.4158840000000003,0.3458055999999995,0.0,0.481376,42.0398,33.56396000000002,0.0,12.4114,-9.99049333333333,-17.301976000000003,-25.2547,-18.816,0.7923333333333336,0.8656,1.0,0.951,19,5,10.0774,12.320284
-21.2545,0,1.0,3,39,0,2,0,0,0.40606000000000037,0.3458055999999995,1.21818,0.029472,3.3591333333333337,27.70616000000003,10.0774,116.042,-12.867959999999997,-14.008396000000001,7.90532,-12.6221,0.7933333333333336,0.8656,0.38,0.997,19,5,0.0,-1.975106
-9.78025,0,0.93,3,188,0,2,0,1,0.49775066666666706,0.30454479999999945,0.0,0.0,14.635633333333336,31.989780000000025,0.0,0.0,-7.709809999999995,-12.201246000000001,-21.2545,-25.2547,0.7700000000000004,0.8614,1.0,1.0,19,5,33.8295,27.941864
-3.1136,2,0.901667,2,0,2,3,0,0,0.28489600000000037,0.4145735999999995,0.275072,1.21818,12.531533333333334,9.534400000000023,33.8295,10.0774,-11.382783333333329,-10.299546000000003,-9.78025,7.90532,0.9438890000000003,0.8423334,0.93,0.38,19,5,3.7651,2.2242184
-8.12515,0,0.981667,3,247,0,3,0,1,0.3209173333333337,0.4361863999999994,0.579616,0.0,18.207700000000003,12.940100000000024,3.7651,0.0,-7.006333333333328,-6.873636000000003,-3.1136,-21.2545,0.9377780000000003,0.8386668,0.901667,1.0,19,5,17.0285,22.08967
89.0884,28,0.0,2,0,15,3,10,0,2.1940266666666672,1.3714303999999995,0.108064,0.275072,7.079432666666665,11.013559600000026,17.0285,33.8295,25.949883333333336,9.362979999999997,-8.12515,-9.78025,0.6277780000000003,0.7626668000000001,0.981667,0.93,19,5,0.444698,-0.38920695
89.0884,28,0.0,2,0,15,3,1,0,3.9656213333333334,2.5503103999999994,5.8944,0.579616,5.972631999999998,11.102499200000025,0.444698,3.7651,56.683883333333334,31.43155999999999,89.0884,-3.1136,0.3272223333333336,0.5626668,0.0,0.901667,19,5,0.444698,1.1442955
89.0884,28,0.0,2,0,15,3,3,0,5.8944,3.674176,5.8944,0.108064,0.444698,4.425538800000023,0.444698,17.0285,89.0884,51.20528999999999,89.0884,-8.12515,0.0,0.3766668,0.0,0.981667,19,5,0.444698,0.18847106
-23.0966,0,1.0,4,177,0,4,0,0,3.9296,3.5582527999999995,5.8944,5.8944,7.340731999999998,7.899078800000024,0.444698,0.444698,51.693400000000004,47.20869,89.0884,89.0884,0.33333333333333365,0.3963334,0.0,0.0,19,5,21.1328,19.46848
-33.8253,0,0.90125,4,326,0,4,0,1,2.223498666666667,3.6918591999999997,0.0,5.8944,16.932732666666666,10.337518800000023,21.1328,0.444698,10.722166666666672,42.068659999999994,-23.0966,89.0884,0.6337500000000004,0.38025000000000003,1.0,0.0,19,5,29.2207,30.212248
8.19655,14,0.439,2,10,8,5,0,0,2.0957853333333336,3.6152311999999993,0.776096,5.8944,17.17957,10.485621200000022,29.2207,0.444698,-16.241783333333327,25.890289999999993,-33.8253,89.0884,0.7800833333333337,0.46805,0.90125,0.0,19,5,1.18521,3.603993
-22.6762,0,0.868,4,524,0,5,0,1,2.5280420000000006,2.6957051999999995,5.51126,0.0,14.117136666666665,12.785781600000023,1.18521,21.1328,-16.101649999999992,3.537369999999997,8.19655,-23.0966,0.7360833333333336,0.64165,0.439,1.0,19,5,11.9455,14.393271
-21.2545,0,1.0,4,75,0,1,0,0,2.2693433333333335,1.5168251999999995,1.29677,0.776096,4.37690333333333,12.696842000000021,11.9455,29.2207,-11.911383333333328,-18.531210000000005,-22.6762,-33.8253,0.7690000000000002,0.8416499999999999,0.868,0.90125,20,5,0.0,4.695649
-17.4844,0,1.0,3,242,0,1,0,1,0.43225666666666696,1.5168251999999995,0.0,5.51126,3.9818333333333307,8.470282000000022,0.0,1.18521,-20.471699999999995,-17.40877,-21.2545,8.19655,0.9560000000000004,0.8416499999999999,1.0,0.439,20,5,0.0,1.55462
-12.2954,0,0.995,3,167,0,2,0,0,0.006549333333333629,1.3655355999999994,0.0,1.29677,62.0,39.82614200000002,0.0,11.9455,-17.01143333333333,-13.102790000000002,-17.4844,-22.6762,0.9983333333333335,0.8603999999999999,1.0,0.868,20,5,186.0,90.237335
-2.92729,2,0.685,3,12,2,2,0,1,0.41915600000000025,0.5108475999999994,0.019648,0.0,62.75457333333333,40.04184400000002,186.0,0.0,-10.902363333333328,-15.327558000000002,-12.2954,-21.2545,0.8933333333333336,0.9096,0.995,1.0,20,5,2.26372,2.3144233
-8.85805,26,0.896667,2,4,0,3,0,0,0.6221853333333337,0.3733111999999994,1.23782,0.0,70.94400666666667,42.56640400000002,2.26372,0.0,-8.026913333333328,-12.563928,-2.92729,-17.4844,0.8588890000000003,0.9153334000000001,0.685,1.0,20,5,24.5683,46.699364
-7.24741,0,1.0,3,0,0,3,0,1,0.6156360000000003,0.3733111999999994,0.609088,0.019648,8.944006666666667,42.56640400000002,24.5683,186.0,-6.344249999999995,-9.762510000000002,-8.85805,-12.2954,0.8605556666666669,0.9153334000000001,0.896667,0.995,20,5,0.0,8.735992
89.0884,28,0.0,2,0,15,3,10,0,2.1678293333333336,1.5521911999999993,0.0,1.23782,8.337661666666667,42.65534100000002,0.0,2.26372,24.32764666666667,11.552049999999998,-7.24741,-2.92729,0.6322223333333336,0.7153334,1.0,0.685,20,5,0.444685,1.0670156
89.0884,28,0.0,2,0,15,3,1,0,3.9296000000000006,2.7271415999999995,5.8944,0.609088,0.29645666666666665,5.5442780000000225,0.444685,24.5683,56.976463333333335,31.828809999999997,89.0884,-8.85805,0.33333333333333365,0.5163334,0.0,0.896667,20,5,0.444685,0.045645803
89.0884,28,0.0,2,0,15,3,3,0,5.8944,3.6584575999999998,5.8944,0.0,0.444685,5.180471000000023,0.444685,0.0,89.0884,50.231947999999996,89.0884,-7.24741,0.0,0.37933340000000004,0.0,1.0,20,5,0.444685,0.35951453
-20.0559,0,1.0,4,423,0,4,0,0,3.9296000000000006,3.53664,5.8944,5.8944,7.077223333333333,4.335271000000023,0.444685,0.444685,52.706966666666666,47.992377999999995,89.0884,89.0884,0.33333333333333365,0.4,0.0,0.0,20,5,20.3423,13.960841
-23.3722,28,1.0,2,16,0,4,0,1,1.9648000000000005,3.53664,0.0,5.8944,7.5380616666666675,4.700711000000023,20.3423,0.444685,15.220100000000002,44.767419999999994,-20.0559,89.0884,0.666666666666667,0.4,1.0,0.0,20,5,1.8272,4.1509233
-18.1825,0,1.0,3,142,0,5,0,0,0.0,2.35776,0.0,5.8944,8.372276666666666,5.2012400000000225,1.8272,0.444685,-20.536866666666665,23.313239999999997,-23.3722,89.0884,1.0,0.6,1.0,0.0,20,5,2.94733,15.205403
0.466,6,0.724,5,0,4,5,0,1,0.9038066666666672,1.7211639999999995,0.0,0.0,1.9243689999999998,5.312018400000023,2.94733,20.3423,-13.69623333333333,5.588759999999999,-18.1825,-20.0559,0.9080000000000004,0.7448,1.0,1.0,20,5,0.998577,3.2746568
-17.9238,0,0.84,10,252,0,1,0,0,1.0085960000000005,0.6051575999999994,2.71142,0.0,12.343569,11.840041400000024,0.998577,1.8272,-11.880099999999993,-15.81368,0.466,-23.3722,0.854666666666667,0.9128000000000001,0.724,1.0,21,5,33.0848,22.97211
-23.2521,0,1.0,5,278,0,1,0,1,1.0085960000000005,0.6051575999999994,0.314368,0.0,33.070092333333335,20.796961400000026,33.0848,2.94733,-13.56996666666666,-16.45292,-17.9238,-18.1825,0.854666666666667,0.9128000000000001,0.84,1.0,21,5,65.1269,48.15996
-18.7015,0,0.925,4,558,0,2,0,0,0.20302933333333392,0.6641015999999994,0.0,2.71142,32.98405866666667,20.579616600000026,65.1269,0.998577,-19.959133333333327,-15.518779999999998,-23.2521,0.466,0.921666666666667,0.8977999999999999,1.0,0.724,21,5,0.740476,12.856614
-15.8765,0,0.995,3,76,0,2,0,1,0.10478933333333391,0.6680311999999995,0.29472,0.314368,36.082858666666674,28.46639060000003,0.740476,33.0848,-19.276699999999995,-15.057579999999998,-18.7015,-17.9238,0.9733333333333336,0.8968,0.925,0.84,21,5,42.3812,50.102238
-15.4146,0,0.885,4,205,0,3,0,0,0.33074133333333394,0.26131839999999945,0.019648,0.0,23.798492,33.921435200000026,42.3812,65.1269,-16.664199999999994,-18.2337,-15.8765,-23.2521,0.9350000000000004,0.9289999999999999,0.995,1.0,21,5,28.2738,14.644259
-23.9329,0,0.903333,5,366,0,3,0,1,0.4224320000000006,0.31240319999999944,0.677856,0.29472,29.9693,31.155055200000028,28.2738,0.740476,-18.407999999999998,-19.43552,-15.4146,-18.7015,0.9277776666666671,0.9416665999999999,0.885,0.925,21,5,19.2529,28.052898
89.0884,28,0.0,2,0,15,3,10,0,2.3806826666666674,1.4912831999999994,0.569792,0.019648,15.990458000000002,18.218610000000023,19.2529,42.3812,16.5803,3.0325799999999985,-23.9329,-15.8765,0.5961110000000004,0.7416666000000001,0.903333,0.995,21,5,0.444674,2.028734
89.0884,28,0.0,2,0,15,3,1,0,4.119530666666667,2.6112191999999994,5.8944,0.677856,6.714082666666667,18.159449600000023,0.444674,28.2738,51.414633333333335,24.59056,89.0884,-15.4146,0.30111100000000035,0.5566666,0.0,0.885,21,5,0.444674,0.9243092
89.0884,28,0.0,2,0,15,3,3,0,5.8944,3.7861695999999996,5.8944,0.569792,0.444674,9.772144400000023,0.444674,19.2529,89.0884,45.58353999999999,89.0884,-23.9329,0.0,0.35766660000000006,0.0,0.903333,21,5,0.444674,0.26855034
9.82264,16,0.0075,5,5,9,4,0,0,6.529686666666667,5.2106504000000005,5.8944,5.8944,0.597975,4.298299800000023,0.444674,0.444674,62.66648,50.630987999999995,89.0884,89.0884,0.002500000000000333,0.1821666,0.0,0.0,21,5,0.904577,1.3419192
-23.6366,0,1.0,4,1000,0,4,0,1,4.564886666666667,5.096691999999999,7.80026,5.8944,29.82275033333333,18.071519800000022,0.904577,0.444674,25.09148,50.69024799999999,9.82264,89.0884,0.33583333333333365,0.2015,0.0075,0.0,21,5,88.119,72.58335
-4.89274,0,0.958,3,12,0,5,0,0,2.737622666666667,4.000333599999999,0.0,5.8944,31.79811566666666,19.25673900000002,88.119,0.444674,-6.235566666666663,31.894019999999994,-23.6366,89.0884,0.655166666666667,0.3931,1.0,0.0,21,5,6.37077,10.605802
-22.7878,0,1.0,3,371,0,5,0,1,0.13753600000000057,2.8214535999999995,0.412608,7.80026,31.496589999999998,19.167804200000024,6.37077,0.904577,-17.10571333333333,9.518779999999998,-4.89274,9.82264,0.9860000000000003,0.5931,0.958,0.0075,21,5,0.0,38.918266
-18.7015,0,0.925,6,586,0,1,0,0,0.1866560000000006,1.6720455999999992,0.0,0.0,2.3061296666666666,19.18839320000002,0.0,88.119,-15.460679999999996,-12.0392,-22.7878,-23.6366,0.9610000000000003,0.7781,1.0,1.0,22,5,0.547619,15.096274
-30.1689,0,1.0,4,193,0,1,0,1,0.04912000000000059,0.11199359999999947,0.14736,0.412608,29.550839666666665,36.62845780000002,0.547619,6.37077,-23.88606666666666,-20.037508000000003,-18.7015,-4.89274,0.9750000000000004,0.9766,0.925,0.958,22,5,88.1049,41.576244
-7.61783,0,0.925,3,77,0,2,0,0,0.14736000000000057,0.17093759999999944,0.0,0.0,29.756395333333334,19.127991200000025,88.1049,0.0,-18.829409999999996,-16.833754,-30.1689,-22.7878,0.9500000000000005,0.9616,1.0,1.0,22,5,0.616667,6.9211435
-18.5588,0,1.0,2,297,0,2,0,1,0.09824000000000059,0.08841599999999947,0.29472,0.14736,49.032188999999995,29.528837200000027,0.616667,0.547619,-18.78184333333333,-19.566966,-7.61783,-18.7015,0.9750000000000004,0.97,0.925,0.925,22,5,58.375,65.16298
-19.7434,0,1.0,4,216,0,3,0,0,0.09824000000000059,0.08841599999999947,0.0,0.0,27.553589,34.26265720000002,58.375,88.1049,-15.306676666666661,-18.958086,-18.5588,-30.1689,0.9750000000000004,0.97,1.0,1.0,22,5,23.6691,28.333763
-17.6092,0,1.0,3,44,0,3,0,1,0.0,0.05894399999999946,0.0,0.29472,119.5577,89.47893340000003,23.6691,0.616667,-18.637133333333328,-18.739626,-19.7434,-7.61783,1.0,0.9850000000000001,1.0,0.925,22,5,276.629,204.47728
89.0884,28,0.0,2,0,15,3,10,0,1.9648000000000005,1.2378239999999994,0.0,0.0,100.24758766666666,71.94688600000002,276.629,58.375,17.24526666666667,5.111833999999999,-17.6092,-18.5588,0.666666666666667,0.785,1.0,1.0,22,5,0.444663,-2.506432
89.0884,28,0.0,2,0,15,3,1,0,3.9296000000000006,2.35776,5.8944,0.0,92.50610866666665,71.91248520000002,0.444663,23.6691,53.52253333333334,24.453079999999996,89.0884,-19.7434,0.3333333333333337,0.6,0.0,1.0,22,5,0.444663,2.3708675
89.0884,28,0.0,2,0,15,3,3,0,5.8944,3.53664,5.8944,0.0,0.444663,60.32641780000002,0.444663,276.629,89.0884,45.98252,89.0884,-17.6092,0.0,0.4,0.0,1.0,22,5,0.444663,-0.14943723
-10.114,0,0.98875,3,414,0,4,0,0,3.9590720000000004,3.5543232,5.8944,5.8944,4.282841999999981,57.98443780000002,0.444663,0.444663,56.02093333333334,47.9084,89.0884,89.0884,0.32958333333333373,0.39775,0.0,0.0,22,5,11.9592,13.581112
-37.7224,0,1.0,4,130,0,4,0,1,1.9942720000000005,3.5543232,0.088416,5.8944,13.897620999999981,8.516437800000023,11.9592,0.444663,13.750666666666675,43.885760000000005,-10.114,89.0884,0.662916666666667,0.39775,0.98875,0.0,22,5,29.289,34.184902
-14.86,0,0.901,4,159,0,5,0,0,0.3536640000000006,2.5699583999999995,0.0,5.8944,20.275333333333318,12.343065200000023,29.289,0.444663,-20.89879999999999,23.096079999999994,-37.7224,89.0884,0.9632500000000004,0.5779500000000001,1.0,0.0,22,5,19.5778,12.488638
-12.6221,0,0.997,2,148,0,5,0,1,0.33401600000000053,1.3969727999999995,0.972576,0.088416,60.82493333333332,38.97573260000003,19.5778,11.9592,-21.734833333333324,2.7539799999999994,-14.86,-10.114,0.9660000000000003,0.77735,0.901,0.98875,22,5,133.608,69.213745
-7.6769,0,0.79,3,125,0,1,0,0,0.4715520000000006,0.30061439999999945,0.029472,0.0,58.99616666666666,43.64734000000003,133.608,29.289,-11.719666666666656,-16.59908,-12.6221,-37.7224,0.8960000000000004,0.93535,0.997,1.0,23,5,23.8027,22.504967
-30.9828,0,1.0,3,440,0,1,0,1,0.14736000000000057,0.28293119999999944,0.412608,0.972576,78.55109999999998,56.904020000000024,23.8027,19.5778,-17.093933333333325,-20.77284,-7.6769,-14.86,0.9290000000000003,0.9376,0.79,0.901,23,5,78.2426,101.142746
-7.74059,0,0.9875,3,316,0,2,0,0,0.15390933333333393,0.29275519999999944,0.0,0.029472,52.18176666666665,61.946220000000025,78.2426,133.608,-15.466763333333324,-14.776478000000001,-30.9828,-12.6221,0.9258333333333337,0.9351,1.0,0.997,23,5,54.5,34.543915
-35.6033,0,0.88,8,172,0,2,0,1,0.17355733333333392,0.19255039999999948,0.04912,0.412608,56.48046666666664,65.37042000000002,54.5,23.8027,-24.775563333333324,-18.925137999999997,-7.74059,-7.6769,0.9558333333333336,0.9309000000000001,0.9875,0.79,23,5,36.6988,58.763504
9.92651,16,0.0133333,2,16,9,3,0,0,2.1121606666666675,1.3498179999999995,0.471552,0.0,30.77154999999998,38.871990000000025,36.6988,78.2426,-11.139126666666657,-14.415415999999999,-35.6033,-30.9828,0.6269444333333337,0.73416666,0.88,1.0,23,5,1.11585,2.7494833
-16.5397,24,1.0,2,0,0,3,0,1,2.095787333333334,1.2672963999999995,5.81581,0.04912,17.22884999999998,36.88583000000003,1.11585,54.5,-14.072163333333322,-16.187976,9.92651,-7.74059,0.6311111000000004,0.77616666,0.0133333,0.9875,23,5,13.8719,12.12328
89.0884,28,0.0,2,0,15,3,10,0,3.903403333333334,2.4461763999999997,0.0,0.471552,5.144134666666647,21.326240800000022,13.8719,36.6988,27.49173666666668,7.826264,-16.5397,-35.6033,0.33777776666666703,0.5761666599999999,1.0,0.88,23,5,0.444654,0.17384349
89.0884,28,0.0,2,0,15,3,1,0,3.9296000000000006,3.615232399999999,5.8944,5.81581,4.920402666666647,10.515171600000022,0.444654,1.11585,53.87903333333333,27.192062,89.0884,9.92651,0.33333333333333365,0.37866666000000004,0.0,0.0133333,23,5,0.444654,0.6977836
89.0884,28,0.0,2,0,15,3,3,0,5.8944,4.699802,5.8944,0.0,0.444654,3.264342400000023,0.444654,13.8719,89.0884,52.13040199999999,89.0884,-16.5397,0.0,0.20266666,0.0,1.0,23,5,0.444654,0.12979862
-11.2569,0,0.985,9,246,0,4,0,0,3.9688960000000004,3.5602176,5.8944,5.8944,26.41450266666665,18.712012400000024,0.444654,0.444654,55.63996666666668,47.893719999999995,89.0884,89.0884,0.3283333333333337,0.39699999999999996,0.0,0.0,23,5,78.3542,70.224976
-33.8253,0,1.0,5,241,0,4,0,1,2.0040960000000005,3.5602176,0.117888,5.8944,36.00651799999998,21.781772400000023,78.3542,0.444654,14.668733333333341,44.4366,-11.2569,89.0884,0.6616666666666671,0.39699999999999996,0.985,0.0,23,5,29.2207,30.73363
-6.08134,0,0.613,4,16,0,5,0,0,1.3065926666666674,3.1417156,0.0,5.8944,36.40361666666665,22.020031600000024,29.2207,0.444654,-17.054513333333322,25.402651999999996,-33.8253,89.0884,0.8660000000000004,0.5196,1.0,0.0,23,5,1.63595,12.194416
-14.815,0,1.0,3,247,0,5,0,1,1.2672966666666674,1.9628355999999996,3.80189,0.117888,14.267383333333314,24.320200800000023,1.63595,78.3542,-18.240546666666656,4.621971999999999,-6.08134,-11.2569,0.8710000000000004,0.7196,0.613,0.985,23,5,11.9455,16.868818
-26.0794,0,0.845,5,314,0,1,0,0,1.368811333333334,0.8448643999999996,0.0,0.0,13.721449999999981,29.74785000000002,11.9455,29.2207,-15.658579999999992,-18.411588000000002,-14.815,-33.8253,0.8193333333333337,0.8886,1.0,1.0,24,5,27.5829,29.138628
-4.26518,2,0.19,5,3,2,1,0,1,0.6320113333333339,1.1395847999999995,0.304544,3.80189,16.01561666666665,15.78070000000002,27.5829,1.63595,-15.053193333333324,-17.013243999999997,-26.0794,-6.08134,0.6783333333333338,0.7296,0.845,0.613,24,5,8.51845,8.598272
-19.2826,0,0.7925,4,233,0,2,0,0,0.9038086666666673,1.3026631999999996,1.59149,0.0,20.95681666666665,15.290380000000022,8.51845,11.9455,-16.542393333333322,-14.104703999999998,-4.26518,-14.815,0.6091666666666671,0.6881,0.19,1.0,24,5,26.7691,25.394592
-2.92729,2,0.685,8,3,2,2,0,1,1.2149006666666673,0.7898491999999995,0.815392,0.304544,12.478203333333317,15.392602000000025,26.7691,27.5829,-8.825023333333323,-13.473893999999998,-19.2826,-26.0794,0.5558333333333337,0.7025,0.7925,0.845,24,5,2.14706,6.785786
-20.649,0,1.0,3,384,0,3,0,0,0.6844040000000007,0.7898491999999995,1.23782,1.59149,12.445253333333314,14.687422000000023,2.14706,8.51845,-14.286296666666658,-14.640694,-2.92729,-4.26518,0.8258333333333338,0.7025,0.685,0.19,24,5,8.4196,20.876215
5.32555,8,0.0,8,0,5,3,0,1,2.3774066666666673,1.9078203999999996,0.0,0.815392,3.8801633333333143,9.385608000000023,8.4196,26.7691,-6.083579999999991,-8.359703999999999,-20.649,-19.2826,0.5616666666666671,0.5335000000000001,1.0,0.7925,24,5,1.07383,2.0468154
89.0884,28,0.0,2,0,15,3,10,0,3.9296000000000006,2.7684023999999994,5.8944,1.23782,3.312691666666648,7.770847000000023,1.07383,2.14706,24.588316666666675,10.311011999999998,5.32555,-2.92729,0.33333333333333376,0.4955,0.0,0.685,24,5,0.444645,0.43483827
89.0884,28,0.0,2,0,15,3,1,0,5.8944,3.784204,5.8944,0.0,0.6543733333333144,2.505956000000023,0.444645,8.4196,61.16745,31.985212,89.0884,-20.649,0.0,0.337,0.0,1.0,24,5,0.444645,0.2874703
89.0884,28,0.0,2,0,15,3,3,0,5.8944,4.71552,5.8944,5.8944,0.444645,2.1654730000000226,0.444645,1.07383,89.0884,50.388349999999996,89.0884,5.32555,0.0,0.2,0.0,0.0,24,5,0.444645,0.36649063
-12.9713,0,0.97,4,233,0,4,0,0,4.008192,4.762675199999999,5.8944,5.8944,12.621229999999983,7.876433000000023,0.444645,0.444645,55.0685,51.92388999999999,89.0884,89.0884,0.32333333333333375,0.194,0.0,0.0,24,5,36.9744,35.382744
-23.3722,28,1.0,2,0,0,4,0,1,2.0433920000000008,3.5837951999999995,0.235776,5.8944,13.082081666666648,8.027107000000022,36.9744,0.444645,17.581633333333336,46.18434,-12.9713,89.0884,0.6566666666666671,0.394,0.97,0.0,24,5,1.8272,8.83537
-26.3628,0,1.0,4,303,0,5,0,0,0.07859200000000059,2.404915199999999,0.0,5.8944,18.367166666666648,11.198158000000024,1.8272,0.444645,-20.902099999999994,23.094099999999997,-23.3722,89.0884,0.9900000000000005,0.594,1.0,0.0,24,5,16.2999,27.006102
0.466,6,0.733,3,0,4,5,0,1,0.8743366666666672,1.7506371999999994,0.0,0.235776,6.356298666666649,11.297588200000023,16.2999,36.9744,-16.422999999999995,5.369619999999999,-26.3628,-12.9713,0.9110000000000005,0.7405999999999999,1.0,0.97,24,5,0.941796,1.6347646
-17.8927,0,1.0,8,188,0,1,0,0,0.8743366666666672,0.5717571999999994,2.62301,0.0,8.306755333333316,12.744373200000023,0.941796,1.8272,-14.596499999999997,-16.0266,0.466,-23.3722,0.9110000000000005,0.9405999999999999,0.733,1.0,25,5,7.67857,9.1295595
-17.4844,0,1.0,4,339,0,1,0,1,0.8743366666666672,0.5246019999999995,0.0,0.0,2.8734553333333146,5.3494932000000235,7.67857,16.2999,-11.63703333333333,-16.92922,-17.8927,-26.3628,0.9110000000000005,0.9466000000000001,1.0,1.0,25,5,0.0,6.231491
-8.72846,0,0.975,4,337,0,2,0,0,0.03274666666666726,0.5442499999999995,0.0,2.62301,13.486323333333315,11.540133200000023,0.0,0.941796,-14.70185333333333,-14.000471999999998,-17.4844,0.466,0.991666666666667,0.9416,1.0,0.733,25,5,32.7804,19.581861
-15.8765,0,0.9925,3,127,0,2,0,1,0.042570666666667256,0.5501443999999994,0.09824,0.0,26.64863333333331,17.713253200000022,32.7804,7.67857,-14.029786666666661,-11.903212,-8.72846,-17.8927,0.9891666666666671,0.9400999999999999,0.975,1.0,25,5,47.1655,24.203709
-3.1136,2,0.913333,3,0,2,3,0,0,0.21285333333333392,0.12771199999999946,0.029472,0.0,27.763473333333312,18.193798000000022,47.1655,0.0,-9.239519999999995,-12.619132,-15.8765,-17.4844,0.9602776666666669,0.9761666,0.9925,1.0,25,5,3.34452,3.294468
-8.12515,0,0.986667,3,347,0,3,0,1,0.2063040000000006,0.14343039999999946,0.510848,0.09824,22.534406666666644,20.07672400000002,3.34452,32.7804,-9.038416666666661,-10.665622,-3.1136,-8.72846,0.964166666666667,0.9734999999999999,0.913333,0.975,25,5,17.0932,20.687454
89.0884,28,0.0,2,0,15,3,10,0,2.1612800000000005,1.3223103999999997,0.078592,0.029472,6.960785666666648,20.165651400000023,17.0932,47.1655,25.949883333333336,10.648937999999998,-8.12515,-15.8765,0.6333333333333336,0.7735,0.986667,0.9925,25,5,0.444637,-0.39997208
89.0884,28,0.0,2,0,15,3,1,0,3.9557973333333343,2.4815423999999995,5.8944,0.510848,5.994157999999981,13.69849880000002,0.444637,3.34452,56.683883333333334,30.212309999999995,89.0884,-3.1136,0.3288890000000004,0.5785,0.0,0.913333,25,5,0.444637,1.2093734
89.0884,28,0.0,2,0,15,3,3,0,5.8944,3.654527999999999,5.8944,0.078592,0.444637,4.354326200000022,0.444637,17.0932,89.0884,51.20528999999999,89.0884,-8.12515,0.0,0.38,0.0,0.986667,25,5,0.444637,0.26651385
-20.0559,0,1.0,4,268,0,4,0,0,3.9296000000000006,3.5523584,5.8944,5.8944,7.077191333333315,7.753882200000024,0.444637,0.444637,52.706966666666666,47.816829999999996,89.0884,89.0884,0.33333333333333376,0.3973334,0.0,0.0,25,5,20.3423,16.21186
-23.6366,0,1.0,4,1000,0,4,0,1,1.9648000000000005,3.53664,0.0,5.8944,36.30197899999998,21.959042200000024,20.3423,0.444637,15.131966666666669,44.71454,-20.0559,89.0884,0.6666666666666671,0.4,1.0,0.0,25,5,88.119,84.00087
-18.816,0,1.0,2,296,0,5,0,0,0.0,2.3577599999999994,0.0,5.8944,40.29089999999998,24.352394800000024,88.119,0.444637,-20.83616666666666,23.133660000000003,-23.6366,89.0884,1.0,0.6,1.0,0.0,25,5,12.4114,24.854786
-12.6221,0,0.994,9,129,0,5,0,1,0.019648000000000592,1.1906687999999994,0.0,0.0,79.17679999999997,51.66346740000002,12.4114,20.3423,-18.358233333333327,2.7915600000000014,-18.816,-20.0559,0.9980000000000006,0.7988,1.0,1.0,25,5,137.0,104.61532
-8.72846,0,0.95,4,285,0,1,0,0,0.052394666666667256,0.031436799999999286,0.058944,0.0,62.823866666666646,59.38658000000002,137.0,88.119,-13.388853333333328,-16.771811999999997,-12.6221,-23.6366,0.9813333333333337,0.9888,0.994,1.0,26,5,39.0602,21.704065
-23.2521,0,1.0,3,258,0,1,0,1,0.052394666666667256,0.031436799999999286,0.09824,0.0,80.39569999999999,68.34350000000002,39.0602,12.4114,-14.867553333333328,-17.411051999999994,-8.72846,-18.816,0.9813333333333337,0.9888,0.95,1.0,26,5,65.1269,112.306015
-18.8552,0,1.0,5,368,0,2,0,0,0.03274666666666726,0.031436799999999286,0.0,0.058944,36.322169999999986,51.675582000000034,65.1269,137.0,-16.945253333333326,-16.454772,-23.2521,-12.6221,0.9833333333333337,0.9888,1.0,0.994,26,5,4.77941,22.848385
-5.53172,0,0.8875,4,39,0,2,0,1,0.14736000000000057,0.11985279999999929,0.0,0.09824,44.39023666666665,61.84618200000002,4.77941,39.0602,-15.87967333333333,-13.797915999999995,-18.8552,-8.72846,0.9625000000000004,0.9663,1.0,0.95,26,5,63.2644,20.708632
-6.2523,0,0.978333,4,4,0,3,0,0,0.18993066666666725,0.1336063999999993,0.44208,0.0,35.592336666666654,42.19282200000002,63.2644,65.1269,-10.213073333333329,-12.523955999999997,-5.53172,-23.2521,0.955277666666667,0.9631666000000001,0.8875,1.0,26,5,38.7332,14.682436
-7.15536,0,0.996667,4,23,0,3,0,1,0.19648000000000057,0.11788799999999929,0.127712,0.0,54.11426666666665,46.449822000000026,38.7332,4.77941,-6.313126666666662,-12.209335999999997,-6.2523,-18.8552,0.954166666666667,0.9724999999999999,0.978333,1.0,26,5,60.3452,48.636295
89.0884,28,0.0,2,0,15,3,10,0,2.0139200000000006,1.2967679999999993,0.019648,0.44208,33.17434333333332,33.51336800000002,60.3452,63.2644,25.22691333333334,10.258764000000003,-7.15536,-5.53172,0.6583333333333338,0.7725,0.996667,0.8875,26,5,0.44463,0.27797502
89.0884,28,0.0,2,0,15,3,1,0,3.936149333333334,2.475647999999999,5.8944,0.127712,20.41148666666665,32.64641200000002,0.44463,38.7332,57.007146666666664,31.847483999999998,89.0884,-6.2523,0.3322223333333338,0.5725,0.0,0.978333,26,5,0.44463,0.96480227
89.0884,28,0.0,2,0,15,3,3,0,5.8944,3.566111999999999,5.8944,0.019648,0.44463,20.08245800000002,0.44463,60.3452,89.0884,50.771508,89.0884,-7.15536,0.0,0.395,0.0,0.996667,26,5,0.44463,0.118289866
9.82264,16,0.0,5,0,9,4,0,0,6.549333333333334,5.112409599999999,5.8944,5.8944,0.5703676666666525,12.500186600000022,0.44463,0.44463,62.66648,53.986496,89.0884,89.0884,0.0,0.1993334,0.0,0.0,26,5,0.821843,1.4575579
-37.7224,0,1.0,6,128,0,4,0,1,4.584533333333334,5.108479999999999,7.8592,5.8944,10.185157666666653,6.288946600000023,0.821843,0.44463,20.396213333333332,47.873087999999996,9.82264,89.0884,0.33333333333333376,0.2,0.0,0.0,26,5,29.289,34.424114
6.30116,12,0.529,2,19,7,5,0,0,4.1621000000000015,4.855019999999999,0.0,5.8944,10.38800433333332,6.410654600000024,29.289,0.44463,-7.199533333333334,31.315640000000002,-37.7224,89.0884,0.509666666666667,0.30579999999999996,1.0,0.0,26,5,1.05317,2.225578
-14.815,0,1.0,3,296,0,5,0,1,1.5423666666666673,3.6761399999999993,4.6271,7.8592,14.095889999999985,8.710828600000024,1.05317,0.821843,-15.412079999999998,10.534960000000002,6.30116,9.82264,0.8430000000000004,0.5058,0.529,0.0,26,5,11.9455,13.696411
-18.8552,0,1.0,4,384,0,1,0,0,1.5423666666666673,2.49726,0.0,0.0,6.624556666666652,9.996902600000023,11.9455,29.289,-9.123013333333333,-11.053759999999997,-14.815,-37.7224,0.8430000000000004,0.7058,1.0,1.0,27,5,6.875,9.688508
-30.1689,0,1.0,3,678,0,1,0,1,0.0,0.9254199999999994,0.0,4.6271,35.64179999999998,27.453514000000023,6.875,1.05317,-21.279700000000002,-19.052068,-18.8552,6.30116,1.0,0.9057999999999999,1.0,0.529,27,5,88.1049,57.988556
-21.2682,0,1.0,4,385,0,2,0,0,0.0,0.9254199999999994,0.0,0.0,31.65996666666665,21.595714000000022,88.1049,11.9455,-23.43076666666667,-15.761227999999997,-30.1689,-14.815,1.0,0.9057999999999999,1.0,1.0,27,5,0.0,-2.7242725
-35.6033,0,1.0,2,68,0,2,0,1,0.0,0.0,0.0,0.0,41.60123333333332,28.72484000000002,0.0,6.875,-29.01346666666667,-24.142119999999995,-21.2682,-18.8552,1.0,1.0,1.0,1.0,27,5,36.6988,72.41462
-14.1807,0,0.891667,4,136,0,3,0,0,0.21285333333333392,0.1277119999999993,0.0,0.0,20.81713333333332,31.486260000000026,36.6988,88.1049,-23.684066666666666,-24.015259999999994,-35.6033,-30.1689,0.9638890000000004,0.9783334,1.0,1.0,27,5,25.7526,13.028326
-29.3057,0,1.0,4,213,0,3,0,1,0.21285333333333392,0.1277119999999993,0.63856,0.0,27.234766666666655,33.961840000000024,25.7526,0.0,-26.36323333333333,-26.105359999999997,-14.1807,-21.2682,0.9638890000000004,0.9783334,0.891667,1.0,27,5,19.2529,27.679726
89.0884,28,0.0,2,0,15,3,10,0,2.177653333333334,1.3065919999999993,0.0,0.0,15.150040999999987,16.429784600000023,19.2529,36.6988,15.200666666666661,-2.253899999999999,-29.3057,-35.6033,0.6305556666666671,0.7783334,1.0,1.0,27,5,0.444623,1.3742404
89.0884,28,0.0,2,0,15,3,1,0,3.9296000000000006,2.4854719999999992,5.8944,0.63856,6.714048666666653,16.518709200000025,0.444623,25.7526,49.62369999999999,19.81742,89.0884,-14.1807,0.33333333333333376,0.5783334,0.0,0.891667,27,5,0.444623,0.93095964
89.0884,28,0.0,2,0,15,3,3,0,5.8944,3.6643519999999996,5.8944,0.0,0.444623,9.267873800000023,0.444623,19.2529,89.0884,44.755759999999995,89.0884,-29.3057,0.0,0.3783334,0.0,1.0,27,5,0.444623,0.35548976
-10.114,0,0.9925,4,481,0,4,0,0,3.9492480000000003,3.5484288,5.8944,5.8944,4.256448666666652,6.493373800000024,0.444623,0.444623,56.020933333333325,45.5691,89.0884,89.0884,0.3308333333333338,0.3985,0.0,0.0,27,5,11.8801,13.430578
-25.6892,0,1.0,3,390,0,4,0,1,1.9844480000000007,3.548428799999999,0.058944,5.8944,13.84847433333332,8.486933800000022,11.8801,0.444623,17.761733333333325,46.2924,-10.114,89.0884,0.6641666666666671,0.3985,0.9925,0.0,27,5,29.2207,28.241344
-18.1825,0,1.0,4,310,0,5,0,0,0.019648000000000592,2.3695487999999996,0.0,5.8944,14.682709999999986,8.987475200000024,29.2207,0.444623,-17.99523333333334,24.83822,-25.6892,89.0884,0.9975000000000005,0.5985,1.0,0.0,27,5,2.94733,7.964548
-0.222231,4,0.685,5,6,3,5,0,1,1.0315200000000007,1.809580799999999,0.0,0.058944,11.01705933333332,9.075180200000023,2.94733,11.8801,-14.697977000000007,6.976093800000001,-18.1825,-10.114,0.8950000000000005,0.7355,1.0,0.9925,27,5,0.883148,6.8924527
-25.1761,0,1.0,4,601,0,1,0,0,1.0315200000000007,0.6307007999999993,3.09456,0.0,5.659525999999985,11.615875600000024,0.883148,29.2207,-14.526943666666673,-15.876806199999999,-0.222231,-25.6892,0.8950000000000005,0.9355,0.685,1.0,28,5,13.1481,-2.323597
-6.21364,0,0.885,4,42,0,1,0,1,1.106837333333334,0.6641023999999993,0.0,0.0,37.03891599999998,28.656955600000025,13.1481,2.94733,-10.537323666666673,-15.096734199999997,-25.1761,-18.1825,0.856666666666667,0.914,1.0,1.0,28,5,97.0855,49.471718
8.67444,16,0.0025,2,12,9,2,0,0,1.3819106666666672,1.4480583999999994,0.225952,3.09456,37.76961666666664,23.427865600000025,97.0855,0.883148,-7.571766666666671,-8.224006199999996,-6.21364,-0.222231,0.6291666666666671,0.7144999999999999,0.885,0.685,28,5,3.07525,-0.5795535
-2.92729,2,0.6825,8,0,2,2,0,1,1.7977940000000006,1.6975883999999994,3.91978,0.0,34.080406666666654,23.254493600000025,3.07525,13.1481,-0.1554966666666712,-5.172964199999997,8.67444,-25.1761,0.5233333333333338,0.651,0.0025,1.0,28,5,2.08047,14.660891
-19.7434,0,1.0,7,271,0,3,0,0,1.722476666666667,1.0786763999999993,1.24765,0.225952,9.608273333333319,27.81168400000002,2.08047,97.0855,-4.665416666666672,-9.077198,-2.92729,-6.21364,0.5616666666666671,0.714,0.6825,0.885,28,5,23.6691,26.431065
-21.9138,0,0.996667,3,272,0,3,0,1,0.4224326666666672,1.082605999999999,0.0,3.91978,194.38719,136.664464,23.6691,3.07525,-14.861496666666673,-8.424737999999996,-19.7434,8.67444,0.8930556666666671,0.7133334,1.0,0.0025,28,5,557.412,527.20123
89.0884,28,0.0,2,0,15,3,10,0,1.971349333333334,2.2162955999999996,0.019648,1.24765,193.84190533333333,117.33628720000002,557.412,2.08047,15.810399999999992,10.635670000000001,-21.9138,-2.92729,0.6655556666666671,0.5363334,0.996667,0.6825,28,5,0.444616,18.43229
89.0884,28,0.0,2,0,15,3,1,0,3.936149333333334,2.611219599999999,5.8944,0.0,186.10041066666668,116.81016040000002,0.444616,23.6691,52.08766666666666,26.718462,89.0884,-19.7434,0.3322223333333338,0.5358334,0.0,1.0,28,5,0.444616,13.9157715
89.0884,28,0.0,2,0,15,3,3,0,5.8944,3.540569599999999,5.8944,0.019648,0.444616,116.48298960000002,0.444616,557.412,89.0884,45.1216,89.0884,-21.9138,0.0,0.3993334,0.0,0.996667,28,5,0.444616,11.239378
-13.7865,0,0.97375,2,237,0,4,0,0,3.9983680000000006,3.581830399999999,5.8944,5.8944,23.392477333333336,125.60680960000005,0.444616,0.444616,54.79676666666666,46.31298,89.0884,89.0884,0.32458333333333383,0.3940834,0.0,0.0,28,5,69.2882,106.59061
-23.3722,28,1.0,2,0,0,4,0,1,2.0335680000000007,3.577900799999999,0.206304,5.8944,23.853338666666673,14.489849600000024,69.2882,0.444616,17.309899999999995,46.0213,-13.7865,89.0884,0.6579166666666671,0.39475,0.97375,0.0,28,5,1.8272,8.366593
-4.89274,0,0.959,3,0,0,5,0,0,0.20302933333333392,2.4795775999999994,0.0,5.8944,25.718040000000002,15.608670400000026,1.8272,0.444616,-14.01714666666667,27.225072,-23.3722,89.0884,0.9775833333333338,0.58655,1.0,0.0,28,5,6.03872,17.80729
-12.6221,0,0.995,3,243,0,5,0,1,0.15063466666666725,1.3105215999999993,0.402784,0.206304,47.15197333333333,42.23774720000002,6.03872,69.2882,-13.629013333333338,6.882972000000004,-4.89274,-13.7865,0.9846666666666671,0.78555,0.959,0.97375,28,5,133.59,54.860767
7.58754,14,0.075,2,6,8,1,0,0,0.7564480000000006,0.4951295999999992,0.04912,0.0,47.58960666666667,42.776844000000025,133.59,1.8272,-3.3091000000000044,-9.417199999999994,-12.6221,-23.3722,0.6763333333333339,0.80055,0.995,1.0,29,5,3.1401,-0.26200047
-4.26518,2,0.515,5,0,2,1,0,1,0.9398293333333338,0.6444543999999993,1.81744,0.402784,48.15779000000001,30.467858000000025,3.1401,6.03872,-3.099913333333338,-7.512935999999994,7.58754,-4.89274,0.5283333333333338,0.7088,0.075,0.959,29,5,7.74327,20.073622
20.1841,28,0.6575,2,171,15,2,0,0,1.3720860000000006,0.9136323999999993,0.952928,0.04912,6.260153333333342,31.681836000000025,7.74327,133.59,7.835486666666662,1.198324000000006,-4.26518,-12.6221,0.4158333333333338,0.6403,0.515,0.995,29,5,7.89709,8.285745
-15.8765,0,0.9975,3,104,0,2,0,1,0.7695473333333339,0.8350403999999992,1.34589,1.81744,23.062420000000007,41.18347200000002,7.89709,3.1401,0.014139999999995231,-0.9984279999999941,20.1841,7.58754,0.7233333333333339,0.6479999999999999,0.6575,0.075,29,5,53.5469,44.77563
13.8033,20,0.0316667,3,12,11,3,0,0,2.3544846666666674,1.9667643999999995,0.009824,0.952928,20.811419333333344,14.663525600000023,53.5469,7.74327,6.036966666666662,4.2866520000000055,-15.8765,-4.26518,0.5622222333333339,0.45533334000000003,0.9975,0.515,29,5,0.990268,0.87717235
-7.73681,0,0.998333,3,119,0,3,0,1,1.9091293333333341,1.6052411999999994,5.70774,1.34589,32.174722666666675,22.43290560000002,0.990268,7.89709,-3.2700033333333383,1.2217820000000057,13.8033,20.1841,0.6758332333333339,0.63999994,0.0316667,0.6575,29,5,41.987,36.02611
89.0884,28,0.0,2,0,15,3,10,0,3.8706546666666672,2.593535599999999,0.009824,0.009824,14.473959333333342,20.973173600000024,41.987,53.5469,31.71829666666666,19.892498000000003,-7.73681,-15.8765,0.3433332333333339,0.5369999400000001,0.998333,0.9975,29,5,0.44461,-0.65258086
89.0884,28,0.0,2,0,15,3,1,0,3.932874666666667,3.5032375999999994,5.8944,5.70774,14.292073333333343,19.482677600000024,0.44461,0.990268,56.813329999999986,33.673358,89.0884,13.8033,0.3327776666666672,0.40549994000000006,0.0,0.0316667,29,5,0.44461,2.3046288
89.0884,28,0.0,2,0,15,3,3,0,5.8944,4.6801528,5.8944,0.009824,0.44461,8.862219600000023,0.44461,41.987,89.0884,54.666337999999996,89.0884,-7.73681,0.0,0.20599994000000005,0.0,0.998333,29,5,0.44461,0.12275237
-12.9713,0,1.0,5,90,0,4,0,0,3.9296000000000006,3.5386047999999994,5.8944,5.8944,12.621206666666678,16.059046000000023,0.44461,0.44461,55.06849999999999,49.311418,89.0884,89.0884,0.33333333333333387,0.39966660000000004,0.0,0.0,29,5,36.9744,36.846508
-29.6468,0,0.98375,4,865,0,4,0,1,2.007370666666667,3.5621823999999997,0.0,5.8944,37.60397000000001,22.740226000000025,36.9744,0.44461,15.490099999999993,44.92942000000001,-12.9713,89.0884,0.6612500000000004,0.39675,1.0,0.0,29,5,75.3929,77.47883
-20.1853,0,0.897,3,194,0,5,0,0,0.3798606666666673,2.5856763999999997,0.127712,5.8944,43.79643333333335,26.455704000000026,75.3929,0.44461,-20.93446666666667,23.074680000000008,-29.6468,89.0884,0.9602500000000006,0.5761499999999999,0.98375,0.0,29,5,19.022,26.923035
-7.01222,0,0.89,2,446,0,5,0,1,0.7400740000000007,1.6229243999999994,1.01187,0.0,37.96096666666668,30.26038200000002,19.022,36.9744,-18.94810666666667,3.8545560000000045,-20.1853,-12.9713,0.9235833333333338,0.75415,0.897,1.0,29,5,19.468,18.16844
-11.736,0,0.705,9,192,0,1,0,0,0.8907086666666674,0.5599675999999993,1.08064,0.127712,14.938866666666682,31.436780000000027,19.468,75.3929,-12.977840000000006,-16.310323999999994,-7.01222,-29.6468,0.8306666666666671,0.8951499999999999,0.89,0.98375,30,5,6.3266,15.658352
-17.4844,0,1.0,3,237,0,1,0,1,0.5534186666666673,0.5599675999999993,0.579616,1.01187,8.598200000000014,24.041900000000023,6.3266,19.022,-12.077540000000004,-17.212943999999993,-11.736,-20.1853,0.8650000000000005,0.8951499999999999,0.705,0.897,30,5,0.0,11.972334
-3.83274,2,0.7875,2,9,2,2,0,0,0.4715520000000006,0.7014331999999993,0.0,1.08064,4.435746666666681,10.359448000000025,0.0,19.468,-11.017713333333338,-12.050131999999994,-17.4844,-7.01222,0.8308333333333339,0.8558999999999999,1.0,0.89,30,5,6.98064,4.882345
-5.53172,0,0.885,8,0,0,2,0,1,0.42898133333333394,0.5894399999999992,0.83504,0.579616,16.19681333333335,14.877008000000023,6.98064,6.3266,-8.949620000000005,-9.119415999999994,-3.83274,-11.736,0.8908333333333337,0.8535,0.7875,0.705,30,5,41.6098,11.848229
18.7059,26,1.0,5,54,14,3,0,0,0.42898133333333394,0.3733119999999993,0.451904,0.0,19.003346666666683,12.667328000000024,41.6098,0.0,3.113813333333328,-3.9757919999999927,-5.53172,-17.4844,0.8908333333333337,0.8755,0.885,1.0,30,5,8.4196,11.397973
5.32555,8,0.035,8,1,5,3,0,1,2.046668000000001,1.3950087999999994,0.0,0.83504,17.00216233333335,11.597425400000024,8.4196,6.98064,6.1665766666666615,-0.5634819999999934,18.7059,-3.83274,0.6400000000000005,0.7415,1.0,0.7875,30,5,0.977087,8.714251
89.0884,28,0.0,2,0,15,3,10,0,3.8608333333333342,2.5738887999999998,5.6881,0.451904,3.2804306666666814,11.686346400000025,0.977087,41.6098,37.70661666666666,20.751078000000007,5.32555,-5.53172,0.3450000000000004,0.5415,0.035,0.885,30,5,0.444605,0.3223143
89.0884,28,0.0,2,0,15,3,1,0,5.825633333333333,3.5857608,5.8944,0.0,0.6220990000000142,10.379139400000025,0.444605,8.4196,61.167449999999995,39.335306,89.0884,18.7059,0.011666666666667111,0.384,0.0,1.0,30,5,0.444605,0.31934613
89.0884,28,0.0,2,0,15,3,3,0,5.8944,4.674259999999999,5.8944,5.6881,0.444605,2.1461004000000243,0.444605,0.977087,89.0884,58.25933,89.0884,5.32555,0.0,0.207,0.0,0.035,30,5,0.444605,0.36649063
9.30058,16,1.0,2,163,9,4,0,0,3.9296000000000006,4.674259999999999,5.8944,5.8944,7.077170000000014,4.530640400000024,0.444605,0.444605,62.49245999999999,56.37826600000001,89.0884,89.0884,0.33333333333333376,0.207,0.0,0.0,30,5,20.3423,13.883734
-16.3186,0,0.93125,4,112,0,4,0,1,2.1449066666666674,3.6447039999999995,0.0,5.8944,29.388935000000018,17.811203000000027,20.3423,0.444605,27.356793333333325,52.049436,9.30058,89.0884,0.6437500000000004,0.38625,1.0,0.0,30,5,67.3799,65.617836
-6.08134,0,0.954,8,2,0,5,0,0,0.33074133333333394,2.556204799999999,0.54032,5.8944,29.86952333333335,18.099556000000028,67.3799,0.444605,-4.366453333333343,33.015488000000005,-16.3186,89.0884,0.9617500000000004,0.5770500000000001,0.93125,0.0,30,5,1.88637,15.222675
-0.222231,4,0.826,3,6,3,5,0,1,0.9005346666666671,1.7192007999999994,0.451904,0.0,23.39951833333335,18.197092000000026,1.88637,20.3423,-7.540723666666676,15.153361800000004,-6.08134,9.30058,0.9037500000000005,0.74225,0.954,1.0,30,5,0.932285,10.114717
-1.08628,4,0.57,2,8,3,1,0,0,1.002049333333334,0.7092935999999993,1.70938,0.54032,3.0319450000000145,19.363607000000023,0.932285,67.3799,-2.463283666666676,-2.8815741999999944,-0.222231,-16.3186,0.7833333333333338,0.85625,0.826,0.93125,31,5,6.27718,7.6218114
-23.2521,0,1.0,5,366,0,1,0,1,0.8514146666666672,0.7092935999999993,0.844864,0.451904,24.11212166666668,28.320527000000027,6.27718,1.88637,-8.186870333333342,-9.392110199999994,-1.08628,-6.08134,0.7986666666666671,0.85625,0.57,0.954,31,5,65.1269,46.290493
-9.54002,0,0.99,3,271,0,2,0,0,0.2947200000000006,0.6090887999999992,0.0,1.70938,34.74536000000001,21.41094700000003,65.1269,0.932285,-11.292800000000009,-8.036394199999993,-23.2521,-0.222231,0.8533333333333338,0.868,1.0,0.826,31,5,32.832,31.338232
-13.1655,0,0.9375,2,75,0,2,0,1,0.09496533333333394,0.5678279999999993,0.039296,0.844864,49.350600000000014,31.052253000000025,32.832,6.27718,-15.319206666666673,-9.453226199999994,-9.54002,-1.08628,0.9758333333333339,0.8646999999999998,0.99,0.57,31,5,50.0929,42.94985
-3.1136,2,0.896667,3,0,2,3,0,0,0.29799466666666724,0.3477695999999993,0.2456,0.0,28.635193333333348,31.461932000000026,50.0929,65.1269,-8.606373333333343,-10.031499999999994,-13.1655,-23.2521,0.9413890000000005,0.8788334000000001,0.9375,1.0,31,5,2.98068,9.48743
6.34699,12,0.58,3,68,7,3,0,1,1.1101126666666672,0.6739267999999993,0.609088,0.039296,21.50972666666668,32.49761600000003,2.98068,32.832,-3.3107033333333433,-8.544845999999994,-3.1136,-9.54002,0.8047223333333338,0.8808333999999999,0.896667,0.99,31,5,11.4556,13.996739
89.0884,28,0.0,2,0,15,3,10,0,2.993046000000001,1.8528067999999993,2.47565,0.2456,4.960293333333348,19.561156000000025,11.4556,50.0929,30.77392999999999,13.923254000000004,6.34699,-13.1655,0.49222233333333376,0.6808333999999999,0.58,0.9375,31,5,0.4446,0.3145134
89.0884,28,0.0,2,0,15,3,1,0,4.754816666666668,3.0238275999999993,5.8944,0.609088,4.114933333333348,13.083676000000025,0.4446,2.98068,61.50792999999999,33.648938,89.0884,-3.1136,0.1933333333333338,0.48283339999999997,0.0,0.896667,31,5,0.4446,0.2539286
89.0884,28,0.0,2,0,15,3,3,0,5.8944,4.1535876,5.8944,2.47565,0.4446,3.1540160000000257,0.4446,11.4556,89.0884,54.09971800000001,89.0884,6.34699,0.0,0.29533339999999997,0.0,0.58,31,5,0.4446,0.19420864
9.82264,16,0.0,2,10,9,4,0,0,6.549333333333334,5.603609999999999,5.8944,5.8944,0.5526930000000142,2.7116558000000257,0.4446,0.4446,62.666479999999986,56.686966000000005,89.0884,89.0884,0.0,0.11599999999999996,0.0,0.0,31,5,0.768879,1.082741
-25.6892,0,1.0,4,691,0,4,0,1,4.584533333333334,5.108479999999998,7.8592,5.8944,10.144726333333347,6.264675800000026,0.768879,0.4446,24.407279999999986,50.279728000000006,9.82264,89.0884,0.33333333333333376,0.19999999999999998,0.0,0.0,31,5,29.2207,24.145645
-17.5686,0,0.902,3,62,0,5,0,0,2.940650666666668,4.1221504,0.0,5.8944,16.581393000000016,10.126675800000026,29.2207,0.4446,-11.145053333333342,28.948328000000004,-25.6892,89.0884,0.6340000000000005,0.38039999999999996,1.0,0.0,31,5,19.7546,18.162996
-7.01222,0,0.989,3,278,0,5,0,1,0.35693866666666724,2.9648831999999996,0.962752,7.8592,22.956100000000017,14.016355800000024,19.7546,0.768879,-16.756673333333342,9.728204000000007,-17.5686,9.82264,0.9636666666666671,0.5782,0.902,0.0,31,5,19.893,16.729021
-9.54002,0,0.945,3,366,0,1,0,0,0.3929600000000006,1.807615999999999,0.108064,0.0,26.422833333333347,21.851615800000026,19.893,29.2207,-11.373613333333344,-9.997479999999992,-7.01222,-25.6892,0.9453333333333337,0.7672,0.989,1.0,32,5,39.6209,39.85712
-30.1689,0,1.0,4,700,0,1,0,1,0.07204266666666725,0.2357759999999991,0.108064,0.962752,49.20626666666667,39.31882000000003,39.6209,19.7546,-15.573713333333345,-17.995787999999994,-9.54002,-17.5686,0.9780000000000003,0.9672000000000001,0.945,0.902,32,5,88.1049,58.66446
-19.0246,0,1.0,7,202,0,2,0,0,0.036021333333333926,0.2357759999999991,0.0,0.108064,42.57526666666668,33.47468000000003,88.1049,19.893,-19.57784000000001,-16.662867999999992,-30.1689,-7.01222,0.981666666666667,0.9672000000000001,1.0,0.989,32,5,0.0,18.785343
18.142,26,0.585,2,4,14,2,0,1,0.5435933333333339,0.3693815999999991,0.0,0.108064,30.040813333333343,29.927268000000026,0.0,39.6209,-10.350500000000011,-9.520747999999992,-19.0246,-9.54002,0.8616666666666672,0.9038,1.0,0.945,32,5,2.01754,11.480994
-4.93156,26,0.883333,3,3,1,3,0,0,0.7728200000000006,0.48530479999999915,1.63078,0.0,10.852580000000009,32.05670800000003,2.01754,88.1049,-1.938053333333343,-9.104615999999991,18.142,-30.1689,0.8227776666666672,0.8826666,0.585,1.0,32,5,30.5402,6.3864884
-7.15536,0,1.0,5,8,0,3,0,1,0.7728200000000006,0.4636919999999991,0.68768,0.0,30.967646666666678,36.20156800000002,30.5402,0.0,2.01835999999999,-8.627683999999991,-4.93156,-19.0246,0.8227776666666672,0.8936665999999999,0.883333,1.0,32,5,60.3452,35.0533
89.0884,28,0.0,2,0,15,3,10,0,2.1940266666666672,1.642571999999999,0.0,1.63078,30.44333166666668,18.66950700000003,60.3452,2.01754,25.667159999999985,15.223776000000006,-7.15536,18.142,0.6277776666666672,0.6936666,1.0,0.585,32,5,0.444595,0.33631942
89.0884,28,0.0,2,0,15,3,1,0,3.9296000000000006,2.8214519999999994,5.8944,0.68768,20.411463333333344,18.75842600000003,0.444595,30.5402,57.00714666666665,36.84637600000001,89.0884,-4.93156,0.3333333333333339,0.49366659999999996,0.0,0.883333,32,5,0.444595,2.7443423
89.0884,28,0.0,2,0,15,3,3,0,5.8944,3.674175999999999,5.8944,0.0,0.444595,18.44383700000003,0.444595,60.3452,89.0884,51.035656,89.0884,-7.15536,0.0,0.37666659999999996,0.0,1.0,32,5,0.444595,0.118289866
-4.99168,0,0.8875,2,295,0,4,0,0,4.2243200000000005,3.7134719999999994,5.8944,5.8944,4.369663333333342,14.779757000000028,0.444595,0.444595,57.72837333333333,51.023632000000006,89.0884,89.0884,0.2958333333333339,0.37749999999999995,0.0,0.0,32,5,12.2198,8.129422
-23.3722,28,1.0,2,0,0,4,0,1,2.2595200000000006,3.7134719999999994,0.88416,5.8944,4.830531666666675,3.0761570000000282,12.2198,0.444595,20.241506666666655,47.780264,-4.99168,89.0884,0.6291666666666672,0.37749999999999995,0.8875,0.0,32,5,1.8272,6.6186533
9.88239,16,1.0,4,258,9,5,0,0,0.2947200000000006,2.534591999999999,0.0,5.8944,8.819466666666676,5.469518000000028,1.8272,0.444595,-6.160496666666677,31.939062,-23.3722,89.0884,0.9625000000000005,0.5774999999999999,1.0,0.0,32,5,12.4114,17.323507
10.7014,18,0.764,3,4,10,5,0,1,0.7728200000000006,1.8194039999999991,0.0,0.88416,5.053409000000009,5.564924400000029,12.4114,12.2198,-0.9294700000000097,16.26166200000001,9.88239,-4.99168,0.921333333333334,0.7303,1.0,0.8875,32,5,0.921627,2.4936996
-19.0246,0,1.0,6,245,0,1,0,0,0.7728200000000006,0.6405239999999991,2.31846,0.0,4.444342333333343,5.4760054000000284,0.921627,1.8272,0.5197299999999908,-5.360937999999992,10.7014,-23.3722,0.9213333333333339,0.9302999999999999,0.764,1.0,33,5,0.0,3.7601273
-6.21364,0,0.995,2,1,0,1,0,1,0.7760946666666673,0.4656567999999991,0.0,0.0,33.21427566666667,22.776285400000027,0.0,12.4114,-4.845613333333342,-5.605329999999992,-19.0246,9.88239,0.9196666666666672,0.9517999999999999,1.0,1.0,33,5,98.7212,54.634106
-4.19018,2,0.715,4,6,2,2,0,0,0.3765880000000006,0.6896447999999991,0.009824,2.31846,33.800516666666674,22.94691540000003,98.7212,0.921627,-9.809473333333342,-1.768925999999992,-6.21364,10.7014,0.9033333333333339,0.8947999999999998,0.995,0.764,33,5,2.68035,6.1763387
-15.8765,0,0.9975,10,91,0,2,0,1,0.3798626666666673,0.691609599999999,1.11994,0.0,53.208850000000005,32.10963540000002,2.68035,0.0,-8.760106666666674,-6.920703999999992,-4.19018,-19.0246,0.9025000000000004,0.8943,0.715,1.0,33,5,58.225,96.77432
-14.1807,0,0.998333,4,95,0,3,0,0,0.3798626666666672,0.2298823999999991,0.009824,0.009824,30.811716666666673,38.23127000000003,58.225,98.7212,-11.415793333333342,-11.897123999999993,-15.8765,-6.21364,0.9036110000000005,0.9411666000000001,0.9975,0.995,33,5,31.5298,30.113468
-12.7045,0,0.995,9,120,0,3,0,1,0.016373333333333923,0.23577679999999912,0.009824,1.11994,45.70410000000001,47.70277000000003,31.5298,2.68035,-14.253900000000009,-10.633103999999992,-14.1807,-4.19018,0.9969443333333339,0.9401665999999999,0.998333,0.715,33,5,47.3575,60.642365
89.0884,28,0.0,2,0,15,3,10,0,1.9778986666666674,1.4126919999999992,0.029472,0.009824,26.443963333333343,28.04744800000003,47.3575,58.225,20.73439999999999,8.427304000000007,-12.7045,-15.8765,0.6644443333333339,0.7411665999999999,0.995,0.9975,33,5,0.44459,0.6304273
89.0884,28,0.0,2,0,15,3,1,0,3.9394240000000007,2.3675839999999995,5.8944,0.009824,16.082226666666678,27.600296000000032,0.44459,31.5298,55.15743333333332,27.083020000000005,89.0884,-14.1807,0.33166666666666716,0.5981666,0.0,0.998333,33,5,0.44459,0.8798871
89.0884,28,0.0,2,0,15,3,3,0,5.8944,3.5444991999999993,5.8944,0.029472,0.44459,16.04421400000003,0.44459,47.3575,89.0884,48.076,89.0884,-12.7045,0.0,0.3986666,0.0,0.995,33,5,0.44459,0.35528892
-13.7865,0,0.99875,8,171,0,4,0,0,3.9328746666666667,3.5444991999999984,5.8944,5.8944,25.618426666666675,24.931474000000026,0.44459,0.44459,54.796766666666656,48.15484,89.0884,89.0884,0.3329166666666672,0.39875,0.0,0.0,33,5,75.9661,71.506645
-29.6468,0,1.0,3,924,0,4,0,1,1.9680746666666673,3.538604799999999,0.009824,5.8944,50.601196666666674,30.538554000000026,75.9661,0.44459,15.218366666666654,44.766380000000005,-13.7865,89.0884,0.6662500000000006,0.39974999999999994,0.99875,0.0,33,5,75.3929,84.72616
-0.267891,6,0.554,2,34,4,5,0,0,1.4637746666666673,3.236024799999999,0.0,5.8944,50.785809,30.649321400000026,75.3929,0.44459,-14.567063666666677,26.895121800000005,-29.6468,89.0884,0.8509166666666671,0.51055,1.0,0.0,33,5,0.998427,3.971777
-7.01222,0,0.996,4,201,0,5,0,1,1.4735986666666674,2.065003999999999,4.3815,0.009824,32.302409000000004,34.66358340000003,0.998427,75.9661,-12.308970333333342,7.674997800000007,-0.267891,-13.7865,0.8500000000000005,0.70975,0.554,0.99875,33,5,20.5159,29.6386
19.5383,26,0.295,2,10,14,1,0,0,1.935325333333334,1.163159999999999,0.039296,0.0,7.813799000000009,34.960079400000026,20.5159,75.3929,4.086062999999991,-6.2350221999999915,-7.01222,-29.6468,0.6150000000000005,0.76875,0.996,1.0,34,5,1.92707,4.589421
-1.50322,4,0.505,3,7,3,1,0,1,0.7990173333333339,1.355710399999999,1.38518,4.3815,9.904756666666676,21.221119400000028,1.92707,0.998427,3.674286666666658,-3.7783661999999913,19.5383,-0.267891,0.5986666666666672,0.6699999999999999,0.295,0.554,34,5,7.2713,12.581278
-13.3184,0,0.9875,4,234,0,2,0,0,0.8022920000000008,1.3655343999999991,0.972576,0.039296,12.665956666666675,11.902439400000029,7.2713,20.5159,1.5722266666666573,-0.5126861999999921,-1.50322,-7.01222,0.5958333333333339,0.6674999999999999,0.505,0.996,34,5,28.7995,27.08022
-5.53172,0,0.755,8,0,0,2,0,1,0.6614826666666672,0.6817847999999991,0.04912,1.38518,20.01240000000001,16.49603400000003,28.7995,1.92707,-6.784446666666676,-1.565451999999992,-13.3184,19.5383,0.7491666666666673,0.7077,0.9875,0.295,34,5,23.9664,9.586919
9.48716,16,1.0,4,365,9,3,0,0,0.33729066666666724,0.673925599999999,0.962752,0.972576,25.478333333333342,17.12667400000003,23.9664,7.2713,-3.1209866666666763,1.7344240000000077,-5.53172,-1.50322,0.9141666666666671,0.7085,0.755,0.505,34,5,23.6691,22.333876
5.2126,10,0.746667,3,323,6,3,0,1,0.8186673333333339,0.6955395999999991,0.0,0.04912,30.833933333333345,25.71452000000003,23.6691,28.7995,3.056013333333324,-1.130715999999992,9.48716,-13.3184,0.8338890000000005,0.7988334,1.0,0.9875,34,5,44.8663,14.927324
89.0884,28,0.0,2,0,15,3,10,0,2.4625500000000007,1.6799043999999992,1.49325,0.962752,22.99332866666668,24.349177200000028,44.8663,23.9664,34.59605333333332,16.987608000000005,5.2126,-5.53172,0.582222333333334,0.6978334,0.746667,0.755,34,5,0.444586,0.9217448
89.0884,28,0.0,2,0,15,3,1,0,4.427350000000001,2.8489603999999993,5.8944,0.0,15.251824000000012,18.67819440000003,0.444586,23.6691,61.12979999999999,37.468968000000004,89.0884,9.48716,0.24888900000000055,0.5003333999999999,0.0,1.0,34,5,0.444586,1.5569606
89.0884,28,0.0,2,0,15,3,3,0,5.8944,3.835289999999999,5.8944,1.49325,0.444586,13.973831600000029,0.444586,44.8663,89.0884,56.39299200000001,89.0884,5.2126,0.0,0.3493334,0.0,0.746667,34,5,0.444586,-0.08357622
-12.9713,0,1.0,4,81,0,4,0,0,3.9296000000000006,3.835289999999999,5.8944,5.8944,12.621190666666678,16.634891600000028,0.444586,0.444586,55.06849999999999,51.901300000000006,89.0884,89.0884,0.3333333333333339,0.3493334,0.0,0.0,34,5,36.9744,36.83069
-16.3186,0,0.99625,6,139,0,4,0,1,1.9746240000000006,3.5425343999999988,0.0,5.8944,40.328028666666675,24.37465160000003,36.9744,0.444586,19.93283333333332,47.595060000000004,-12.9713,89.0884,0.6654166666666672,0.39925,1.0,0.0,34,5,83.5651,81.47811
-18.1382,0,0.802,5,192,0,5,0,0,0.6582073333333339,2.752684399999999,0.029472,5.8944,43.83726666666667,26.480194400000027,83.5651,0.444586,-15.809366666666676,26.14974,-16.3186,89.0884,0.9327500000000005,0.55965,0.99625,0.0,34,5,10.9723,24.057457
-20.2681,0,0.7,4,266,0,5,0,1,1.6406073333333338,2.163244399999999,1.94515,0.0,31.81098666666668,26.570389200000033,10.9723,36.9744,-18.241633333333343,4.278440000000007,-18.1382,-12.9713,0.8327500000000007,0.6996499999999999,0.802,1.0,34,5,0.89556,17.395397
-14.3372,0,0.965,4,478,0,1,0,0,1.6537060000000006,0.9981179999999992,2.9472,0.029472,12.001786666666675,31.30897200000003,0.89556,83.5651,-17.581166666666675,-16.40667999999999,-20.2681,-16.3186,0.8223333333333339,0.8926499999999999,0.7,0.99625,35,5,24.1375,18.601711
-20.4107,0,1.0,3,5,0,1,0,1,1.0053226666666673,0.9981179999999992,0.068768,1.94515,8.344353333333343,23.91409200000003,24.1375,10.9723,-18.338666666666676,-17.89455999999999,-14.3372,-18.1382,0.888333333333334,0.89265,0.965,0.802,35,5,0.0,3.3287642
8.73819,16,0.015,4,7,9,2,0,0,1.3131426666666675,1.766355599999999,0.0,2.9472,8.453126666666675,7.445448000000029,0.0,0.89556,-8.669903333333343,-12.883201999999992,-20.4107,-20.2681,0.6600000000000005,0.6964,1.0,0.7,35,5,1.22188,4.0257416
-15.6413,0,0.8325,5,635,0,2,0,1,1.5096226666666672,1.508967199999999,3.87066,0.068768,15.12036000000001,14.07882800000003,1.22188,24.1375,-9.104603333333342,-12.383821999999991,8.73819,-14.3372,0.615833333333334,0.7025,0.015,0.965,35,5,44.1392,18.996353
6.52675,12,0.2,2,6,7,3,0,0,3.081462666666667,1.8626311999999992,0.658208,0.0,15.431181666666676,14.086209000000029,44.1392,0.0,-0.12545333333334283,-7.024851999999991,-15.6413,-20.4107,0.3491666666666673,0.6024999999999999,0.8325,1.0,35,5,0.932465,1.8459325
-7.73681,0,0.978333,3,353,0,3,0,1,1.8338133333333337,1.8744199999999989,4.71552,3.87066,37.29292166666668,22.62012900000003,0.932465,1.22188,-5.61712000000001,-5.704773999999992,6.52675,8.73819,0.6702776666666672,0.6051666,0.2,0.015,35,5,66.8071,43.351597
89.0884,28,0.0,2,0,15,3,10,0,3.579210666666667,3.053299999999999,0.127712,0.658208,22.72804900000001,22.70904540000003,66.8071,44.1392,29.29277999999999,16.19504600000001,-7.73681,-15.6413,0.3927776666666673,0.4051666,0.978333,0.8325,35,5,0.444582,-0.067812964
89.0884,28,0.0,2,0,15,3,1,0,3.972170666666667,3.4580479999999993,5.8944,4.71552,22.565421333333344,22.55358580000003,0.444582,0.932465,56.813329999999986,32.265088000000006,89.0884,6.52675,0.32611100000000054,0.4021666,0.0,0.2,35,5,0.444582,2.8287432
89.0884,28,0.0,2,0,15,3,3,0,5.8944,4.505286399999998,5.8944,0.127712,0.444582,13.81466220000003,0.444582,66.8071,89.0884,53.211028,89.0884,-7.73681,0.0,0.23566659999999998,0.0,0.978333,35,5,0.444582,0.11612826
7.7552,14,0.92,4,297,8,4,0,0,4.139178666666667,3.687929599999999,5.8944,5.8944,9.805821333333343,19.333829200000032,0.444582,0.444582,61.97733333333332,53.456718,89.0884,89.0884,0.30666666666666725,0.3796666,0.0,0.0,35,5,28.5283,25.885405
4.19337,8,1.0,3,279,5,4,0,1,2.174378666666667,3.662387199999999,0.628736,5.8944,19.397860666666677,11.81654920000003,28.5283,0.444582,33.67898999999999,55.842754,7.7552,89.0884,0.6400000000000006,0.384,0.92,0.0,35,5,29.2207,20.470917
-8.77317,0,0.884,3,269,0,5,0,0,0.5894386666666672,2.711423199999999,0.0,5.8944,21.316603333333344,12.96779480000003,29.2207,0.444582,1.0584666666666571,36.27044000000001,4.19337,89.0884,0.9346666666666673,0.5608000000000001,1.0,0.0,35,5,6.20081,10.061134
-7.01222,0,0.99,4,151,0,5,0,1,0.4126066666666673,1.552191199999999,1.13958,0.628736,18.936270000000007,17.15633840000003,6.20081,28.5283,-3.864006666666677,17.050316000000002,-8.77317,7.7552,0.9580000000000006,0.7588,0.884,0.92,35,5,21.3873,21.390127
12.6492,18,0.02,4,4,10,1,0,0,1.0544400000000007,0.7584111999999992,0.09824,0.0,10.40740000000001,17.794240000000027,21.3873,29.2207,-1.0453966666666765,1.762476000000006,-7.01222,4.19337,0.631333333333334,0.7628,0.99,1.0,36,5,3.63409,2.5063782
-23.2521,0,1.0,3,299,0,1,0,1,0.6745800000000006,0.6326639999999991,1.9255,1.13958,30.04943000000001,25.113960000000027,3.63409,6.20081,-5.871706666666675,-4.438983999999993,12.6492,-8.77317,0.6700000000000007,0.7788,0.02,0.884,36,5,65.1269,49.635773
3.77125,8,0.1025,5,15,5,2,0,0,1.8174400000000006,1.338027999999999,0.0,0.09824,23.28945666666668,19.49129600000003,65.1269,21.3873,-2.2772166666666753,-4.523407999999994,-23.2521,-7.01222,0.37416666666666726,0.5993,1.0,0.99,36,5,1.10738,4.1452203
-17.3766,0,0.95,4,829,0,2,0,1,1.2411000000000005,1.1494079999999989,3.52682,1.9255,22.81136000000001,18.691094000000028,1.10738,3.63409,-12.285816666666676,-6.244093999999994,3.77125,12.6492,0.6841666666666674,0.6125,0.1025,0.02,36,5,2.1998,31.181173
-10.4001,0,0.935,2,143,0,3,0,0,1.3688120000000004,1.206387199999999,0.19648,0.0,8.702560000000009,18.97373400000003,2.1998,65.1269,-8.001816666666675,-6.921669999999994,-17.3766,-23.2521,0.6625000000000006,0.6015,0.95,1.0,36,5,22.8005,12.940069
5.32555,8,0.0,9,0,5,3,0,1,2.158005333333334,2.000167199999999,0.383136,3.52682,8.632167666666676,18.42615660000003,22.8005,1.10738,-7.483716666666676,-8.386399999999995,-10.4001,3.77125,0.628333333333334,0.5974999999999999,0.935,0.1025,36,5,0.896203,3.291662
89.0884,28,0.0,2,0,15,3,10,0,4.0573120000000005,3.179047199999999,5.8944,0.19648,8.047093666666676,5.489692200000028,0.896203,2.1998,28.004616666666653,14.081700000000003,5.32555,-17.3766,0.31166666666666737,0.3975,0.0,0.95,36,5,0.444578,1.3548155
89.0884,28,0.0,2,0,15,3,1,0,5.8944,3.6525631999999995,5.8944,0.383136,0.5951196666666762,5.357131800000028,0.444578,22.8005,61.167449999999995,31.145130000000005,89.0884,-10.4001,0.0,0.37700000000000006,0.0,0.935,36,5,0.444578,0.35674474
89.0884,28,0.0,2,0,15,3,3,0,5.8944,4.7921472,5.8944,5.8944,0.444578,5.006087400000029,0.444578,0.896203,89.0884,52.43813,89.0884,5.32555,0.0,0.18700000000000003,0.0,0.0,36,5,0.444578,0.36649063
-1.53966,4,0.7625,6,13,3,4,0,0,4.5517866666666675,5.088831999999999,5.8944,5.8944,1.2063120000000094,0.9919434000000283,0.444578,0.444578,58.87904666666666,54.210218,89.0884,89.0884,0.2541666666666673,0.15250000000000002,0.0,0.0,36,5,2.72978,3.2263772
-23.3722,28,1.0,2,0,0,4,0,1,2.586986666666667,3.9099519999999997,1.86656,5.8944,1.6671860000000092,1.1781428000000285,2.72978,0.444578,21.392179999999993,48.470668,-1.53966,89.0884,0.5875000000000007,0.35250000000000004,0.7625,0.0,36,5,1.8272,3.7347436
-14.8372,0,1.0,5,42,0,5,0,0,0.6221866666666672,2.7310719999999993,0.0,5.8944,7.859660000000009,4.893627200000028,1.8272,0.444578,-13.24968666666667,27.685548000000004,-23.3722,89.0884,0.920833333333334,0.5525,1.0,0.0,36,5,19.022,14.072861
-20.2782,0,0.901,3,241,0,5,0,1,0.3241920000000006,1.746707199999999,0.0,1.86656,7.4109300000000085,5.081429600000028,19.022,2.72978,-19.49586666666667,5.812228000000005,-14.8372,-1.53966,0.9670000000000005,0.7327,1.0,0.7625,36,5,1.38359,-1.9590673
-0.115083,6,0.015,5,4,4,1,0,0,0.9693020000000007,0.954893199999999,0.972576,0.0,7.132767000000009,5.191056200000029,1.38359,1.8272,-11.743494333333336,-12.028468599999993,-20.2782,-23.3722,0.6386666666666673,0.7357,0.901,1.0,37,5,0.992711,4.906899
-30.1689,0,1.0,9,722,0,1,0,1,0.9693020000000007,0.5815811999999991,1.93533,0.0,30.160400333333342,22.266080200000026,0.992711,19.022,-16.854061000000005,-17.754316599999992,-0.115083,-14.8372,0.6386666666666673,0.7832000000000001,0.015,1.0,37,5,88.1049,55.07291
-16.1703,0,0.75,4,419,0,2,0,0,0.9725766666666673,0.7780611999999991,0.0,0.972576,30.610363666666675,22.447336200000027,88.1049,1.38359,-15.484761000000006,-16.313936599999995,-30.1689,-20.2782,0.5883333333333339,0.7332000000000001,1.0,0.901,37,5,2.73348,11.283741
-15.8765,0,1.0,3,146,0,2,0,1,0.3274666666666673,0.7780611999999991,0.9824,1.93533,49.68779333333334,30.28793620000003,2.73348,0.992711,-20.73856666666667,-16.521796599999995,-16.1703,-0.115083,0.9166666666666673,0.7332000000000001,0.75,0.015,37,5,58.225,64.40965
-14.7651,0,0.725,3,118,0,3,0,0,0.8677866666666673,0.907737999999999,0.0,0.0,21.52407000000001,30.73396420000003,58.225,88.1049,-15.603966666666672,-15.419176599999995,-15.8765,-30.1689,0.8250000000000006,0.6980000000000001,1.0,1.0,37,5,3.61373,3.3685458
-5.40908,0,0.291667,3,12,0,3,0,1,1.932053333333334,1.3557119999999991,1.62096,0.9824,22.92805333333334,31.924508000000024,3.61373,2.73348,-12.016893333333337,-16.477975999999995,-14.7651,-16.1703,0.6722223333333339,0.7533334,0.725,0.75,37,5,6.94543,7.60549
89.0884,28,0.0,2,0,15,3,10,0,3.896853333333334,2.534591999999999,4.1752,0.0,3.6679116666666762,14.392443000000029,6.94543,58.225,22.971406666666656,7.373484000000003,-5.40908,-15.8765,0.33888900000000066,0.5533334,0.291667,1.0,37,5,0.444575,-0.41014054
89.0884,28,0.0,2,0,15,3,1,0,5.321333333333334,3.5169919999999992,5.8944,1.62096,2.611526666666676,13.934662000000028,0.444575,3.61373,57.58924,28.425224000000004,89.0884,-14.7651,0.09722233333333401,0.4033334,0.0,0.725,37,5,0.444575,0.46692392
89.0884,28,0.0,2,0,15,3,3,0,5.8944,4.695872,5.8944,4.1752,0.444575,2.3785770000000284,0.444575,6.94543,89.0884,49.418204,89.0884,-5.40908,0.0,0.2033334,0.0,0.291667,37,5,0.444575,0.277292
-2.15133,2,0.8475,2,20,2,4,0,0,4.329110000000001,4.611385999999999,5.8944,5.8944,3.6790500000000095,3.6854310000000283,0.444575,0.444575,58.67515666666666,51.940958,89.0884,89.0884,0.2825000000000007,0.22783340000000002,0.0,0.0,37,5,10.148,5.7179666
-29.6468,0,1.0,4,860,0,4,0,1,2.3643100000000006,3.776345999999999,1.19853,5.8944,28.661825000000007,17.374925000000026,10.148,0.444575,19.096756666666664,47.093413999999996,-2.15133,89.0884,0.615833333333334,0.36950000000000005,0.8475,0.0,37,5,75.3929,76.89636
-7.69104,0,0.874,5,54,0,5,0,0,0.8121166666666673,2.8450299999999986,0.0,5.8944,29.280446666666673,17.746098000000025,75.3929,0.444575,-13.163056666666668,27.737526000000003,-29.6468,89.0884,0.9071666666666673,0.5443,1.0,0.0,37,5,2.30044,10.209895
-7.01222,0,0.993,3,266,0,5,0,1,0.4355293333333339,1.679903599999999,1.23782,1.19853,33.546180000000014,22.246223000000025,2.30044,10.148,-14.783353333333332,8.517402000000004,-7.69104,-2.15133,0.9556666666666672,0.7429,0.874,0.8475,37,5,22.9452,31.306135
-1.98847,4,0.07,4,2,3,1,0,0,1.0446160000000007,0.866475599999999,0.068768,0.0,8.809073333333343,22.393624000000028,22.9452,75.3929,-5.56391,-9.697971999999995,-7.01222,-29.6468,0.6456666666666673,0.7569,0.993,1.0,38,5,1.18158,3.6718638
-6.21364,0,1.0,2,0,0,1,0,1,0.632009333333334,0.626769599999999,1.82726,1.23782,40.94932666666668,40.108264000000034,1.18158,2.30044,-5.071443333333333,-10.510433999999993,-1.98847,-7.69104,0.6876666666666673,0.7874000000000001,0.07,0.874,38,5,98.7212,48.477547
-1.36234,4,0.5675,5,6,3,2,0,0,1.175603333333334,0.9666795999999989,0.0,0.068768,33.831140000000005,25.347812000000026,98.7212,22.9452,-3.18815,-4.853541999999995,-6.21364,-7.01222,0.545833333333334,0.7009000000000001,1.0,0.993,38,5,1.59064,5.6374288
-11.799,0,0.7,4,71,0,2,0,1,0.9594766666666672,0.954891599999999,1.69955,1.82726,38.781646666666674,28.094344000000028,1.59064,1.18158,-6.458326666666667,-5.675133999999995,-1.36234,-1.98847,0.7558333333333339,0.6661,0.5675,0.07,38,5,16.0331,34.807526
-14.3143,0,0.928333,4,19,0,3,0,0,1.1002873333333338,1.0256243999999988,1.17888,0.0,17.510613333333342,30.486924000000034,16.0331,98.7212,-9.158546666666666,-7.135549999999993,-11.799,-6.21364,0.7319443333333341,0.6531665999999999,0.7,1.0,38,5,34.9081,33.125618
-7.15536,0,0.998333,3,27,0,3,0,1,0.5370453333333339,0.6621371999999989,0.422432,1.69955,168.89040000000003,121.39660800000004,34.9081,1.59064,-11.089553333333333,-8.168927999999994,-14.3143,-1.36234,0.875555333333334,0.8388332000000001,0.928333,0.5675,38,5,455.73,339.42206
89.0884,28,0.0,2,0,15,3,10,0,2.1088853333333337,1.841017199999999,0.009824,1.17888,163.6942236666667,101.74128220000003,455.73,16.0331,22.53958,10.891480000000005,-7.15536,-11.799,0.6422220000000006,0.6388332,0.998333,0.7,38,5,0.444571,9.2675085
89.0884,28,0.0,2,0,15,3,1,0,3.932874666666667,2.679987199999999,5.8944,0.422432,152.2063806666667,101.51206840000003,0.444571,34.9081,57.007146666666664,28.981628,89.0884,-14.3143,0.33277766666666736,0.5253332000000001,0.0,0.928333,38,5,0.444571,31.278816
89.0884,28,0.0,2,0,15,3,3,0,5.8944,3.623091199999999,5.8944,0.009824,0.444571,98.39436260000004,0.444571,455.73,89.0884,49.159108,89.0884,-7.15536,0.0,0.3853332,0.0,0.998333,38,5,0.444571,-1.7802905
-15.2477,0,0.81375,9,134,0,4,0,0,4.417526666666667,3.831360799999999,5.8944,5.8944,15.187414000000018,100.34736260000004,0.444571,0.444571,54.3097,48.972428,89.0884,89.0884,0.27125000000000066,0.3624166000000001,0.0,0.0,38,5,44.6731,64.70492
-23.8374,0,0.8875,8,321,0,4,0,1,2.7474466666666673,4.006227999999998,1.46378,5.8944,34.106823666666685,20.641922600000036,44.6731,0.444571,16.667766666666665,45.636019999999995,-15.2477,89.0884,0.5670833333333339,0.34025000000000005,0.81375,0.0,38,5,57.2028,44.28374
-17.5686,0,1.0,3,80,0,5,0,0,0.7826466666666673,2.8273479999999993,0.88416,5.8944,40.543500000000016,24.503928400000035,57.2028,0.444571,-18.884566666666668,24.304620000000003,-23.8374,89.0884,0.9004166666666672,0.54025,0.8875,0.0,38,5,19.7546,54.729164
-18.9748,0,0.95,2,116,0,5,0,1,0.4584533333333339,1.7467079999999988,0.0,1.46378,26.378183333333354,24.850444200000034,19.7546,44.6731,-20.12693333333333,2.6919800000000054,-17.5686,-15.2477,0.9458333333333341,0.7302500000000001,1.0,0.81375,38,5,2.17715,27.142609
4.09508,8,0.0,6,6,5,1,0,0,0.8186666666666672,0.9607879999999989,0.4912,0.88416,7.636525333333353,24.957095200000033,2.17715,57.2028,-10.816106666666665,-14.306683999999995,-18.9748,-23.8374,0.6500000000000007,0.7302500000000001,0.95,0.8875,39,5,0.977826,2.5435164
-1.50322,4,0.0,7,2,3,1,0,1,1.5063466666666674,1.080639999999999,1.9648,0.0,3.1670386666666857,17.291703200000036,0.977826,19.7546,-5.460979999999999,-11.557787999999992,4.09508,-17.5686,0.3166666666666673,0.5675000000000001,0.0,1.0,39,5,6.34614,2.5191863
27.7046,28,0.0775,2,26,15,2,0,0,2.550966666666667,1.6288199999999988,2.06304,0.4912,2.9400153333333527,6.150359200000034,6.34614,2.17715,10.09882,-1.2493879999999926,-1.50322,-18.9748,0.025833333333334,0.4055000000000001,0.0,0.95,39,5,1.49608,1.6898382
-1.44956,4,0.8725,3,520,3,2,0,1,2.063041333333334,1.7290247999999988,3.62506,1.9648,16.177606666666687,10.337559200000035,1.49608,0.977826,8.250606666666668,1.9744200000000074,27.7046,4.09508,0.3166666666666674,0.38000000000000006,0.0775,0.0,39,5,40.6906,26.196575
-14.1807,0,1.0,3,104,0,3,0,0,1.3753613333333339,1.630784799999999,0.501024,2.06304,24.57216000000002,16.208089200000035,40.6906,6.34614,4.02478,2.9332400000000067,-1.44956,-1.50322,0.6500000000000007,0.39,0.8725,0.0,39,5,31.5298,32.093998
-12.7045,0,0.991667,4,321,0,3,0,1,0.18338133333333376,1.247648799999999,0.0,3.62506,40.65236666666669,25.95986400000003,31.5298,1.49608,-9.44492,-0.42667599999999267,-14.1807,27.7046,0.954722333333334,0.5883334,1.0,0.0775,39,5,49.7367,56.512196
89.0884,28,0.0,2,0,15,3,10,0,1.9811733333333337,2.013920799999999,0.04912,0.501024,27.23702266666669,24.779549600000035,49.7367,40.6906,20.734399999999997,17.691648000000008,-12.7045,-1.44956,0.6638890000000007,0.5883334,0.991667,0.8725,39,5,0.444568,1.3270035
89.0884,28,0.0,2,0,15,3,1,0,3.9459733333333333,2.467788799999999,5.8944,0.0,16.875278666666684,24.569247200000035,0.444568,31.5298,55.15743333333333,29.968408000000004,89.0884,-14.1807,0.33055566666666736,0.5728334,0.0,1.0,39,5,0.444568,0.9591264
89.0884,28,0.0,2,0,15,3,3,0,5.8944,3.546463999999999,5.8944,0.04912,0.444568,16.520040800000036,0.444568,49.7367,89.0884,48.076,89.0884,-12.7045,0.0,0.3983334,0.0,0.991667,39,5,0.444568,0.34573534
-12.9713,0,1.0,7,426,0,4,0,0,3.9296,3.546463999999999,5.8944,5.8944,12.621178666666687,17.608960800000034,0.444568,0.444568,55.0685,48.31788,89.0884,89.0884,0.3333333333333341,0.3983334,0.0,0.0,39,5,36.9744,37.043594
-15.5227,0,0.9675,4,138,0,4,0,1,2.0499413333333334,3.5877247999999993,0.0,5.8944,25.162889333333354,15.275560800000033,36.9744,0.444568,20.19813333333333,47.75424,-12.9713,89.0884,0.655833333333334,0.39350000000000007,1.0,0.0,39,5,38.0697,33.516945
-15.8818,0,0.912,5,416,0,5,0,0,0.3733120000000003,2.581747199999999,0.255424,5.8944,29.807700000000022,18.062447200000033,38.0697,0.444568,-14.791933333333333,26.760200000000005,-15.5227,89.0884,0.9598333333333341,0.5759000000000001,0.9675,0.0,39,5,14.379,31.287407
-7.01222,0,0.994,3,219,0,5,0,1,0.39296000000000025,1.414655999999999,0.864512,0.0,25.39943333333335,22.723453600000035,14.379,36.9744,-12.805573333333333,7.540076000000008,-15.8818,-12.9713,0.9578333333333341,0.7746999999999999,0.912,1.0,39,5,23.7496,20.454134
4.23583,10,0.005,4,8,6,1,0,0,0.9594786666666669,0.6267719999999989,0.058944,0.255424,13.186273333333352,22.920584000000034,23.7496,38.0697,-6.219396666666667,-9.430437999999992,-7.01222,-15.5227,0.6370000000000008,0.7757000000000001,0.994,0.9675,40,5,1.43022,1.7246811
-20.4107,0,1.0,3,0,0,1,0,1,0.6713080000000002,0.6267719999999989,1.95498,0.864512,8.393273333333353,15.525704000000033,1.43022,14.379,-7.729029999999999,-10.91831799999999,4.23583,-15.8818,0.6663333333333341,0.7757000000000001,0.005,0.912,40,5,0.0,7.7493896
-0.597304,4,0.605,3,0,3,2,0,0,1.1690566666666669,0.886125199999999,0.0,0.058944,1.0134066666666857,8.233764000000033,0.0,23.7496,-5.590724666666667,-7.933238799999991,-20.4107,-7.01222,0.5366666666666674,0.7032,1.0,0.994,40,5,1.61,3.3882222
-17.3766,0,1.0,4,865,0,2,0,1,0.5173966666666668,0.7132227999999989,1.55219,1.95498,1.2699333333333522,5.797924000000035,1.61,1.43022,-12.794868,-8.232198799999992,-0.597304,4.23583,0.8683333333333341,0.7208,0.605,0.005,40,5,2.1998,-7.9301333
7.84335,14,0.885,5,326,8,3,0,0,0.7433486666666669,0.8370051999999989,0.0,0.0,10.508933333333351,6.5914040000000345,2.1998,0.0,-3.376851333333333,-5.261084799999992,-17.3766,-20.4107,0.8300000000000008,0.6990000000000001,1.0,1.0,40,5,27.717,16.043293
-23.1484,0,1.0,4,397,0,3,0,1,0.22595200000000024,0.4460091999999989,0.677856,1.55219,24.92770000000002,15.278620000000036,27.717,1.61,-10.893883333333333,-10.73793079999999,7.84335,-0.597304,0.9616666666666674,0.898,0.885,0.605,40,5,44.8663,22.411158
89.0884,28,0.0,2,0,15,3,10,0,2.1907520000000003,1.624889199999999,0.0,0.0,24.342621666666687,15.367533000000034,44.8663,2.1998,24.59445,11.161889200000008,-23.1484,-17.3766,0.6283333333333342,0.6980000000000001,1.0,1.0,40,5,0.444565,0.5930572
89.0884,28,0.0,2,0,15,3,1,0,3.9296,2.493331199999999,5.8944,0.677856,15.25181000000002,15.134446000000034,0.444565,27.717,51.676133333333325,29.099030000000006,89.0884,7.84335,0.33333333333333415,0.5770000000000001,0.0,0.885,40,5,0.444565,0.86515135
89.0884,28,0.0,2,0,15,3,3,0,5.8944,3.6722111999999987,5.8944,0.0,0.444565,14.783399000000037,0.444565,44.8663,89.0884,50.392030000000005,89.0884,-23.1484,0.0,0.37700000000000006,0.0,1.0,40,5,0.444565,0.16422226
8.24185,14,0.93125,1,435,8,4,0,0,4.109706666666667,3.6447039999999986,5.8944,5.8944,10.26004333333335,15.218199000000032,0.444565,0.444565,62.13954999999999,50.47173000000001,89.0884,89.0884,0.3104166666666675,0.3862500000000001,0.0,0.0,40,5,29.891,17.673998
-3.95323,2,0.94375,4,18,2,4,0,1,2.292266666666667,3.7331199999999987,0.54032,5.8944,17.290155000000016,10.551919000000034,29.891,0.444565,31.125673333333328,54.310764000000006,8.24185,89.0884,0.6250000000000008,0.37500000000000006,0.93125,0.0,40,5,21.5349,16.587389
3.14347,8,0.715,2,20,5,5,0,0,1.2607466666666667,3.114207999999999,0.44208,5.8944,17.481260000000017,10.666582000000034,21.5349,0.444565,2.4773633333333334,37.121778000000006,-3.95323,89.0884,0.8633333333333342,0.518,0.94375,0.0,40,5,1.01788,3.0736287
-18.9748,0,1.0,8,186,0,5,0,1,1.08064,1.935327999999999,2.79984,0.54032,8.243310000000017,11.013099000000034,1.01788,29.891,-6.594853333333333,15.50913800000001,3.14347,8.24185,0.8862500000000009,0.7180000000000001,0.715,0.93125,40,5,2.17715,10.230737
28.8268,28,0.48,2,10,15,1,0,0,1.2738466666666668,0.9607879999999991,0.0,0.44208,2.4974566666666833,11.783654000000034,2.17715,21.5349,4.331823333333333,3.4568180000000113,-18.9748,-3.95323,0.7316666666666675,0.8140000000000001,1.0,0.94375,41,5,4.29734,5.319851
-20.8555,6,0.95,3,144,0,1,0,1,0.3733133333333334,0.8723719999999989,1.0217,2.79984,34.24233000000002,25.055954000000035,4.29734,1.01788,-3.667833333333333,-2.3626519999999887,28.8268,3.14347,0.8100000000000008,0.81775,0.48,0.715,41,5,96.2525,56.88034
-31.6507,0,1.0,3,257,0,2,0,0,0.3733133333333334,0.783955999999999,0.09824,0.0,40.051713333333346,24.670034000000033,96.2525,2.17715,-7.893133333333334,-7.9021459999999895,-20.8555,-18.9748,0.8100000000000008,0.829,0.95,1.0,41,5,19.6053,35.382404
-15.8765,0,1.0,3,105,0,2,0,1,0.03274666666666667,0.22398799999999897,0.0,1.0217,58.027600000000014,36.111458000000034,19.6053,4.29734,-22.794233333333334,-11.706139999999989,-31.6507,28.8268,0.9833333333333342,0.8859999999999999,1.0,0.48,41,5,58.225,63.15088
29.5838,28,0.288333,2,16,15,3,0,0,1.3982833333333333,1.062957999999999,0.0,0.09824,26.263358333333347,35.86798300000003,58.225,96.2525,-5.981133333333333,-1.9944199999999903,-15.8765,-20.8555,0.7627776666666676,0.7436666000000001,1.0,0.95,41,5,0.959775,0.88386387
-7.73681,0,0.983333,4,392,0,3,0,1,1.4310299999999998,0.8782659999999988,4.19485,0.0,42.48995833333335,48.665535000000034,0.959775,19.6053,1.9901633333333333,-9.307141999999988,29.5838,-31.6507,0.7572220000000008,0.8443332,0.288333,1.0,41,5,68.2851,54.8478
89.0884,28,0.0,2,0,15,3,10,0,3.39583,2.0374979999999985,0.09824,0.0,23.229812333333346,29.503947400000033,68.2851,58.225,36.97846333333333,12.68163800000001,-7.73681,-15.8765,0.42388866666666747,0.6543332,0.983333,1.0,41,5,0.444562,-0.9411774
89.0884,28,0.0,2,0,15,3,1,0,3.9623466666666665,3.216377999999999,5.8944,4.19485,23.05807466666668,25.671799800000038,0.444562,0.959775,56.81333,36.82945800000001,89.0884,29.5838,0.32777766666666747,0.45433319999999994,0.0,0.288333,41,5,0.444562,3.8632002
89.0884,28,0.0,2,0,15,3,3,0,5.8944,4.395257999999999,5.8944,0.09824,0.444562,14.115712200000036,0.444562,68.2851,89.0884,57.82243800000001,89.0884,-7.73681,0.0,0.25433320000000004,0.0,0.983333,41,5,0.444562,0.19128539
8.38876,14,0.905,2,15,8,4,0,0,4.178474666666667,3.7056127999999995,5.8944,5.8944,1.2160580000000143,14.475567200000034,0.444562,0.444562,62.188520000000004,53.58343000000001,89.0884,89.0884,0.30166666666666747,0.3776666000000001,0.0,0.0,41,5,2.75905,3.9929461
-29.6468,0,1.0,3,707,0,4,0,1,2.2136746666666665,3.6859647999999994,0.746624,5.8944,26.198837333333348,15.897127200000034,2.75905,0.444562,22.610120000000006,49.201432000000004,8.38876,89.0884,0.6350000000000008,0.38100000000000006,0.905,0.0,41,5,75.3929,68.97149
-8.27653,0,0.977,3,60,0,5,0,0,0.324192,2.5522751999999986,0.0,5.8944,30.815950000000015,18.667394800000032,75.3929,0.444562,-9.844856666666663,29.72844600000001,-29.6468,89.0884,0.9606666666666674,0.5764,1.0,0.0,41,5,14.2959,6.6665134
-7.01222,0,0.977,4,272,0,5,0,1,0.15063466666666667,1.4185855999999988,0.225952,0.746624,37.64820000000001,23.229642400000035,14.2959,2.75905,-14.978516666666662,10.50832200000001,-8.27653,8.38876,0.9846666666666675,0.7718,0.977,0.905,41,5,23.2558,27.179213
28.8268,28,0.48,2,10,15,1,0,0,0.4912013333333333,0.44404559999999893,0.225952,0.0,13.949680000000015,24.000198000000033,23.2558,75.3929,4.512683333333338,-1.543997999999989,-7.01222,-29.6468,0.8113333333333341,0.8678000000000001,0.977,1.0,42,5,4.29734,5.2137594
-30.1689,0,1.0,4,572,0,1,0,1,0.415884,0.29472079999999895,1.0217,0.225952,38.55268000000002,41.06936800000003,4.29734,14.2959,-2.784773333333329,-9.25552999999999,28.8268,-8.27653,0.8190000000000008,0.8868,0.48,0.977,42,5,88.1049,63.98359
20.4977,28,1.0,2,20,15,2,0,0,0.3405666666666667,0.29472079999999895,0.0,0.225952,30.80074666666668,25.99078800000003,88.1049,23.2558,6.385200000000004,0.7733700000000105,-30.1689,-7.01222,0.8266666666666674,0.8868,1.0,0.977,42,5,0.0,12.518822
-31.2937,0,0.895,3,278,0,2,0,1,0.137536,0.33205199999999896,0.0,1.0217,35.06650000000001,26.550528000000032,0.0,4.29734,-13.654966666666661,-3.8300639999999904,20.4977,28.8268,0.9650000000000007,0.8704000000000001,1.0,0.48,42,5,17.0946,56.166985
-14.2137,0,0.875,4,318,0,3,0,0,0.383136,0.434221599999999,0.412608,0.0,13.50966666666668,26.586248000000033,17.0946,88.1049,-8.336566666666663,-5.27035999999999,-31.2937,-30.1689,0.9233333333333341,0.85,0.895,1.0,42,5,23.4344,17.933527
-12.036,0,0.208333,6,49,0,3,0,1,1.938602666666667,1.1631615999999991,0.7368,0.0,13.79597666666668,25.898566000000038,23.4344,0.0,-19.18113333333333,-13.44291999999999,-14.2137,20.4977,0.6594443333333341,0.7956666,0.875,1.0,42,5,0.85893,1.3332888
89.0884,28,0.0,2,0,15,3,10,0,3.765866666666667,2.342041599999999,4.6664,0.412608,8.245963000000014,8.366497800000035,0.85893,17.0946,20.946233333333335,10.408540000000007,-12.036,-31.2937,0.3611110000000008,0.5956666,0.208333,0.895,42,5,0.444559,1.2968429
89.0884,28,0.0,2,0,15,3,1,0,5.485066666666667,3.520921599999999,5.8944,0.7368,0.5826826666666808,8.455409600000035,0.444559,23.4344,55.38026666666667,24.126680000000007,89.0884,-14.2137,0.06944433333333415,0.39566660000000003,0.0,0.875,42,5,0.444559,0.25737432
89.0884,28,0.0,2,0,15,3,3,0,5.8944,4.617279999999999,5.8944,4.6664,0.444559,5.125401400000034,0.444559,0.85893,89.0884,48.203100000000006,89.0884,-12.036,0.0,0.21666660000000001,0.0,0.208333,42,5,0.444559,0.25278008
-3.41818,2,0.83875,3,16,2,4,0,0,4.352033333333334,4.723379999999999,5.8944,5.8944,3.0827993333333477,2.110377400000034,0.444559,0.444559,58.25287333333333,50.362204000000006,89.0884,89.0884,0.2795833333333341,0.20941660000000004,0.0,0.0,42,5,8.35928,5.155078
-7.10265,0,1.0,3,682,0,4,0,1,2.387233333333333,3.790099999999999,1.2673,5.8944,22.002213000000015,13.379151400000035,8.35928,0.444559,26.18919,51.34887400000001,-3.41818,89.0884,0.6129166666666674,0.36775,0.83875,0.0,42,5,57.2028,37.780193
-8.77317,0,0.987,3,453,0,5,0,0,0.46500400000000003,2.636762399999999,0.0,5.8944,24.42600666666668,14.833427600000036,57.2028,0.444559,-6.4313333333333285,31.77656000000001,-7.10265,89.0884,0.9419166666666675,0.56515,1.0,0.0,42,5,7.71594,6.755395
-8.26128,0,0.9,4,269,0,5,0,1,0.37003733333333333,1.654362399999999,0.127712,1.2673,22.566053333333347,15.300399800000037,7.71594,8.35928,-8.045699999999995,12.30662400000001,-8.77317,-3.41818,0.962333333333334,0.74515,0.987,0.83875,42,5,2.77942,19.722382
-27.5776,0,0.915,6,276,0,1,0,0,0.4257066666666667,0.508883999999999,0.9824,0.0,19.576886666666677,24.858548000000035,2.77942,57.2028,-14.870683333333327,-11.026575999999988,-8.26128,-7.10265,0.9340000000000007,0.9281500000000001,0.9,1.0,43,5,48.2353,41.517742
39.7683,28,0.0,2,0,15,1,0,1,1.0413426666666667,0.6503479999999989,0.167008,0.127712,18.858413333333345,24.29879600000003,48.2353,7.71594,1.3098066666666714,-2.389279999999988,-27.5776,-8.77317,0.6050000000000009,0.7604,0.915,0.987,43,5,5.56052,6.2647943
-12.2954,0,0.9925,4,114,0,2,0,0,0.7237,0.6562423999999989,1.97462,0.9824,107.80327333333334,66.78103600000003,5.56052,2.77942,-0.034899999999995636,-3.427829999999988,39.7683,-8.26128,0.6358333333333341,0.7589,0.0,0.9,43,5,269.614,196.04628
-1.44956,4,0.7175,3,9,3,2,0,1,1.0380673333333335,0.8527219999999989,0.029472,0.167008,102.75994000000001,71.85890800000003,269.614,48.2353,8.67444666666667,-1.963107999999988,-12.2954,-27.5776,0.5700000000000008,0.7050000000000001,0.9925,0.915,43,5,33.1053,0.92251647
-14.7651,0,0.996667,2,507,0,3,0,0,0.38641,0.6601715999999989,1.11011,1.97462,102.83537666666668,72.46039000000003,33.1053,5.56052,-9.50335333333333,-3.2638719999999877,-1.44956,39.7683,0.9022223333333342,0.7243334000000001,0.7175,0.0,43,5,5.78683,169.70322
-5.40908,0,0.926667,2,2,0,3,0,1,0.5206713333333334,0.7132211999999989,0.019648,0.029472,15.217203333333352,64.16522600000003,5.78683,269.614,-7.20791333333333,1.1698320000000118,-14.7651,-12.2954,0.8802780000000009,0.7266668000000001,0.996667,0.9925,43,5,6.75948,17.547306
89.0884,28,0.0,2,0,15,3,10,0,2.115434666666667,1.497177199999999,0.432256,1.11011,4.330288666666686,63.14203320000003,6.75948,33.1053,22.971406666666667,11.03385200000001,-5.40908,-1.44956,0.6411113333333341,0.7266668000000001,0.926667,0.7175,43,5,0.444556,-0.4563768
89.0884,28,0.0,2,0,15,3,1,0,4.073685333333334,2.670162799999999,5.8944,0.019648,2.5495306666666857,9.308144400000035,0.444556,5.78683,57.58924,31.31061200000001,89.0884,-14.7651,0.3088890000000008,0.5281667999999999,0.0,0.996667,43,5,0.444556,0.4510612
89.0884,28,0.0,2,0,15,3,3,0,5.8944,3.627020799999999,5.8944,0.432256,0.444556,2.775995600000034,0.444556,6.75948,89.0884,49.418204,89.0884,-5.40908,0.0,0.38466680000000003,0.0,0.926667,43,5,0.444556,0.39752614
-15.2477,0,0.99375,8,143,0,4,0,0,3.9459733333333333,3.6329151999999985,5.8944,5.8944,15.688804000000019,10.854089600000034,0.444556,0.444556,54.3097,49.32168400000001,89.0884,89.0884,0.3312500000000008,0.3840834000000001,0.0,0.0,43,5,46.1773,48.07756
-15.5227,0,0.99125,4,331,0,4,0,1,2.004096,3.560217599999999,0.04912,5.8944,32.03055200000002,19.396153600000037,46.1773,0.444556,19.439333333333334,47.29896000000001,-15.2477,89.0884,0.6616666666666675,0.3970000000000001,0.99375,0.0,43,5,49.4698,45.204292
-14.8372,0,1.0,9,90,0,5,0,0,0.039296,2.381337599999999,0.068768,5.8944,38.22303333333335,23.111642400000033,49.4698,0.444556,-15.202533333333328,26.513840000000005,-15.5227,89.0884,0.9950000000000009,0.5970000000000001,0.99125,0.0,43,5,19.022,42.278423
-37.6185,0,0.985,4,343,0,5,0,1,0.07204266666666666,1.2319295999999988,0.0,0.04912,30.741366666666682,27.769191200000034,19.022,46.1773,-22.65946666666666,1.172460000000011,-14.8372,-15.2477,0.9920833333333342,0.794,1.0,0.99375,43,5,23.7323,47.896164
-21.2545,0,1.0,4,209,0,1,0,0,0.04912,0.053049599999998934,0.14736,0.068768,14.251433333333352,27.68028000000003,23.7323,49.4698,-24.570066666666662,-20.89611999999999,-37.6185,-15.5227,0.9950000000000009,0.9940000000000001,0.985,0.99125,44,5,0.0,1.7189997
-25.2367,0,1.0,8,203,0,1,0,1,0.04912,0.043225599999998934,0.0,0.0,7.910766666666685,18.444820000000032,0.0,19.022,-28.03656666666666,-22.893919999999987,-21.2545,-14.8372,0.9950000000000009,0.9952500000000001,1.0,1.0,44,5,0.0,14.838551
-7.13038,0,0.8625,4,328,0,2,0,0,0.18010666666666666,0.13753599999999894,0.0,0.14736,6.368333333333353,12.371860000000034,0.0,23.7323,-17.873859999999997,-21.215455999999985,-25.2367,-37.6185,0.9541666666666675,0.9695,1.0,0.985,44,5,19.105,11.318774
25.5848,28,1.0,2,410,15,2,0,1,0.18010666666666666,0.13753599999999894,0.54032,0.0,7.101600000000019,9.007420000000035,19.105,0.0,-2.260759999999994,-13.131055999999983,-7.13038,-21.2545,0.9541666666666675,0.9695,0.8625,1.0,44,5,2.1998,-1.0325764
-9.13951,0,0.951667,4,144,0,3,0,0,0.275072,0.16504319999999892,0.0,0.0,19.11060000000002,11.466360000000034,2.1998,0.0,3.1049700000000056,-7.435257999999986,25.5848,-25.2367,0.9380556666666676,0.9628334000000001,1.0,1.0,44,5,36.027,26.298346
-7.15536,0,0.996667,4,28,0,3,0,1,0.10151466666666666,0.1689727999999989,0.284896,0.54032,346.0662666666667,211.46076000000002,36.027,19.105,3.0966433333333394,-4.615429999999987,-9.13951,-7.13038,0.9827780000000009,0.9621668000000001,0.951667,0.8625,44,5,999.972,352.63126
89.0884,28,0.0,2,0,15,3,10,0,2.0663146666666665,1.347852799999999,0.019648,0.0,345.48118466666665,211.5496708,999.972,2.1998,24.26451,18.249590000000012,-7.15536,25.5848,0.6494446666666676,0.7621668000000001,0.996667,1.0,44,5,0.444554,8.0179
89.0884,28,0.0,2,0,15,3,1,0,3.9361493333333333,2.418668799999999,5.8944,0.284896,333.6203693333333,207.81758160000004,0.444554,36.027,57.00714666666667,37.49334600000001,89.0884,-9.13951,0.33222233333333423,0.5896668000000002,0.0,0.951667,44,5,0.444554,6.549965
89.0884,28,0.0,2,0,15,3,3,0,5.8944,3.5975487999999993,5.8944,0.019648,0.444554,207.4665324,0.444554,999.972,89.0884,50.19406600000001,89.0884,-7.15536,0.0,0.3896668000000001,0.0,0.996667,44,5,0.444554,21.354296
-12.9713,0,0.985,4,419,0,4,0,0,3.9688959999999995,3.5641471999999994,5.8944,5.8944,13.485902666666668,208.17485240000002,0.444554,0.444554,55.06850000000001,49.42770800000001,89.0884,89.0884,0.3283333333333342,0.39633340000000006,0.0,0.0,44,5,39.5686,79.98101
-3.95323,2,0.83875,7,1,2,4,0,1,2.4265293333333333,3.8136775999999992,0.117888,5.8944,19.505118,11.880892400000022,39.5686,0.444554,24.05462333333334,50.06813400000001,-12.9713,89.0884,0.6079166666666675,0.3647500000000001,0.985,0.0,44,5,18.5022,12.010733
-7.69104,0,0.995,3,55,0,5,0,0,0.47810266666666673,2.644621599999999,1.2673,5.8944,20.442733333333333,12.443461600000024,18.5022,0.444554,-8.20518999999999,30.71224600000001,-3.95323,89.0884,0.9395833333333342,0.5637500000000001,0.83875,0.0,44,5,3.2574,11.145155
-10.4312,0,0.891,4,231,0,5,0,1,0.7957466666666667,1.679905599999999,0.04912,0.117888,9.11863,13.473808800000024,3.2574,39.5686,-7.358489999999992,10.80832600000001,-7.69104,-12.9713,0.908250000000001,0.7419500000000001,0.995,0.985,44,5,5.59629,12.061304
-8.31193,0,0.855,6,148,0,1,0,0,0.46827866666666673,0.5580047999999989,1.07082,1.2673,17.847396666666665,22.32259800000002,5.59629,18.5022,-8.81138999999999,-8.67173999999999,-10.4312,-3.95323,0.9136666666666676,0.91295,0.891,0.83875,45,5,44.6885,29.369785
-20.8555,0,1.0,4,262,0,1,0,1,0.4519053333333334,0.5344271999999988,0.284896,0.04912,48.84576333333333,33.65937800000002,44.6885,3.2574,-13.199543333333324,-10.248579999999988,-8.31193,-7.69104,0.9153333333333342,0.9159500000000002,0.855,0.995,45,5,96.2525,74.13236
-7.61783,0,0.98,3,274,0,2,0,0,0.12116266666666665,0.2966855999999988,0.0,1.07082,69.1896,43.28449800000002,96.2525,5.59629,-12.261753333333324,-10.981499999999988,-20.8555,-10.4312,0.9450000000000008,0.9442,1.0,0.891,45,5,66.6278,57.2912
-15.8765,0,1.0,4,110,0,2,0,1,0.026197333333333333,0.2868615999999988,0.078592,0.284896,73.70176666666666,54.27801800000002,66.6278,44.6885,-14.783276666666657,-12.618591999999989,-7.61783,-8.31193,0.9933333333333342,0.9452000000000002,0.98,0.855,45,5,58.225,67.26471
-14.1807,0,0.998333,8,95,0,3,0,0,0.029471999999999998,0.07466239999999875,0.0,0.0,56.94556666666667,62.35554000000002,58.225,96.2525,-12.558343333333324,-13.368491999999986,-15.8765,-20.8555,0.9927776666666676,0.9666666000000002,1.0,1.0,45,5,45.9839,66.50689
-12.7045,0,0.981667,4,477,0,3,0,1,0.039296,0.039295999999998756,0.009824,0.078592,51.13693333333333,63.258220000000016,45.9839,66.6278,-14.253899999999993,-14.247005999999988,-14.1807,-7.61783,0.9933333333333342,0.9920000000000002,0.998333,0.98,45,5,49.2019,49.293354
89.0884,28,0.0,2,0,15,3,10,0,2.004096,1.2181759999999988,0.108064,0.0,31.876783666666668,44.09663020000002,49.2019,58.225,20.734400000000004,7.741774000000011,-12.7045,-15.8765,0.6600000000000009,0.792,0.981667,1.0,45,5,0.444551,0.4507476
89.0884,28,0.0,2,0,15,3,1,0,3.9656213333333334,2.3813375999999993,5.8944,0.009824,16.697000666666668,30.85998040000002,0.444551,45.9839,55.15743333333334,27.083020000000012,89.0884,-14.1807,0.3272223333333342,0.5960000000000001,0.0,0.998333,45,5,0.444551,0.79150677
89.0884,28,0.0,2,0,15,3,3,0,5.8944,3.5602175999999988,5.8944,0.108064,0.444551,19.303890600000024,0.444551,49.2019,89.0884,48.07600000000001,89.0884,-12.7045,0.0,0.3960000000000001,0.0,0.981667,45,5,0.444551,0.26769257
-21.6167,0,0.8975,4,954,0,4,0,0,4.1981226666666664,3.7193663999999984,5.8944,5.8944,9.202500666666667,15.450790600000023,0.444551,0.444551,52.1867,46.588800000000006,89.0884,89.0884,0.2991666666666675,0.3758334000000001,0.0,0.0,45,5,26.7184,23.217213
-29.6468,0,1.0,3,665,0,4,0,1,2.2333226666666666,3.6977535999999986,0.805568,5.8944,34.18528366666666,20.68899060000002,26.7184,0.444551,12.608300000000007,43.200340000000004,-21.6167,89.0884,0.6325000000000008,0.37950000000000006,0.8975,0.0,45,5,75.3929,71.308815
-17.5686,0,1.0,4,228,0,5,0,0,0.26852266666666663,2.5188735999999983,0.0,5.8944,40.62196666666666,24.55100040000002,75.3929,0.444551,-22.944033333333323,21.86894000000001,-29.6468,89.0884,0.9658333333333342,0.5795000000000001,1.0,0.0,45,5,19.7546,34.56234
-37.6185,0,1.0,4,1000,0,5,0,1,0.0,1.3399935999999988,0.0,0.805568,39.626599999999996,29.208550200000026,19.7546,26.7184,-28.277966666666657,-3.472439999999989,-17.5686,-21.6167,1.0,0.7795000000000001,1.0,0.8975,45,5,23.7323,70.65493
-13.4468,0,0.89,5,100,0,1,0,0,0.07204266666666666,0.20433919999999875,0.0,0.0,25.972466666666662,36.00574000000002,23.7323,75.3929,-22.877966666666655,-23.979479999999988,-37.6185,-29.6468,0.9633333333333343,0.9575000000000001,1.0,1.0,46,5,34.4305,42.09372
12.7977,20,0.865,3,437,11,1,0,1,0.16045866666666667,0.09627519999999876,0.216128,0.0,39.23426666666666,42.570060000000026,34.4305,19.7546,-12.755866666666654,-17.096599999999988,-13.4468,-17.5686,0.9183333333333342,0.9510000000000002,0.89,1.0,46,5,59.54,31.717731
-10.2098,0,0.9075,4,330,0,2,0,0,0.28162133333333333,0.16897279999999876,0.265248,0.0,43.54346666666666,34.823460000000026,59.54,23.7323,-3.619633333333321,-13.209199999999987,12.7977,-37.6185,0.887500000000001,0.9325000000000001,0.865,1.0,46,5,36.6599,30.881933
-31.2937,0,1.0,3,186,0,2,0,1,0.20957866666666666,0.16897279999999876,0.363488,0.216128,37.76483333333333,34.29146000000002,36.6599,34.4305,-9.568599999999988,-15.954219999999987,-10.2098,-13.4468,0.9241666666666676,0.9325000000000001,0.9075,0.89,46,5,17.0946,62.547398
9.35277,16,0.92,3,312,9,3,0,0,0.2783466666666667,0.2632831999999988,0.0,0.265248,26.511633333333332,34.701080000000026,17.0946,59.54,-10.71690999999999,-6.559965999999987,-31.2937,12.7977,0.9425000000000009,0.9165000000000001,1.0,0.865,46,5,25.7804,25.408604
-23.1484,0,1.0,4,404,0,3,0,1,0.15718400000000002,0.22005759999999874,0.471552,0.363488,29.2471,36.78824000000002,25.7804,36.6599,-15.029776666666654,-8.500285999999987,9.35277,-10.2098,0.9733333333333342,0.9385000000000001,0.92,0.9075,46,5,44.8663,28.761318
89.0884,28,0.0,2,0,15,3,10,0,2.121984,1.3458879999999989,0.0,0.0,23.697082999999996,24.969149800000025,44.8663,17.0946,25.09759000000001,6.757854000000012,-23.1484,-31.2937,0.6400000000000009,0.7655000000000001,1.0,1.0,46,5,0.444549,0.68993527
89.0884,28,0.0,2,0,15,3,1,0,3.9296,2.452070399999999,5.8944,0.471552,15.251799333333329,17.726079600000023,0.444549,25.7804,51.67613333333335,26.61749400000001,89.0884,9.35277,0.3333333333333342,0.5840000000000001,0.0,0.92,46,5,0.444549,1.4263798
89.0884,28,0.0,2,0,15,3,3,0,5.8944,3.630950399999999,5.8944,0.0,0.444549,14.396069400000025,0.444549,44.8663,89.0884,50.69391400000001,89.0884,-23.1484,0.0,0.38400000000000006,0.0,1.0,46,5,0.444549,0.16422226
8.05559,12,0.5425,2,30,7,4,0,0,5.128126666666667,4.255755999999999,5.8944,5.8944,1.2480159999999954,9.810979400000024,0.444549,0.444549,62.07746333333335,50.43447800000001,89.0884,89.0884,0.1808333333333342,0.3085000000000001,0.0,0.0,46,5,2.85495,2.2994974
-14.0394,0,1.0,3,380,0,4,0,1,3.1633266666666664,4.255755999999999,3.59558,5.8944,20.167432999999996,12.278279400000024,2.85495,0.444549,27.70153000000001,52.25627800000001,8.05559,89.0884,0.5141666666666675,0.3085000000000001,0.5425,0.0,46,5,57.2028,51.16625
9.04572,16,1.0,2,319,9,5,0,0,1.1985266666666667,3.0768759999999986,0.0,5.8944,24.812249999999995,15.065169600000024,57.2028,0.444549,1.0206366666666806,36.24774200000001,-14.0394,89.0884,0.8475000000000009,0.5085000000000001,1.0,0.0,46,5,14.379,12.927779
-37.6185,0,1.0,4,982,0,5,0,1,0.0,1.8979959999999985,0.0,3.59558,31.771366666666662,19.722719800000025,14.379,2.85495,-14.204059999999984,10.906362000000012,9.04572,8.05559,1.0,0.7085000000000001,1.0,0.5425,46,5,23.7323,45.365757
-7.6769,0,1.0,2,18,0,1,0,0,0.0,0.7191159999999988,0.0,0.0,20.637999999999995,24.394350000000024,23.7323,57.2028,-12.083226666666652,-8.446697999999987,-37.6185,-14.0394,1.0,0.9085000000000001,1.0,1.0,47,5,23.8027,19.096567
-5.71878,0,0.74,3,22,0,1,0,1,0.17028266666666667,0.10216959999999875,0.0,0.0,18.691106666666663,25.531024000000023,23.8027,14.379,-17.004726666666652,-11.201571999999986,-7.6769,9.04572,0.9133333333333343,0.9480000000000001,1.0,1.0,47,5,8.53832,7.7909865
-19.2826,0,1.0,2,28,0,2,0,0,0.17028266666666667,0.10216959999999875,0.510848,0.0,19.703373333333328,19.44428400000002,8.53832,23.7323,-10.892759999999987,-12.250211999999985,-5.71878,-37.6185,0.9133333333333343,0.9480000000000001,0.74,1.0,47,5,26.7691,22.416695
-27.2575,0,0.725,3,377,0,2,0,1,0.530496,0.31829759999999874,0.0,0.0,20.753439999999994,21.959064000000023,26.7691,23.8027,-17.41962666666665,-19.510855999999986,-19.2826,-7.6769,0.8216666666666675,0.8930000000000001,1.0,1.0,47,5,26.9529,14.563262
2.89933,8,0.531667,4,16,5,3,0,0,1.2803933333333335,0.8704055999999987,1.08064,0.510848,18.236930666666662,17.41036240000002,26.9529,8.53832,-14.546923333333318,-11.407289999999985,-27.2575,-5.71878,0.7522223333333343,0.7993334000000001,0.725,0.74,47,5,0.988792,5.5086694
-32.345,0,0.883333,3,336,0,3,0,1,1.50962,1.0079415999999988,2.76054,0.0,26.090663999999993,22.71588240000002,0.988792,26.7691,-18.90105666666665,-16.340909999999987,2.89933,-19.2826,0.7133333333333343,0.776,0.531667,1.0,47,5,50.3303,29.093182
89.0884,28,0.0,2,0,15,3,10,0,3.1142066666666666,2.084651999999999,0.68768,1.08064,17.254546333333327,21.09712780000002,50.3303,26.9529,19.88091000000001,2.620526000000015,-32.345,-27.2575,0.47166666666666757,0.6280000000000001,0.883333,0.725,47,5,0.444547,-0.4481309
89.0884,28,0.0,2,0,15,3,1,0,4.158826666666666,3.2635319999999988,5.8944,2.76054,17.07313133333333,15.83221720000002,0.444547,0.988792,48.61060000000001,24.29472600000001,89.0884,2.89933,0.29444433333333425,0.4280000000000001,0.0,0.531667,47,5,0.444547,1.7685198
89.0884,28,0.0,2,0,15,3,3,0,5.8944,4.226283999999999,5.8944,0.68768,0.444547,10.530546600000022,0.444547,50.3303,89.0884,47.56390600000001,89.0884,-32.345,0.0,0.2830000000000001,0.0,0.883333,47,5,0.444547,0.37517178
-1.90634,4,0.7375,2,40,3,4,0,0,4.61728,4.086783999999999,5.8944,5.8944,2.707387999999995,11.779402200000023,0.444547,0.444547,58.75682000000001,46.602772000000016,89.0884,89.0884,0.24583333333333424,0.32416660000000014,0.0,0.0,47,5,7.23307,4.226232
-28.6166,0,0.89625,9,304,0,4,0,1,2.924277333333333,4.112326399999999,2.06304,5.8944,23.50087233333333,14.278342200000022,7.23307,0.444547,19.521820000000012,47.34845200000001,-1.90634,89.0884,0.5445833333333342,0.3267500000000001,0.7375,0.0,47,5,62.825,55.672493
33.3648,28,0.696,2,0,15,5,0,0,1.9549773333333331,3.530746399999999,0.815392,5.8944,23.66961566666666,14.379588200000024,62.825,0.444547,0.9472866666666823,36.20373200000002,-28.6166,89.0884,0.7765833333333342,0.46595000000000014,0.89625,0.0,47,5,0.950777,-0.2260562
-37.6185,0,1.0,4,818,0,5,0,1,1.267297333333333,2.3518663999999987,2.9865,2.06304,29.169358999999996,19.037138800000022,0.950777,7.23307,-10.95676666666665,10.862352000000014,33.3648,-1.90634,0.8640833333333342,0.6659500000000002,0.696,0.7375,47,5,23.7323,64.84032
-26.0794,0,1.0,2,225,0,1,0,0,0.9954999999999997,1.1729863999999988,0.0,0.815392,17.421992333333325,24.46480940000002,23.7323,62.825,-10.111033333333317,-12.171207999999984,-37.6185,-28.6166,0.8986666666666675,0.8659500000000001,1.0,0.89625,48,5,27.5829,25.364075
-25.2367,0,1.0,10,352,0,1,0,1,0.0,0.7603783999999988,0.0,2.9865,17.10506666666666,23.01819540000002,27.5829,0.950777,-29.644866666666655,-16.837279999999986,-26.0794,33.3648,1.0,0.9184500000000002,1.0,0.696,48,5,0.0,13.469184
-8.72846,0,0.9925,10,159,0,2,0,0,0.009823999999999704,0.6031943999999988,0.0,0.0,23.305399999999995,18.919855400000024,0.0,23.7323,-20.014853333333317,-12.859651999999986,-25.2367,-37.6185,0.9975000000000009,0.9377000000000001,1.0,1.0,48,5,42.3333,38.374134
-1.68562,28,0.8925,2,2,3,2,0,1,0.15063466666666636,0.09038079999999875,0.029472,0.0,15.357856666666665,19.477754000000022,42.3333,27.5829,-11.883593333333318,-19.869735999999985,-8.72846,-26.0794,0.9616666666666674,0.9770000000000001,0.9925,1.0,48,5,3.74027,5.924063
-14.2137,0,0.986667,8,438,0,3,0,0,0.17683199999999968,0.10609919999999876,0.422432,0.0,23.383423333333326,19.546634000000022,3.74027,0.0,-8.209259999999986,-15.188775999999985,-1.68562,-25.2367,0.9572223333333342,0.9743334000000001,0.8925,1.0,48,5,24.0767,37.21115
-12.036,0,0.991667,4,136,0,3,0,1,0.18338133333333304,0.11592319999999874,0.078592,0.029472,9.647489999999996,14.255154000000024,24.0767,42.3333,-9.311773333333319,-12.380095999999986,-14.2137,-8.72846,0.9569446666666676,0.9726668000000002,0.986667,0.9925,48,5,1.1255,7.339666
89.0884,28,0.0,2,0,15,3,10,0,2.007370666666666,1.2948031999999987,0.04912,0.422432,8.548914999999997,14.344063000000023,1.1255,3.74027,20.946233333333346,10.484924000000012,-12.036,-1.68562,0.6594446666666675,0.7726668000000001,0.991667,0.8925,48,5,0.444545,1.743484
89.0884,28,0.0,2,0,15,3,1,0,3.9459733333333333,2.467788799999999,5.8944,0.078592,0.6715299999999976,5.966312000000022,0.444545,24.0767,55.38026666666667,30.04829600000001,89.0884,-14.2137,0.3305556666666675,0.5741668000000001,0.0,0.986667,48,5,0.444545,0.25548497
89.0884,28,0.0,2,0,15,3,3,0,5.8944,3.562182399999999,5.8944,0.04912,0.444545,5.307167000000023,0.444545,1.1255,89.0884,48.203100000000006,89.0884,-12.036,0.0,0.39566680000000004,0.0,0.991667,48,5,0.444545,0.27020505
-16.7029,0,0.80125,8,171,0,4,0,0,4.450273333333333,3.8588679999999984,5.8944,5.8944,11.937596666666664,7.476567000000022,0.444545,0.444545,53.824633333333345,47.70526000000001,89.0884,89.0884,0.2670833333333342,0.3585834000000001,0.0,0.0,48,5,34.9237,28.625687
-3.95323,2,0.83125,8,11,2,4,0,1,2.9275533333333335,4.114291999999999,1.56202,5.8944,17.18504833333333,10.488847000000023,34.9237,0.444545,22.810756666666677,49.321814,-16.7029,89.0884,0.5441666666666676,0.3265000000000001,0.80125,0.0,48,5,16.1869,11.216958
-8.27653,0,0.997,2,55,0,5,0,0,0.9725773333333331,2.941306399999999,1.32624,5.8944,22.401099999999996,13.618478000000021,16.1869,0.444545,-9.644219999999985,29.848828000000015,-3.95323,89.0884,0.876500000000001,0.5259000000000001,0.83125,0.0,48,5,16.0927,21.087173
-37.6185,0,1.0,4,472,0,5,0,1,0.4519039999999997,1.762426399999999,0.029472,1.56202,18.67063333333333,18.276029000000023,16.0927,34.9237,-16.61608666666665,4.507448000000013,-8.27653,-16.7029,0.942750000000001,0.7259000000000001,0.997,0.80125,48,5,23.7323,31.379795
18.6388,26,1.0,2,81,14,1,0,0,0.009823999999999704,0.5835463999999988,0.0,1.32624,15.83452333333333,19.722834000000024,23.7323,16.1869,-9.085409999999985,-9.582471999999985,-37.6185,-3.95323,0.9990000000000009,0.9259000000000001,1.0,0.83125,49,5,7.67857,11.5396595
-20.8555,0,1.0,5,334,0,1,0,1,0.0,0.2711423999999988,0.0,0.029472,42.55445666666666,31.988594000000024,7.67857,16.0927,-13.278399999999985,-10.412991999999985,18.6388,-8.27653,1.0,0.9656500000000001,1.0,0.997,49,5,96.2525,52.775593
-23.3393,0,0.9,3,782,0,2,0,0,0.13098666666666636,0.08448639999999875,0.0,0.0,45.542323333333336,35.29039400000002,96.2525,23.7323,-8.518666666666652,-14.290205999999987,-20.8555,-37.6185,0.9666666666666676,0.9794000000000003,1.0,1.0,49,5,32.6959,28.966562
-15.8765,0,0.9875,4,268,0,2,0,1,0.14735999999999969,0.08841599999999875,0.39296,0.0,64.81273333333333,45.16981400000002,32.6959,7.67857,-20.023766666666653,-15.810199999999986,-23.3393,18.6388,0.9625000000000009,0.9775,0.9,1.0,49,5,65.4898,86.77974
24.3187,28,0.748333,2,195,15,3,0,0,0.641833333333333,0.3850999999999988,0.04912,0.0,34.977889999999995,41.77294800000003,65.4898,96.2525,-4.965699999999987,-3.422759999999986,-15.8765,-20.8555,0.8786110000000008,0.9271666000000002,0.9875,1.0,49,5,6.74797,7.3164353
-18.1593,0,0.76,3,180,0,3,0,1,0.9823999999999997,0.6680319999999987,1.48342,0.39296,26.238449999999997,41.53275000000002,6.74797,32.6959,-3.2390333333333197,-10.782379999999986,24.3187,-23.3393,0.8319443333333343,0.8791666000000001,0.748333,0.9,49,5,6.47758,34.368107
89.0884,28,0.0,2,0,15,3,10,0,2.9308266666666665,1.846911999999999,1.41466,0.04912,4.556697666666662,22.371158600000022,6.47758,65.4898,31.74926666666668,11.206400000000013,-18.1593,-15.8765,0.5027776666666676,0.6791666000000001,0.76,0.9875,49,5,0.444543,-0.19783744
89.0884,28,0.0,2,0,15,3,1,0,4.401153333333333,2.9471999999999987,5.8944,1.48342,2.4555553333333284,15.92088720000002,0.444543,6.74797,53.33916666666667,33.69194000000001,89.0884,24.3187,0.25333333333333424,0.4991666000000001,0.0,0.748333,49,5,0.444543,0.3051503
89.0884,28,0.0,2,0,15,3,3,0,5.8944,4.116255999999998,5.8944,1.41466,0.444543,2.9118358000000195,0.444543,6.47758,89.0884,54.68492000000001,89.0884,-18.1593,0.0,0.3016666000000001,0.0,0.76,49,5,0.444543,0.29991117
-12.9713,0,0.99375,4,408,0,4,0,0,3.945973333333333,3.829395999999999,5.8944,5.8944,13.593928666666661,9.540781800000019,0.444543,0.444543,55.06850000000001,47.226920000000014,89.0884,89.0884,0.3312500000000009,0.3507500000000001,0.0,0.0,49,5,39.8927,39.164993
-29.6468,0,1.0,4,717,0,4,0,1,1.9811733333333332,3.546463999999999,0.04912,5.8944,38.57671433333332,23.32384580000002,39.8927,0.444543,15.490100000000012,44.929420000000015,-12.9713,89.0884,0.6645833333333342,0.3987500000000001,0.99375,0.0,49,5,75.3929,80.03731
-3.59387,2,0.866,3,211,2,5,0,0,0.4551799999999997,2.6308679999999987,0.0,5.8944,40.934053333333324,24.73824920000002,75.3929,0.444543,-15.403989999999986,26.392966000000012,-29.6468,89.0884,0.9532500000000009,0.5719500000000001,1.0,0.0,49,5,7.51656,7.223966
-37.6185,0,1.0,3,439,0,5,0,1,0.43880666666666635,1.4519879999999987,1.31642,0.04912,35.54725333333332,29.39580060000002,7.51656,39.8927,-23.619723333333315,1.0515860000000132,-3.59387,-12.9713,0.9553333333333343,0.7719500000000001,0.866,0.99375,49,5,23.7323,72.1789
-8.72846,0,0.975,10,297,0,1,0,0,0.4551799999999997,0.28293199999999874,0.0,0.0,32.44605333333332,42.52475200000002,23.7323,75.3929,-16.64694333333332,-18.511785999999987,-37.6185,-29.6468,0.947000000000001,0.9669500000000001,1.0,1.0,50,5,66.0893,51.54804
-22.3591,0,0.975,3,217,0,1,0,1,0.03274666666666637,0.28293199999999874,0.04912,1.31642,48.23703333333332,45.52411200000002,66.0893,7.51656,-22.902019999999983,-20.389345999999982,-8.72846,-3.59387,0.9833333333333343,0.9632000000000002,0.975,0.866,50,5,54.8895,32.2069
-25.6512,0,0.95,8,419,0,2,0,0,0.0982399999999997,0.32222799999999874,0.04912,0.0,58.61793333333332,41.42053200000002,54.8895,23.7323,-18.912919999999986,-19.590225999999983,-22.3591,-37.6185,0.9666666666666676,0.9532,0.975,1.0,50,5,54.875,76.98148
-31.2937,0,1.0,7,182,0,2,0,1,0.08186666666666637,0.058943999999998754,0.19648,0.04912,42.28636666666666,43.33614000000002,54.875,66.0893,-26.434666666666654,-25.130191999999987,-25.6512,-8.72846,0.9750000000000009,0.9800000000000001,0.95,0.975,50,5,17.0946,33.845848
-9.13951,0,0.993333,2,72,0,3,0,0,0.0785919999999997,0.06680319999999876,0.0,0.04912,36.12276666666666,45.86942000000002,17.0946,54.8895,-22.028136666666654,-19.434393999999987,-31.2937,-22.3591,0.9811110000000008,0.9786666,1.0,0.975,50,5,36.3987,31.843767
-7.15536,0,1.0,3,3,0,3,0,1,0.01309866666666637,0.05697919999999875,0.039296,0.19648,351.15509999999995,232.64596,36.3987,54.875,-15.862856666666652,-19.119773999999985,-9.13951,-25.6512,0.9977776666666677,0.9836666000000001,0.993333,0.95,50,5,999.972,176.36101
89.0884,28,0.0,2,0,15,3,10,0,1.9778986666666665,1.2260351999999988,0.0,0.0,345.6050803333333,221.75696820000002,999.972,17.0946,24.264510000000012,3.169726000000014,-7.15536,-31.2937,0.6644443333333343,0.7886666000000002,1.0,1.0,50,5,0.444541,1.1961417
89.0884,28,0.0,2,0,15,3,1,0,3.9295999999999993,2.365619199999999,5.8944,0.039296,333.62036066666667,210.8708764,0.444541,36.3987,57.00714666666668,26.117646000000015,89.0884,-9.13951,0.3333333333333343,0.5986666000000002,0.0,0.993333,50,5,0.444541,-10.086666
89.0884,28,0.0,2,0,15,3,3,0,5.8944,3.5444991999999984,5.8944,0.0,0.444541,207.54086460000002,0.444541,999.972,89.0884,50.19406600000001,89.0884,-7.15536,0.0,0.3986666000000001,0.0,1.0,50,5,0.444541,12.838374
-21.6167,0,1.0,5,870,0,4,0,0,3.9295999999999993,3.5366399999999985,5.8944,5.8944,9.202494,205.60480460000002,0.444541,0.444541,52.18670000000001,47.69862800000001,89.0884,89.0884,0.3333333333333343,0.4000000000000001,0.0,0.0,50,5,26.7184,63.501823
-14.0394,0,1.0,3,256,0,4,0,1,1.9647999999999997,3.5366399999999985,0.0,5.8944,28.121913666666668,17.05096460000002,26.7184,0.444541,17.810766666666677,46.32182000000002,-21.6167,89.0884,0.6666666666666675,0.4000000000000001,1.0,0.0,50,5,57.2028,53.596924
-14.8372,0,1.0,1,135,0,5,0,0,0.0,2.357759999999999,0.0,5.8944,34.3144,20.76645640000002,57.2028,0.444541,-16.83109999999999,25.53670000000001,-14.0394,89.0884,1.0,0.6000000000000001,1.0,0.0,50,5,19.022,27.210331
-37.6185,0,1.0,2,55,0,5,0,1,0.0,1.178879999999999,0.0,0.0,33.31903333333333,25.424008200000024,19.022,26.7184,-22.165033333333316,0.19532000000001232,-14.8372,-21.6167,1.0,0.8,1.0,1.0,50,5,23.7323,48.91615
-12.226,0,0.87,7,176,0,1,0,0,0.08514133333333303,0.05108479999999893,0.0,0.0,25.94713333333333,32.35252000000002,23.7323,57.2028,-21.560566666666656,-20.067559999999986,-37.6185,-14.0394,0.9566666666666676,0.974,1.0,1.0,51,5,35.0871,36.485485
15.2834,20,0.355,3,6,11,1,0,1,0.5075746666666664,0.30454479999999895,0.255424,0.0,22.432416666666665,28.704410000000017,35.0871,19.022,-11.520366666666654,-12.687539999999984,-12.226,-14.8372,0.7416666666666676,0.8450000000000001,0.87,1.0,51,5,8.47785,9.863534
8.67444,16,0.1175,3,17,9,2,0,0,1.6635313333333333,0.9981187999999989,1.2673,0.0,15.721626666666666,17.98383600000002,8.47785,23.7323,3.910613333333345,-8.144771999999985,15.2834,-37.6185,0.44750000000000095,0.6685000000000001,0.355,1.0,51,5,3.59993,4.4689937
-27.2575,0,1.0,3,753,0,2,0,1,1.57839,0.9981187999999989,3.46787,0.255424,13.010226666666663,19.57001600000002,3.59993,35.0871,-1.0998866666666547,-10.628831999999985,8.67444,-12.226,0.4908333333333343,0.6685000000000001,0.1175,0.87,51,5,26.9529,24.295216
-19.2269,0,0.926667,9,165,0,3,0,0,1.3000419999999997,1.084569999999999,0.0,1.2673,27.675076666666666,25.31803600000002,26.9529,8.47785,-12.603319999999988,-6.9505119999999865,-27.2575,15.2834,0.681389000000001,0.6538334000000001,1.0,0.355,51,5,52.4724,47.852795
-12.7045,0,0.995,7,243,0,3,0,1,0.15390933333333304,1.039379599999999,0.432256,3.46787,42.74483333333333,28.06245600000002,52.4724,3.59993,-19.72963333333332,-7.046211999999987,-19.2269,8.67444,0.973889000000001,0.6788334,0.926667,0.1175,51,5,48.8092,36.906246
89.0884,28,0.0,2,0,15,3,10,0,2.118709333333333,1.9647995999999992,0.029472,0.0,33.908713,26.455793800000027,48.8092,26.9529,19.05233333333334,7.714788000000011,-12.7045,-27.2575,0.6405556666666676,0.6078334000000002,0.995,1.0,51,5,0.444539,1.1991321
89.0884,28,0.0,2,0,15,3,1,0,3.9394240000000003,2.450105599999999,5.8944,0.432256,16.566092666666663,25.824715600000026,0.444539,52.4724,55.15743333333334,23.79758000000001,89.0884,-19.2269,0.33166666666666766,0.5843334000000001,0.0,0.926667,51,5,0.444539,1.0868654
89.0884,28,0.0,2,0,15,3,3,0,5.8944,3.628985599999999,5.8944,0.029472,0.444539,20.52304340000002,0.444539,48.8092,89.0884,47.06676000000001,89.0884,-12.7045,0.0,0.38433340000000016,0.0,0.995,51,5,0.444539,0.35528892
0.519263,6,0.415,3,38,4,4,0,0,5.462143333333333,4.4620603999999995,5.8944,5.8944,1.200199333333331,10.570867400000022,0.444539,0.444539,59.565354333333346,51.01599260000001,89.0884,89.0884,0.13833333333333434,0.28200000000000014,0.0,0.0,51,5,2.71152,2.3159964
-28.6166,0,1.0,8,651,0,4,0,1,3.4973433333333332,4.456165999999999,4.59763,5.8944,21.993686333333333,13.374027400000022,2.71152,0.444539,20.330354333333343,47.83357260000001,0.519263,89.0884,0.4716666666666676,0.2830000000000001,0.415,0.0,51,5,62.825,60.592667
-3.10433,2,0.951,8,42,2,5,0,0,1.6930019999999997,3.373561199999999,0.0,5.8944,23.66742666666666,14.378271600000023,62.825,0.444539,-10.400555666666657,29.395026600000012,-28.6166,89.0884,0.7886666666666676,0.4732000000000001,1.0,0.0,51,5,5.46576,10.823508
-25.1761,0,1.0,4,431,0,1,0,0,0.1604586666666664,2.194681199999999,0.481376,4.59763,27.146286666666665,16.918983800000024,5.46576,2.71152,-18.965676666666656,6.542126600000012,-3.10433,0.519263,0.9836666666666676,0.6732000000000001,0.951,0.415,52,5,13.1481,42.22402
-25.2367,0,1.0,5,544,0,1,0,1,0.1604586666666664,1.015801199999999,0.0,0.0,6.204619999999998,16.830076000000023,13.1481,62.825,-17.839043333333326,-16.322893399999987,-25.1761,-28.6166,0.9836666666666676,0.8732000000000001,1.0,1.0,52,5,0.0,11.345749
-3.83274,2,0.86,2,0,2,2,0,0,0.18338133333333304,0.20630399999999893,0.0,0.481376,6.296576666666664,17.436098000000023,0.0,5.46576,-18.08184666666666,-17.193293999999987,-25.2367,-3.10433,0.9533333333333341,0.9622000000000002,1.0,0.951,52,5,5.74163,2.7611408
-1.68562,4,0.8425,3,5,3,2,0,1,0.389685333333333,0.3300863999999989,0.550144,0.0,5.742376666666664,7.168198000000023,5.74163,13.1481,-10.251686666666657,-11.807097999999986,-3.83274,-25.1761,0.9008333333333343,0.9307000000000001,0.86,1.0,52,5,11.4855,4.185797
-19.6582,0,0.756667,4,193,0,3,0,0,0.867785333333333,0.5206711999999989,0.618912,0.0,14.27714333333333,11.195906000000024,11.4855,0.0,-8.392186666666658,-15.117871999999986,-1.68562,-25.2367,0.8197223333333342,0.8918334000000001,0.8425,1.0,52,5,25.6043,24.472765
-23.1484,0,1.0,4,210,0,3,0,1,0.6844039999999997,0.5206711999999989,1.4343,0.550144,27.318699999999996,17.539546000000023,25.6043,5.74163,-14.830739999999992,-14.712331999999986,-19.6582,-3.83274,0.8663890000000009,0.8918334000000001,0.756667,0.86,52,5,44.8663,34.753483
89.0884,28,0.0,2,0,15,3,10,0,2.4429,1.699551199999999,0.0,0.618912,23.638378999999997,17.628453400000023,44.8663,11.4855,15.427266666666673,8.152688000000015,-23.1484,-1.68562,0.5855556666666676,0.6918334,1.0,0.8425,52,5,0.444537,0.60987186
89.0884,28,0.0,2,0,15,3,1,0,3.9295999999999993,2.768402399999999,5.8944,1.4343,15.251791333333331,16.569034800000022,0.444537,25.6043,51.67613333333335,26.736916000000015,89.0884,-19.6582,0.3333333333333342,0.5198334000000001,0.0,0.756667,52,5,0.444537,0.89669603
89.0884,28,0.0,2,0,15,3,3,0,5.8944,3.8234999999999992,5.8944,0.0,0.444537,14.360842200000025,0.444537,44.8663,89.0884,44.89172000000001,89.0884,-23.1484,0.0,0.35133340000000013,0.0,1.0,52,5,0.444537,0.16422226
-4.16254,2,0.72375,2,42,2,4,0,0,4.6533,3.970859999999999,5.8944,5.8944,2.377421333333331,10.488620200000025,0.444537,0.444537,58.00475333333333,47.990852000000004,89.0884,89.0884,0.24125000000000088,0.3447500000000001,0.0,0.0,52,5,6.24319,5.2229085
-14.9734,0,0.8375,6,421,0,4,0,1,3.1142066666666666,4.226283999999999,2.1711,5.8944,7.236642333333331,4.519800200000025,6.24319,0.444537,23.31748666666667,49.625852,-4.16254,89.0884,0.5204166666666675,0.31225000000000014,0.72375,0.0,52,5,15.0222,9.017158
-17.5686,0,1.0,4,230,0,5,0,0,1.1494066666666665,3.047403999999999,1.27712,5.8944,13.673329999999998,8.381812800000024,15.0222,0.444537,-12.234846666666657,28.294452000000014,-14.9734,89.0884,0.853750000000001,0.5122500000000001,0.8375,0.0,52,5,19.7546,19.465666
7.58754,14,0.0,2,2,8,1,0,0,1.1395833333333332,2.296849999999999,0.0,2.1711,12.322126666666664,8.730821400000025,19.7546,6.24319,-8.318153333333324,11.994280000000012,-17.5686,-4.16254,0.6125000000000009,0.5122500000000001,1.0,0.72375,53,5,2.18958,2.506962
-20.8555,0,1.0,3,181,0,1,0,1,0.7138766666666664,1.117969999999999,2.14163,1.27712,39.398893333333326,27.892414000000024,2.18958,15.0222,-10.278853333333323,-9.994499999999984,7.58754,-14.9734,0.6666666666666675,0.7122500000000002,0.0,0.8375,53,5,96.2525,56.305496
-9.54002,0,0.975,3,314,0,2,0,0,0.7466233333333331,0.703397999999999,0.0,0.0,42.94372666666666,32.72159600000002,96.2525,19.7546,-7.60265999999999,-11.069995999999986,-20.8555,-17.5686,0.6583333333333342,0.7625000000000002,1.0,1.0,53,5,30.3891,32.815445
-36.6822,0,0.9925,4,290,0,2,0,1,0.04257066666666637,0.45386839999999895,0.09824,2.14163,68.21983333333333,45.320736000000025,30.3891,2.18958,-22.35923999999999,-15.411755999999986,-9.54002,7.58754,0.9891666666666676,0.7935000000000001,0.975,0.0,53,5,78.0179,93.822075
2.89933,8,0.565,2,0,5,3,0,0,0.897257333333333,0.9666803999999989,0.029472,0.0,36.46493999999999,41.56738000000003,78.0179,96.2525,-14.440963333333327,-11.318169999999986,-36.6822,-20.8555,0.8441666666666675,0.7065,0.9925,1.0,53,5,0.98782,1.7421302
-32.345,0,1.0,4,518,0,3,0,1,0.8645106666666663,0.5383543999999989,2.56406,0.09824,43.112006666666666,51.19552400000002,0.98782,30.3891,-22.042623333333324,-19.30467799999999,2.89933,-9.54002,0.8525000000000009,0.9065000000000001,0.565,0.975,53,5,50.3303,72.99745
89.0884,28,0.0,2,0,15,3,10,0,2.8194866666666663,1.7172343999999988,0.0,0.029472,17.25421833333333,32.033931000000024,50.3303,78.0179,19.880910000000004,2.6841020000000126,-32.345,-36.6822,0.5216666666666675,0.7065000000000001,1.0,0.9925,53,5,0.444535,-0.23991075
89.0884,28,0.0,2,0,15,3,1,0,3.9296,2.876466399999999,5.8944,2.56406,17.073123333333328,26.045018000000027,0.444535,0.98782,48.6106,22.40978600000001,89.0884,2.89933,0.3333333333333342,0.5115000000000001,0.0,0.565,53,5,0.444535,1.269118
89.0884,28,0.0,2,0,15,3,3,0,5.8944,4.049451999999999,5.8944,0.0,0.444535,10.530345000000025,0.444535,50.3303,89.0884,47.56390600000001,89.0884,-32.345,0.0,0.31300000000000006,0.0,1.0,53,5,0.444535,0.35622564
-16.7029,0,0.99375,4,213,0,4,0,0,3.945973333333333,3.5464639999999994,5.8944,5.8944,12.043156666666661,17.380861000000028,0.444535,0.444535,53.82463333333334,43.643460000000005,89.0884,89.0884,0.3312500000000009,0.39875000000000005,0.0,0.0,53,5,35.2404,37.36953
-29.6468,0,1.0,3,702,0,4,0,1,1.9811733333333332,3.5464639999999994,0.04912,5.8944,37.02594499999999,22.393381000000026,35.2404,0.444535,14.246233333333336,44.18310000000001,-16.7029,89.0884,0.6645833333333342,0.39875000000000005,0.99375,0.0,53,5,75.3929,75.86169
9.26232,14,0.919,3,584,8,5,0,0,0.28162133333333306,2.526732799999999,0.0,5.8944,42.36016666666666,25.593914000000026,75.3929,0.444535,-12.362459999999993,28.21788400000001,-29.6468,89.0884,0.9709166666666675,0.5825500000000001,1.0,0.0,53,5,16.4472,12.070128
-11.4143,0,0.95,5,279,0,1,0,0,0.29799466666666635,1.367500799999999,0.795744,0.04912,35.280333333333324,28.30518700000003,16.4472,35.2404,-10.59959333333333,8.117344000000013,9.26232,-16.7029,0.9563333333333343,0.7725500000000001,0.919,0.99375,54,5,14.0009,47.991592
-22.3591,0,1.0,3,327,0,1,0,1,0.2979946666666664,0.18862079999999912,0.09824,0.0,28.44586666666666,39.19418000000003,14.0009,75.3929,-8.170359999999995,-14.172155999999983,-11.4143,-29.6468,0.9563333333333343,0.97255,0.95,1.0,54,5,54.8895,59.63691
-19.0246,0,1.0,3,193,0,2,0,0,0.0327466666666664,0.17879679999999915,0.0,0.795744,22.963466666666662,32.146100000000025,54.8895,16.4472,-17.59933333333333,-14.636495999999985,-22.3591,9.26232,0.9833333333333343,0.9738000000000001,1.0,0.919,54,5,0.0,13.238141
-31.2937,0,1.0,5,265,0,2,0,1,0.0,0.17879679999999915,0.0,0.09824,23.994699999999995,20.486440000000027,0.0,14.0009,-24.225799999999992,-14.965875999999986,-19.0246,-11.4143,1.0,0.9738000000000001,1.0,0.95,54,5,17.0946,42.18619
-13.2571,0,0.863333,4,231,0,3,0,0,0.2685226666666664,0.18076159999999913,0.0,0.0,13.395833333333329,21.81558000000003,17.0946,54.8895,-21.191799999999997,-19.469759999999987,-31.2937,-22.3591,0.9544443333333342,0.9626666,1.0,1.0,54,5,23.0929,11.538721
-12.036,0,0.995,3,170,0,3,0,1,0.2783466666666664,0.16700799999999913,0.805568,0.0,13.806096666666662,19.26155800000003,23.0929,0.0,-18.86226666666666,-19.594099999999987,-13.2571,-19.0246,0.9527776666666675,0.9716666,0.863333,1.0,54,5,1.23079,6.4970527
89.0884,28,0.0,2,0,15,3,10,0,2.2431466666666666,1.345887999999999,0.029472,0.0,8.256074666666661,8.37256480000003,1.23079,17.0946,21.265100000000004,2.695400000000015,-12.036,-31.2937,0.6194443333333343,0.7716666,0.995,1.0,54,5,0.444534,1.6991578
89.0884,28,0.0,2,0,15,3,1,0,3.9394240000000003,2.524767999999999,5.8944,0.805568,0.7066193333333285,8.461471600000028,0.444534,23.0929,55.38026666666667,24.318000000000012,89.0884,-13.2571,0.3316666666666676,0.5716666,0.0,0.863333,54,5,0.444534,0.40089402
89.0884,28,0.0,2,0,15,3,3,0,5.8944,3.703647999999999,5.8944,0.029472,0.444534,5.131458400000029,0.444534,1.23079,89.0884,48.39442000000001,89.0884,-12.036,0.0,0.37166660000000007,0.0,0.995,54,5,0.444534,0.2797586
-12.9713,0,1.0,4,367,0,4,0,0,3.9295999999999993,3.5425343999999988,5.8944,5.8944,13.593922666666662,8.491418400000029,0.444534,0.444534,55.06850000000001,48.451580000000014,89.0884,89.0884,0.3333333333333342,0.39900000000000013,0.0,0.0,54,5,39.8927,37.972385
11.9959,18,0.98,2,119,10,4,0,1,2.0171946666666662,3.568076799999999,0.0,5.8944,38.30361133333333,23.15998040000003,39.8927,0.444534,29.371000000000006,53.25796000000001,-12.9713,89.0884,0.6600000000000009,0.3960000000000001,1.0,0.0,54,5,74.5736,57.168953
-1.60281,4,0.809,3,28,3,5,0,0,0.6778546666666664,2.764472799999999,0.157184,5.8944,38.47284066666666,23.26151800000003,74.5736,0.444534,-0.8594033333333281,35.11971800000001,11.9959,89.0884,0.9296666666666676,0.5578000000000001,0.98,0.0,54,5,0.952222,0.626558
-1.08628,4,0.485,2,0,3,1,0,0,1.0151446666666664,1.787966799999999,1.87638,0.0,26.673184000000003,24.07135720000003,0.952222,39.8927,3.1022700000000047,17.08478200000001,-1.60281,-12.9713,0.7580000000000009,0.6548,0.809,1.0,55,5,4.49373,10.327719
-0.659995,4,0.49,7,8,3,1,0,1,1.2967666666666664,0.8094967999999991,1.01187,0.157184,4.558607333333334,25.62842440000003,4.49373,74.5736,-1.116361666666662,-0.8648969999999855,-1.08628,11.9959,0.5946666666666677,0.7528,0.485,0.98,55,5,8.22987,6.5795717
-3.29522,2,0.5225,3,16,2,2,0,0,1.2967666666666664,1.184772799999999,1.00205,1.87638,5.194786666666666,18.22203640000003,8.22987,0.952222,-1.6804983333333288,1.0703190000000142,-0.659995,-1.60281,0.4991666666666676,0.6573,0.49,0.809,55,5,2.86076,3.6114385
-22.4939,0,0.89,2,98,0,2,0,1,1.1035619999999995,1.239787199999999,1.87638,1.01187,12.89661,8.827156400000032,2.86076,4.49373,-8.816371666666662,-5.827640999999986,-3.29522,-1.08628,0.6341666666666677,0.6393000000000001,0.5225,0.485,55,5,27.5992,26.081867
-11.0808,0,0.803333,3,71,0,3,0,0,1.155955333333333,1.096357199999999,0.432256,1.00205,12.237613333333334,9.88728800000003,27.5992,8.22987,-12.289973333333329,-7.723238999999987,-22.4939,-0.659995,0.7386110000000009,0.6381666000000001,0.89,0.49,55,5,6.25288,6.307547
-30.6232,0,0.898333,3,345,0,3,0,1,0.7302499999999997,1.013835999999999,1.15923,1.87638,13.764183333333335,10.476636000000031,6.25288,2.86076,-21.399299999999997,-13.630622999999986,-11.0808,-3.29522,0.8638886666666675,0.7208332000000001,0.803333,0.5225,55,5,7.44047,20.537157
89.0884,28,0.0,2,0,15,3,10,0,2.5509646666666663,1.9923059999999992,0.599264,0.432256,4.712627333333334,8.919568400000031,7.44047,27.5992,15.7948,4.319056000000012,-30.6232,-22.4939,0.5672220000000009,0.6228332000000002,0.898333,0.89,55,5,0.444532,0.46480575
89.0884,28,0.0,2,0,15,3,1,0,4.129354666666667,2.795909999999999,5.8944,1.15923,2.7765113333333336,8.436322800000031,0.444532,6.25288,49.18453333333333,22.795780000000008,89.0884,-11.0808,0.29944433333333426,0.5183332000000002,0.0,0.803333,55,5,0.444532,0.3726103
89.0884,28,0.0,2,0,15,3,3,0,5.8944,3.8883387999999988,5.8944,0.599264,0.444532,3.0053892000000313,0.444532,7.44047,89.0884,45.11224000000001,89.0884,-30.6232,0.0,0.3403332000000001,0.0,0.898333,55,5,0.444532,0.57793593
-20.6066,0,1.0,8,422,0,4,0,0,3.9295999999999993,3.6564927999999988,5.8944,5.8944,9.202488,7.098493200000031,0.444532,0.444532,52.5234,43.207080000000005,89.0884,89.0884,0.3333333333333342,0.3796666000000001,0.0,0.0,55,5,26.7184,23.267687
-28.6166,0,1.0,5,599,0,4,0,1,1.9647999999999997,3.5366399999999993,0.0,5.8944,29.995977333333332,18.175399200000033,26.7184,0.444532,13.288400000000003,43.60840000000001,-20.6066,89.0884,0.6666666666666675,0.4000000000000001,1.0,0.0,55,5,62.825,56.322865
-23.3259,0,0.891,3,449,0,5,0,0,0.35693999999999976,2.571923999999999,0.0,5.8944,35.5454,21.505052800000033,62.825,0.444532,-24.183033333333327,21.125540000000008,-28.6166,89.0884,0.9636666666666676,0.5782,1.0,0.0,55,5,17.0928,9.769881
-9.54002,0,0.955,3,284,0,1,0,0,0.38641199999999976,1.410727199999999,1.07082,0.0,40.4209,29.685126400000037,17.0928,26.7184,-20.49417333333333,1.3998560000000129,-23.3259,-20.6066,0.9486666666666675,0.7692000000000001,0.891,1.0,56,5,41.3449,62.36965
-25.2367,0,1.0,8,464,0,1,0,1,0.38641199999999976,0.23184719999999914,0.088416,0.0,19.479233333333337,29.596220000000038,41.3449,62.825,-19.367539999999995,-21.465163999999984,-9.54002,-28.6166,0.9486666666666675,0.9692000000000001,0.955,1.0,56,5,0.0,13.70151
-13.3184,0,1.0,4,155,0,2,0,0,0.029471999999999703,0.23184719999999914,0.0,1.07082,23.381466666666668,30.012440000000034,0.0,17.0928,-16.03170666666666,-20.007523999999982,-25.2367,-23.3259,0.9850000000000009,0.9692000000000001,1.0,0.891,56,5,28.7995,42.01913
34.5182,28,0.3375,2,5,15,2,0,1,0.8677866666666664,0.7525191999999992,0.0,0.088416,12.813906666666666,19.375884000000035,28.7995,41.3449,-1.3456333333333295,-7.380563999999984,-13.3184,-9.54002,0.7791666666666676,0.8367000000000001,1.0,0.955,56,5,9.64222,3.382572
-13.2386,0,0.986667,4,300,0,3,0,0,0.8939839999999997,0.5540735999999991,2.60336,0.0,26.783406666666664,24.33902400000003,9.64222,0.0,2.653733333333337,-5.363103999999986,34.5182,-25.2367,0.7747223333333343,0.8558334000000001,0.3375,1.0,56,5,41.9085,48.74743
3.84019,8,0.83,8,0,5,3,0,1,1.2280006666666663,0.7368003999999991,0.078592,0.0,51.87157333333332,36.88284400000003,41.9085,28.7995,8.373263333333336,-2.687061999999986,-13.2386,-13.3184,0.7180556666666674,0.8308334,0.986667,1.0,56,5,104.064,21.613634
89.0884,28,0.0,2,0,15,3,10,0,2.325014,1.915680399999999,1.00205,2.60336,48.80567666666666,36.97175000000003,104.064,9.64222,26.563329999999997,20.17795800000001,3.84019,34.5182,0.6055556666666675,0.6308334,0.83,0.3375,56,5,0.44453,0.017236006
89.0884,28,0.0,2,0,15,3,1,0,4.263616666666667,3.0945603999999993,5.8944,0.078592,34.98435333333333,31.300756000000028,0.44453,41.9085,60.67233000000001,40.659318000000006,89.0884,-13.2386,0.27666666666666756,0.43083340000000003,0.0,0.986667,56,5,0.44453,3.6018896
89.0884,28,0.0,2,0,15,3,3,0,5.8944,3.7527683999999994,5.8944,1.00205,0.44453,29.461218000000024,0.44453,104.064,89.0884,51.573358000000006,89.0884,3.84019,0.0,0.3633334000000001,0.0,0.83,56,5,0.44453,0.062275622
9.38241,14,0.29125,2,10,8,4,0,0,5.786336666666666,4.8510919999999995,5.8944,5.8944,1.1415566666666668,21.58664000000003,0.44453,0.44453,62.51973666666667,56.09756000000001,89.0884,89.0884,0.09708333333333423,0.22425000000000012,0.0,0.0,56,5,2.53561,2.1053247
-14.6422,0,0.88125,3,347,0,4,0,1,4.13263,4.837337999999999,5.57021,5.8944,5.977913333333333,3.7645600000000314,2.53561,0.44453,27.942870000000003,52.40108200000002,9.38241,89.0884,0.3908333333333342,0.2345000000000001,0.29125,0.0,56,5,14.9536,9.770261
24.9466,28,0.86,2,0,15,5,0,0,2.6262833333333333,3.933529999999999,0.93328,5.8944,7.957443333333333,4.952278000000031,14.9536,0.44453,6.562270000000005,39.57272200000001,-14.6422,89.0884,0.6775000000000008,0.40650000000000014,0.88125,0.0,56,5,6.38312,3.4475362
-18.8135,0,0.875,4,342,0,1,0,0,0.851413333333333,2.803769999999999,1.37536,5.57021,15.445573333333334,9.86337200000003,6.38312,2.53561,-2.836366666666662,17.992342000000015,24.9466,9.38241,0.8720833333333342,0.5815000000000001,0.86,0.29125,57,5,25.0,29.84507
-20.8555,0,1.0,9,189,0,1,0,1,0.5403199999999998,1.6248899999999993,0.2456,0.93328,42.545206666666665,29.024966000000028,25.0,14.9536,-4.907466666666662,-3.9964379999999857,-18.8135,-14.6422,0.9116666666666675,0.7815000000000001,0.875,0.88125,57,5,96.2525,81.641464
14.7264,20,0.0075,3,3,11,2,0,0,1.3819099999999995,1.2908739999999992,0.0,1.37536,40.85140666666666,28.77818800000003,96.2525,6.38312,-8.314199999999994,-2.9276399999999856,-20.8555,24.9466,0.627500000000001,0.7247500000000001,1.0,0.86,57,5,1.30172,1.3247365
-36.6822,0,1.0,5,354,0,2,0,1,1.300043333333333,1.104217999999999,3.90013,0.2456,58.52403999999999,41.391048000000026,1.30172,25.0,-14.27043333333333,-7.335639999999986,14.7264,-18.8135,0.6691666666666675,0.7485000000000002,0.0075,0.875,57,5,78.0179,78.555786
-16.0547,0,0.705,4,194,0,3,0,0,1.8796599999999997,1.176915999999999,0.0,0.0,37.89104,46.98512400000003,78.0179,96.2525,-12.670166666666665,-15.535899999999987,-36.6822,-20.8555,0.5708333333333342,0.7175,1.0,1.0,57,5,34.3535,26.021894
-12.7045,0,0.993333,4,340,0,3,0,1,0.592715333333333,1.135655199999999,1.73885,3.90013,54.789633333333335,52.38462400000003,34.3535,1.30172,-21.813799999999997,-14.314099999999986,-16.0547,14.7264,0.8994443333333342,0.7411666,0.705,0.0075,57,5,51.9975,73.19397
89.0884,28,0.0,2,0,15,3,10,0,2.557515333333333,2.314535199999999,0.039296,0.0,28.931842999999997,33.22302980000003,51.9975,78.0179,20.109733333333335,7.674680000000014,-12.7045,-36.6822,0.5661110000000008,0.5411666,0.993333,1.0,57,5,0.444529,1.006619
89.0884,28,0.0,2,0,15,3,1,0,3.9426986666666664,2.713389199999999,5.8944,1.73885,17.628852666666663,33.05159160000003,0.444529,34.3535,55.15743333333334,22.547080000000012,89.0884,-16.0547,0.3311110000000009,0.5396666000000001,0.0,0.705,57,5,0.444529,0.76489836
89.0884,28,0.0,2,0,15,3,3,0,5.8944,3.892269199999999,5.8944,0.039296,0.444529,17.53691740000003,0.444529,51.9975,89.0884,47.701200000000014,89.0884,-12.7045,0.0,0.33966660000000004,0.0,0.993333,57,5,0.444529,0.35528892
-4.16254,2,0.92875,2,3,2,4,0,0,4.116256,3.6564927999999997,5.8944,5.8944,2.375569333333329,11.913747400000029,0.444529,0.444529,58.00475333333333,50.07963200000001,89.0884,89.0884,0.3095833333333342,0.3844166000000001,0.0,0.0,57,5,6.23765,6.0683
-29.2733,0,0.97875,3,662,0,4,0,1,2.2071253333333334,3.682035199999999,0.559968,5.8944,21.435192999999995,13.038927400000029,6.23765,0.444529,18.550853333333336,46.765872000000016,-4.16254,89.0884,0.6358333333333342,0.3815000000000001,0.92875,0.0,57,5,57.6234,52.2029
-12.0129,0,0.799,5,164,0,5,0,0,0.9005320000000001,2.898079199999999,0.167008,5.8944,27.753283333333325,16.82978160000003,57.6234,0.444529,-15.149579999999995,26.545612000000016,-29.2733,89.0884,0.9021666666666676,0.5413000000000001,0.97875,0.0,57,5,19.3988,16.55252
-8.28849,0,0.82,3,478,0,1,0,0,0.8317640000000001,1.7899319999999992,1.97462,0.559968,29.776633333333326,19.20241580000003,19.3988,6.23765,-16.52489666666666,7.070234000000016,-12.0129,-4.16254,0.8659166666666676,0.7053,0.799,0.92875,58,5,12.3077,33.387592
-22.3591,0,1.0,3,164,0,1,0,1,0.7760946666666667,0.6110519999999992,0.353664,0.167008,28.86533333333333,30.09141000000003,12.3077,57.6234,-14.22016333333333,-15.219265999999982,-8.28849,-29.2733,0.8730000000000008,0.9053000000000001,0.82,0.97875,58,5,54.8895,50.189407
3.77125,8,0.0,3,0,5,2,0,0,1.539094666666667,1.3517823999999992,0.0,1.97462,22.744193333333328,29.05095600000003,54.8895,19.3988,-8.958779999999996,-13.632507999999982,-22.3591,-12.0129,0.6066666666666676,0.7195500000000001,1.0,0.799,58,5,1.03538,1.6984344
-33.2879,0,0.92,8,328,0,2,0,1,1.5259960000000001,1.381254399999999,4.26362,0.353664,25.774893333333328,21.80623600000003,1.03538,12.3077,-17.291916666666662,-14.435427999999984,3.77125,-8.28849,0.6400000000000009,0.7078000000000001,0.0,0.82,58,5,21.3998,42.086502
-19.6582,0,1.0,4,261,0,3,0,0,1.5259960000000001,0.9863303999999993,0.314368,0.0,16.013159999999996,23.04733600000003,21.3998,54.8895,-16.39161666666666,-15.964487999999983,-33.2879,-22.3591,0.6400000000000009,0.748,0.92,1.0,58,5,25.6043,31.585718
3.6776,8,0.9,7,208,5,3,0,1,0.30126933333333333,1.0334855999999992,0.0,4.26362,27.72806666666666,27.82181600000003,25.6043,1.03538,-16.42283333333333,-13.571269999999984,-19.6582,3.77125,0.9400000000000008,0.764,1.0,0.0,58,5,36.1801,20.37745
89.0884,28,0.0,2,0,15,3,10,0,2.16128,2.212365599999999,0.58944,0.314368,20.742975666666663,16.93282140000003,36.1801,21.3998,24.369266666666665,8.718230000000016,3.6776,-33.2879,0.6333333333333342,0.5640000000000001,0.9,0.92,58,5,0.444527,0.34904256
89.0884,28,0.0,2,0,15,3,1,0,4.12608,2.5385215999999993,5.8944,0.0,12.356384666666663,16.814650800000027,0.444527,25.6043,60.61813333333333,25.78166000000001,89.0884,-19.6582,0.3000000000000009,0.5640000000000001,0.0,1.0,58,5,0.444527,1.3068318
89.0884,28,0.0,2,0,15,3,3,0,5.8944,3.654527999999999,5.8944,0.58944,0.444527,12.623596200000028,0.444527,36.1801,89.0884,50.256920000000015,89.0884,3.6776,0.0,0.38000000000000006,0.0,0.9,58,5,0.444527,0.23435396
-5.22926,0,0.93125,8,39,0,4,0,0,4.109706666666667,3.7625919999999993,5.8944,5.8944,12.576717999999994,14.870956200000029,0.444527,0.444527,57.64918,53.142708000000006,89.0884,89.0884,0.31041666666666756,0.3662500000000001,0.0,0.0,58,5,36.8411,22.884676
-3.52144,2,0.97875,3,8,2,4,0,1,2.2005760000000003,3.6781055999999994,0.54032,5.8944,35.364342333333326,21.396416200000026,36.8411,0.444527,26.779233333333337,51.702900000000014,-5.22926,89.0884,0.6366666666666676,0.3820000000000001,0.93125,0.0,58,5,68.8074,43.287132
-3.10433,2,0.965,8,0,2,5,0,0,0.3503893333333334,2.567993599999999,0.167008,5.8944,37.11391666666666,22.44616080000003,68.8074,0.444527,-3.951676666666662,33.26435400000001,-3.52144,89.0884,0.9583333333333343,0.5750000000000001,0.97875,0.0,58,5,5.69325,17.521576
-13.8405,0,0.85,4,419,0,1,0,0,0.26852266666666663,1.4480575999999992,0.34384,0.54032,33.37308333333332,27.480975400000027,5.69325,36.8411,-6.822089999999996,12.678574000000015,-3.10433,-5.22926,0.9312500000000009,0.7450000000000001,0.965,0.93125,59,5,25.6186,58.113583
-0.659995,4,0.465,7,0,3,1,0,1,0.5632433333333333,0.4794115999999991,0.29472,0.167008,13.075773333333323,28.975164000000028,25.6186,68.8074,-5.868274999999996,-5.271104999999983,-13.8405,-3.52144,0.7600000000000008,0.8380000000000001,0.85,0.97875,59,5,7.91547,8.822772
-15.456,0,0.535,4,307,0,2,0,0,1.0577166666666666,0.7367995999999991,1.05117,0.34384,12.986606666666658,22.692094000000026,7.91547,5.69325,-9.98549833333333,-7.316452999999983,-0.659995,-3.10433,0.6166666666666676,0.7587500000000001,0.465,0.965,59,5,5.42575,18.72638
-22.534,0,1.0,4,55,0,2,0,1,0.9594766666666666,0.7033979999999991,1.82726,0.29472,13.646806666666658,14.450454000000025,5.42575,25.6186,-12.883331666666663,-11.118964999999983,-15.456,-13.8405,0.6666666666666675,0.7630000000000001,0.535,0.85,59,5,27.5992,23.247019
8.6399,14,0.38,2,24,8,3,0,0,1.8272633333333335,1.3655359999999992,0.0,1.05117,11.341473333333324,13.511698000000024,27.5992,7.91547,-9.78336666666666,-8.770118999999983,-22.534,-0.659995,0.6383333333333342,0.6460000000000001,1.0,0.465,59,5,0.99947,0.9423285
-16.0338,0,0.895,3,243,0,3,0,1,1.4244806666666667,1.4303743999999992,3.65453,1.82726,24.740923333333324,17.512798000000025,0.99947,5.42575,-9.975966666666663,-9.208778999999982,8.6399,-15.456,0.7583333333333342,0.655,0.38,0.535,59,5,45.6241,36.583805
89.0884,28,0.0,2,0,15,3,10,0,3.3892806666666666,2.399020399999999,0.618912,0.0,15.689365333333326,16.018609200000025,45.6241,27.5992,27.2315,8.740900000000018,-16.0338,-22.534,0.4250000000000009,0.562,0.895,1.0,59,5,0.444526,-0.34045792
89.0884,28,0.0,2,0,15,3,1,0,4.135904,3.2124483999999986,5.8944,3.65453,15.50438399999999,15.022364400000026,0.444526,0.99947,54.047666666666665,29.649780000000014,89.0884,8.6399,0.2983333333333342,0.45500000000000007,0.0,0.38,59,5,0.444526,1.6052104
89.0884,28,0.0,2,0,15,3,3,0,5.8944,4.391328399999999,5.8944,0.618912,0.444526,9.591429600000025,0.444526,45.6241,89.0884,51.974260000000015,89.0884,-16.0338,0.0,0.25500000000000006,0.0,0.895,59,5,0.444526,0.17415479
-12.9713,0,1.0,8,465,0,4,0,0,3.9295999999999993,3.660422399999999,5.8944,5.8944,13.593917333333323,17.370075600000025,0.444526,0.444526,55.0685,47.652020000000014,89.0884,89.0884,0.3333333333333342,0.3790000000000001,0.0,0.0,59,5,39.8927,39.90646
-16.3092,0,0.9025,3,369,0,4,0,1,2.220224,3.689894399999999,0.0,5.8944,36.618508666666656,22.148915600000027,39.8927,0.444526,19.93596666666667,47.59694000000001,-12.9713,89.0884,0.6341666666666675,0.38050000000000006,1.0,0.0,59,5,69.5183,55.59939
-19.3771,24,0.923,2,17,0,5,0,0,0.5075733333333333,2.662303999999999,0.766272,5.8944,45.46433333333332,27.456410400000028,69.5183,0.444526,-16.219199999999997,25.903840000000013,-16.3092,89.0884,0.9418333333333342,0.5651,0.9025,0.0,59,5,26.982,37.899467
18.6839,24,0.01,2,2,13,1,0,0,1.1559566666666667,1.872453999999999,0.756448,0.0,33.10000999999999,27.92745120000003,26.982,39.8927,-5.6674666666666615,11.822940000000017,-19.3771,-12.9713,0.6118333333333342,0.5671000000000002,0.923,1.0,60,5,2.79973,6.276758
-25.2367,0,1.0,2,124,0,1,0,1,0.9005326666666668,0.6935739999999991,1.94515,0.766272,9.927243333333319,27.83854600000003,2.79973,69.5183,-8.643299999999995,-11.04207999999998,18.6839,-16.3092,0.6443333333333342,0.7671000000000001,0.01,0.9025,60,5,0.0,16.810604
-1.90978,4,0.515,5,9,3,2,0,0,1.28367,1.074745999999999,0.0,0.756448,1.4918066666666523,20.195144000000024,0.0,26.982,-2.8208599999999944,-8.829775999999983,-25.2367,-19.3771,0.5083333333333342,0.6701,1.0,0.923,60,5,1.67569,4.287236
-5.57304,0,0.8425,3,13,0,2,0,1,0.8415906666666667,1.0452739999999991,1.90586,1.94515,6.300963333333319,9.736924000000027,1.67569,2.79973,-10.90650666666666,-6.682543999999981,-1.90978,18.6839,0.7858333333333342,0.6581000000000001,0.515,0.01,60,5,17.2272,8.60478
-15.5598,0,0.893333,3,262,0,3,0,0,1.0511693333333334,1.0197315999999992,0.618912,0.0,14.572696666666653,9.303564000000028,17.2272,0.0,-7.680873333333328,-5.919083999999982,-5.57304,-25.2367,0.7502776666666676,0.6521666000000002,0.8425,1.0,60,5,24.8152,22.95035
-12.036,0,1.0,4,65,0,3,0,1,0.4158826666666666,0.6307015999999991,0.628736,1.90586,14.424396666666652,8.98977600000003,24.8152,1.67569,-11.056279999999994,-12.063063999999983,-15.5598,-1.90978,0.9119443333333342,0.8501666,0.893333,0.515,60,5,1.23079,10.288018
-20.6066,0,1.0,4,299,0,4,0,0,0.20957866666666666,0.6307015999999991,0.0,0.618912,17.588129999999985,14.33345600000003,1.23079,17.2272,-16.06746666666666,-11.137043999999984,-12.036,-5.57304,0.9644443333333342,0.8501666,1.0,0.8425,60,5,26.7184,35.184643
-14.6422,0,0.9975,3,223,0,4,0,1,0.006549333333333333,0.2534591999999991,0.0,0.628736,14.357796666666651,17.02315800000003,26.7184,24.8152,-15.761599999999996,-13.683527999999985,-20.6066,-15.5598,0.9991666666666675,0.9466666000000001,1.0,0.893333,60,5,15.1242,9.648025
-24.4323,0,0.954,4,846,0,5,0,0,0.157184,0.2200575999999991,0.019648,0.0,18.959699999999987,16.585018000000026,15.1242,1.23079,-19.893699999999995,-17.455379999999984,-14.6422,-12.036,0.9838333333333341,0.9689666000000001,0.9975,1.0,60,5,15.0365,17.67448
-0.115083,6,0.005,2,1,4,1,0,0,0.808844,0.4853063999999991,0.451904,0.0,10.43798333333332,11.852628000000028,15.0365,26.7184,-13.063194333333328,-14.366436599999982,-24.4323,-20.6066,0.6521666666666676,0.7913000000000001,0.954,1.0,61,5,1.15325,4.515681
-20.8555,0,1.0,4,396,0,1,0,1,0.8022946666666666,0.4853063999999991,1.95498,0.019648,37.480749999999986,30.85697000000003,1.15325,15.1242,-15.134294333333328,-16.130336599999982,-0.115083,-14.6422,0.6530000000000008,0.7913000000000001,0.005,0.9975,61,5,96.2525,51.759956
0.848716,6,0.245,3,21,4,2,0,0,1.64061,1.078676399999999,0.0,0.451904,33.000133333333316,25.832220000000028,96.2525,15.0365,-6.707288999999995,-11.839273399999982,-20.8555,-24.4323,0.4166666666666676,0.6403000000000001,1.0,0.954,61,5,1.59465,1.343858
-31.7638,0,0.8975,4,307,0,2,0,1,1.1232113333333333,1.155303599999999,2.96685,1.95498,54.08871666666665,35.69118000000003,1.59465,1.15325,-17.25686133333333,-15.263593399999982,0.848716,-0.115083,0.7141666666666676,0.6203000000000001,0.245,0.005,61,5,64.419,52.004562
-4.37797,2,0.736667,3,99,2,3,0,0,1.640608,1.375360799999999,0.402784,0.0,24.27766333333332,34.04774800000003,64.419,96.2525,-11.764351333333328,-11.252727399999982,-31.7638,-20.8555,0.6263890000000009,0.5768334000000002,0.8975,1.0,61,5,6.81934,5.6215734
-24.2124,16,0.98,2,60,0,3,0,1,0.6909540000000001,1.007942399999999,1.55219,2.96685,26.615933333333317,35.53899000000003,6.81934,1.59465,-20.118056666666664,-16.07219079999998,-4.37797,0.848716,0.8713890000000007,0.7718334000000001,0.736667,0.245,61,5,8.60946,35.064056
9.38241,14,0.3,2,0,8,4,0,0,2.390506,2.108230399999999,0.117888,0.402784,5.930946666666653,16.761298000000032,8.60946,64.419,-6.402653333333329,-10.024608799999983,-24.2124,-31.7638,0.6722223333333343,0.6318334,0.98,0.8975,61,5,2.36404,3.2995272
-29.6106,0,0.95375,5,383,0,4,0,1,1.9942719999999998,1.5875579999999991,5.50144,1.55219,18.689366666666654,25.46128800000003,2.36404,6.81934,-14.813529999999995,-16.116471999999984,9.38241,-4.37797,0.7445833333333343,0.7735834,0.3,0.736667,61,5,45.0946,27.974854
-1.60281,4,0.902,3,7,3,5,0,0,2.2758933333333333,1.699551599999999,0.363488,0.117888,16.18407333333332,12.796204000000031,45.0946,8.60946,-7.276999999999997,-10.084273999999983,-29.6106,-24.2124,0.7185833333333344,0.7744834,0.95375,0.98,61,5,1.09358,7.1188025
-1.76648,4,0.03,4,7,3,1,0,0,1.0773666666666666,1.770285599999999,0.962752,5.50144,15.98524333333332,11.785846000000031,1.09358,2.36404,-10.993296666666664,-9.561975999999984,-1.60281,9.38241,0.6285833333333343,0.6331500000000001,0.902,0.3,62,5,1.76755,6.5767365
-33.4599,0,0.885,4,233,0,1,0,1,1.0315213333333335,1.7918983999999987,1.90586,0.363488,26.669076666666655,25.49317400000003,1.76755,45.0946,-12.276396666666662,-11.411475999999983,-1.76648,-29.6106,0.6056666666666676,0.6141500000000001,0.03,0.95375,62,5,77.1461,62.037525
-0.597304,4,0.625,5,0,3,2,0,0,1.2018039999999999,0.9863303999999993,0.225952,0.962752,26.794089999999986,25.31409000000003,77.1461,1.09358,-11.941227999999997,-13.407418799999983,-33.4599,-1.60281,0.5133333333333342,0.6791500000000001,0.885,0.902,62,5,1.46862,7.12496
-33.2879,0,1.0,8,485,0,2,0,1,0.5665173333333333,0.9136327999999991,1.4736,1.90586,33.33817333333332,20.57513000000003,1.46862,1.76755,-22.448368,-14.142878799999982,-0.597304,-1.76648,0.8366666666666674,0.6884,0.625,0.03,62,5,21.3998,47.37178
-16.873,0,0.788333,4,277,0,3,0,0,0.9070833333333334,0.970612399999999,0.0,0.225952,18.42517333333332,26.837834000000033,21.3998,77.1461,-16.91940133333333,-17.196916799999986,-33.2879,-33.4599,0.8044443333333341,0.6656666000000001,1.0,0.885,62,5,32.4071,24.849234
-10.9503,0,0.601667,5,220,0,3,0,1,1.1985299999999999,1.0590283999999992,1.24765,1.4736,29.170466666666652,33.22522400000003,32.4071,1.46862,-20.3704,-19.033680799999985,-16.873,-0.597304,0.7966666666666674,0.78,0.788333,0.625,62,5,33.7045,10.249393
-4.16254,2,0.9275,2,3,2,4,0,0,1.3884606666666668,1.127796399999999,2.34794,0.0,24.133776666666652,19.053950000000032,33.7045,21.3998,-10.661946666666665,-13.174208799999983,-10.9503,-33.2879,0.7725000000000009,0.7885000000000001,0.601667,1.0,62,5,6.28973,13.023523
0.036343,6,0.785,8,4,4,4,0,1,1.5358206666666667,1.1710223999999994,0.569792,1.24765,28.155609999999985,27.654746000000035,6.28973,32.4071,-5.025498999999997,-13.047479399999986,-4.16254,-16.873,0.7713890000000009,0.8205,0.9275,0.788333,62,5,44.4726,13.933722
-23.3259,0,1.0,3,197,0,5,0,0,0.7531740000000001,1.1710223999999994,1.68973,2.34794,22.618376666666652,26.79334600000003,44.4726,33.7045,-9.150698999999998,-11.055079399999983,0.036343,-10.9503,0.9041666666666676,0.8205000000000002,0.785,0.601667,62,5,17.0928,14.79192
1.92071,6,0.015,8,6,4,1,0,0,1.2083533333333334,1.3085583999999992,0.0,0.569792,20.89044333333332,20.53311200000003,17.0928,6.28973,-7.1229489999999975,-7.296337399999982,-23.3259,-4.16254,0.6000000000000009,0.6658334000000001,1.0,0.9275,63,5,1.10593,7.8156447
-29.8959,0,0.965,9,161,0,1,0,1,0.6680326666666668,0.8527239999999991,1.93533,1.68973,72.47791,53.63921200000003,1.10593,44.4726,-17.10036333333333,-11.085457399999983,1.92071,0.036343,0.6600000000000008,0.7385000000000002,0.015,0.785,63,5,199.235,100.724144
-31.6507,0,1.0,3,1,0,2,0,0,0.6680326666666668,0.7387655999999991,0.068768,0.0,73.31540999999999,56.30232600000003,199.235,17.0928,-19.875296666666664,-16.583089399999984,-29.8959,-23.3259,0.6600000000000009,0.7530000000000001,0.965,1.0,63,5,19.6053,53.242897
-25.9131,0,0.7825,3,569,0,2,0,1,0.30781866666666685,0.5717571999999992,0.0,1.93533,83.28423333333332,53.61028600000003,19.6053,1.10593,-29.153233333333333,-21.772977999999984,-31.6507,1.92071,0.9158333333333343,0.7525000000000001,1.0,0.015,63,5,31.0124,70.7135
-18.8947,0,1.0,4,292,0,3,0,0,0.2848960000000002,0.5717571999999992,0.854688,0.068768,28.323733333333312,57.06242600000003,31.0124,199.235,-25.486166666666662,-20.886737999999983,-25.9131,-29.8959,0.9275000000000008,0.7525000000000001,0.7825,0.965,63,5,34.3535,31.203115
-12.7045,0,0.998333,4,222,0,3,0,1,0.28817066666666685,0.18665599999999913,0.0,0.0,38.926366666666645,67.12388000000003,34.3535,19.6053,-19.170766666666665,-23.81177999999998,-18.8947,-31.6507,0.9269443333333341,0.9491666000000002,1.0,1.0,63,5,51.4132,48.870804
-3.31698,2,0.7775,4,89,2,4,0,0,0.5861646666666668,0.5226363999999991,0.009824,0.854688,38.10659999999998,32.987500000000026,51.4132,31.0124,-11.638726666666663,-18.495995999999984,-12.7045,-25.9131,0.9252776666666676,0.9116666,0.998333,0.7825,63,5,28.5531,14.725547
-16.3092,0,1.0,5,449,0,4,0,1,0.5861646666666668,0.5226363999999991,1.74867,0.0,49.82819999999998,42.97010000000002,28.5531,34.3535,-10.776893333333328,-15.427695999999983,-3.31698,-18.8947,0.9252776666666676,0.9116666,0.7775,1.0,63,5,69.5183,74.85043
-2.47645,2,0.938,3,24,2,5,0,0,0.7859193333333335,0.4735163999999991,0.0,0.009824,34.74734333333331,38.001746000000026,69.5183,51.4132,-7.36754333333333,-10.740365999999984,-16.3092,-12.7045,0.9051666666666675,0.9427666000000002,1.0,0.998333,63,5,6.17063,6.945219
2.03448,6,0.015,2,11,4,1,0,0,0.8481393333333335,0.8605823999999991,0.609088,1.74867,25.70886999999998,31.418582000000026,6.17063,28.5531,-5.583723333333331,-6.554529999999983,-2.47645,-3.31698,0.6510000000000008,0.7457666000000002,0.938,0.7775,64,5,1.43768,4.3284225
-37.7536,0,0.875,8,263,0,1,0,1,0.9300060000000001,0.907737599999999,1.93533,0.0,32.22936999999998,38.95190200000003,1.43768,69.5183,-12.731856666666664,-11.564349999999981,2.03448,-16.3092,0.6093333333333342,0.7211000000000001,0.015,1.0,64,5,89.0798,63.542362
-17.814,0,0.9025,3,27,0,2,0,0,0.8546886666666668,0.6346307999999992,0.2456,0.609088,47.05282666666665,43.369482000000026,89.0798,6.17063,-17.84437333333333,-14.463753999999984,-37.7536,-2.47645,0.5975000000000009,0.7461000000000001,0.875,0.938,64,5,50.641,38.81396
-5.57304,0,0.805,4,3,0,2,0,1,0.4650026666666669,0.7878851999999992,0.383136,1.93533,52.07886666666665,32.76898200000003,50.641,1.43768,-20.38021333333333,-12.316521999999981,-17.814,2.03448,0.8608333333333342,0.7071000000000002,0.9025,0.015,64,5,16.5158,14.762983
-19.6582,0,1.0,8,573,0,3,0,0,0.3831360000000002,0.6660675999999991,0.766272,0.2456,30.92036666666665,36.65571600000003,16.5158,89.0798,-14.348413333333331,-15.752871999999986,-5.57304,-37.7536,0.9025000000000009,0.7195000000000003,0.805,0.875,64,5,25.6043,48.444115
-16.0338,0,0.996667,3,241,0,3,0,1,0.26197333333333356,0.2829311999999991,0.0,0.383136,31.18599999999998,46.65576000000003,25.6043,50.641,-13.75501333333333,-19.36652799999998,-19.6582,-17.814,0.933889000000001,0.9158334000000001,1.0,0.9025,64,5,51.4379,39.66649
-12.9713,0,1.0,3,116,0,4,0,0,0.006549333333333555,0.23381119999999908,0.019648,0.766272,38.97829999999998,36.81834000000003,51.4379,16.5158,-16.221099999999996,-14.410067999999985,-16.0338,-5.57304,0.9988890000000007,0.9408334000000002,0.996667,0.805,64,5,39.8927,32.0404
-14.6422,0,1.0,3,5,0,4,0,1,0.006549333333333555,0.1571839999999991,0.0,0.0,35.484933333333316,29.714980000000033,39.8927,25.6043,-14.549099999999997,-13.775707999999984,-12.9713,-19.6582,0.9988890000000007,0.9603334000000002,1.0,1.0,64,5,15.1242,27.920351
-9.44804,0,0.829,8,163,0,5,0,0,0.5599666666666668,0.33990959999999915,0.0,0.019648,24.299599999999984,29.988200000000028,15.1242,51.4379,-12.353846666666664,-14.550707999999982,-14.6422,-16.0338,0.9430000000000008,0.9651334000000003,1.0,0.996667,64,5,17.8819,21.967012
-1.48152,4,0.27,3,5,3,1,0,0,1.0380666666666667,0.6267695999999991,1.6799,0.0,13.944063333333318,26.632558000000028,17.8819,39.8927,-8.523919999999999,-10.915371999999984,-9.44804,-12.9713,0.6996666666666674,0.8191334000000001,0.829,1.0,65,5,8.82609,5.523079
-33.4599,0,1.0,4,453,0,1,0,1,1.0380666666666667,0.6228399999999991,1.4343,0.0,34.61802999999998,31.77419800000003,8.82609,15.1242,-14.796486666666665,-14.400591999999984,-1.48152,-14.6422,0.6996666666666674,0.8198000000000001,0.27,1.0,65,5,77.1461,67.64997
-12.2954,0,0.995,1,91,0,2,0,0,0.4846493333333335,0.6267695999999991,0.0,1.6799,113.46706333333331,74.68145800000003,77.1461,17.8819,-15.745606666666665,-14.265411999999984,-33.4599,-9.44804,0.7550000000000009,0.8188000000000001,1.0,0.829,65,5,254.429,218.17255
-31.7638,0,1.0,8,507,0,2,0,1,0.006549333333333555,0.6267695999999991,0.019648,1.4343,131.99803333333332,84.54041800000002,254.429,8.82609,-25.839699999999997,-17.689731999999985,-12.2954,-1.48152,0.9983333333333343,0.8188000000000002,0.995,0.27,65,5,64.419,40.34975
7.8406,14,0.14,2,6,8,3,0,0,1.6962760000000003,1.3046255999999992,0.0,0.0,106.60354333333332,81.15656400000003,64.419,77.1461,-12.072866666666664,-14.23200399999998,-31.7638,-33.4599,0.7116666666666674,0.6810000000000003,1.0,1.0,65,5,0.96263,13.465289
-12.036,0,0.993333,4,172,0,3,0,1,1.7028253333333339,1.025624799999999,5.06918,0.019648,22.31506999999998,79.70406200000002,0.96263,254.429,-11.986399999999998,-16.342899999999982,7.8406,-12.2954,0.7111110000000008,0.8256666000000001,0.14,0.995,65,5,1.56358,20.231298
-20.6066,0,1.0,4,171,0,4,0,0,1.7028253333333339,1.0256247999999992,0.039296,0.0,9.748203333333313,69.61852200000003,1.56358,64.419,-8.267333333333331,-13.772239999999982,-12.036,-31.7638,0.7111110000000008,0.8256666000000001,0.993333,1.0,65,5,26.7184,42.05253
-29.6106,0,1.0,9,237,0,4,0,1,0.013098666666666961,1.0216951999999992,0.0,5.06918,24.458859999999977,27.751642000000025,26.7184,0.96263,-20.751066666666663,-17.23527999999998,-20.6066,7.8406,0.9977776666666675,0.8266666,1.0,0.14,65,5,45.0946,37.799473
0.571871,6,0.76,5,16,4,5,0,0,0.7859200000000003,1.4932471999999992,0.0,0.039296,29.754133333333314,18.357722000000027,45.0946,1.56358,-16.548443,-10.768145799999981,-29.6106,-12.036,0.9200000000000009,0.7786666000000002,1.0,0.993333,65,5,17.4494,3.9929187
-1.48152,4,0.27,3,5,3,1,0,0,1.2640200000000001,0.7662711999999992,2.35776,0.0,23.790029999999984,19.930414000000027,17.4494,26.7184,-10.17341633333333,-12.632569799999983,0.571871,-20.6066,0.6766666666666676,0.8046666000000002,0.76,1.0,66,5,8.82609,4.2205176
-12.0908,0,0.67,2,195,0,1,0,1,1.480148,0.8880887999999991,1.4343,0.0,23.41669666666665,28.412618000000027,8.82609,45.0946,-4.3334829999999975,-12.643529799999985,-1.48152,-29.6106,0.5666666666666677,0.7400000000000002,0.27,1.0,66,5,43.9746,34.986736
-12.5696,0,0.7275,4,312,0,2,0,0,1.0511680000000003,1.1022527999999991,0.648384,2.35776,22.565129999999982,26.047878000000026,43.9746,17.4494,-8.71397333333333,-11.036129799999983,-12.0908,0.571871,0.5558333333333342,0.6855000000000002,0.67,0.76,66,5,14.8947,17.946526
-10.7382,0,1.0,4,302,0,2,0,1,0.5730680000000002,1.1022527999999991,1.07082,1.4343,26.756366666666647,21.308918000000027,14.8947,8.82609,-11.799533333333331,-7.261649799999984,-12.5696,-1.48152,0.7991666666666676,0.6855000000000002,0.7275,0.27,66,5,21.3998,37.978954
-15.5598,0,0.995,4,245,0,3,0,0,0.36676400000000026,0.6365951999999993,0.0,0.648384,20.77356666666665,23.02427800000003,21.3998,43.9746,-12.955866666666664,-10.487983999999983,-10.7382,-12.0908,0.907500000000001,0.7325000000000003,1.0,0.67,66,5,26.0262,27.169569
-24.2124,16,1.0,2,0,0,3,0,1,0.009824000000000296,0.3497351999999992,0.029472,1.07082,18.678486666666647,22.980952000000027,26.0262,14.8947,-16.836799999999997,-15.034159999999982,-15.5598,-12.5696,0.9983333333333343,0.8785000000000002,0.995,0.7275,66,5,8.60946,13.390943
9.38241,14,0.36125,2,0,8,4,0,0,1.6831773333333337,1.2240703999999991,0.0,0.0,12.292963333333313,14.634678000000028,8.60946,21.3998,-10.129929999999998,-10.73951799999998,-24.2124,-10.7382,0.7854166666666677,0.8167500000000002,1.0,1.0,66,5,2.24323,3.5531201
-26.6336,0,0.96375,4,254,0,4,0,1,1.7683186666666668,1.066885599999999,5.02006,0.029472,17.468963333333317,19.966578000000027,2.24323,26.0262,-13.821196666666665,-13.552317999999982,9.38241,-15.5598,0.7750000000000009,0.8640000000000001,0.36125,0.995,66,5,41.5542,29.119152
-12.7952,0,0.918,3,110,0,5,0,0,2.0368413333333337,1.227999199999999,0.284896,0.0,24.002943333333317,21.32889800000003,41.5542,8.60946,-10.015463333333331,-13.963717999999982,-26.6336,-24.2124,0.7476666666666675,0.8476000000000001,0.96375,1.0,66,5,28.2114,19.42541
-27.5776,0,1.0,10,223,0,1,0,0,0.36348800000000026,1.222104799999999,0.805568,5.02006,39.33363333333332,25.770718000000027,28.2114,2.24323,-22.335466666666665,-16.36727799999998,-12.7952,9.38241,0.9605833333333343,0.8486,0.918,0.36125,67,5,48.2353,59.13656
-23.9877,0,0.875,3,352,0,1,0,1,0.3503893333333336,1.271224799999999,0.0,0.284896,54.709299999999985,41.585066000000026,48.2353,41.5542,-21.453500000000002,-16.32233799999998,-27.5776,-26.6336,0.9310000000000009,0.8236000000000001,1.0,0.96375,67,5,87.6812,57.280846
-7.61783,0,0.9775,3,323,0,2,0,0,0.11133866666666696,0.2848959999999991,0.2456,0.805568,66.82576666666665,54.04858000000003,87.6812,28.2114,-19.72771,-19.722385999999982,-23.9877,-12.7952,0.9508333333333342,0.9468500000000002,0.875,0.918,67,5,64.5608,40.09822
-24.1346,0,0.8875,5,500,0,2,0,1,0.25869866666666697,0.3163327999999991,0.088416,0.0,61.07116666666665,51.93204000000003,64.5608,48.2353,-18.580043333333332,-19.222585999999986,-7.61783,-27.5776,0.9133333333333341,0.9316000000000002,0.9775,1.0,67,5,30.9715,44.901955
-3.11735,2,0.805,2,16,2,3,0,0,0.5599686666666669,0.38510119999999914,0.44208,0.2456,33.990496666666644,47.57759800000003,30.9715,87.6812,-11.62326,-17.287015999999984,-24.1346,-23.9877,0.8900000000000009,0.9090000000000001,0.8875,0.875,67,5,6.43919,6.390701
-10.9503,0,0.936667,9,660,0,3,0,1,0.6549340000000002,0.45976359999999916,1.14941,0.088416,23.246796666666643,44.39647800000002,6.43919,64.5608,-12.734083333333336,-13.961555999999984,-3.11735,-7.61783,0.8763890000000009,0.8963334000000002,0.805,0.9775,67,5,32.3297,25.172962
-4.16254,2,0.92875,3,4,2,4,0,0,0.6942300000000002,0.5226371999999991,0.373312,0.44208,14.979433333333311,28.094120000000032,32.3297,30.9715,-6.076730000000001,-9.996523999999983,-10.9503,-24.1346,0.8901390000000009,0.9070834000000001,0.936667,0.8875,67,5,6.16941,7.721957
-25.1514,0,0.9975,9,811,0,4,0,1,0.31764266666666696,0.5088835999999992,0.559968,1.14941,36.80656999999997,29.566080000000028,6.16941,6.43919,-13.421413333333334,-13.503237999999982,-4.16254,-3.11735,0.9543056666666675,0.9110834000000002,0.92875,0.805,67,5,71.9206,59.114082
-24.4323,0,1.0,8,787,0,5,0,0,0.19320533333333365,0.4204675999999992,0.019648,0.373312,31.042169999999974,26.379080000000027,71.9206,32.3297,-17.915413333333337,-13.562777999999984,-25.1514,-10.9503,0.9754166666666676,0.9335834000000002,0.9975,0.936667,67,5,15.0365,15.486375
-19.9562,0,0.745,4,290,0,1,0,0,0.17355733333333365,0.2907903999999991,0.0,0.559968,37.562733333333306,30.23746200000003,15.0365,6.16941,-23.17996666666667,-16.93054799999998,-24.4323,-4.16254,0.9141666666666676,0.9215834000000003,1.0,0.92875,68,5,25.7311,44.49151
-11.0958,0,0.88,3,322,0,1,0,1,0.2456000000000003,0.2632831999999992,0.501024,0.019648,39.504466666666644,39.320682000000026,25.7311,71.9206,-18.494766666666667,-16.95964799999998,-19.9562,-25.1514,0.8750000000000009,0.9102500000000002,0.745,0.9975,68,5,77.7458,33.949017
-9.98051,0,0.97,4,213,0,2,0,0,0.2848960000000003,0.17486719999999917,0.235776,0.0,48.83886666666664,46.69474000000003,77.7458,15.0365,-13.677503333333334,-18.123241999999983,-11.0958,-24.4323,0.8650000000000008,0.9185000000000002,0.88,1.0,68,5,43.0397,38.776985
-5.57304,0,0.74,4,0,0,2,0,1,0.45845466666666695,0.3752775999999992,0.117888,0.501024,45.456399999999974,35.42736000000003,43.0397,25.7311,-8.883116666666668,-14.207569999999981,-9.98051,-19.9562,0.8633333333333342,0.8670000000000002,0.97,0.745,68,5,15.5837,17.62897
-16.873,0,1.0,8,214,0,3,0,0,0.37986266666666696,0.3752775999999992,1.0217,0.235776,30.343499999999977,38.90148000000003,15.5837,77.7458,-10.808850000000001,-12.695709999999982,-5.57304,-11.0958,0.9033333333333342,0.8670000000000002,0.74,0.88,68,5,32.4071,45.52298
-12.7045,0,0.995,4,241,0,3,0,1,0.35039066666666696,0.28096719999999914,0.0,0.117888,34.96176666666664,45.13416000000003,32.4071,43.0397,-11.716846666666669,-11.245369999999983,-16.873,-9.98051,0.9116666666666675,0.9170000000000001,1.0,0.97,68,5,56.8945,49.558064
-19.2549,0,0.8025,7,20,0,4,0,0,0.5272206666666669,0.5442499999999992,0.029472,1.0217,37.84246666666664,34.43016000000003,56.8945,15.5837,-16.27746666666667,-12.877189999999985,-12.7045,-5.57304,0.9325000000000009,0.9015000000000002,0.995,0.74,68,5,24.2258,32.976334
-11.168,0,0.9975,9,21,0,4,0,1,0.5337700000000002,0.5246019999999991,1.55219,0.0,32.68789999999998,29.210900000000027,24.2258,32.4071,-14.3758,-13.114687999999983,-19.2549,-16.873,0.9316666666666675,0.9070000000000003,0.8025,1.0,68,5,16.9434,32.598133
8.41004,16,0.592,3,37,9,5,0,0,1.8600093333333334,1.121899999999999,0.019648,0.029472,14.108286666666643,26.32529200000003,16.9434,56.8945,-7.337620000000001,-10.318071999999983,-11.168,-12.7045,0.7973333333333342,0.8774000000000003,0.9975,0.995,68,5,1.15566,2.4156826
-8.31193,0,0.935,5,192,0,1,0,0,1.3851833333333337,1.147442399999999,4.00819,1.55219,22.63695333333331,29.80623200000003,1.15566,24.2258,-3.6899633333333344,-8.605857999999984,8.41004,-19.2549,0.8415000000000009,0.8644000000000002,0.592,0.8025,69,5,49.8118,43.88824
-12.0908,0,0.995,3,106,0,1,0,1,1.381908666666667,1.143512799999999,0.127712,0.019648,32.79158666666664,27.908792000000027,49.8118,16.9434,-3.9975633333333342,-8.483117999999982,-8.31193,-11.168,0.8406666666666677,0.8644000000000002,0.935,0.9975,69,5,47.4073,50.073914
-19.2826,0,1.0,2,0,0,2,0,0,0.04584533333333363,0.8330747999999991,0.009824,4.00819,41.32939999999998,28.417452000000026,47.4073,1.15566,-13.228443333333336,-8.488657999999983,-12.0908,8.41004,0.9766666666666676,0.9039000000000001,0.995,0.592,69,5,26.7691,47.56574
-31.7638,0,1.0,3,700,0,2,0,1,0.0032746666666669624,0.829145199999999,0.0,0.127712,46.19846666666664,37.912572000000026,26.7691,49.8118,-21.045733333333335,-12.607817999999984,-19.2826,-8.31193,0.9983333333333343,0.9044000000000002,1.0,0.935,69,5,64.419,58.41523
-18.8947,0,1.0,4,113,0,3,0,0,0.0,0.02750719999999911,0.0,0.009824,41.84719999999998,44.55214000000002,64.419,47.4073,-23.3137,-18.068765999999982,-31.7638,-12.0908,1.0,0.9860000000000003,1.0,0.995,69,5,34.3535,35.390232
-12.0147,0,0.893333,4,113,0,3,0,1,0.20957866666666694,0.1277119999999991,0.0,0.0,49.363566666666635,44.45342000000003,34.3535,26.7691,-20.891066666666667,-18.809319999999982,-18.8947,-19.2826,0.9644443333333342,0.9776666000000003,1.0,1.0,69,5,49.3182,32.711575
-22.2224,0,1.0,4,30,0,4,0,0,0.20957866666666694,0.12574719999999912,0.628736,0.0,41.188133333333305,42.95050000000002,49.3182,64.419,-17.7106,-20.835639999999984,-12.0147,-31.7638,0.9644443333333342,0.9786666000000002,0.893333,1.0,69,5,39.8927,56.90057
-22.2304,0,0.9375,4,492,0,4,0,1,0.3733120000000003,0.2239871999999991,0.0,0.0,44.58923333333331,46.50804000000003,39.8927,34.3535,-18.8225,-21.425199999999982,-22.2224,-18.8947,0.943611000000001,0.9661666000000002,1.0,1.0,69,5,44.5568,53.36574
-23.3259,0,1.0,8,115,0,5,0,0,0.16373333333333365,0.2239871999999991,0.4912,0.628736,33.84743333333331,37.04280000000003,44.5568,49.3182,-22.5929,-19.737619999999982,-22.2304,-12.0147,0.9791666666666675,0.9661666000000002,0.9375,0.893333,69,5,17.0928,30.190533
-9.5929,0,0.69,4,193,0,1,0,0,0.36676266666666696,0.3458047999999991,0.0,0.0,33.92456666666664,38.19692000000003,17.0928,39.8927,-18.383066666666668,-17.877259999999985,-23.3259,-22.2224,0.8758333333333342,0.9041666000000002,1.0,1.0,70,5,40.1241,28.317575
-11.0958,0,0.96,8,275,0,1,0,1,0.22922666666666694,0.2357759999999991,0.609088,0.4912,45.97926666666664,44.47746000000003,40.1241,44.5568,-14.671533333333334,-17.693479999999987,-9.5929,-22.2304,0.8833333333333342,0.9175000000000001,0.69,0.9375,70,5,80.7209,36.627144
-21.3338,0,0.89,4,394,0,2,0,0,0.3733120000000003,0.3222271999999991,0.078592,0.0,51.27923333333331,43.097460000000034,80.7209,17.0928,-14.007500000000002,-17.515759999999982,-11.0958,-23.3259,0.8466666666666676,0.8955000000000002,0.96,1.0,70,5,32.9927,54.243416
-29.9123,0,0.985,8,316,0,2,0,1,0.18993066666666694,0.2357759999999991,0.432256,0.609088,45.04799999999997,38.47218000000003,32.9927,40.1241,-20.780633333333334,-19.052139999999984,-21.3338,-9.5929,0.9450000000000008,0.905,0.89,0.69,70,5,21.4304,56.17896
10.4252,16,0.925,3,621,9,3,0,0,0.3110933333333336,0.32419199999999904,0.058944,0.078592,26.71756666666664,40.19954000000003,21.4304,80.7209,-13.606966666666665,-12.301919999999981,-29.9123,-11.0958,0.9333333333333341,0.8900000000000002,0.985,0.96,70,5,25.7296,20.397034
-6.6976,0,0.98,3,7,0,3,0,1,0.2063040000000003,0.2259519999999991,0.44208,0.432256,16.495409999999975,32.63996600000003,25.7296,32.9927,-8.728233333333334,-11.722859999999983,10.4252,-21.3338,0.9633333333333342,0.9480000000000002,0.925,0.89,70,5,2.32623,8.758768
-20.6066,0,1.0,4,279,0,4,0,0,0.1866560000000003,0.21023359999999908,0.117888,0.058944,18.258076666666643,21.839466000000026,2.32623,21.4304,-5.626333333333335,-13.625019999999983,-6.6976,-29.9123,0.9683333333333343,0.9560000000000002,0.98,0.985,70,5,26.7184,40.696827
-26.6336,0,1.0,6,171,0,4,0,1,0.039296000000000296,0.12378239999999911,0.0,0.44208,23.532943333333307,23.55176600000003,26.7184,25.7296,-17.97926666666667,-14.684979999999985,-20.6066,10.4252,0.9933333333333342,0.9780000000000001,1.0,0.925,70,5,41.5542,21.081818
-0.406374,6,0.854,2,20,4,5,0,0,0.47810000000000025,0.3988535999999991,0.0,0.117888,24.567829999999976,20.351864000000027,41.5542,2.32623,-15.882191333333337,-8.783794799999983,-26.6336,-6.6976,0.9513333333333343,0.9518000000000001,1.0,0.98,70,5,5.43089,2.4351957
-7.6769,0,1.0,2,0,0,1,0,0,0.47810000000000025,0.3104375999999991,1.4343,0.0,23.59592999999997,19.96648400000003,5.43089,26.7184,-11.572291333333334,-12.404214799999982,-0.406374,-20.6066,0.9513333333333343,0.9668000000000003,0.854,1.0,71,5,23.8027,22.435974
-12.0908,0,1.0,3,0,0,1,0,1,0.47810000000000025,0.2868599999999991,0.0,0.0,25.54696333333331,28.982698000000028,23.8027,41.5542,-6.724691333333335,-13.482854799999984,-7.6769,-26.6336,0.9513333333333343,0.9708000000000002,1.0,1.0,71,5,47.4073,38.829636
-25.6512,0,1.0,8,383,0,2,0,0,0.0,0.2868599999999991,0.0,1.4343,42.02833333333331,34.61401800000003,47.4073,5.43089,-15.139633333333334,-14.491774799999984,-12.0908,-0.406374,1.0,0.9708000000000002,1.0,0.854,71,5,54.875,51.296852
-19.389,0,0.7875,3,343,0,2,0,1,0.27834666666666696,0.45386799999999905,0.0,0.0,44.2531333333333,32.39859800000003,54.875,23.8027,-19.043666666666667,-13.042854799999983,-25.6512,-7.6769,0.9291666666666675,0.9283000000000001,1.0,1.0,71,5,30.4771,34.88638
-7.40131,0,0.415,3,77,0,3,0,0,1.4277533333333337,0.856651999999999,0.83504,0.0,28.77397866666664,31.506387200000027,30.4771,47.4073,-17.480503333333335,-14.441841999999983,-19.389,-12.0908,0.7341666666666674,0.8405000000000001,0.7875,1.0,71,5,0.969836,3.4698923
-24.2124,16,1.0,2,0,0,3,0,1,1.4277533333333337,0.856651999999999,3.44822,0.0,13.352131999999974,28.46773920000003,0.969836,54.875,-17.00090333333333,-17.748941999999982,-7.40131,-25.6512,0.7341666666666674,0.8405000000000001,0.415,1.0,71,5,8.60946,24.245718
7.60428,14,0.30875,2,20,8,4,0,0,2.960296666666667,1.943185999999999,0.0,0.83504,3.9073219999999744,19.41481320000003,8.60946,30.4771,-8.003143333333332,-13.809925999999981,-24.2124,-19.389,0.5745833333333342,0.7022500000000002,1.0,0.7875,71,5,2.14267,2.328759
-21.1986,0,0.79375,4,540,0,4,0,1,2.3512100000000005,2.267377999999999,5.43267,3.44822,20.90237666666664,18.83081320000003,2.14267,0.969836,-12.60224,-12.91940599999998,7.60428,-7.40131,0.7008333333333342,0.6610000000000001,0.30875,0.415,71,5,51.955,21.51613
-18.6641,0,0.848,9,198,0,5,0,0,2.8489600000000004,2.3990199999999993,1.62096,0.0,25.668523333333308,17.316973200000028,51.955,8.60946,-10.752806666666666,-12.774425999999982,-21.1986,-24.2124,0.6501666666666676,0.6731000000000003,0.79375,1.0,71,5,22.9079,25.550837
-26.0794,0,1.0,5,392,0,1,0,0,1.0380700000000003,1.709375999999999,1.49325,5.43267,34.14859999999998,22.63958600000003,22.9079,2.14267,-21.980700000000002,-16.510043999999983,-18.6641,7.60428,0.8805833333333343,0.7901000000000002,0.848,0.30875,72,5,27.5829,51.500923
-14.7291,0,0.875,3,329,0,1,0,1,0.579616666666667,1.7584959999999987,0.0,1.62096,41.5776333333333,35.76611400000003,27.5829,51.955,-19.8242,-14.613383999999982,-26.0794,-21.1986,0.9076666666666675,0.7651000000000001,1.0,0.79375,72,5,74.2421,53.471607
0.336515,28,0.7075,2,6,4,2,0,0,0.46500333333333366,0.901843999999999,0.2456,1.49325,35.09944666666664,36.032248000000024,74.2421,22.9079,-13.490661666666668,-16.066936999999985,-14.7291,-18.6641,0.8608333333333342,0.8448500000000001,0.875,0.848,72,5,3.47334,1.7497668
-5.57304,0,0.74,4,0,0,2,0,1,0.8055700000000003,0.7819919999999989,1.14941,0.0,30.825913333333308,28.593708000000028,3.47334,27.5829,-6.655208333333333,-12.941824999999984,0.336515,-26.0794,0.7741666666666674,0.8341000000000001,0.7075,1.0,72,5,14.7623,14.153382
-15.5598,0,0.995,3,283,0,3,0,0,0.7335273333333338,0.489236399999999,1.0217,0.2456,15.445279999999977,29.632168000000025,14.7623,74.2421,-6.932108333333332,-12.320964999999982,-5.57304,-14.7291,0.8141666666666675,0.8635000000000002,0.74,0.875,72,5,28.1002,31.114489
-1.24392,4,0.715,7,370,3,3,0,1,0.9103573333333337,0.825216399999999,0.029472,1.14941,22.093399999999974,28.79912800000003,28.1002,3.47334,-7.458919999999999,-7.353868999999984,-15.5598,0.336515,0.8166666666666677,0.8065000000000001,0.995,0.7075,72,5,23.4177,13.126605
-4.16254,2,0.93,3,2,2,4,0,0,0.7531720000000002,0.886125199999999,1.6799,1.0217,19.17345333333331,15.151200000000028,23.4177,14.7623,-6.9887533333333325,-5.240556999999983,-1.24392,-5.57304,0.8800000000000009,0.8175000000000001,0.715,0.74,72,5,6.00246,4.857851
-11.168,0,0.995,2,65,0,4,0,1,0.7564466666666668,0.6641023999999989,0.550144,0.029472,15.54285333333331,17.89821200000003,6.00246,28.1002,-5.524819999999999,-7.541459999999982,-4.16254,-15.5598,0.8800000000000008,0.8750000000000002,0.93,0.995,72,5,17.2084,29.586851
-2.81102,2,0.615,3,7,2,5,0,0,1.457226666666667,1.216210399999999,0.039296,1.6799,12.362586666666644,17.72113200000003,17.2084,23.4177,-6.047186666666666,-6.989055999999982,-11.168,-1.24392,0.8466666666666676,0.8500000000000002,0.995,0.715,72,5,13.8769,1.6917715
-13.7734,0,0.705,4,272,0,1,0,0,1.467050666666667,1.3262391999999987,3.78224,0.550144,30.152966666666643,23.975812000000026,13.8769,6.00246,-9.250806666666668,-6.631775999999983,-2.81102,-4.16254,0.7716666666666675,0.7920000000000001,0.615,0.93,73,5,59.3736,44.06046
-31.8917,0,1.0,4,70,0,1,0,1,1.4539520000000001,0.9902591999999988,0.579616,0.039296,40.21926666666664,28.77373200000003,59.3736,17.2084,-16.158706666666667,-12.761331999999983,-13.7734,-11.168,0.7733333333333342,0.8490000000000002,0.705,0.995,73,5,47.4073,61.693058
-3.83274,2,0.8675,2,0,2,2,0,0,0.3667626666666668,0.9843647999999989,0.0,3.78224,37.248869999999975,28.566382000000026,47.4073,13.8769,-16.499280000000002,-12.695371999999983,-31.8917,-2.81102,0.8575000000000008,0.8365000000000002,1.0,0.615,73,5,4.96571,12.664044
-31.7638,0,1.0,3,555,0,2,0,1,0.17355733333333348,0.9765055999999989,0.520672,0.579616,38.93066999999997,38.00850200000003,4.96571,59.3736,-22.496080000000003,-16.814531999999982,-3.83274,-13.7734,0.9558333333333341,0.8375000000000001,0.8675,0.705,73,5,64.419,55.762695
-7.86046,0,0.83,3,139,0,3,0,0,0.5075740000000002,0.42046759999999894,0.0,0.0,25.22585333333331,36.49169200000002,64.419,47.4073,-14.485666666666667,-17.824419999999982,-31.7638,-31.8917,0.8991666666666674,0.8805000000000002,1.0,1.0,73,5,6.29285,6.315407
-12.7045,0,0.995,3,350,0,3,0,1,0.34384066666666685,0.3104387999999989,1.00205,0.520672,42.79301666666664,36.15041200000003,6.29285,4.96571,-17.44292,-17.610639999999982,-7.86046,-3.83274,0.9416666666666677,0.9385000000000001,0.83,0.8675,73,5,57.6672,60.31979
-19.2549,0,0.99875,3,199,0,4,0,0,0.3471153333333335,0.31240359999999895,0.029472,0.0,32.08358333333331,33.127092000000026,57.6672,64.419,-13.273286666666666,-15.083279999999982,-12.7045,-31.7638,0.9412500000000009,0.9382500000000003,0.995,1.0,73,5,32.2907,33.20085
-22.2304,0,1.0,4,794,0,4,0,1,0.013098666666666814,0.2082691999999989,0.009824,1.00205,44.838233333333314,41.04531000000003,32.2907,6.29285,-18.063266666666667,-18.762811999999983,-19.2549,-7.86046,0.9979166666666676,0.9647500000000001,0.99875,0.83,73,5,44.5568,34.549343
-12.7952,0,1.0,3,116,0,5,0,0,0.0032746666666668145,0.2082691999999989,0.0,0.029472,35.01963333333331,33.803790000000035,44.5568,57.6672,-18.0935,-14.96909199999998,-22.2304,-12.7045,0.9995833333333343,0.9647500000000001,1.0,0.995,73,5,28.2114,26.416487
-8.72846,0,0.88,4,362,0,1,0,0,0.07859200000000015,0.05501439999999889,0.0,0.009824,40.967866666666644,42.57230000000003,28.2114,32.2907,-14.584686666666665,-15.142691999999982,-12.7952,-19.2549,0.9600000000000009,0.9747500000000002,1.0,0.99875,74,5,50.1354,36.234364
-14.7291,0,0.955,5,479,0,1,0,1,0.10806400000000016,0.06680319999999888,0.235776,0.0,51.129933333333305,46.04746000000003,50.1354,44.5568,-12.084253333333335,-15.547611999999981,-8.72846,-22.2304,0.9450000000000008,0.9667500000000002,0.88,1.0,74,5,75.043,49.36695
13.1776,20,0.88,3,246,11,2,0,0,0.26524800000000015,0.1591487999999989,0.088416,0.0,49.75043333333331,44.403900000000036,75.043,28.2114,-3.426653333333333,-9.061111999999984,-14.7291,-12.7952,0.9050000000000008,0.9430000000000002,0.955,1.0,74,5,24.0729,37.78407
-13.1291,0,0.905,3,316,0,2,0,1,0.3110933333333335,0.23381119999999891,0.471552,0.235776,40.65766666666664,40.06396000000003,24.0729,50.1354,-4.893533333333333,-7.2408519999999825,13.1776,-8.72846,0.9133333333333343,0.9240000000000002,0.88,0.88,74,5,22.8571,47.93506
-19.9863,0,0.901667,10,144,0,3,0,0,0.4748266666666668,0.3497343999999989,0.373312,0.088416,28.64676666666664,42.223740000000035,22.8571,75.043,-6.645933333333333,-8.679071999999982,-13.1291,-14.7291,0.8955556666666675,0.9043334000000002,0.905,0.955,74,5,39.0103,56.06636
-12.0147,0,0.985,3,344,0,3,0,1,0.34711466666666685,0.3202623999999989,0.579616,0.471552,38.073699999999974,42.66740000000003,39.0103,24.0729,-15.043366666666666,-9.336319999999983,-19.9863,13.1776,0.9305556666666677,0.9253334000000002,0.901667,0.88,74,5,52.3537,39.357483
-22.2224,0,1.0,4,161,0,4,0,0,0.22267733333333348,0.3025791999999989,0.088416,0.373312,43.7522333333333,35.63734000000003,52.3537,22.8571,-18.074466666666666,-10.834979999999982,-12.0147,-13.1291,0.9622223333333343,0.9343334000000002,0.985,0.905,74,5,39.8927,62.139503
-26.6336,0,1.0,4,48,0,4,0,1,0.029472000000000147,0.2082687999999989,0.0,0.579616,44.60019999999997,39.13360000000003,39.8927,39.0103,-20.290233333333333,-18.79721999999998,-22.2224,-19.9863,0.995000000000001,0.9583334000000002,1.0,0.901667,74,5,41.5542,44.489452
-20.2506,0,0.971,4,356,0,5,0,0,0.09496533333333347,0.19058559999999888,0.0,0.088416,32.92056666666664,38.02514000000003,41.5542,52.3537,-23.035533333333333,-20.22151999999998,-26.6336,-12.0147,0.9903333333333341,0.9715334000000002,1.0,0.985,74,5,17.3148,30.674404
-11.099,0,0.815,8,317,0,1,0,0,0.21612800000000013,0.14735999999999888,0.284896,0.0,36.55596666666664,40.38286000000003,17.3148,39.8927,-19.32773333333333,-18.444059999999983,-20.2506,-22.2224,0.9286666666666675,0.9542000000000002,0.971,1.0,75,5,50.7989,42.797123
-31.8917,0,1.0,5,133,0,1,0,1,0.21612800000000013,0.12967679999999887,0.363488,0.0,38.50699999999998,39.39358000000003,50.7989,41.5542,-21.080433333333332,-22.41945999999998,-11.099,-26.6336,0.9286666666666675,0.9572000000000003,0.815,1.0,75,5,47.4073,36.68743
-19.0246,0,1.0,9,40,0,2,0,0,0.12116266666666681,0.12967679999999887,0.0,0.284896,32.73539999999998,31.415040000000026,47.4073,17.3148,-20.671766666666667,-21.779899999999984,-31.8917,-20.2506,0.9383333333333342,0.9572000000000003,1.0,0.971,75,5,0.0,32.630337
15.1499,22,0.7675,3,279,12,2,0,1,0.30454400000000015,0.3124031999999989,0.0,0.363488,25.736966666666643,29.06492000000003,0.0,50.7989,-11.922133333333333,-13.423199999999984,-19.0246,-11.099,0.9225000000000009,0.9107000000000001,1.0,0.815,75,5,29.8036,21.777119
-12.7718,0,1.0,3,180,0,3,0,0,0.30454400000000015,0.2554239999999989,0.913632,0.0,21.385699999999975,32.47266000000003,29.8036,47.4073,-5.5488333333333335,-11.927439999999983,15.1499,-31.8917,0.9225000000000009,0.9165000000000003,0.7675,1.0,75,5,34.3535,16.451406
-6.6976,0,1.0,3,0,0,3,0,1,0.30454400000000015,0.1827263999999989,0.0,0.0,22.161109999999976,22.778126000000025,34.3535,0.0,-1.4398333333333335,-11.047159999999984,-12.7718,-19.0246,0.9225000000000009,0.9535000000000002,1.0,1.0,75,5,2.32623,16.347757
-20.6066,0,1.0,8,481,0,4,0,0,0.0,0.1827263999999989,0.0,0.913632,21.13270999999997,18.64034600000003,2.32623,29.8036,-13.358666666666666,-8.790139999999983,-6.6976,15.1499,1.0,0.9535000000000002,1.0,0.7675,75,5,26.7184,41.406826
-21.1986,0,1.0,3,262,0,4,0,1,0.0,0.1827263999999989,0.0,0.0,26.999876666666637,29.03134600000003,26.7184,34.3535,-16.1676,-9.224939999999984,-20.6066,-12.7718,1.0,0.9535000000000002,1.0,1.0,75,5,51.955,36.509563
33.6729,28,0.243,2,1,15,5,0,0,2.478923333333334,1.487353999999999,0.0,0.0,26.567299999999975,23.276326000000026,51.955,2.32623,-2.7107666666666668,-5.520339999999985,-21.1986,-6.6976,0.7476666666666675,0.8486000000000002,1.0,1.0,75,5,1.0285,-0.8749395
-26.6305,0,0.89,3,561,0,1,0,0,2.5509660000000003,1.530579599999999,7.43677,0.0,27.176699999999972,22.114946000000028,1.0285,26.7184,-4.718733333333334,-8.292079999999984,33.6729,-20.6066,0.7110000000000009,0.8266000000000002,0.243,1.0,76,5,28.5466,55.34741
-14.7291,0,0.965,5,290,0,1,0,1,2.5738886666666665,1.544333199999999,0.216128,0.0,34.33559999999998,36.33604000000003,28.5466,51.955,-2.5622333333333347,-9.898379999999985,-26.6305,-21.1986,0.6993333333333341,0.8196000000000001,0.89,1.0,76,5,73.4317,63.45391
18.5089,26,0.605,2,4,14,2,0,0,0.612362,1.854771199999999,0.068768,7.43677,34.89601999999998,31.53431200000003,73.4317,1.0285,-7.6169,-2.075279999999984,-14.7291,33.6729,0.8200000000000008,0.7406000000000001,0.965,0.243,76,5,2.70976,3.9093394
-5.57304,0,0.755,4,0,0,2,0,1,0.8612366666666667,2.047321599999999,1.55219,0.216128,30.08825333333331,23.96797200000003,2.70976,28.5466,-0.5977466666666661,1.049832000000016,18.5089,-26.6305,0.7750000000000009,0.6916000000000002,0.605,0.89,76,5,14.1233,15.579955
-15.6308,0,0.87,4,512,0,3,0,0,1.0937379999999999,0.7132219999999989,0.962752,0.068768,13.627719999999973,28.572292000000033,14.1233,73.4317,-0.898313333333333,-8.810907999999984,-5.57304,-14.7291,0.7433333333333342,0.8170000000000002,0.755,0.965,76,5,24.0501,20.848755
-24.2124,16,1.0,2,0,0,3,0,1,0.5763413333333333,0.6699963999999989,0.766272,1.55219,15.594286666666639,24.58486400000003,24.0501,2.70976,-15.138746666666664,-8.327287999999983,-15.6308,18.5089,0.8750000000000009,0.8390000000000002,0.87,0.605,76,5,8.60946,15.215193
7.60428,14,0.33875,2,0,8,4,0,0,1.987724,1.6956227999999989,0.0,0.962752,11.568879999999972,10.307940000000029,8.60946,14.1233,-10.746306666666664,-3.860611999999983,-24.2124,-5.57304,0.7362500000000008,0.7137500000000002,1.0,0.755,76,5,2.04708,2.9191735
-11.168,0,1.0,3,43,0,4,0,1,1.7323000000000002,1.3851847999999989,5.1969,0.766272,9.288313333333305,13.20766800000003,2.04708,24.0501,-9.258706666666665,-9.795991999999982,7.60428,-15.6308,0.7795833333333341,0.7927500000000002,0.33875,0.87,76,5,17.2084,7.197554
-15.3716,0,0.798,4,311,0,5,0,0,2.3937833333333334,1.5895243999999988,0.0,0.0,13.230593333333303,14.470268000000027,17.2084,8.60946,-6.311773333333332,-11.755703999999984,-11.168,-24.2124,0.7122500000000008,0.8013500000000002,1.0,1.0,76,5,20.4363,19.721167
4.94005,10,0.035,3,27,6,1,0,0,1.2934933333333334,1.815475999999999,1.98445,5.1969,13.487303333333303,10.223690000000028,20.4363,2.04708,-7.199849999999999,-7.641533999999984,-15.3716,7.60428,0.6110000000000008,0.6343500000000002,0.798,0.33875,77,5,2.81721,2.7722545
-31.8917,0,1.0,2,19,0,1,0,1,1.2934933333333334,1.815475999999999,1.89603,0.0,23.553603333333303,17.983258000000028,2.81721,17.2084,-14.107750000000001,-9.177393999999984,4.94005,-11.168,0.6110000000000008,0.6343500000000002,0.035,1.0,77,5,47.4073,49.900166
-11.5494,0,0.89,4,92,0,2,0,0,0.7760953333333335,0.862547199999999,0.0,1.98445,31.103603333333307,26.19110200000003,47.4073,20.4363,-12.833683333333333,-13.008129999999985,-31.8917,-15.3716,0.6416666666666675,0.7446000000000002,1.0,0.798,77,5,43.0863,35.721195
-31.7638,0,1.0,4,361,0,2,0,1,0.14408533333333332,0.862547199999999,0.432256,1.89603,51.637533333333295,35.633222000000025,43.0863,2.81721,-25.068299999999997,-17.12728999999998,-11.5494,4.94005,0.9633333333333342,0.7446000000000002,0.89,0.035,77,5,64.419,57.207485
-0.0847478,6,0.845,2,184,4,3,0,0,0.4486293333333333,0.648383599999999,0.0,0.0,36.234936666666634,31.785864000000025,64.419,47.4073,-14.465982599999998,-14.069919559999983,-31.7638,-31.8917,0.9116666666666675,0.7540000000000001,1.0,1.0,77,5,1.19951,13.85289
-1.24392,4,0.516667,4,0,3,3,0,1,1.2526706666666667,0.8380535999999988,0.913632,0.432256,28.77313666666663,35.362602000000024,1.19951,43.0863,-11.030822599999999,-15.306713559999983,-0.0847478,-11.5494,0.7872223333333341,0.8503334000000002,0.845,0.89,77,5,20.7009,6.3586926
-4.16254,2,0.93375,2,0,2,4,0,0,1.426228,0.9421879999999989,2.84438,0.0,9.239453333333305,27.044732000000028,20.7009,64.419,-1.8304025999999975,-9.760881559999984,-1.24392,-31.7638,0.7651390000000008,0.8370834000000003,0.516667,1.0,77,5,5.81795,4.6573887
-22.2304,0,1.0,4,834,0,4,0,1,1.1216840000000001,0.855736799999999,0.520672,0.913632,23.691883333333305,27.338832000000025,5.81795,1.19951,-9.212286666666664,-11.897081559999984,-4.16254,-0.0847478,0.8168056666666675,0.8590834,0.93375,0.845,77,5,44.5568,42.17384
-0.406374,6,0.827,2,4,4,5,0,0,0.7400739999999999,1.195646799999999,0.0,2.84438,18.421616666666637,15.433052000000028,44.5568,20.7009,-8.933104666666663,-5.625596359999984,-22.2304,-1.24392,0.9202500000000008,0.8244834000000001,1.0,0.516667,77,5,4.8901,1.0591267
-9.30746,0,0.825,4,335,0,1,0,0,0.68113,1.0816883999999987,1.69955,0.520672,22.15409999999997,18.596230000000027,4.8901,5.81795,-10.648077999999998,-7.470138799999985,-0.406374,-4.16254,0.8840000000000008,0.8204834000000002,0.827,0.93375,78,5,17.0154,31.73634
-14.7291,0,0.965,7,206,0,1,0,1,0.7040526666666667,0.5265659999999988,0.34384,0.0,32.21599999999997,29.40455000000003,17.0154,44.5568,-8.147644666666665,-10.167174799999984,-9.30746,-22.2304,0.8723333333333341,0.9101500000000001,0.825,1.0,78,5,74.7425,58.45916
32.2869,28,0.0225,2,9,15,2,0,0,1.4179293333333334,1.1906675999999987,0.068768,1.69955,33.08353999999997,29.73950400000003,74.7425,4.8901,2.7501133333333363,-2.8772867999999834,-14.7291,-0.406374,0.6041666666666675,0.7279000000000002,0.965,0.827,78,5,7.49272,1.3054208
-20.5805,0,0.9625,4,177,0,2,0,1,1.352436,1.2201395999999989,3.84118,0.34384,35.6810733333333,25.78974400000003,7.49272,17.0154,-1.0075666666666645,-2.5473067999999843,32.2869,-9.30746,0.6500000000000008,0.7204000000000002,0.0225,0.825,78,5,24.808,62.531116
-16.1588,0,0.895,3,282,0,3,0,0,1.5358173333333334,1.004011999999999,0.14736,0.068768,20.0136733333333,30.35978400000003,24.808,74.7425,-1.48413333333333,-5.697791999999984,-20.5805,-14.7291,0.6266666666666675,0.7340000000000002,0.9625,0.965,78,5,27.7403,29.021023
-12.7045,0,0.991667,3,444,0,3,0,1,0.2717973333333334,0.9450679999999988,0.618912,3.84118,37.09729999999997,38.70542400000003,27.7403,7.49272,-16.481266666666667,-6.377199999999984,-16.1588,32.2869,0.9497223333333341,0.7673334000000003,0.895,0.0225,78,5,58.7436,43.067585
-17.8363,0,1.0,4,33,0,4,0,0,0.2226773333333334,0.9313143999999987,0.04912,0.14736,39.5915333333333,30.21506400000003,58.7436,24.808,-15.56653333333333,-6.998639999999983,-12.7045,-20.5805,0.9622223333333343,0.7743334000000003,0.991667,0.9625,78,5,32.2907,47.50854
-26.6336,0,1.0,3,37,0,4,0,1,0.016373333333333333,0.16307839999999887,0.0,0.618912,44.196166666666635,37.02736000000003,32.2907,27.7403,-19.05813333333333,-18.782739999999983,-17.8363,-16.1588,0.9972223333333341,0.9698334000000003,1.0,0.895,78,5,41.5542,48.078762
20.0094,28,1.0,3,169,15,5,0,0,0.0,0.13360639999999888,0.0,0.04912,32.2509333333333,36.64734000000003,41.5542,58.7436,-8.1535,-10.664759999999983,-26.6336,-12.7045,1.0,0.9773334000000002,1.0,0.991667,78,5,22.9079,15.26801
-11.0749,0,0.605,3,256,0,1,0,0,0.2586986666666667,0.16504319999999884,0.0,0.0,23.089446666666635,32.060528000000026,22.9079,32.2907,-5.899699999999998,-9.647979999999984,20.0094,-17.8363,0.8683333333333341,0.9193334000000002,1.0,1.0,79,5,4.80624,15.792457
-0.231783,6,0.96,3,189,4,1,0,1,0.284896,0.17093759999999883,0.776096,0.0,65.0757133333333,53.81440800000003,4.80624,41.5542,2.900905666666669,-7.153436599999985,-11.0749,-26.6336,0.8550000000000008,0.9130000000000003,0.605,1.0,79,5,167.513,89.20753
2.3527,28,0.6725,2,104,4,2,0,0,0.713876,0.4283255999999988,0.078592,0.0,57.95400666666663,47.664824000000024,167.513,22.9079,-2.9846609999999973,-3.1156365999999847,-0.231783,20.0094,0.7458333333333341,0.8475000000000001,0.96,1.0,79,5,1.54278,14.135501
-29.1506,0,0.9625,3,351,0,2,0,1,0.5042973333333333,0.4577975999999988,1.28694,0.776096,66.12952666666662,45.22054400000003,1.54278,4.80624,-9.00989433333333,-3.6190365999999843,2.3527,-11.0749,0.8650000000000008,0.8400000000000002,0.6725,0.605,79,5,29.3328,127.67613
25.7063,28,0.878333,2,433,15,3,0,0,0.7171506666666666,0.6012279999999988,0.14736,0.078592,12.482163333333295,41.95314600000003,29.3328,167.513,-0.3638666666666654,-2.479656599999985,-29.1506,-0.231783,0.8377776666666675,0.8156666000000001,0.9625,0.96,79,5,6.57091,9.058225
-23.1774,0,0.775,4,183,0,3,0,1,0.7302506666666666,0.7112567999999989,0.717152,1.28694,25.697769999999963,49.22981800000003,6.57091,1.54278,-8.873899999999997,-4.900156599999985,25.7063,2.3527,0.8719443333333342,0.8496666000000003,0.878333,0.6725,79,5,41.1896,32.312485
-22.2224,0,1.0,8,152,0,4,0,0,0.6811306666666667,0.6955383999999988,1.32624,0.14736,29.217736666666628,23.705758000000024,41.1896,29.3328,-6.564499999999998,-9.298279999999986,-23.1774,-29.1506,0.8844443333333342,0.8576666000000003,0.775,0.9625,79,5,39.8927,43.431057
-21.1986,0,1.0,4,384,0,4,0,1,0.44208000000000003,0.4381503999999989,0.0,0.717152,44.34576666666663,33.78820200000003,39.8927,6.57091,-22.199466666666666,-14.008539999999986,-22.2224,25.7063,0.9250000000000007,0.9231666000000003,1.0,0.878333,79,5,51.955,53.448334
-2.81102,2,0.877,8,0,2,5,0,0,0.4027833333333333,0.6503483999999988,0.0,1.32624,34.97363333333329,30.53628200000003,51.955,41.1896,-15.41067333333333,-8.740623999999986,-21.1986,-23.1774,0.9590000000000009,0.9060666000000002,1.0,0.775,79,5,13.0732,10.772685
13.6073,20,0.735,3,161,11,1,0,0,0.5763406666666667,0.6110523999999989,1.20835,0.0,33.7775333333333,36.482980000000026,13.0732,39.8927,-3.4674399999999976,-11.160423999999985,-2.81102,-22.2224,0.8706666666666675,0.8774000000000003,0.877,1.0,80,5,36.3044,35.72845
-19.8264,0,0.92,4,290,0,1,0,1,0.6287353333333333,0.37724119999999883,0.520672,0.0,41.29226666666663,43.14490000000003,36.3044,51.955,-3.010039999999998,-10.490223999999985,13.6073,-21.1986,0.8440000000000009,0.9064000000000002,0.735,1.0,80,5,74.4992,56.85523
3.19716,8,0.2425,5,92,5,2,0,0,1.2181753333333332,0.972575199999999,0.157184,1.20835,38.480839999999965,36.094144000000036,74.4992,13.0732,-1.007313333333331,-5.406311999999984,-19.8264,-2.81102,0.6325000000000008,0.7549000000000002,0.92,0.877,80,5,4.63892,11.716264
-5.57304,0,0.7475,5,0,0,2,0,1,1.3753593333333332,1.1710199999999988,2.97667,0.520672,30.88310666666663,28.405384000000026,4.63892,36.3044,-7.400759999999997,-2.2811999999999846,3.19716,13.6073,0.6366666666666675,0.7044000000000002,0.2425,0.735,80,5,13.5112,11.873591
-1.52139,4,0.69,5,30,3,3,0,0,1.9320513333333331,1.294801999999999,0.992224,0.157184,17.376639999999963,32.58670400000003,13.5112,74.4992,-1.2990899999999976,-2.0232739999999843,-5.57304,-19.8264,0.5600000000000008,0.6670000000000003,0.7475,0.92,80,5,33.9798,8.317692
-4.26434,2,0.806667,3,71,2,3,0,1,1.3196880000000002,1.418583599999999,1.82726,2.97667,16.93888999999996,25.990958000000028,33.9798,4.63892,-3.7862566666666644,-5.597601999999985,-1.52139,3.19716,0.7480556666666676,0.6813334000000003,0.69,0.2425,80,5,3.32567,8.423972
-20.6066,0,1.0,8,284,0,4,0,0,0.9889466666666668,1.387146799999999,1.13958,0.992224,21.341289999999958,16.43479800000003,3.32567,13.5112,-8.797443333333332,-5.753641999999985,-4.26434,-5.57304,0.8322223333333341,0.6973334000000002,0.806667,0.7475,80,5,26.7184,55.10109
-12.9701,0,0.8925,3,520,0,4,0,1,0.6614813333333335,0.9607855999999989,0.0,1.82726,16.95025666666663,19.66835400000003,26.7184,33.9798,-12.613679999999997,-8.987093999999985,-20.6066,-1.52139,0.8997223333333341,0.8273334000000002,1.0,0.69,80,5,20.8067,15.992175
-18.1838,0,0.944,3,13,0,5,0,0,0.46500266666666673,0.8723695999999987,0.844864,1.13958,26.490233333333293,23.355234000000028,20.8067,3.32567,-17.2535,-11.509245999999987,-12.9701,-4.26434,0.9455000000000008,0.8666334000000001,0.8925,0.806667,80,5,31.9456,25.193855
-18.8135,0,1.0,3,217,0,1,0,0,0.46500266666666673,0.5069175999999989,0.550144,0.0,25.917433333333292,21.559274000000027,31.9456,26.7184,-16.6558,-14.967667999999986,-18.1838,-20.6066,0.9455000000000008,0.9286334000000004,0.944,1.0,81,5,25.0,30.748224
-8.64997,0,0.77,3,207,0,1,0,1,0.3340160000000001,0.36938239999999883,0.0,0.844864,59.69686666666663,45.32314000000002,25.0,20.8067,-15.215756666666664,-15.844793999999984,-18.8135,-12.9701,0.9046666666666674,0.9213000000000002,1.0,0.8925,81,5,122.145,42.646294
-1.90978,4,0.5375,5,12,3,2,0,0,0.7564480000000001,0.7328703999999988,0.451904,0.550144,49.58052999999995,40.29877800000003,122.145,31.9456,-9.791083333333333,-12.105429999999986,-8.64997,-18.1838,0.7691666666666674,0.8288000000000002,0.77,0.944,81,5,1.59659,5.3624682
-31.7638,0,1.0,3,118,0,2,0,1,0.7564480000000001,0.5638975999999989,1.81744,0.0,62.72019666666663,49.021238000000025,1.59659,25.0,-14.10785,-15.864169999999984,-1.90978,-18.8135,0.7691666666666674,0.8503000000000004,0.5375,1.0,81,5,64.419,120.68719
-17.8208,0,0.888333,4,297,0,3,0,0,0.8252160000000002,0.5855103999999989,0.0,0.451904,35.6958633333333,50.846518000000025,64.419,122.145,-17.164793333333332,-15.791569999999984,-31.7638,-8.64997,0.8086110000000007,0.8391666000000002,1.0,0.77,81,5,41.072,30.199812
-24.2124,16,1.0,2,0,0,3,0,1,0.21940266666666683,0.5855103999999989,0.658208,1.81744,38.033486666666626,47.56841000000003,41.072,1.59659,-24.599,-16.871349999999985,-17.8208,-1.90978,0.9627776666666673,0.8391666000000002,0.888333,0.5375,81,5,8.60946,24.253899
32.696,28,0.26875,2,10,15,4,0,0,2.135082666666667,1.644537599999999,0.0,0.0,17.22303666666663,23.53694000000003,8.60946,64.419,-3.1123999999999987,-8.602155999999985,-24.2124,-31.7638,0.7190276666666674,0.7389166000000003,1.0,1.0,81,5,1.98765,4.8284454
-22.2304,0,1.0,4,877,0,4,0,1,1.91568,1.281049599999999,5.74704,0.658208,18.38463666666663,32.12898200000003,1.98765,41.072,-4.5822666666666665,-12.666279999999986,32.696,-17.8208,0.7562500000000009,0.8314166000000004,0.26875,0.888333,81,5,44.5568,27.164173
-20.2506,0,1.0,4,351,0,5,0,0,1.91568,1.281049599999999,0.0,0.0,21.28641666666663,22.70814200000003,44.5568,8.60946,-3.2616666666666667,-10.363639999999984,-22.2304,-24.2124,0.7562500000000009,0.8314166000000004,1.0,1.0,81,5,17.3148,23.123774
23.0121,28,0.96,2,163,15,1,0,0,0.026197333333333333,1.1651263999999988,0.0,5.74704,25.002799999999965,17.12110200000003,17.3148,1.98765,-6.489633333333331,-2.197059999999985,-20.2506,32.696,0.9866666666666676,0.8457500000000003,1.0,0.26875,82,5,13.1368,32.15824
-24.9984,0,0.87,9,313,0,1,0,1,0.11133866666666666,1.2162111999999987,0.078592,0.0,33.674699999999966,29.51371000000003,13.1368,44.5568,-7.412299999999998,-2.354259999999985,23.0121,-22.2304,0.9433333333333341,0.8197500000000003,0.96,1.0,82,5,70.5725,51.57867
4.48227,10,0.0,3,12,6,2,0,0,1.4277553333333335,0.8566531999999988,0.255424,0.0,28.396206666666632,29.41204400000003,70.5725,17.3148,0.8319900000000011,-7.997005999999985,-24.9984,-20.2506,0.6100000000000008,0.7660000000000003,0.87,1.0,82,5,1.47932,3.0884364
-2.18595,4,0.86,4,32,3,2,0,1,1.5849393333333335,0.9666819999999987,3.94925,0.078592,32.475406666666636,25.575564000000032,1.47932,13.1368,-7.567359999999998,-3.988115999999985,4.48227,23.0121,0.5766666666666674,0.7380000000000003,0.0,0.96,82,5,25.3744,19.892982
-20.7266,0,0.941667,4,478,0,3,0,0,1.6144113333333332,1.0354499999999986,0.550144,0.255424,17.0365733333333,26.96380400000003,25.3744,70.5725,-6.143426666666667,-4.083315999999985,-2.18595,-24.9984,0.6005556666666675,0.7263334000000002,0.86,0.87,82,5,24.256,32.1598
-1.20087,4,0.69,6,175,3,3,0,1,0.9070813333333333,1.3851835999999988,0.34384,3.94925,22.541433333333302,27.935224000000026,24.256,1.47932,-8.037806666666667,-8.925909999999986,-20.7266,4.48227,0.8305556666666675,0.6723334000000003,0.941667,0.0,82,5,17.9939,11.627557
-4.16254,2,0.9325,2,1,2,4,0,0,0.900532,1.4401979999999988,1.82726,0.550144,15.994239999999968,14.96728800000003,17.9939,25.3744,-8.69667,-4.758737999999985,-1.20087,-2.18595,0.854722333333334,0.6848334000000003,0.69,0.86,82,5,5.73282,12.1133
-21.6101,0,0.97875,2,118,0,4,0,1,0.8415879999999999,0.6837495999999987,0.530496,0.34384,21.2961733333333,22.70378400000003,5.73282,24.256,-8.991169999999999,-9.977211999999984,-4.16254,-20.7266,0.867083333333334,0.8805834000000002,0.9325,0.941667,82,5,40.1618,40.33281
5.20879,12,0.449,2,24,7,5,0,0,2.0368413333333333,1.6563247999999988,0.167008,1.82726,15.63777999999997,17.832648000000027,40.1618,17.9939,-6.854616666666665,-8.498263999999985,-21.6101,-1.20087,0.7867500000000006,0.7983834000000003,0.97875,0.69,82,5,1.01872,0.030017227
-15.5653,0,1.0,4,447,0,1,0,0,1.8600093333333334,1.5875567999999989,5.41302,0.530496,22.266373333333302,18.10516800000003,1.01872,5.73282,-10.655536666666665,-7.466003999999984,5.20879,-4.16254,0.8092500000000008,0.8100500000000004,0.449,0.9325,83,5,25.6186,47.898754
-8.64997,0,0.96,5,170,0,1,0,1,1.8305373333333332,1.237823199999999,0.0,0.167008,49.02043999999997,38.59118800000003,25.6186,40.1618,-6.335493333333333,-8.955823999999984,-15.5653,-21.6101,0.8030000000000008,0.8640500000000003,1.0,0.97875,83,5,120.424,89.395294
-0.597304,4,0.6425,3,0,3,2,0,0,0.494474,1.412689999999999,0.078592,5.41302,49.1385033333333,37.71920600000003,120.424,1.01872,-8.270858,-8.242776799999984,-8.64997,5.20879,0.8675000000000007,0.8060500000000003,0.96,0.449,83,5,1.37291,3.2012203
-19.1074,0,0.91,3,76,0,2,0,1,0.612362,1.4500211999999988,1.40483,0.0,51.19380333333331,36.043746000000034,1.37291,25.6186,-9.451558,-7.742236799999984,-0.597304,-15.5653,0.8375000000000007,0.7923000000000003,0.6425,1.0,83,5,31.7845,71.90926
33.4167,28,0.526667,2,20,15,3,0,0,1.5161713333333333,0.9254211999999988,0.353664,0.078592,11.455853333333302,36.082032000000034,31.7845,120.424,4.570665333333333,-2.1006547999999854,-19.1074,-8.64997,0.6930556666666674,0.8078334000000001,0.91,0.96,83,5,1.21015,1.4473735
-12.7045,0,0.996667,4,307,0,3,0,1,1.054444,0.9293507999999988,2.79002,1.40483,30.456416666666637,42.633232000000035,1.21015,1.37291,0.534933333333333,-1.5284947999999852,33.4167,-0.597304,0.8111113333333341,0.8071668000000003,0.526667,0.6425,83,5,58.3746,58.985607
-17.8363,0,1.0,4,132,0,4,0,0,0.936556,0.9136323999999988,0.019648,0.353664,30.625149999999966,25.006572000000034,58.3746,31.7845,0.9586333333333314,-3.3657607999999852,-12.7045,-19.1074,0.841111333333334,0.8151668000000003,0.996667,0.91,83,5,32.2907,36.028683
-14.8808,0,0.99375,4,123,0,4,0,1,0.022922666666666664,0.6424903999999988,0.0,2.79002,47.398666666666635,35.03813000000004,32.2907,1.21015,-15.140533333333336,-6.222459999999986,-17.8363,33.4167,0.9968056666666674,0.8854168000000003,1.0,0.526667,83,5,51.5307,59.39184
-15.3716,0,0.999,2,80,0,5,0,0,0.019648,0.5737223999999989,0.04912,0.019648,35.10526666666664,32.98011000000003,51.5307,58.3746,-16.029566666666668,-5.475299999999986,-14.8808,-12.7045,0.997583333333334,0.9032168000000003,0.99375,0.996667,83,5,21.4944,21.843172
15.0219,20,0.02,3,4,11,1,0,0,0.6614813333333333,0.40081839999999885,0.009824,0.0,25.215819999999965,33.26255200000003,21.4944,32.2907,-5.076833333333335,-9.154259999999985,-15.3716,-17.8363,0.6709166666666674,0.8018834000000004,0.999,1.0,84,5,2.62236,4.576439
-24.9984,0,1.0,8,202,0,1,0,1,0.6451079999999999,0.3968887999999988,1.9255,0.04912,31.563086666666635,35.702132000000034,2.62236,51.5307,-8.449366666666668,-11.613039999999987,15.0219,-14.8808,0.6730000000000008,0.8025500000000003,0.02,0.99375,84,5,70.5725,45.094948
-31.6507,0,1.0,4,195,0,2,0,0,0.6418333333333334,0.3968887999999988,0.0,0.009824,30.93338666666663,33.16505200000003,70.5725,21.4944,-13.875733333333335,-14.375919999999985,-24.9984,-15.3716,0.6733333333333341,0.8025500000000003,1.0,0.999,84,5,19.6053,29.226955
1.21007,6,0.5425,3,6,4,2,0,1,0.5992633333333334,0.7466227999999988,0.0,1.9255,34.252999999999965,25.375152000000032,19.6053,2.62236,-18.47967666666667,-11.157745999999985,-31.6507,15.0219,0.8475000000000007,0.7123000000000003,1.0,0.02,84,5,12.5812,6.9526544
-16.1588,0,1.0,3,402,0,3,0,0,0.5992633333333334,0.7446579999999988,1.79779,0.0,19.97559999999996,26.62433200000003,12.5812,70.5725,-15.533143333333335,-11.315185999999986,1.21007,-24.9984,0.8475000000000007,0.7125000000000004,0.5425,1.0,84,5,27.7403,18.593927
-20.426,0,0.943333,4,437,0,3,0,1,0.7106020000000001,0.4263611999999989,0.0,0.0,27.252733333333296,34.387200000000036,27.7403,19.6053,-11.791576666666666,-18.404765999999988,-16.1588,-31.6507,0.8286110000000008,0.8971666000000003,1.0,1.0,84,5,41.4367,42.679924
-22.2224,0,1.0,4,413,0,4,0,0,0.11133866666666666,0.4263611999999989,0.334016,1.79779,36.35656666666663,28.25124000000003,41.4367,12.5812,-19.602400000000003,-17.849565999999985,-20.426,1.21007,0.9811110000000007,0.8971666000000003,0.943333,0.5425,84,5,39.8927,43.17344
-12.9701,0,0.99125,3,259,0,4,0,1,0.13426133333333332,0.44011479999999886,0.0,0.0,34.18566666666663,28.57570000000003,39.8927,27.7403,-18.5395,-14.113445999999986,-22.2224,-16.1588,0.978194333333334,0.8954166000000005,1.0,1.0,84,5,21.2276,30.571438
-0.406374,6,0.83,2,4,4,5,0,0,0.579616,0.41457279999999885,0.068768,0.334016,21.918393333333295,26.986436000000033,21.2276,41.4367,-11.866291333333336,-14.436734799999986,-12.9701,-20.426,0.9404166666666675,0.9529166000000002,0.99125,0.943333,84,5,4.63488,3.4347732
5.6853,12,0.015,6,6,7,1,0,0,1.224726,0.8016387999999989,1.67008,0.0,9.102819999999962,21.72757200000003,4.63488,39.8927,-2.563724666666669,-10.067914799999986,-0.406374,-22.2224,0.6120833333333341,0.7559166000000002,0.83,1.0,85,5,1.44598,3.0508971
-8.64997,0,0.78,9,403,0,1,0,1,1.3458886666666665,0.8212867999999988,1.93533,0.068768,34.39958666666663,32.86381200000003,1.44598,21.2276,-1.1236813333333355,-7.7127087999999855,5.6853,-12.9701,0.5416666666666674,0.7232500000000004,0.015,0.99125,85,5,97.1179,49.659832
-17.5156,0,0.9275,5,37,0,2,0,0,0.8841606666666667,0.8782659999999988,0.432256,1.67008,58.7712933333333,40.43527200000003,97.1179,4.63488,-6.826756666666668,-6.771348799999986,-8.64997,-0.406374,0.5741666666666675,0.7087500000000004,0.78,0.83,85,5,77.75,79.90991
-31.7638,0,1.0,4,340,0,2,0,1,0.23905066666666666,0.8645123999999988,0.284896,1.93533,79.76229999999997,49.073552000000035,77.75,1.44598,-19.309790000000003,-10.530088799999984,-17.5156,5.6853,0.9025000000000007,0.7105000000000004,0.9275,0.015,85,5,64.419,119.91751
-11.0013,0,0.616667,3,84,0,3,0,0,0.8481386666666667,0.9824003999999988,0.0,0.432256,49.39602666666662,49.350392000000035,64.419,97.1179,-20.09356666666667,-12.649073999999985,-31.7638,-8.64997,0.8480556666666673,0.6678334000000004,1.0,0.78,85,5,6.01908,15.944582
-4.26434,2,0.815,2,0,2,3,0,1,1.1166600000000002,0.8134263999999989,2.25952,0.284896,24.57472999999996,49.718418000000035,6.01908,77.75,-15.676480000000003,-14.639001999999985,-11.0013,-17.5156,0.8105556666666675,0.8278334000000003,0.616667,0.9275,85,5,3.28611,1.1925368
-20.6066,0,1.0,4,249,0,4,0,0,1.1166600000000002,0.7269751999999989,1.09046,0.0,12.007863333333296,35.63851800000003,3.28611,64.419,-11.957413333333335,-17.030327999999987,-4.26434,-31.7638,0.8105556666666675,0.8718334000000002,0.815,1.0,85,5,26.7184,31.898588
-22.2304,0,1.0,3,1000,0,4,0,1,0.3634866666666667,0.6699959999999988,0.0,2.25952,24.853769999999965,28.99987800000003,26.7184,6.01908,-15.70044666666667,-17.973287999999986,-20.6066,-11.0013,0.938333333333334,0.8863334000000002,1.0,0.616667,85,5,44.5568,26.834785
-14.9972,0,1.0,4,345,0,5,0,0,0.0,0.6699959999999988,0.0,1.09046,31.39436666666663,20.697658000000033,44.5568,3.28611,-19.27806666666667,-14.619967999999986,-22.2304,-4.26434,1.0,0.8863334000000002,1.0,0.815,85,5,22.9079,22.781158
1.92071,6,0.0,4,2,4,1,0,0,0.6549333333333334,0.6110519999999988,0.0,0.0,22.80116266666663,19.681599600000034,22.9079,26.7184,-11.768963333333337,-12.035565999999985,-14.9972,-20.6066,0.6666666666666674,0.7630000000000002,1.0,1.0,86,5,0.938788,6.4067464
2.43339,8,0.92,2,282,5,1,0,1,0.7073280000000001,0.4243967999999988,1.9648,0.0,33.25419599999996,34.20755760000003,0.938788,44.5568,-3.5477000000000025,-10.696019999999987,1.92071,-22.2304,0.6400000000000007,0.7840000000000003,0.0,1.0,86,5,75.9159,45.50821
-12.2954,0,1.0,2,15,0,2,0,0,0.7073280000000001,0.4243967999999988,0.157184,0.0,110.42789599999996,79.74967760000004,75.9159,22.9079,-2.647100000000003,-9.033779999999986,2.43339,-14.9972,0.6400000000000007,0.7840000000000003,0.92,1.0,86,5,254.429,207.69073
-2.18595,4,0.7775,4,0,3,2,0,1,0.34384,0.5992639999999989,0.0,1.9648,117.41046666666664,75.21561760000003,254.429,0.938788,-4.015986666666669,-5.024889999999987,-12.2954,1.92071,0.8991666666666674,0.7395000000000003,1.0,0.0,86,5,21.8865,5.4207325
-1.28836,4,0.576667,8,0,3,3,0,0,1.1232119999999999,1.0983239999999987,0.874336,0.157184,100.60846666666663,75.73601760000004,21.8865,75.9159,-5.2565700000000035,-2.283121999999986,-2.18595,2.43339,0.7847223333333341,0.6548334000000002,0.7775,0.92,86,5,25.5099,9.21803
-24.2124,16,1.0,2,0,0,3,0,1,1.1232119999999999,0.7053639999999988,2.4953,0.0,18.668619999999972,77.27015200000004,25.5099,254.429,-9.228903333333337,-7.509743999999986,-1.28836,-12.2954,0.7847223333333341,0.8548334000000002,0.576667,1.0,86,5,8.60946,31.056372
6.62137,12,0.36125,2,20,7,4,0,0,2.50512,1.6779391999999986,0.0,0.874336,12.020593333333304,62.47545600000003,8.60946,21.8865,-6.293130000000002,-6.672147999999986,-24.2124,-2.18595,0.6459723333333341,0.7430834000000003,1.0,0.7775,86,5,1.94242,2.3721373
-2.46649,2,0.995,8,108,2,4,0,1,1.686452,1.6857983999999988,5.02006,2.4953,17.565226666666636,20.018416000000034,1.94242,25.5099,-6.685840000000003,-4.706365999999986,6.62137,-1.28836,0.7854166666666673,0.7420834000000003,0.36125,0.576667,86,5,42.1438,22.646433
-2.81102,2,0.874,4,6,2,5,0,0,2.0990586666666666,1.7584951999999987,0.039296,0.0,18.81643999999997,18.113736000000035,42.1438,8.60946,0.4479533333333297,-4.831379999999986,-2.46649,-24.2124,0.7434166666666674,0.7613834000000003,0.995,1.0,86,5,12.3631,6.2016277
3.14686,8,0.01,2,8,5,1,0,0,1.0740886666666667,1.6484651999999986,1.23782,5.02006,18.654213333333306,13.302904000000032,12.3631,1.94242,-0.7102166666666699,-3.9443359999999856,-2.81102,6.62137,0.6263333333333341,0.6480500000000002,0.874,0.36125,87,5,1.45574,3.8285656
-8.64997,0,0.8,8,422,0,1,0,1,1.1919766666666667,1.7270571999999986,1.94515,0.039296,32.43364666666664,28.277432000000033,1.45574,42.1438,-2.7713766666666704,-0.8318499999999858,3.14686,-2.46649,0.5613333333333341,0.6080500000000002,0.01,0.995,87,5,83.4821,50.850937
-12.5696,0,0.975,5,542,0,2,0,0,0.8121166666666667,0.7426931999999987,0.39296,1.23782,34.23944666666664,31.445048000000032,83.4821,12.3631,-6.0242366666666705,-4.670043999999986,-8.64997,-2.81102,0.5950000000000008,0.7308000000000002,0.8,0.874,87,5,17.7805,27.957548
-19.1074,0,1.0,5,432,0,2,0,1,0.16373333333333331,0.7348339999999988,0.09824,1.94515,44.3490333333333,29.373188000000034,17.7805,1.45574,-13.442323333333336,-7.998225999999986,-12.5696,3.14686,0.9250000000000007,0.7318000000000003,0.975,0.01,87,5,31.7845,63.502926
-24.9496,0,0.838333,6,155,0,3,0,0,0.3503893333333334,0.6778555999999988,0.0,0.39296,24.072433333333304,31.431028000000033,31.7845,83.4821,-18.875533333333337,-12.425941999999987,-19.1074,-8.64997,0.9377776666666674,0.7246666000000003,1.0,0.8,87,5,22.6523,21.230896
-9.80067,28,0.701667,2,4,0,3,0,1,0.9038093333333332,0.6405255999999987,0.952928,0.09824,23.30949999999997,34.238220000000034,22.6523,17.7805,-17.95255666666667,-15.015447999999987,-24.9496,-12.5696,0.8466666666666675,0.8630000000000002,0.838333,0.975,87,5,15.4917,12.680763
-4.16254,2,0.9325,2,2,2,4,0,0,1.0806413333333331,0.6680327999999986,1.7585,0.0,14.567749999999974,18.653650000000034,15.4917,31.7845,-12.970936666666669,-14.117961999999988,-9.80067,-19.1074,0.8241666666666673,0.8895000000000003,0.701667,1.0,87,5,5.55925,6.9935594
-12.9701,0,1.0,3,0,0,4,0,1,0.7629986666666665,0.6483847999999987,0.530496,0.952928,14.09284999999997,19.343070000000033,5.55925,22.6523,-8.977770000000005,-14.198061999999984,-4.16254,-24.9496,0.8780556666666675,0.8945000000000002,0.9325,0.838333,87,5,21.2276,26.619478
-18.5454,0,0.905,4,167,0,5,0,0,0.48792533333333327,0.8350407999999987,0.0,1.7585,19.45274999999997,19.300450000000033,21.2276,15.4917,-11.892680000000004,-14.085661999999985,-12.9701,-9.80067,0.9458333333333341,0.8755000000000003,1.0,0.701667,87,5,31.5714,23.888346
-3.94311,2,0.255,2,9,2,1,0,0,0.79902,0.9372111999999987,0.93328,0.530496,20.07463666666664,16.254972000000034,31.5714,5.55925,-11.819536666666671,-9.884363999999985,-18.5454,-4.16254,0.7200000000000008,0.7588334000000003,0.905,0.9325,88,5,7.42491,6.181047
-18.4905,0,0.88,10,342,0,1,0,1,0.8776120000000001,0.6326663999999987,1.46378,0.0,37.4437033333333,27.82359200000003,7.42491,21.2276,-13.659670000000006,-11.622329999999987,-3.94311,-12.9701,0.6800000000000007,0.7945000000000003,0.255,1.0,88,5,73.3348,53.936058
-7.61783,0,0.98,3,335,0,2,0,0,0.592716,0.5422855999999988,0.235776,0.93328,48.946303333333304,39.92758200000004,73.3348,31.5714,-10.01714666666667,-12.313387999999986,-18.4905,-18.5454,0.7050000000000006,0.8040000000000003,0.88,0.905,88,5,66.0792,53.29357
-5.0851,0,0.6525,4,12,0,2,0,1,0.5599693333333332,0.8153935999999987,0.078592,1.46378,50.466766666666636,38.07932200000003,66.0792,7.42491,-10.397810000000003,-10.736387999999987,-7.61783,-3.94311,0.8375000000000008,0.7345000000000003,0.98,0.255,88,5,11.9863,12.9811125
10.8374,16,0.521667,3,30,9,3,0,0,1.4212073333333333,1.1926355999999987,1.36554,0.235776,26.43611999999997,32.01361400000003,11.9863,73.3348,-0.6218433333333367,-4.859827999999986,-5.0851,-18.4905,0.7180556666666673,0.6578334000000002,0.6525,0.88,88,5,1.24286,5.8373985
-12.7045,0,0.993333,2,155,0,3,0,1,1.4081086666666665,0.9077387999999988,2.81949,0.078592,24.47898666666664,42.570192000000034,1.24286,66.0792,-2.3174000000000032,-6.612105999999986,10.8374,-7.61783,0.7225000000000007,0.8055000000000001,0.521667,0.98,88,5,60.2078,48.849705
-6.85232,0,1.0,2,218,0,4,0,0,0.9529286666666668,0.8605835999999988,0.039296,1.36554,31.24711999999997,34.36137200000004,60.2078,11.9863,-2.9064733333333366,-4.284469999999986,-12.7045,-5.0851,0.8383333333333342,0.8295000000000001,0.993333,0.6525,88,5,32.2907,22.654963
-22.2304,0,1.0,4,995,0,4,0,1,0.013098666666666666,0.8448651999999987,0.0,2.81949,45.68509999999998,30.056892000000033,32.2907,1.24286,-13.929073333333335,-7.206983999999986,-6.85232,10.8374,0.9977776666666675,0.8335000000000002,1.0,0.521667,88,5,44.5568,48.128616
-20.2506,0,1.0,4,442,0,5,0,0,0.0,0.5717571999999989,0.0,0.039296,31.387433333333306,31.122592000000036,44.5568,60.2078,-16.444440000000004,-10.240083999999985,-22.2304,-12.7045,1.0,0.9030000000000002,1.0,0.993333,88,5,17.3148,36.394848
-3.94311,2,0.255,2,9,2,1,0,0,0.4879266666666667,0.30061519999999875,0.0,0.0,23.09883666666664,32.35900200000003,17.3148,32.2907,-15.474703333333338,-13.196185999999987,-20.2506,-6.85232,0.7516666666666675,0.8496666000000003,1.0,1.0,89,5,7.42491,7.148606
-8.64997,0,0.65,9,496,0,1,0,1,0.7171533333333334,0.4302919999999988,1.46378,0.0,29.748536666666638,33.21862200000003,7.42491,44.5568,-10.947893333333335,-12.385279999999986,-3.94311,-22.2304,0.6350000000000008,0.7810000000000002,0.255,1.0,89,5,64.5059,21.659687
-16.7233,0,0.995,3,106,0,2,0,0,0.7237026666666667,0.4342215999999988,0.68768,0.0,43.1385033333333,38.257422000000034,64.5059,17.3148,-9.77212666666667,-14.359475999999983,-8.64997,-20.2506,0.6333333333333341,0.7800000000000002,0.65,1.0,89,5,57.4847,50.362297
-31.7638,0,1.0,8,286,0,2,0,1,0.23577599999999999,0.4342215999999988,0.019648,1.46378,62.1365333333333,42.22986200000003,57.4847,7.42491,-19.045690000000004,-16.266155999999985,-16.7233,-3.94311,0.8816666666666674,0.7800000000000002,0.995,0.255,89,5,64.419,79.07522
-16.1588,0,0.993333,4,389,0,3,0,0,0.019648,0.4420807999999988,0.0,0.68768,50.53536666666664,44.70738200000003,64.419,64.5059,-21.54863333333334,-15.447795999999986,-31.7638,-8.64997,0.9961110000000007,0.7786666000000002,1.0,0.65,89,5,29.7024,50.81529
-28.4405,0,0.891667,3,319,0,3,0,1,0.22595200000000001,0.27703679999999875,0.039296,0.019648,44.55229999999997,51.12950000000003,29.7024,57.4847,-25.45436666666667,-20.347273999999985,-16.1588,-16.7233,0.9616666666666673,0.9060000000000002,0.993333,0.995,89,5,39.5355,47.43422
-22.2224,0,1.0,4,517,0,4,0,0,0.22595200000000001,0.13950079999999876,0.63856,0.0,36.37686666666664,46.20686000000003,39.5355,64.419,-22.2739,-23.061759999999985,-28.4405,-31.7638,0.9616666666666673,0.9760000000000003,0.891667,1.0,89,5,39.8927,40.23066
-11.6761,0,0.9675,8,91,0,4,0,1,0.2979946666666667,0.18665599999999877,0.0,0.039296,40.773566666666646,43.28842000000003,39.8927,29.7024,-20.779666666666667,-22.052319999999987,-22.2224,-16.1588,0.9530556666666673,0.9705000000000001,1.0,0.993333,89,5,42.8925,37.39226
8.54418,14,0.508,3,12,8,5,0,0,1.6962779999999997,1.1533379999999986,0.255424,0.63856,27.92794399999997,30.604346400000033,42.8925,39.5355,-8.451440000000005,-13.990723999999986,-11.6761,-28.4405,0.8251666666666674,0.8721000000000003,0.9675,0.891667,89,5,0.998632,1.5845004
-27.9417,0,0.87,8,806,0,1,0,0,1.781419333333333,1.1965635999999986,4.83341,0.0,25.29814399999998,31.064526400000034,0.998632,39.8927,-10.357873333333336,-16.347303999999987,8.54418,-22.2224,0.781833333333334,0.8474334000000002,0.508,1.0,90,5,32.0033,55.81133
-18.4905,0,1.0,9,267,0,1,0,1,1.6962779999999997,1.0688515999999986,0.255424,0.255424,35.44557733333331,37.82438640000004,32.0033,42.8925,-12.629340000000004,-14.357303999999985,-27.9417,-11.6761,0.7926666666666673,0.8691000000000002,0.87,0.9675,90,5,73.3348,58.9954
-19.2826,0,1.0,2,0,0,2,0,0,0.08514133333333333,1.0688515999999986,0.0,4.83341,44.03573333333332,35.199666400000034,73.3348,0.998632,-21.904933333333336,-13.769343999999984,-18.4905,8.54418,0.9566666666666673,0.8691000000000002,1.0,0.508,90,5,26.7691,26.455063
-28.5634,0,1.0,4,915,0,2,0,1,0.0,1.0177667999999986,0.0,0.255424,40.66346666666665,30.998466400000034,26.7691,32.0033,-22.112166666666667,-17.146803999999985,-19.2826,-27.9417,1.0,0.8756000000000004,1.0,0.87,90,5,21.8865,44.2025
-11.0013,0,0.973333,3,663,0,3,0,0,0.052394666666666666,0.08252159999999875,0.0,0.0,18.327286666666648,32.063992000000034,21.8865,73.3348,-19.61576666666667,-21.055899999999987,-28.5634,-18.4905,0.9911110000000006,0.9686666000000003,1.0,1.0,90,5,6.32626,10.571008
-4.26434,2,0.851667,6,0,2,3,0,1,0.34384,0.20630399999999877,0.157184,0.0,10.483909999999982,26.311126000000037,6.32626,26.7691,-14.609680000000003,-16.320427999999986,-11.0013,-19.2826,0.9416666666666673,0.9650000000000002,0.973333,1.0,90,5,3.23897,10.911494
-20.6066,0,1.0,4,200,0,4,0,0,0.34384,0.20630399999999877,0.874336,0.0,12.094543333333315,16.987846000000037,3.23897,21.8865,-11.957413333333335,-16.743647999999986,-4.26434,-28.5634,0.9416666666666673,0.9650000000000002,0.851667,1.0,90,5,26.7184,22.669918
-12.9701,0,1.0,3,2,0,4,0,1,0.29144533333333333,0.20630399999999877,0.0,0.157184,17.061656666666646,15.879546000000033,26.7184,6.32626,-12.613680000000002,-15.481147999999987,-20.6066,-11.0013,0.9505556666666674,0.9650000000000002,1.0,0.973333,90,5,21.2276,15.212201
-15.3716,0,1.0,2,19,0,5,0,0,0.0,0.20630399999999877,0.0,0.874336,23.14679999999998,15.801126000000034,21.2276,3.23897,-16.316100000000002,-12.842787999999988,-12.9701,-4.26434,1.0,0.9650000000000002,1.0,0.851667,90,5,21.4944,15.316008
-23.1462,0,1.0,3,45,0,1,0,0,0.0,0.17486719999999875,0.0,0.0,22.817699999999984,19.682094000000035,21.4944,26.7184,-17.162633333333336,-15.271767999999986,-15.3716,-20.6066,1.0,0.9703334000000003,1.0,1.0,91,5,25.7311,31.180613
-26.6604,0,0.73,10,378,0,1,0,1,0.176832,0.10609919999999876,0.0,0.0,34.09946666666665,30.048880000000032,25.7311,21.2276,-21.726066666666668,-19.750979999999984,-23.1462,-12.9701,0.9100000000000007,0.9460000000000003,1.0,1.0,91,5,55.0729,34.257156
-21.3338,0,1.0,3,197,0,2,0,0,0.176832,0.10609919999999876,0.530496,0.0,37.932233333333315,31.303740000000033,55.0729,21.4944,-23.713466666666665,-19.896419999999985,-26.6604,-15.3716,0.9100000000000007,0.9460000000000003,0.73,1.0,91,5,32.9927,19.549343
-19.1074,0,1.0,4,312,0,2,0,1,0.176832,0.10609919999999876,0.0,0.0,39.950033333333316,33.41512000000004,32.9927,25.7311,-22.3672,-21.123879999999986,-21.3338,-23.1462,0.9100000000000007,0.9460000000000003,1.0,1.0,91,5,31.7845,35.21895
-7.73065,0,0.906667,9,473,0,3,0,0,0.1833813333333333,0.2161279999999987,0.0,0.530496,29.935033333333312,34.12182000000003,31.7845,55.0729,-16.057283333333334,-19.595689999999983,-19.1074,-26.6604,0.9688890000000008,0.9273334000000004,1.0,0.73,91,5,25.0279,17.712463
-24.2124,16,1.0,2,0,0,3,0,1,0.1833813333333333,0.2161279999999987,0.550144,0.0,21.807286666666645,30.697492000000032,25.0279,32.9927,-17.016816666666667,-19.808929999999986,-7.73065,-21.3338,0.9688890000000008,0.9273334000000004,0.906667,1.0,91,5,8.60946,20.783596
7.27552,12,0.425,2,10,7,4,0,0,1.689728,1.0138367999999987,0.0,0.0,11.84152999999998,20.060358000000033,8.60946,31.7845,-8.222510000000002,-13.021745999999984,-24.2124,-19.1074,0.777222333333334,0.8663334000000003,1.0,1.0,91,5,1.88723,4.504717
-22.2304,0,1.0,3,780,0,4,0,1,1.5063466666666667,1.0138367999999987,4.51904,0.550144,18.351163333333314,22.373178000000035,1.88723,25.0279,-13.055760000000001,-13.201065999999987,7.27552,-7.73065,0.808333333333334,0.8663334000000003,0.425,0.906667,91,5,44.5568,15.364167
-0.406374,6,0.832,3,4,4,5,0,0,2.05649,1.3439227999999988,0.0,0.0,16.95246999999998,16.898954000000032,44.5568,8.60946,-5.120418000000001,-9.460860799999987,-22.2304,-24.2124,0.752333333333334,0.8327334000000002,1.0,1.0,91,5,4.41338,3.5662534
-13.867,0,0.83,3,119,0,1,0,0,0.661482,1.3006971999999988,1.65043,4.51904,29.924593333333316,20.054094000000035,4.41338,1.88723,-12.16792466666667,-10.688130799999985,-0.406374,7.27552,0.8873333333333341,0.8174000000000003,0.832,0.425,92,5,40.8036,47.56978
-18.4905,0,1.0,9,368,0,1,0,1,0.661482,1.3006971999999988,0.334016,0.0,39.517259999999986,32.999162000000034,40.8036,44.5568,-10.921291333333334,-9.543750799999987,-13.867,-22.2304,0.8873333333333341,0.8174000000000003,0.83,1.0,92,5,73.3348,63.5359
-25.6512,0,1.0,4,228,0,2,0,0,0.11133866666666666,0.3968891999999986,0.0,1.65043,56.33779999999998,43.59671600000003,73.3348,4.41338,-19.336233333333336,-16.129094799999983,-18.4905,-0.406374,0.9433333333333341,0.9324000000000003,1.0,0.832,92,5,54.875,57.871727
-5.0851,0,0.8775,2,0,0,2,0,1,0.16045866666666667,0.4931643999999986,0.0,0.334016,46.66633333333331,37.04319600000004,54.875,40.8036,-16.408933333333334,-12.700034799999985,-25.6512,-13.867,0.9591666666666674,0.9079000000000003,1.0,0.83,92,5,11.7892,16.264662
-20.2674,0,0.968333,7,118,0,3,0,0,0.2226773333333333,0.20040959999999858,0.481376,0.0,30.543066666666647,41.15352000000003,11.7892,73.3348,-17.001233333333335,-16.672239999999984,-5.0851,-18.4905,0.9486110000000006,0.9351666000000003,0.8775,1.0,92,5,24.965,42.112255
-9.80067,28,1.0,2,0,0,3,0,1,0.2226773333333333,0.13360639999999857,0.186656,0.0,17.41529999999998,36.09114000000004,24.965,54.875,-11.717723333333334,-15.858973999999984,-20.2674,-25.6512,0.9486110000000006,0.9691666000000003,0.968333,1.0,92,5,15.4917,15.454764
-4.16254,2,0.935,2,3,2,4,0,0,0.2325013333333333,0.23577599999999857,0.0,0.481376,15.291236666666647,22.507582000000035,15.4917,11.7892,-11.410203333333333,-12.993381999999986,-9.80067,-5.0851,0.9677776666666674,0.9561666000000002,1.0,0.8775,92,5,5.41701,8.581791
-11.6761,0,0.995,10,162,0,4,0,1,0.1833813333333333,0.24363519999999855,0.510848,0.186656,21.541869999999978,20.275962000000032,5.41701,24.965,-8.546436666666667,-10.198361999999985,-4.16254,-20.2674,0.9766666666666675,0.9551666000000003,0.935,0.968333,92,5,43.7169,24.325748
-14.9972,0,1.0,4,286,0,5,0,0,0.1833813333333333,0.14735999999999855,0.039296,0.0,24.01393666666665,22.499702000000035,43.7169,15.4917,-10.278613333333334,-12.180781999999986,-11.6761,-9.80067,0.9766666666666675,0.9796666000000004,0.995,1.0,92,5,22.9079,18.991068
-13.3226,0,0.845,7,393,0,1,0,0,0.11461333333333333,0.17093759999999855,0.0,0.510848,35.264299999999984,25.340322000000036,22.9079,5.41701,-13.331966666666668,-10.791821999999986,-14.9972,-4.16254,0.9466666666666673,0.9550000000000004,1.0,0.935,93,5,39.1681,49.223198
-26.6604,0,1.0,9,434,0,1,0,1,0.10151466666666666,0.17093759999999855,0.304544,0.039296,39.04963333333331,33.25656200000004,39.1681,43.7169,-18.326733333333333,-14.163767999999987,-13.3226,-11.6761,0.948333333333334,0.9550000000000004,0.845,0.995,93,5,55.0729,42.770397
7.49364,28,0.92,2,3,8,2,0,0,0.20630399999999996,0.13164159999999855,0.0,0.0,33.55209333333332,33.45621600000003,55.0729,22.9079,-10.829786666666669,-11.832531999999985,-26.6604,-14.9972,0.9216666666666673,0.9520000000000003,1.0,1.0,93,5,6.41528,17.869473
-31.7638,0,1.0,2,531,0,2,0,1,0.10478933333333333,0.12378239999999856,0.314368,0.304544,41.96905999999998,37.59663600000003,6.41528,39.1681,-16.976853333333334,-15.850071999999987,7.49364,-13.3226,0.973333333333334,0.9530000000000003,0.92,0.845,93,5,64.419,69.63803
5.81771,12,0.218333,2,8,7,3,0,0,1.6406093333333331,1.0452743999999985,0.0,0.0,24.012516666666652,33.255710000000036,64.419,55.0729,-6.150816666666668,-11.687089999999987,-31.7638,-26.6604,0.7127776666666673,0.7966666000000002,1.0,1.0,93,5,1.20327,1.9180288
-25.1356,0,0.871667,8,206,0,3,0,1,1.787969333333333,1.1356551999999984,4.60746,0.314368,38.55058999999998,35.42799000000004,1.20327,6.41528,-17.02723,-14.049689999999988,5.81771,7.49364,0.6966666666666673,0.8020000000000003,0.218333,0.92,93,5,50.0295,38.478912
-6.85232,0,0.97625,9,173,0,4,0,0,1.850188,1.1729863999999985,0.756448,0.0,30.358123333333314,32.38173000000003,50.0295,64.419,-8.723403333333334,-10.088073999999986,-25.1356,-31.7638,0.6887500000000006,0.7972500000000003,0.871667,1.0,93,5,39.8416,38.65343
-12.9701,0,1.0,3,39,0,4,0,1,0.314368,1.1101127999999985,0.186656,4.60746,37.03289999999998,35.34419400000003,39.8416,1.20327,-14.986006666666668,-14.180821999999987,-6.85232,5.81771,0.9493056666666675,0.8132500000000004,0.97625,0.218333,93,5,21.2276,37.501076
-2.81102,2,0.87,8,0,2,5,0,0,0.4879253333333333,1.3655367999999986,0.0,0.756448,24.249966666666648,24.796534000000033,21.2276,50.0295,-7.54448,-8.390265999999986,-12.9701,-25.1356,0.9487500000000008,0.7872500000000003,1.0,0.871667,93,5,11.6807,11.473865
-7.6769,0,0.94,4,330,0,1,0,0,0.4650026666666667,0.4676223999999986,1.27712,0.186656,50.57776666666664,48.32088000000003,11.6807,39.8416,-7.81934,-11.089187999999988,-2.81102,-6.85232,0.9366666666666674,0.9315834000000004,0.87,0.97625,94,5,118.825,49.197502
-18.4905,0,1.0,5,405,0,1,0,1,0.4650026666666667,0.3163327999999986,0.117888,0.0,67.94683333333332,52.98194000000003,118.825,21.2276,-9.659473333333333,-9.760167999999986,-7.6769,-12.9701,0.9366666666666674,0.9572500000000004,0.94,1.0,94,5,73.3348,76.184654
-1.66129,4,0.685,2,12,3,2,0,0,0.4519026666666666,0.5265655999999985,0.0,1.27712,65.49567333333331,45.879064000000035,73.3348,11.6807,-9.27623,-8.721961999999987,-18.4905,-2.81102,0.8750000000000008,0.8990000000000004,1.0,0.87,94,5,4.32722,12.149031
-28.5634,0,1.0,4,511,0,2,0,1,0.4126066666666666,0.5265655999999985,1.23782,0.117888,33.18283999999998,46.010844000000034,4.32722,118.825,-16.23839666666667,-11.840621999999986,-1.66129,-7.6769,0.8950000000000008,0.8990000000000004,0.685,0.94,94,5,21.8865,42.5877
-16.1588,0,0.993333,3,311,0,3,0,0,0.4257053333333333,0.27900079999999855,0.0,0.0,18.619873333333317,49.603884000000036,21.8865,73.3348,-15.461163333333333,-14.510177999999986,-28.5634,-18.4905,0.8927776666666674,0.9236666000000003,1.0,1.0,94,5,29.6459,27.20951
-17.6895,0,1.0,3,590,0,3,0,1,0.013098666666666666,0.2554231999999986,0.039296,1.23782,30.35596666666665,33.745984000000036,29.6459,4.32722,-20.8039,-16.512697999999986,-16.1588,-1.66129,0.9977776666666673,0.9356666000000005,0.993333,0.685,94,5,39.5355,16.953972
-20.6066,0,1.0,4,200,0,4,0,0,0.013098666666666666,0.2554231999999986,0.0,0.0,31.966599999999982,24.422704000000035,39.5355,21.8865,-18.151633333333333,-16.935917999999987,-17.6895,-28.5634,0.9977776666666673,0.9356666000000005,1.0,1.0,94,5,26.7184,28.020018
-22.2304,0,1.0,3,431,0,4,0,1,0.0,0.007859199999998578,0.0,0.039296,36.93689999999998,32.46862000000003,26.7184,29.6459,-20.1755,-21.049739999999986,-20.6066,-16.1588,1.0,0.9986666000000003,1.0,0.993333,94,5,44.5568,41.899143
-18.2002,0,0.911,4,177,0,5,0,0,0.29144533333333333,0.18272639999999857,0.0,0.0,33.89239999999998,34.171720000000036,44.5568,39.5355,-20.34573333333333,-18.977099999999986,-22.2304,-17.6895,0.970333333333334,0.9808666000000004,1.0,1.0,94,5,30.402,30.387184
-26.0794,0,1.0,3,303,0,1,0,0,0.29144533333333333,0.17486719999999858,0.874336,0.0,34.18056666666664,33.75912000000004,30.402,26.7184,-22.17,-20.961219999999987,-18.2002,-20.6066,0.970333333333334,0.9822000000000004,0.911,1.0,95,5,27.5829,37.320576
-10.7928,0,0.855,9,94,0,1,0,1,0.3864106666666667,0.2318463999999986,0.0,0.0,38.472099999999976,37.33830000000003,27.5829,44.5568,-18.357466666666667,-19.581879999999984,-26.0794,-22.2304,0.9220000000000007,0.9532000000000004,1.0,1.0,95,5,57.4314,43.389313
-9.2607,0,0.805,4,341,0,2,0,0,0.3503893333333333,0.3851007999999986,0.284896,0.874336,36.629999999999974,36.96976000000003,57.4314,30.402,-15.377633333333335,-17.312699999999985,-10.7928,-18.2002,0.8866666666666675,0.9142000000000005,0.855,0.911,95,5,24.8757,17.860327
-19.1074,0,1.0,2,235,0,2,0,1,0.3503893333333333,0.3851007999999986,0.766272,0.0,38.03053333333332,34.41530000000003,24.8757,27.5829,-13.053633333333332,-16.688099999999984,-9.2607,-26.0794,0.8866666666666675,0.9142000000000005,0.805,1.0,95,5,31.7845,51.303234
-11.0013,0,0.973333,2,660,0,3,0,0,0.30781866666666663,0.24167039999999856,0.0,0.284896,20.995273333333312,29.60002400000003,31.7845,57.4314,-13.123133333333334,-15.248319999999984,-19.1074,-10.7928,0.9261110000000007,0.9266666000000005,1.0,0.855,95,5,6.32562,12.40366
-15.1861,0,0.883333,7,257,0,3,0,1,0.28162133333333333,0.37920639999999856,0.157184,0.766272,13.791873333333314,24.73654400000003,6.32562,24.8757,-15.098266666666666,-13.069659999999988,-11.0013,-9.2607,0.9522220000000008,0.9033332000000003,0.973333,0.805,95,5,3.2655,17.85943
6.28191,12,0.35625,2,18,7,4,0,0,1.9680746666666666,1.3340991999999985,0.68768,0.0,3.8105133333333145,13.618348000000035,3.2655,31.7845,-6.635163333333334,-9.654717999999985,-15.1861,-19.1074,0.7376386666666673,0.8035832000000005,0.883333,1.0,95,5,1.84042,1.7657106
-21.269,0,0.9925,3,418,0,4,0,1,1.9353280000000002,1.1926335999999986,5.05936,0.157184,16.48380666666665,17.512308000000036,1.84042,6.32562,-10.05773,-12.056377999999986,6.28191,-11.0013,0.7440276666666675,0.8410832000000005,0.35625,0.973333,95,5,44.3455,29.101004
-20.2506,0,1.0,6,515,0,5,0,0,1.7061013333333335,1.1926335999999986,0.058944,0.68768,21.166906666666648,14.618368000000036,44.3455,3.2655,-11.745896666666667,-12.285017999999985,-21.269,-15.1861,0.7829166666666675,0.8410832000000005,0.9925,0.883333,95,5,17.3148,19.720547
-13.7734,0,0.98,4,199,0,1,0,0,0.03274666666666667,1.1690559999999985,0.0,5.05936,41.94353333333331,26.187304000000033,17.3148,1.84042,-18.430999999999997,-12.839437999999987,-20.2506,6.28191,0.9908333333333341,0.8424166000000003,1.0,0.35625,96,5,64.1703,48.31041
-14.2987,0,0.99,5,216,0,1,0,1,0.019648,1.0354495999999984,0.039296,0.058944,52.93326666666665,40.997144000000034,64.1703,44.3455,-16.107566666666667,-12.661957999999986,-13.7734,-21.269,0.9900000000000008,0.8637500000000005,0.98,0.9925,96,5,77.3147,44.614006
-19.0246,0,1.0,8,200,0,2,0,0,0.019648,0.023577599999998578,0.019648,0.0,47.161666666666655,40.62906000000004,77.3147,17.3148,-15.6989,-17.72325999999999,-14.2987,-20.2506,0.9900000000000008,0.9925000000000004,0.99,1.0,96,5,0.0,35.45761
-5.14789,0,0.78,3,12,0,2,0,1,0.29472,0.18469119999999856,0.0,0.039296,29.621133333333315,34.06970000000003,0.0,64.1703,-12.82373,-14.499037999999985,-19.0246,-13.7734,0.9233333333333341,0.9500000000000004,1.0,0.98,96,5,11.5487,12.837393
18.5112,26,0.835,2,467,14,3,0,0,0.6123626666666667,0.37920639999999856,0.864512,0.019648,11.647433333333316,35.285460000000036,11.5487,77.3147,-1.8870966666666682,-6.746677999999987,-5.14789,-14.2987,0.8716666666666674,0.9170000000000005,0.78,0.99,96,5,23.3936,8.905156
-32.4071,0,0.835,4,156,0,3,0,1,0.9365546666666665,0.5658623999999985,0.972576,0.0,17.95709999999998,26.237200000000037,23.3936,0.0,-6.347930000000002,-10.473417999999986,18.5112,-19.0246,0.8166666666666673,0.8880000000000005,0.835,1.0,96,5,18.929,21.841711
-4.16254,2,0.93375,2,6,2,4,0,0,0.8219413333333333,0.6660671999999985,0.972576,0.864512,15.918126666666646,11.860616000000032,18.929,11.5487,-6.0194800000000015,-8.446185999999987,-32.4071,-5.14789,0.8679166666666673,0.8767500000000004,0.835,0.78,96,5,5.43178,13.758064
-12.9701,0,0.99625,7,141,0,4,0,1,0.5075733333333333,0.6719615999999985,0.520672,0.972576,16.197293333333317,16.70683600000003,5.43178,23.3936,-16.51324666666667,-7.235285999999986,-4.16254,18.5112,0.9216666666666674,0.8760000000000003,0.93375,0.835,96,5,24.2311,23.722956
32.417,28,0.402,2,0,15,5,0,0,2.141631333333333,1.6740091999999982,0.029472,0.972576,10.200510666666649,14.584826400000034,24.2311,18.929,5.094786666666664,0.2776920000000139,-12.9701,-32.4071,0.777333333333334,0.8004000000000004,0.99625,0.835,96,5,0.938652,-0.044169165
-8.72846,0,0.905,7,401,0,1,0,0,2.0302926666666665,1.5168251999999984,5.87475,0.520672,23.770517333333316,19.134466400000033,0.938652,5.43178,3.5728133333333307,-5.1702399999999855,32.417,-4.16254,0.7677500000000008,0.8144000000000003,0.402,0.93375,97,5,46.1418,46.757336
-10.7928,0,0.97,4,171,0,1,0,1,2.040116666666666,1.3340987999999983,0.186656,0.029472,35.214083999999986,27.06102640000004,46.1418,24.2311,4.298579999999998,-0.8473799999999858,-8.72846,-12.9701,0.7590000000000008,0.8414000000000005,0.905,0.99625,97,5,58.5618,61.08037
22.3559,28,0.0275,2,3,15,2,0,0,1.355713333333333,1.9942723999999985,0.058944,5.87475,35.61788666666665,26.404682400000034,58.5618,0.938652,0.9448799999999965,4.456308000000014,-10.7928,32.417,0.6341666666666673,0.6601500000000005,0.97,0.402,97,5,2.15006,3.7559214
-31.7638,0,1.0,4,271,0,2,0,1,1.2934946666666665,1.9883779999999986,3.82154,0.186656,41.71028666666665,34.44226240000004,2.15006,46.1418,-6.733566666666671,0.6975680000000146,22.3559,-8.72846,0.665833333333334,0.6609000000000005,0.0275,0.905,97,5,64.419,77.32256
-20.2674,0,1.0,1,121,0,3,0,0,1.2738466666666663,0.8134279999999986,0.0,0.058944,30.511353333333318,39.24753200000003,64.419,58.5618,-9.891766666666669,-9.839311999999985,-31.7638,-10.7928,0.6758333333333342,0.7805000000000005,1.0,0.97,97,5,24.965,33.758022
-9.80067,28,1.0,2,0,0,3,0,1,0.0,0.7760967999999986,0.0,3.82154,34.95856666666665,33.11751200000003,24.965,2.15006,-20.610623333333336,-10.053753999999987,-20.2674,22.3559,1.0,0.7995000000000004,1.0,0.0275,97,5,15.4917,20.40159
-6.85232,0,0.98625,4,143,0,4,0,0,0.03602133333333304,0.7859207999999986,0.0,0.0,26.876633333333313,29.439792000000033,15.4917,64.419,-12.306796666666669,-9.265657999999986,-9.80067,-31.7638,0.9954166666666674,0.8027500000000005,1.0,1.0,97,5,40.1732,28.212578
-4.37942,2,1.0,2,486,2,4,0,1,0.03602133333333304,0.02161279999999858,0.108064,0.0,33.407233333333316,37.92114000000004,40.1732,24.965,-7.010803333333335,-14.612721999999986,-6.85232,-20.2674,0.9954166666666673,0.9972500000000004,0.98625,1.0,97,5,44.5568,29.97369
-15.3716,0,1.0,2,0,0,5,0,0,0.03602133333333304,0.02161279999999858,0.0,0.0,35.40813333333332,29.336220000000036,44.5568,15.4917,-8.867780000000002,-11.334281999999984,-4.37942,-9.80067,0.9954166666666673,0.9972500000000004,1.0,1.0,97,5,21.4944,35.093517
-11.099,0,0.915,3,370,0,1,0,0,0.055669333333333036,0.055014399999998576,0.0,0.108064,38.40259999999998,34.174540000000036,21.4944,40.1732,-10.283340000000003,-9.500601999999986,-15.3716,-6.85232,0.9716666666666672,0.9802500000000004,1.0,0.98625,98,5,49.1566,47.686928
-14.2987,0,0.97,10,314,0,1,0,1,0.07531733333333303,0.06680319999999858,0.167008,0.0,49.23479999999998,46.48688000000003,49.1566,44.5568,-13.58976666666667,-10.400207999999987,-11.099,-4.37942,0.9616666666666673,0.9742500000000003,0.915,1.0,98,5,77.0534,49.652184
-11.5494,0,0.9975,5,137,0,2,0,0,0.0785919999999997,0.04715519999999858,0.058944,0.0,59.024099999999976,48.62470000000003,77.0534,21.4944,-12.315700000000001,-11.339623999999985,-14.2987,-15.3716,0.960833333333334,0.9765000000000004,0.97,1.0,98,5,50.8623,40.86129
-28.5634,0,1.0,5,76,0,2,0,1,0.02292266666666637,0.04715519999999858,0.009824,0.167008,49.934066666666645,44.09064000000003,50.8623,49.1566,-18.13716666666667,-16.176419999999986,-11.5494,-11.099,0.9891666666666673,0.9765000000000004,0.9975,0.915,98,5,21.8865,52.36256
5.81771,12,0.301667,2,1,7,3,0,0,1.375361333333333,0.8704071999999986,0.0,0.058944,24.642396666666645,40.02743800000003,21.8865,77.0534,-11.431696666666669,-11.938557999999986,-28.5634,-14.2987,0.7663890000000008,0.8368334000000004,1.0,0.97,98,5,1.17839,2.1719706
-25.1356,0,1.0,8,381,0,3,0,1,1.3720866666666662,0.8370055999999984,4.11626,0.009824,24.36479666666665,40.20201800000003,1.17839,50.8623,-15.960430000000002,-14.745877999999985,5.81771,-11.5494,0.7672223333333341,0.8538334000000004,0.301667,0.9975,98,5,50.0295,39.698658
-28.6067,0,0.92375,8,174,0,4,0,0,1.5718413333333328,0.9450695999999983,0.0,0.0,27.554396666666648,31.082398000000033,50.0295,21.8865,-15.974863333333337,-17.607477999999986,-25.1356,-28.5634,0.7418056666666674,0.8445834000000005,1.0,1.0,98,5,31.4553,40.420765
-29.5413,0,0.91,7,290,0,4,0,1,0.43553066666666634,1.0845703999999983,0.599264,4.11626,40.74709999999998,29.06123800000003,31.4553,1.17839,-27.761200000000002,-21.205857999999985,-28.6067,5.81771,0.944583333333334,0.8270834000000005,0.92375,0.301667,98,5,40.7565,55.857864
-0.406374,6,0.816,3,0,4,5,0,0,1.0380706666666664,1.4460943999999984,0.707328,0.0,25.403499999999983,25.483678000000033,40.7565,50.0295,-19.51812466666667,-15.574452799999984,-29.5413,-25.1356,0.8832500000000006,0.7902834000000004,0.91,1.0,98,5,3.9987,3.1253448
-26.6305,0,1.0,3,584,0,1,0,0,0.8383159999999998,0.6228423999999985,1.80762,0.599264,24.433933333333314,30.95732000000003,3.9987,31.4553,-18.859391333333335,-22.064094799999985,-0.406374,-28.6067,0.9086666666666674,0.9299500000000004,0.816,0.92375,99,5,28.5466,40.397495
-13.7605,26,0.86,2,178,0,1,0,1,0.6942306666666663,0.6778567999999984,0.0,0.707328,30.23399999999998,32.582760000000036,28.5466,40.7565,-13.599124666666668,-19.789074799999987,-26.6305,-29.5413,0.8920000000000007,0.9019500000000005,1.0,0.91,99,5,58.1567,45.419495
11.5353,14,0.1025,3,12,8,2,0,0,1.2672973333333328,1.2633679999999985,0.275072,1.80762,31.02927333333331,27.56860400000004,58.1567,3.9987,-9.61856666666667,-11.760674799999986,-13.7605,-0.406374,0.6541666666666673,0.7377000000000005,0.86,0.816,99,5,6.38452,2.550674
-8.32627,0,1.0,4,17,0,2,0,1,1.2672973333333328,1.1219023999999984,3.52682,0.0,32.10857333333332,25.774204000000033,6.38452,28.5466,-3.517156666666669,-7.517668799999986,11.5353,-26.6305,0.6541666666666673,0.7557000000000004,0.1025,1.0,99,5,31.7845,39.136868
-16.1588,0,0.996667,4,197,0,3,0,0,1.1821559999999998,0.7643079999999983,0.0,0.275072,22.680406666666652,30.948904000000034,31.7845,58.1567,-4.316590000000002,-10.668153999999985,-8.32627,-13.7605,0.6997223333333341,0.7918334000000005,1.0,0.86,99,5,29.8722,39.158566
-17.6895,0,1.0,3,490,0,3,0,1,0.006549333333333037,0.7643079999999983,0.019648,3.52682,33.73073333333331,33.146684000000036,29.8722,6.38452,-14.058190000000002,-8.879953999999985,-16.1588,11.5353,0.9988890000000007,0.7918334000000005,0.996667,0.1025,99,5,39.5355,28.209732
9.46128,16,0.105,3,18,9,4,0,0,2.351209333333333,2.1160895999999982,0.0,0.0,23.73495333333332,21.874776000000033,39.5355,31.7845,-8.129006666666669,-4.235597999999984,-17.6895,-8.32627,0.7005556666666674,0.6408334000000004,1.0,1.0,99,5,1.79716,2.0540822
-12.9701,0,0.99375,7,158,0,4,0,1,2.361033333333333,1.4205495999999984,7.03398,0.019648,22.726519999999983,25.967252000000038,1.79716,29.8722,-7.066106666666669,-9.136677999999986,9.46128,-16.1588,0.699583333333334,0.8190834000000005,0.105,0.996667,99,5,26.8469,39.898613
-14.9972,0,1.0,4,221,0,5,0,0,2.361033333333333,1.4205495999999984,0.04912,0.0,17.18398666666665,24.191932000000033,26.8469,39.5355,-6.168673333333335,-10.470863999999985,-12.9701,-17.6895,0.699583333333334,0.8190834000000005,0.99375,1.0,99,5,22.9079,24.99769
9.49211,16,0.005,1,9,9,1,0,0,0.6680333333333331,1.8076159999999983,0.0,7.03398,17.47675999999998,18.752588000000035,22.9079,1.79716,-6.158396666666669,-5.340681999999985,-14.9972,9.46128,0.6662500000000007,0.6207500000000004,1.0,0.105,100,5,2.67548,2.6637855
-18.906,0,0.845,8,293,0,1,0,1,0.7531746666666663,1.8685247999999983,1.95498,0.04912,32.88435999999998,25.459428000000038,2.67548,26.8469,-8.137030000000001,-5.583981999999985,9.49211,-12.9701,0.6166666666666675,0.5897500000000004,0.005,0.99375,100,5,73.0697,51.137596
2.3527,28,1.0,2,0,4,2,0,0,0.7531746666666663,0.46172879999999844,0.304544,0.0,25.762653333333315,25.408552000000032,73.0697,22.9079,-2.353730000000002,-7.0056979999999855,-18.906,-14.9972,0.6166666666666675,0.7687500000000005,0.845,1.0,100,5,1.54278,13.4521
-15.9692,0,0.7675,4,107,0,2,0,1,0.40605866666666635,0.6346311999999984,0.0,1.95498,28.61922666666665,22.288212000000033,1.54278,2.67548,-10.840833333333336,-7.605517999999985,2.3527,9.49211,0.8708333333333341,0.7235000000000005,1.0,0.005,100,5,11.2452,37.461815
-11.0013,0,1.0,2,405,0,3,0,0,0.3045439999999997,0.6346311999999984,0.913632,0.304544,6.371199999999981,18.971756000000035,11.2452,73.0697,-8.205933333333336,-6.806337999999985,-15.9692,-18.906,0.9225000000000007,0.7235000000000005,0.7675,0.845,100,5,6.32562,-0.5934849
3.47766,8,0.89,3,130,5,3,0,1,0.5206719999999997,0.37331199999999837,0.0,0.0,7.122749999999981,19.196146000000034,6.32562,1.54278,-7.830946666666669,-8.009227999999984,-11.0013,2.3527,0.885833333333334,0.9005000000000004,1.0,1.0,100,5,3.79743,7.2934365
-4.16254,2,0.93375,2,3,2,4,0,0,0.389685333333333,0.4165375999999984,0.648384,0.913632,5.138809999999981,5.640882000000035,3.79743,11.2452,-3.8953933333333364,-5.060535999999985,3.47766,-15.9692,0.9412500000000007,0.9182500000000005,0.89,0.7675,100,5,5.29338,4.7835774
-20.038,0,0.99375,3,642,0,4,0,1,0.40605866666666635,0.4263615999999984,0.520672,0.0,22.475469999999984,16.999446000000034,5.29338,6.32562,-6.90762666666667,-9.538675999999985,-4.16254,-11.0013,0.9391666666666674,0.9170000000000004,0.93375,1.0,100,5,58.3356,37.845963
-2.81102,2,0.87,4,0,2,5,0,0,0.615637333333333,0.49905919999999837,0.04912,0.648384,24.90352666666665,16.966726000000033,58.3356,3.79743,-9.003853333333335,-6.907039999999985,-20.038,3.47766,0.9325000000000007,0.9375000000000003,0.99375,0.89,100,5,11.0816,6.5279064
19.8068,26,0.97,2,236,14,1,0,0,0.46172799999999975,0.5108479999999984,1.27712,0.520672,29.64416666666665,19.604662000000037,11.0816,5.29338,-1.0140733333333358,-0.7454199999999851,-2.81102,-4.16254,0.944583333333334,0.9315000000000004,0.87,0.93375,101,5,19.5153,41.824436
-13.7605,0,1.0,3,60,0,1,0,1,0.4453546666666664,0.3811711999999984,0.058944,0.04912,29.584533333333315,30.476516000000032,19.5153,58.3356,1.0784266666666642,-4.193051999999986,19.8068,-20.038,0.9466666666666675,0.9535000000000003,0.97,0.99375,101,5,58.1567,49.187237
3.19716,8,0.06,3,2,5,2,0,0,1.250921333333333,1.0158007999999985,0.0,1.27712,27.025639999999985,30.098824000000036,58.1567,11.0816,3.0811533333333307,-2.7211119999999855,-13.7605,-2.81102,0.6766666666666673,0.7787500000000005,1.0,0.87,101,5,3.40492,2.719715
-29.3528,0,0.965,2,353,0,2,0,1,1.2771186666666665,1.0334839999999983,3.69382,0.058944,45.562906666666656,33.457124000000036,3.40492,19.5153,-13.305380000000001,-4.584071999999985,3.19716,19.8068,0.6750000000000007,0.7730000000000004,0.06,0.97,101,5,75.1271,65.334984
-14.8185,0,0.738333,9,328,0,3,0,0,1.7912419999999998,1.0865339999999983,0.137536,0.0,33.262506666666646,35.491904000000034,75.1271,58.1567,-13.658046666666669,-6.9855679999999865,-29.3528,-13.7605,0.5877776666666673,0.7466666000000004,0.965,1.0,101,5,21.2555,17.937471
-24.8373,0,0.893333,4,829,0,3,0,1,0.7695473333333331,1.2004923999999986,1.54237,3.69382,38.35223333333332,35.32366400000003,21.2555,3.40492,-23.002866666666666,-15.914387999999985,-14.8185,3.19716,0.865555333333334,0.7313332000000005,0.738333,0.06,101,5,18.6741,32.93961
-6.85232,0,0.99375,2,43,0,4,0,0,0.7400753333333331,1.2103163999999986,0.628736,0.137536,26.81686666666665,31.796524000000034,18.6741,75.1271,-15.502706666666668,-14.532751999999984,-24.8373,-29.3528,0.8751386666666674,0.7300832000000004,0.893333,0.965,101,5,40.521,26.680943
-29.5413,0,1.0,4,267,0,4,0,1,0.22595199999999985,0.4715523999999983,0.04912,1.54237,33.317199999999985,39.26684000000003,40.521,21.2555,-20.410306666666667,-21.080443999999986,-6.85232,-14.8185,0.9623610000000008,0.9180832000000004,0.99375,0.738333,101,5,40.7565,29.81519
-18.2002,0,1.0,4,220,0,5,0,0,0.016373333333333184,0.44404519999999836,0.0,0.628736,37.22649999999998,30.321820000000038,40.7565,18.6741,-18.197940000000003,-18.849923999999984,-29.5413,-24.8373,0.9979166666666673,0.9250832000000004,1.0,0.893333,101,5,30.402,49.73499
-6.0983,0,0.75,3,83,0,1,0,0,0.1637333333333332,0.2338111999999984,0.0,0.04912,26.27022333333332,27.60115400000003,30.402,40.521,-17.9466,-17.105883999999982,-18.2002,-6.85232,0.9166666666666674,0.9274166000000005,1.0,0.99375,102,5,7.65217,12.67643
-18.906,0,1.0,5,300,0,1,0,1,0.1637333333333332,0.10806399999999841,0.4912,0.0,37.04128999999998,38.48027400000004,7.65217,40.7565,-14.4015,-15.919623999999985,-6.0983,-29.5413,0.9166666666666674,0.9487500000000004,0.75,1.0,102,5,73.0697,39.825924
-1.90978,4,0.45,4,3,3,2,0,0,0.88416,0.5304959999999984,0.0,0.0,27.412596666666644,30.679258000000033,73.0697,30.402,-8.971360000000002,-14.931115999999985,-18.906,-18.2002,0.7333333333333342,0.8400000000000004,1.0,1.0,102,5,1.51592,4.7994933
-17.6901,0,0.9425,4,341,0,2,0,1,0.7957439999999999,0.5756863999999984,2.16128,0.4912,34.15097333333332,28.101418000000034,1.51592,7.65217,-12.835293333333334,-12.560875999999984,-1.90978,-6.0983,0.7975000000000008,0.8285000000000003,0.45,0.75,102,5,27.8673,46.589436
-26.6915,0,1.0,3,12,0,3,0,0,0.7957439999999999,0.5756863999999984,0.225952,0.0,18.116073333333315,27.014018000000032,27.8673,73.0697,-15.430460000000002,-14.259135999999987,-17.6901,-18.906,0.7975000000000008,0.8285000000000003,0.9425,1.0,102,5,24.965,25.68903
-9.80067,28,1.0,2,0,0,3,0,1,0.07531733333333318,0.4774463999999984,0.0,2.16128,22.774666666666647,28.581924000000033,24.965,1.51592,-18.06075666666667,-14.999609999999986,-26.6915,-1.90978,0.9808333333333342,0.8785000000000004,1.0,0.45,102,5,15.4917,14.000956
2.83068,8,1.0,9,192,5,4,0,0,0.0,0.4774463999999984,0.0,0.225952,23.97066666666665,20.259044000000035,15.4917,27.8673,-11.220496666666667,-10.652273999999988,-9.80067,-17.6901,1.0,0.8785000000000004,1.0,0.9425,102,5,31.4553,23.49296
-12.9701,0,0.98625,4,294,0,4,0,1,0.03602133333333318,0.0668031999999984,0.0,0.0,24.74623333333331,25.414200000000033,31.4553,24.965,-6.646696666666668,-12.864337999999986,2.83068,-26.6915,0.9954166666666674,0.9857500000000003,1.0,1.0,102,5,27.2917,20.553537
-18.6705,0,0.878,4,484,0,5,0,0,0.4355313333333332,0.2613187999999984,0.108064,0.0,25.520033333333316,23.403360000000035,27.2917,15.4917,-9.603306666666668,-13.060417999999988,-12.9701,-9.80067,0.9547500000000007,0.9728500000000004,0.98625,1.0,102,5,17.8131,31.623585
-10.3347,0,0.985,8,208,0,1,0,0,0.44535533333333316,0.2672131999999984,1.19853,0.0,27.477366666666644,25.875820000000033,17.8131,31.4553,-13.991766666666669,-9.789057999999986,-18.6705,2.83068,0.9497500000000008,0.9698500000000004,0.878,1.0,103,5,37.3273,43.995285
-13.7605,0,0.99,3,129,0,1,0,1,0.4158833333333332,0.2711427999999984,0.029472,0.108064,39.081566666666646,35.19834000000003,37.3273,27.2917,-14.255233333333335,-10.581023999999987,-10.3347,-12.9701,0.9510000000000006,0.9678500000000005,0.985,0.98625,103,5,62.1043,51.43357
4.48227,10,0.0025,4,0,6,2,0,0,1.3229666666666666,1.0550987999999983,0.019648,1.19853,33.57499999999998,29.165960000000034,62.1043,17.8131,-6.537643333333335,-10.250705999999985,-13.7605,-18.6705,0.6591666666666675,0.7683500000000004,0.99,0.878,103,5,1.2934,4.345501
-24.0658,0,0.9525,7,100,0,2,0,1,1.375361333333333,1.0708171999999982,3.91978,0.029472,33.42939999999998,31.085720000000038,1.2934,37.3273,-11.114676666666668,-12.469845999999986,4.48227,-10.3347,0.648333333333334,0.7616000000000004,0.0025,0.985,103,5,36.8905,48.6399
1.77908,6,0.303333,3,11,4,3,0,0,2.7376219999999996,1.6523971999999982,0.186656,0.019648,13.118119999999982,27.757192000000032,36.8905,62.1043,-5.934816666666667,-8.379929999999986,-24.0658,-13.7605,0.41944433333333403,0.6466666000000004,0.9525,0.99,103,5,1.17046,2.4788375
-25.1356,0,1.0,2,576,0,3,0,1,1.4310286666666663,1.6465027999999982,4.10643,3.91978,29.36348666666665,30.297632000000032,1.17046,1.2934,-15.80744,-11.340109999999987,1.77908,4.48227,0.7519443333333341,0.6496666000000004,0.303333,0.0025,103,5,50.0295,40.19692
7.33114,12,0.235,3,15,7,4,0,0,3.3729066666666667,2.8450311999999984,0.0,0.186656,17.652373333333312,18.228204000000034,50.0295,36.8905,-5.341793333333334,-7.121781999999986,-25.1356,-24.0658,0.5127776666666674,0.4986666000000005,1.0,0.9525,103,5,1.75716,1.8417217
-20.038,0,1.0,3,44,0,4,0,1,2.0040966666666664,2.0610751999999986,6.01229,4.10643,36.70741999999998,29.636644000000036,1.75716,1.17046,-12.614153333333334,-12.025835999999988,7.33114,1.77908,0.7450000000000007,0.6981666000000005,0.235,0.303333,103,5,58.3356,55.147343
4.82086,10,0.6,3,44,6,5,0,0,3.313963333333333,2.8096639999999984,0.0,0.0,20.341354333333314,22.444804600000033,58.3356,50.0295,-2.6286666666666676,-6.248503999999985,-20.038,-25.1356,0.6116666666666674,0.6276666000000004,1.0,1.0,103,5,0.931303,0.27020615
-22.7639,0,0.98,2,72,0,1,0,0,1.322965333333333,1.9962371999999988,3.9296,6.01229,46.636600999999985,38.339292600000036,0.931303,1.75716,-12.660346666666669,-11.157099999999986,4.82086,7.33114,0.8600000000000008,0.7630000000000005,0.6,0.235,104,5,80.6429,82.030975
-9.06732,0,0.915,8,142,0,1,0,1,1.3786346666666665,2.0296387999999985,0.039296,0.0,53.84793433333331,44.32731260000004,80.6429,58.3356,-9.003453333333335,-7.943443999999985,-22.7639,-20.038,0.8316666666666674,0.7460000000000004,0.98,1.0,104,5,79.9696,62.96882
1.32003,6,0.5625,2,12,4,2,0,0,0.6418346666666664,1.1710207999999984,0.167008,3.9296,54.062666666666644,44.290980600000026,79.9696,0.931303,-10.170396666666667,-9.145665999999986,-9.06732,4.82086,0.8191666666666674,0.8115000000000003,0.915,0.6,104,5,1.5755,7.0457897
-15.9692,0,0.9625,8,514,0,2,0,1,0.6778559999999998,1.2004927999999986,1.7192,0.039296,31.047099999999983,34.94310060000004,1.5755,80.6429,-7.905496666666668,-8.331905999999986,1.32003,-22.7639,0.813333333333334,0.8040000000000005,0.5625,0.98,104,5,11.5962,50.982193
-22.0738,0,0.89,3,402,0,3,0,0,0.8383146666666663,0.5442495999999984,0.14736,0.167008,14.177999999999981,40.629300000000036,11.5962,79.9696,-12.240990000000002,-13.710837999999985,-15.9692,-9.06732,0.8050000000000007,0.8620000000000004,0.9625,0.915,104,5,29.3623,31.085402
10.2947,16,1.0,4,830,9,3,0,1,0.2652479999999997,0.5363903999999984,0.648384,1.7192,26.831333333333315,32.40782000000003,29.3623,1.5755,-9.249433333333336,-7.099117999999986,-22.0738,1.32003,0.9508333333333341,0.8660000000000003,0.89,0.5625,104,5,39.5355,22.718544
24.9381,28,0.86,2,1,15,4,0,0,0.5828913333333331,0.7230467999999984,0.0,0.14736,24.66131999999998,17.431132000000034,39.5355,11.5962,4.386333333333332,-0.2980339999999856,10.2947,-15.9692,0.9166666666666674,0.8550000000000004,1.0,0.9625,104,5,5.08616,8.532048
-29.5413,0,1.0,4,233,0,4,0,1,0.36676333333333305,0.3792067999999984,1.10029,0.648384,28.45938666666665,25.26733200000003,5.08616,29.3623,1.897166666666666,-6.470299999999985,24.9381,-22.0738,0.953333333333334,0.9425000000000004,0.86,0.89,104,5,40.7565,51.22052
-15.3716,0,1.0,2,0,0,5,0,0,0.36676333333333305,0.3497347999999984,0.0,0.0,22.44568666666665,27.246972000000035,40.7565,39.5355,-6.65826666666667,-6.350779999999985,-29.5413,10.2947,0.953333333333334,0.9500000000000004,1.0,1.0,104,5,21.4944,20.503807
3.30557,8,0.0,4,4,5,1,0,0,0.7302499999999997,0.6582079999999983,0.0,1.10029,24.46169999999998,23.60135200000003,21.4944,5.08616,-13.869110000000001,-1.2749059999999859,-15.3716,24.9381,0.6666666666666674,0.7720000000000005,1.0,0.86,105,5,11.1342,4.610341
-13.7605,0,0.98,8,131,0,1,0,1,0.7433486666666663,0.6660671999999984,2.19075,0.0,32.914933333333316,28.91749200000004,11.1342,40.7565,-8.608843333333335,-6.085945999999986,3.30557,-29.5413,0.6600000000000007,0.7680000000000005,0.0,1.0,105,5,66.1162,46.016655
-12.8676,0,0.9925,4,192,0,2,0,0,0.7531726666666664,0.4519035999999984,0.039296,0.0,60.58879999999999,48.803460000000044,66.1162,21.4944,-7.774176666666669,-13.647085999999984,-13.7605,-15.3716,0.6575000000000008,0.7945000000000004,0.98,1.0,105,5,104.516,93.908806
-23.1229,0,0.93,3,349,0,2,0,1,0.11461333333333303,0.5069179999999984,0.029472,2.19075,78.70673333333332,53.74976000000004,104.516,11.1342,-16.58366666666667,-12.363405999999987,-12.8676,3.30557,0.9675000000000008,0.7805000000000004,0.9925,0.0,105,5,65.488,57.91625
-11.0013,0,1.0,2,394,0,3,0,0,0.10151466666666636,0.5069179999999985,0.275072,0.039296,58.77653999999998,50.71600400000004,65.488,66.1162,-15.663933333333338,-11.489345999999987,-23.1229,-13.7605,0.9741666666666674,0.7805000000000004,0.93,0.98,105,5,6.32562,48.97914
3.47766,8,0.525,5,4,5,3,0,1,1.0249706666666665,0.6287359999999984,0.0,0.029472,25.16207666666665,49.223686000000036,6.32562,104.516,-10.215513333333337,-11.454927999999986,-11.0013,-12.8676,0.8183333333333341,0.8855000000000004,1.0,0.9925,105,5,3.67261,9.314827
-6.85232,0,1.0,2,0,0,4,0,0,0.9332799999999998,0.6208767999999985,2.79984,0.275072,16.839743333333313,44.10464600000004,3.67261,65.488,-4.791986666666669,-10.073291999999984,3.47766,-23.1229,0.8416666666666673,0.8895000000000003,0.525,0.93,105,5,40.521,17.655085
-25.5803,24,0.895,2,56,0,4,0,1,1.2083519999999996,0.7800255999999985,0.0,0.0,23.537903333333315,28.485466000000038,40.521,6.32562,-9.651653333333336,-12.615831999999987,-6.85232,-11.0013,0.8066666666666674,0.8700000000000004,1.0,1.0,105,5,26.4201,26.562065
-0.406374,6,0.846,2,0,4,5,0,0,0.7793719999999996,1.0275911999999985,0.825216,2.79984,23.549406666666645,16.129290000000033,26.4201,3.67261,-10.946331333333335,-8.072526799999986,-25.5803,3.47766,0.9136666666666674,0.8532000000000004,0.895,0.525,105,5,3.70712,4.55753
-15.5653,0,1.0,4,378,0,1,0,0,0.7793719999999996,1.0275911999999985,1.5129,0.0,18.58193999999998,19.987886000000035,3.70712,40.521,-13.850658000000003,-8.985326799999985,-0.406374,-6.85232,0.9136666666666674,0.8532000000000004,0.846,1.0,106,5,25.6186,26.588072
-9.06732,0,0.955,5,97,0,1,0,1,0.5337719999999997,0.48530639999999836,0.0,0.825216,36.66673999999998,35.388264000000035,25.6186,26.4201,-8.346331333333337,-11.494322799999985,-15.5653,-25.5803,0.9336666666666674,0.9392000000000005,1.0,0.895,106,5,80.6745,65.036934
-17.5156,0,1.0,3,56,0,2,0,0,0.029471999999999703,0.48530639999999836,0.088416,1.5129,61.347699999999975,42.83406400000003,80.6745,3.70712,-14.04940666666667,-13.626978799999984,-9.06732,-0.406374,0.9850000000000008,0.9392000000000005,0.955,0.846,106,5,77.75,59.26653
-8.58798,0,0.87,3,358,0,2,0,1,0.1997546666666664,0.4224327999999984,0.0,0.0,62.01563333333331,43.07452400000003,77.75,25.6186,-11.723633333333337,-10.228514799999985,-17.5156,-15.5653,0.9416666666666673,0.9342000000000004,1.0,1.0,106,5,27.6224,29.262796
-14.8185,0,0.986667,3,253,0,3,0,0,0.19647999999999968,0.1355711999999984,0.510848,0.088416,42.37099999999998,46.68122000000003,27.6224,80.6745,-13.640693333333337,-13.110939999999985,-8.58798,-9.06732,0.9522223333333342,0.9623334000000003,0.87,0.955,106,5,21.7406,46.57026
-24.8373,0,1.0,2,478,0,3,0,1,0.19647999999999968,0.1355711999999984,0.078592,0.0,22.67903333333331,45.29232000000003,21.7406,77.75,-16.081260000000004,-14.965339999999987,-14.8185,-17.5156,0.9522223333333342,0.9623334000000003,0.986667,1.0,106,5,18.6741,33.435715
-19.8721,0,0.98,8,311,0,4,0,0,0.0785919999999997,0.1493247999999984,0.0,0.510848,24.97806666666665,36.06132000000004,18.6741,27.6224,-19.842633333333335,-17.126295999999986,-24.8373,-8.58798,0.9888890000000007,0.9673334000000005,1.0,0.87,106,5,34.5195,49.65857
-20.038,0,1.0,4,105,0,4,0,1,0.05239466666666637,0.1493247999999984,0.157184,0.078592,37.17639999999998,32.17844000000004,34.5195,21.7406,-21.582466666666665,-17.630775999999987,-19.8721,-14.8185,0.9933333333333341,0.9673334000000005,0.98,0.986667,106,5,58.3356,34.929604
-15.9112,0,0.911,4,185,0,5,0,0,0.3438399999999997,0.2220223999999984,0.0,0.0,39.99989999999998,32.08288000000003,58.3356,18.6741,-18.607100000000003,-19.095419999999983,-20.038,-24.8373,0.9636666666666676,0.9755334000000004,1.0,1.0,106,5,27.1446,38.36054
9.43879,16,0.1,4,8,9,1,0,0,0.880885333333333,0.5599679999999984,0.874336,0.157184,29.284786666666648,28.209592000000033,27.1446,34.5195,-8.836803333333334,-14.243961999999986,-15.9112,-19.8721,0.6703333333333341,0.7982000000000005,0.911,0.98,107,5,2.37416,6.678779
-13.7605,0,0.97,3,156,0,1,0,1,0.9005333333333331,0.5717567999999984,1.76832,0.0,32.22518666666665,37.906132000000035,2.37416,58.3356,-6.7443033333333355,-12.028601999999983,9.43879,-20.038,0.6603333333333342,0.7922000000000005,0.1,1.0,107,5,67.1568,48.906322
-12.2954,0,0.9975,9,135,0,2,0,0,0.6123626666666663,0.5422847999999985,0.058944,0.874336,150.87331999999998,107.62003200000004,67.1568,27.1446,-5.539036666666671,-10.513261999999983,-13.7605,-15.9112,0.6891666666666675,0.7957000000000004,0.97,0.911,107,5,383.089,286.5187
-24.0658,0,1.0,2,235,0,2,0,1,0.02292266666666637,0.5422847999999985,0.009824,1.76832,162.37876666666662,103.33101200000003,383.089,2.37416,-16.707233333333335,-11.318821999999985,-12.2954,9.43879,0.9891666666666675,0.7957000000000004,0.9975,0.1,107,5,36.8905,71.86589
-26.6915,0,1.0,4,318,0,3,0,0,0.0032746666666663704,0.36741759999999835,0.0,0.058944,148.31483333333333,102.89509200000002,36.8905,67.1568,-21.017566666666667,-13.474881999999985,-24.0658,-13.7605,0.9991666666666675,0.8135000000000006,1.0,0.97,107,5,24.965,281.00278
-9.80067,28,1.0,2,0,0,3,0,1,0.0,0.0137535999999984,0.0,0.009824,25.78239999999998,105.51860000000003,24.965,383.089,-20.18599,-17.322773999999985,-26.6915,-12.2954,1.0,0.9935000000000004,1.0,0.9975,107,5,15.4917,13.936343
4.32439,8,0.43,2,10,5,4,0,0,1.4932466666666662,0.8979127999999983,0.0,0.0,14.058223333333315,92.43083400000003,15.4917,36.8905,-10.722593333333336,-13.705795999999987,-9.80067,-24.0658,0.8100000000000008,0.8855000000000004,1.0,1.0,107,5,1.71797,1.5238315
-17.4925,0,0.835,5,265,0,4,0,1,1.9255033333333327,1.1553019999999983,4.47974,0.0,19.03895666666665,23.794474000000037,1.71797,24.965,-7.656260000000002,-14.745215999999985,4.32439,-26.6915,0.7550000000000008,0.8530000000000004,0.43,1.0,107,5,39.9072,28.582373
-1.43892,28,0.854,2,5,3,5,0,0,2.403603333333333,1.4421619999999984,1.29677,0.0,17.369256666666647,18.512894000000035,39.9072,15.4917,-4.869010000000002,-10.219839999999985,-17.4925,-9.80067,0.7063333333333341,0.8238000000000005,0.835,1.0,107,5,10.4826,5.022586
5.6853,12,0.0,1,8,7,1,0,0,1.5652899999999998,1.8351219999999984,1.4343,4.47974,17.194999999999983,13.758934000000034,10.4826,1.71797,-4.415373333333336,-3.7444799999999843,-1.43892,4.32439,0.5630000000000009,0.6238000000000004,0.854,0.43,108,5,1.1952,3.6917956
-24.1413,0,0.9,4,49,0,1,0,1,1.1985266666666663,1.8744179999999981,1.9648,1.29677,29.998033333333314,26.323854000000033,1.1952,39.9072,-6.631640000000002,-6.612605999999985,5.6853,-17.4925,0.5846666666666676,0.6038000000000003,0.0,0.835,108,5,78.3163,57.58575
-20.1386,0,0.775,4,470,0,2,0,0,1.0151466666666664,1.1553019999999985,0.19648,1.4343,32.07939999999997,29.32560000000003,78.3163,10.4826,-12.86486666666667,-11.505203999999985,-24.1413,-1.43892,0.5583333333333342,0.6728000000000004,0.9,0.854,108,5,16.7267,20.108131
-15.9692,0,0.9775,9,455,0,2,0,1,0.389685333333333,0.9136311999999984,0.88416,1.9648,35.59176666666664,23.690620000000035,16.7267,1.1952,-20.083033333333336,-11.200543999999985,-20.1386,5.6853,0.8841666666666675,0.7013000000000005,0.775,0.0,108,5,11.7323,49.0436
1.77908,6,0.7,3,6,4,3,0,0,0.9136319999999997,0.9804351999999984,0.088416,0.19648,9.874866666666643,21.827220000000032,11.7323,78.3163,-11.442906666666667,-10.556943999999984,-15.9692,-24.1413,0.8175000000000009,0.6705000000000004,0.9775,0.9,108,5,1.1656,3.6260657
-20.248,0,0.9,7,354,0,3,0,1,0.8153919999999996,0.7053631999999983,1.76832,0.88416,19.125266666666644,30.483760000000036,1.1656,16.7267,-11.479373333333335,-15.743603999999985,1.77908,-20.1386,0.8591666666666676,0.8505000000000005,0.7,0.775,108,5,44.4779,31.992542
-8.92732,0,0.94875,3,469,0,4,0,0,0.9201813333333329,0.7466239999999983,0.58944,0.088416,16.985273333333307,15.882964000000033,44.4779,11.7323,-9.132080000000002,-12.700807999999984,-20.248,-15.9692,0.8495833333333342,0.8602500000000004,0.9,0.9775,108,5,5.31232,7.105333
-25.5803,24,1.0,2,0,0,4,0,1,0.33074133333333305,0.5697919999999983,0.402784,1.76832,25.403439999999975,17.821644000000035,5.31232,1.1656,-18.251873333333336,-13.789147999999983,-8.92732,1.77908,0.9495833333333342,0.9052500000000003,0.94875,0.7,108,5,26.4201,23.564186
-18.5033,0,0.899,3,360,0,5,0,0,0.4650026666666664,0.7505535999999984,0.0,0.58944,25.600373333333312,24.488924000000033,26.4201,44.4779,-17.670306666666665,-14.295967999999984,-25.5803,-20.248,0.9492500000000009,0.8895500000000004,1.0,0.9,108,5,45.0687,27.927208
2.55808,8,0.005,4,5,5,1,0,0,0.9824013333333331,0.7878855999999984,0.992224,0.402784,24.170949999999976,24.46061400000003,45.0687,5.31232,-13.841840000000003,-14.140167999999985,-18.5033,-8.92732,0.6346666666666676,0.7505500000000005,0.899,0.94875,109,5,1.02405,3.5461805
-12.2516,0,0.845,4,138,0,1,0,1,1.0839159999999997,0.7309063999999983,1.95498,0.0,37.28144999999997,28.715354000000037,1.02405,26.4201,-9.398940000000001,-12.540887999999985,2.55808,-25.5803,0.583000000000001,0.7395500000000004,0.005,1.0,109,5,65.7516,60.563843
-7.61783,0,0.9675,4,247,0,2,0,0,0.795745333333333,0.6758919999999984,0.304544,0.992224,44.54951666666665,41.02747000000004,65.7516,45.0687,-5.770450000000001,-12.278989999999984,-12.2516,-18.5033,0.6058333333333342,0.7433000000000005,0.845,0.899,109,5,66.8729,57.18631
-31.4411,0,0.905,5,443,0,2,0,1,0.26852266666666635,0.7505543999999984,0.127712,1.95498,66.62279999999998,49.19223000000004,66.8729,1.02405,-17.10351,-13.451149999999984,-7.61783,2.55808,0.9058333333333343,0.7243000000000005,0.9675,0.005,109,5,67.2439,78.32459
-15.463,0,0.891667,4,134,0,3,0,0,0.379861333333333,0.6798215999999984,0.373312,0.304544,54.25169999999998,45.90615000000004,67.2439,65.7516,-18.173976666666668,-12.843089999999984,-31.4411,-12.2516,0.9213890000000009,0.7228334000000004,0.905,0.845,109,5,28.6383,45.74861
-23.4343,0,0.895,3,673,0,3,0,1,0.5435946666666663,0.4126079999999984,0.63856,0.127712,44.608266666666644,53.28986000000003,28.6383,66.8729,-23.446133333333336,-18.041565999999982,-15.463,-7.61783,0.8972223333333343,0.9008334000000005,0.891667,0.9675,109,5,37.9426,37.025753
-6.85232,0,1.0,2,0,0,4,0,0,0.419157333333333,0.35169919999999844,0.618912,0.373312,35.70063333333331,48.24374000000004,37.9426,67.2439,-15.249873333333333,-16.961709999999986,-23.4343,-31.4411,0.9288890000000009,0.9318334000000006,0.895,0.905,109,5,40.521,26.845823
-20.038,0,1.0,3,104,0,4,0,1,0.2063039999999997,0.3261567999999984,0.0,0.63856,45.59973333333331,46.53628000000003,40.521,28.6383,-16.774873333333332,-19.445743999999983,-6.85232,-15.463,0.9650000000000009,0.9383334000000005,1.0,0.891667,109,5,58.3356,55.94552
-12.4469,0,1.0,4,489,0,5,0,0,0.0,0.2514943999999984,0.0,0.618912,38.889899999999976,36.65012000000003,58.3356,37.9426,-13.112406666666667,-15.646903999999983,-20.038,-23.4343,1.0,0.9573334000000004,1.0,0.895,109,5,17.8131,32.768852
3.14686,8,0.0,2,0,5,1,0,0,0.654933333333333,0.5167423999999985,0.0,0.0,25.797006666666643,31.170924000000035,17.8131,40.521,-9.779346666666667,-11.924931999999984,-12.4469,-6.85232,0.6666666666666675,0.7790000000000005,1.0,1.0,110,5,1.24232,4.2111354
-24.1413,0,1.0,3,143,0,1,0,1,0.654933333333333,0.3929599999999984,1.9648,0.0,32.45723999999998,39.24566400000003,1.24232,58.3356,-11.147113333333332,-12.066331999999985,3.14686,-20.038,0.6666666666666675,0.8000000000000004,0.0,1.0,110,5,78.3163,41.690426
-16.7233,0,1.0,3,235,0,2,0,0,0.654933333333333,0.39295999999999837,0.0,0.0,45.68110666666664,42.63840400000003,78.3163,17.8131,-12.57258,-14.040527999999984,-24.1413,-12.4469,0.6666666666666675,0.8000000000000004,1.0,1.0,110,5,57.4847,51.72298
-8.58798,0,0.98,4,135,0,2,0,1,0.026197333333333035,0.4086783999999984,0.0,1.9648,55.078966666666645,36.85846400000004,57.4847,1.24232,-16.484193333333334,-11.750523999999984,-16.7233,3.14686,0.9933333333333342,0.7960000000000005,1.0,0.0,110,5,29.4359,37.984436
-11.0013,0,0.996667,3,324,0,3,0,0,0.03274666666666637,0.4126079999999984,0.078592,0.0,31.180269999999975,34.61988600000003,29.4359,78.3163,-12.104193333333333,-11.461403999999984,-8.58798,-24.1413,0.9922223333333342,0.7953334000000004,0.98,1.0,110,5,6.62021,21.011501
3.47766,8,0.346667,4,4,5,3,0,1,1.3164166666666663,0.7898499999999984,0.019648,0.0,13.166389999999977,35.06003400000003,6.62021,57.4847,-5.370540000000001,-11.395243999999984,-11.0013,-16.7233,0.7744446666666676,0.8646668000000004,0.996667,1.0,110,5,3.44306,7.5760846
-22.8831,0,0.95375,2,174,0,4,0,0,1.4113819999999997,0.8625475999999985,3.85101,0.078592,14.900156666666641,26.324214000000033,3.44306,29.4359,-10.13558,-11.143603999999984,3.47766,-8.58798,0.7656946666666675,0.8554168000000004,0.346667,0.98,110,5,34.6372,31.689745
-17.4925,0,1.0,6,330,0,4,0,1,1.4048326666666664,0.8625475999999985,0.363488,0.019648,25.99581999999998,22.80871400000003,34.6372,6.62021,-12.299313333333332,-11.297443999999983,-22.8831,-11.0013,0.7668056666666675,0.8554168000000004,0.95375,0.996667,110,5,39.9072,35.267094
8.20412,14,0.488,2,15,8,5,0,0,1.7977926666666662,1.8528071999999984,0.0,3.85101,25.161365999999976,17.109473600000037,39.9072,3.44306,-10.723826666666668,-7.939023999999984,-17.4925,3.47766,0.8139166666666675,0.7570168000000004,1.0,0.346667,110,5,0.939698,0.42167157
-4.56293,0,0.62,3,10,0,1,0,0,1.925504666666666,1.9982023999999985,5.02989,0.363488,16.03762933333331,17.238629600000035,0.939698,34.6372,-4.617103333333334,-6.651349999999984,8.20412,-22.8831,0.7026666666666675,0.6816834000000005,0.488,0.95375,111,5,7.26599,12.5518
-12.2516,0,0.965,3,196,0,1,0,1,1.9484273333333328,1.2417539999999985,0.746624,0.0,25.019062666666645,29.920317600000033,7.26599,39.9072,-2.870136666666667,-9.797201999999984,-4.56293,-17.4925,0.6910000000000008,0.8053500000000003,0.62,1.0,111,5,66.8515,51.222095
-19.2826,0,1.0,2,0,0,2,0,0,0.2717973333333327,1.1690563999999983,0.068768,5.02989,33.62886333333331,28.346697600000034,66.8515,0.939698,-12.032376666666664,-9.077101999999984,-12.2516,8.20412,0.8616666666666676,0.8146000000000004,0.965,0.488,111,5,26.7691,28.973955
-30.9143,0,1.0,4,164,0,2,0,1,0.022922666666666074,1.1690563999999983,0.0,0.746624,43.50369999999998,27.743357600000035,26.7691,7.26599,-20.816166666666664,-11.761461999999984,-19.2826,-4.56293,0.9883333333333342,0.8146000000000004,1.0,0.62,111,5,36.8905,59.343056
-14.8185,0,0.995,4,221,0,3,0,0,0.009823999999999408,0.1689727999999984,0.0,0.068768,28.542266666666645,31.94885800000003,36.8905,66.8515,-21.6718,-16.365985999999985,-30.9143,-12.2516,0.9983333333333343,0.9160000000000004,1.0,0.965,111,5,21.9672,26.427746
-24.8373,0,1.0,2,0,0,3,0,1,0.009823999999999408,0.0196479999999984,0.029472,0.0,25.84393333333331,34.230480000000036,21.9672,26.7691,-23.523366666666664,-20.420859999999983,-14.8185,-19.2826,0.9983333333333343,0.9920000000000005,0.995,1.0,111,5,18.6741,19.283749
3.22769,8,0.4025,3,32,5,4,0,0,1.5751139999999995,0.9450683999999985,0.0,0.0,14.11957666666664,21.203666000000034,18.6741,36.8905,-12.142703333333335,-17.325001999999984,-24.8373,-30.9143,0.7991666666666676,0.8795000000000005,1.0,1.0,111,5,1.71743,3.9554565
-25.5803,24,1.0,2,0,0,4,0,1,1.5652899999999994,0.9450683999999985,4.69587,0.029472,15.603876666666643,21.133866000000033,1.71743,21.9672,-15.72997,-18.58454199999998,3.22769,-14.8185,0.8008333333333342,0.8795000000000005,0.4025,0.995,111,5,26.4201,13.656478
-15.3716,0,1.0,2,0,0,5,0,0,1.5652899999999994,0.9450683999999985,0.0,0.0,16.54397666666664,18.054646000000037,26.4201,18.6741,-12.574736666666666,-15.476001999999983,-25.5803,-24.8373,0.8008333333333342,0.8795000000000005,1.0,1.0,111,5,21.4944,19.489616
-4.56293,0,0.62,3,10,0,1,0,0,0.24887466666666605,1.0884987999999984,0.0,4.69587,18.393496666666643,15.114404000000032,21.4944,1.71743,-15.171610000000001,-13.424887999999985,-15.3716,3.22769,0.8733333333333343,0.8045000000000005,1.0,0.4025,112,5,7.26599,6.1564655
-24.1413,0,1.0,3,59,0,1,0,1,0.24887466666666605,1.0884987999999984,0.746624,0.0,35.692229999999974,27.042844000000038,7.26599,26.4201,-14.691943333333333,-13.285687999999984,-4.56293,-25.5803,0.8733333333333343,0.8045000000000005,0.62,1.0,112,5,78.3163,49.612885
-21.3338,0,1.0,4,341,0,2,0,0,0.24887466666666605,0.1493247999999984,0.0,0.0,39.524996666666645,33.29789800000003,78.3163,21.4944,-16.679343333333332,-18.197985999999986,-24.1413,-15.3716,0.8733333333333343,0.9240000000000006,1.0,1.0,112,5,32.9927,35.235672
6.15027,12,0.0475,6,34,7,2,0,1,1.2476466666666661,0.8979127999999983,0.0,0.746624,40.66853333333331,30.15319800000003,32.9927,7.26599,-13.108276666666667,-11.851871999999984,-21.3338,-4.56293,0.6825000000000009,0.7335000000000005,1.0,0.62,112,5,10.6966,11.198498
9.12913,16,0.9,3,230,9,3,0,0,1.444126666666666,1.0158007999999983,3.74294,0.0,23.02273333333331,30.930098000000033,10.6966,78.3163,-2.0181333333333327,-6.951725999999985,6.15027,-24.1413,0.6491666666666674,0.7135000000000005,0.0475,1.0,112,5,25.3789,14.98065
-16.265,0,0.94,8,29,0,3,0,1,1.562014666666666,0.9372087999999984,0.58944,0.0,19.72903333333331,34.09922000000004,25.3789,32.9927,-0.3285333333333327,-9.292139999999986,9.12913,-21.3338,0.6291666666666675,0.7775000000000005,0.9,1.0,112,5,23.1116,26.838379
-8.92732,0,0.985,2,386,0,4,0,0,0.35366399999999937,0.9607863999999984,0.353664,3.74294,18.009139999999977,19.543344000000033,23.1116,10.6966,-5.354396666666666,-6.249343999999985,-16.265,6.15027,0.9416666666666674,0.7745000000000004,0.94,0.0475,112,5,5.53692,16.167246
-20.038,0,1.0,4,229,0,4,0,1,0.1571839999999994,0.9607863999999984,0.117888,0.58944,28.994706666666644,24.611924000000034,5.53692,25.3789,-15.07677333333333,-5.990183999999984,-8.92732,9.12913,0.9750000000000009,0.7745000000000004,0.985,0.9,112,5,58.3356,45.5748
-6.41621,0,0.831,3,101,0,5,0,0,0.5927159999999995,0.5442503999999984,0.0,0.353664,22.487396666666644,23.190538000000036,58.3356,23.1116,-11.793843333333333,-8.503479999999985,-20.038,-16.265,0.9386666666666675,0.9312000000000005,1.0,0.94,112,5,3.58967,-0.015433399
-27.9417,0,1.0,5,999,0,1,0,0,0.5534199999999995,0.4263623999999984,1.66026,0.117888,31.309523333333313,24.515418000000032,3.58967,5.53692,-18.13197,-15.917645999999985,-6.41621,-8.92732,0.9436666666666675,0.9512000000000004,0.831,0.985,113,5,32.0033,44.511375
-19.7031,0,0.92,3,270,0,1,0,1,0.6058146666666661,0.3870663999999984,0.0,0.0,34.091189999999976,33.22921800000004,32.0033,58.3356,-18.020336666666665,-16.605265999999983,-27.9417,-20.038,0.9170000000000008,0.9472000000000005,1.0,1.0,113,5,66.6806,44.48221
8.35094,16,1.0,1,231,9,2,0,0,0.05239466666666607,0.3634887999999984,0.157184,1.66026,51.18629999999998,43.09683400000004,66.6806,3.58967,-13.097953333333331,-13.149613999999985,-19.7031,-6.41621,0.9733333333333342,0.9502000000000004,0.92,0.831,113,5,54.875,40.690083
-31.4411,0,1.0,3,555,0,2,0,1,0.05239466666666607,0.3634887999999984,0.0,0.0,62.933166666666644,44.87849400000003,54.875,32.0033,-14.264419999999996,-15.430233999999984,8.35094,-27.9417,0.9733333333333342,0.9502000000000004,1.0,1.0,113,5,67.2439,73.047516
4.72362,8,0.583333,2,16,5,3,0,0,0.8186666666666661,0.5226367999999983,0.0,0.157184,41.09858666666665,44.39593200000003,67.2439,66.6806,-6.1221799999999975,-13.202267999999984,-31.4411,-19.7031,0.861111000000001,0.9006666000000004,1.0,0.92,113,5,1.17686,4.1052923
-20.248,0,1.0,4,513,0,3,0,1,0.8186666666666661,0.5226367999999983,2.456,0.0,37.63288666666664,46.89085200000004,1.17686,54.875,-15.65516,-11.663527999999983,4.72362,8.35094,0.861111000000001,0.9006666000000007,0.583333,1.0,113,5,44.4779,46.168663
-6.85232,0,1.0,2,0,0,4,0,0,0.8186666666666661,0.4911999999999984,0.0,0.0,28.725253333333313,41.658932000000036,44.4779,67.2439,-7.458899999999999,-9.093371999999984,-20.248,-31.4411,0.861111000000001,0.9166666000000004,1.0,1.0,113,5,40.521,29.317472
-18.784,0,0.94625,4,601,0,4,0,1,0.14081066666666606,0.5756863999999984,0.0,2.456,42.02753333333331,38.900672000000036,40.521,1.17686,-15.294773333333332,-14.520359999999982,-6.85232,4.72362,0.9820833333333342,0.9059166000000005,1.0,0.583333,113,5,41.0837,40.66482
-8.81533,0,1.0,3,175,0,5,0,0,0.14081066666666606,0.5756863999999984,0.422432,0.0,36.24976666666665,30.88081200000003,41.0837,44.4779,-11.483883333333331,-9.995205999999985,-18.784,-20.248,0.9820833333333342,0.9059166000000005,0.94625,1.0,113,5,27.1446,21.549053
-14.3227,0,0.985,3,126,0,1,0,0,0.15063466666666606,0.0903807999999984,0.0,0.0,43.07873333333331,42.84702000000003,27.1446,40.521,-13.974009999999998,-13.804469999999984,-8.81533,-6.85232,0.9770833333333342,0.9862500000000006,1.0,1.0,114,5,61.0079,57.01936
-24.1413,0,1.0,2,116,0,1,0,1,0.009823999999999408,0.0903807999999984,0.029472,0.422432,55.489599999999975,49.61470000000004,61.0079,41.0837,-15.759776666666665,-14.583129999999983,-14.3227,-18.784,0.9950000000000009,0.9862500000000006,0.985,0.94625,114,5,78.3163,56.60357
7.49364,28,1.0,2,3,8,2,0,0,0.009823999999999408,0.0903807999999984,0.0,0.0,48.579826666666655,42.79355600000004,78.3163,27.1446,-10.323453333333333,-11.713937999999983,-24.1413,-8.81533,0.9950000000000009,0.9862500000000006,1.0,1.0,114,5,6.41528,22.838263
-8.58798,0,0.9675,2,202,0,2,0,1,0.04257066666666607,0.0314367999999984,0.0,0.029472,37.985326666666644,40.42169600000003,6.41528,61.0079,-8.411879999999998,-9.674733999999983,7.49364,-14.3227,0.9891666666666676,0.9905000000000005,1.0,0.985,114,5,29.2244,29.20396
-15.463,0,0.996667,3,128,0,3,0,0,0.04911999999999941,0.035366399999998396,0.127712,0.0,21.721659999999982,40.897836000000034,29.2244,78.3163,-5.51911333333333,-11.004267999999984,-8.58798,-24.1413,0.9880556666666674,0.9898334000000005,0.9675,1.0,114,5,29.5253,31.961079
-23.4343,0,1.0,3,526,0,3,0,1,0.04911999999999941,0.0294719999999984,0.019648,0.0,32.230766666666646,36.284776000000036,29.5253,6.41528,-15.828426666666664,-12.826587999999983,-15.463,7.49364,0.9880556666666674,0.9928334000000005,0.996667,1.0,114,5,37.9426,34.07995
-27.4645,0,0.98125,4,200,0,4,0,0,0.05566933333333274,0.0589439999999984,0.0,0.127712,35.167033333333315,28.228156000000034,37.9426,29.2244,-22.120599999999996,-13.491227999999984,-23.4343,-8.58798,0.9926390000000008,0.9890834000000005,1.0,0.9675,114,5,38.0332,38.292904
-25.5803,24,1.0,2,0,0,4,0,1,0.04911999999999941,0.0589439999999984,0.14736,0.019648,34.13196666666665,32.22912000000004,38.0332,29.5253,-25.49303333333333,-20.106015999999983,-27.4645,-15.463,0.9937500000000009,0.9890834000000005,0.98125,0.996667,114,5,26.4201,5.767403
-1.43892,4,0.962,8,2,3,5,0,0,0.17355733333333276,0.10806399999999838,0.0,0.0,25.208533333333317,28.618700000000036,26.4201,37.9426,-18.16124,-18.676203999999984,-25.5803,-23.4343,0.9810833333333342,0.9879834000000004,1.0,1.0,114,5,11.1723,15.777113
-9.88235,0,0.875,4,56,0,1,0,0,0.2063039999999994,0.1532543999999984,0.373312,0.14736,29.358033333333314,32.80998000000003,11.1723,38.0332,-12.30052333333333,-17.560073999999986,-1.43892,-27.4645,0.9456666666666674,0.9636500000000006,0.962,0.98125,115,5,50.4817,36.6539
-24.1413,0,1.0,3,143,0,1,0,1,0.2063039999999994,0.1532543999999984,0.2456,0.0,46.65676666666665,40.88472000000003,50.4817,26.4201,-11.820856666666664,-17.701473999999983,-9.88235,-25.5803,0.9456666666666674,0.9636500000000006,0.875,1.0,115,5,78.3163,60.11241
-1.66129,4,0.75,2,0,3,2,0,0,0.4093333333333328,0.3202623999999984,0.0,0.373312,44.182499999999976,34.027980000000035,78.3163,11.1723,-11.894979999999997,-12.540831999999984,-24.1413,-1.43892,0.8750000000000009,0.9174000000000004,1.0,0.962,115,5,3.7495,8.954517
-22.3015,0,0.895,2,244,0,2,0,1,0.46500266666666606,0.40278399999999837,0.9824,0.2456,40.04479999999998,36.35768000000003,3.7495,50.4817,-16.034696666666665,-11.885071999999985,-1.66129,-9.88235,0.8816666666666676,0.8964000000000004,0.75,0.875,115,5,38.0686,51.74556
-11.0013,0,0.995,2,357,0,3,0,0,0.47482666666666606,0.3340159999999984,0.412608,0.0,16.209313333333316,35.485188000000036,38.0686,78.3163,-11.654696666666666,-13.797547999999983,-22.3015,-24.1413,0.8800000000000009,0.9030000000000005,0.895,1.0,115,5,6.80984,12.663112
3.47766,8,0.168333,4,0,5,3,0,1,1.7814199999999996,1.2653319999999986,0.029472,0.9824,16.02168666666665,26.026172000000038,6.80984,3.7495,-9.94171333333333,-11.125545999999986,-11.0013,-1.66129,0.6861110000000009,0.7616666000000005,0.995,0.75,115,5,3.18662,7.215631
30.9378,28,0.3925,2,39,15,4,0,0,3.2353706666666664,2.2202239999999986,4.90218,0.412608,3.9009433333333146,10.704186000000034,3.18662,38.0686,7.804720000000002,-0.10972599999998493,3.47766,-22.3015,0.5186110000000009,0.6401666000000005,0.168333,0.895,115,5,1.70637,1.579478
-24.4074,0,1.0,8,748,0,4,0,1,3.2255466666666663,2.0237439999999984,4.77446,0.029472,15.325563333333314,18.171026000000033,1.70637,6.80984,3.3360200000000035,-4.6589479999999845,30.9378,-11.0013,0.5202776666666676,0.6901666000000005,0.3925,0.995,115,5,41.0837,40.8458
-22.5202,0,1.0,4,544,0,5,0,0,1.5914866666666663,1.9412223999999985,0.0,4.90218,20.20105666666665,14.119926000000032,41.0837,3.18662,-5.32993333333333,-4.702687999999984,-24.4074,3.47766,0.7975000000000009,0.7111666000000005,1.0,0.168333,115,5,17.8131,19.138227
-7.93607,0,0.58,9,280,0,1,0,0,0.2750719999999994,2.1003711999999983,0.0,4.77446,29.60099999999998,18.739198000000034,17.8131,1.70637,-18.287889999999997,-4.0896419999999845,-22.5202,30.9378,0.8600000000000009,0.6281666000000005,1.0,0.3925,116,5,29.9062,24.92453
-24.1413,0,1.0,3,9,0,1,0,1,0.2750719999999994,1.1199351999999985,0.825216,0.0,42.01186666666664,33.76513400000003,29.9062,41.0837,-18.199189999999998,-9.613433999999984,-7.93607,-24.4074,0.8600000000000009,0.7945000000000004,0.58,1.0,116,5,78.3163,43.774303
12.4624,20,0.745,3,409,11,2,0,0,0.6090886666666661,0.3654531999999984,0.0,0.0,43.00506666666666,37.582400000000035,78.3163,17.8131,-6.538323333333331,-13.308513999999983,-24.1413,-22.5202,0.7750000000000009,0.8650000000000005,1.0,1.0,116,5,20.7927,24.286634
6.15027,12,0.315,1,6,7,2,0,1,1.2312766666666661,0.9038091999999984,1.00205,0.825216,36.59629999999998,31.50164000000003,20.7927,29.9062,-1.8428766666666645,-7.196979999999985,12.4624,-7.93607,0.6866666666666675,0.7280000000000005,0.745,0.58,116,5,10.6799,7.9558315
-14.8185,0,0.991667,5,218,0,3,0,0,1.2476499999999995,0.9136331999999984,2.69178,0.0,17.89093333333332,32.37906000000003,10.6799,78.3163,1.264723333333336,-5.656639999999984,6.15027,-24.1413,0.683889000000001,0.7263334000000004,0.315,1.0,116,5,22.2002,36.576683
-13.1534,0,1.0,3,119,0,3,0,1,0.9136333333333327,0.7485899999999983,0.04912,1.00205,17.18473333333332,30.13264000000003,22.2002,20.7927,-7.273876666666664,-6.700105999999984,-14.8185,12.4624,0.7688890000000009,0.8103334000000005,0.991667,0.745,116,5,18.6741,26.332449
-2.38106,2,0.75,2,133,2,4,0,0,0.6713066666666662,1.1415499999999983,0.0,2.69178,15.47132666666665,15.577316000000033,18.6741,10.6799,-10.117653333333331,-2.348057999999984,-13.1534,6.15027,0.913889000000001,0.7603334000000006,1.0,0.315,116,5,5.53968,9.02974
-20.2722,0,1.0,2,17,0,4,0,1,0.6549333333333328,0.9411399999999984,1.9648,0.04912,16.877959999999987,16.702796000000035,5.53968,22.2002,-11.935553333333331,-8.894977999999984,-2.38106,-14.8185,0.9166666666666675,0.8113334000000005,0.75,0.991667,116,5,26.4201,22.571321
3.95182,8,0.533,2,24,5,5,0,0,2.184203333333333,1.3203459999999985,0.0,0.0,10.962229666666653,14.752197800000033,26.4201,18.6741,-6.233813333333331,-9.334667999999983,-20.2722,-13.1534,0.761000000000001,0.8549334000000005,1.0,1.0,116,5,0.926909,0.16012082
-3.84767,2,0.645,5,8,2,1,0,0,1.761771333333333,1.4500227999999984,4.58781,1.9648,27.741369666666653,21.487577800000036,0.926909,5.53968,-6.722683333333332,-7.1405019999999855,3.95182,-2.38106,0.726000000000001,0.7856000000000006,0.533,0.75,117,5,55.8771,15.252292
-24.1413,0,1.0,3,16,0,1,0,1,1.761771333333333,1.4500227999999984,0.697504,0.0,45.04010299999999,33.416017800000034,55.8771,26.4201,-8.01238333333333,-9.338081999999986,-3.84767,-20.2722,0.726000000000001,0.7856000000000005,0.645,1.0,117,5,78.3163,64.12441
-19.2001,0,0.695,8,451,0,2,0,0,0.6320113333333328,1.2967687999999984,0.0,4.58781,49.91223333333332,35.416741800000025,78.3163,0.926909,-15.729689999999998,-12.701889999999983,-24.1413,3.95182,0.780000000000001,0.7746000000000005,1.0,0.533,117,5,15.5433,43.343678
-8.58798,0,1.0,2,2,0,2,0,1,0.39950999999999953,1.2967687999999984,1.19853,0.697504,41.027999999999984,35.97760180000003,15.5433,55.8771,-17.30979333333333,-10.365045999999984,-19.2001,-3.84767,0.8983333333333343,0.7746000000000006,0.695,0.645,117,5,29.2244,28.587086
-22.6062,0,0.908333,3,315,0,3,0,0,0.5796166666666661,0.4872707999999982,0.0,0.0,23.196433333333317,40.75654000000004,29.2244,78.3163,-16.79809333333333,-15.676649999999984,-8.58798,-24.1413,0.8677776666666676,0.8496666000000005,1.0,1.0,117,5,24.8216,30.761885
-16.265,0,0.988333,7,158,0,3,0,1,0.20302933333333276,0.3615235999999983,0.54032,1.19853,25.98236666666665,34.36134000000003,24.8216,15.5433,-15.819726666666666,-18.160115999999984,-22.6062,-19.2001,0.9655553333333344,0.9183332000000005,0.908333,0.695,117,5,23.9011,40.53251
-17.2032,0,1.0,4,35,0,4,0,0,0.20302933333333276,0.3615235999999983,0.068768,0.0,29.747899999999987,26.80228000000003,23.9011,29.2244,-18.691466666666667,-16.772495999999983,-16.265,-8.58798,0.9655553333333344,0.9183332000000005,0.988333,1.0,117,5,40.521,41.32231
8.08496,14,0.8975,4,765,8,4,0,1,0.2914453333333327,0.2829311999999983,0.0,0.54032,34.171599999999984,31.312160000000034,40.521,24.8216,-8.461079999999997,-11.315483999999984,-17.2032,-22.6062,0.9619443333333345,0.9588332000000005,1.0,0.908333,117,5,38.0927,30.503017
-10.8651,0,1.0,2,3,0,5,0,0,0.268522666666666,0.2829311999999983,0.805568,0.068768,33.36936666666665,29.76616000000003,38.0927,23.9011,-6.66111333333333,-11.770907999999984,8.08496,-16.265,0.9658333333333343,0.9588332000000005,0.8975,0.988333,117,5,21.4944,18.00464
-26.0794,0,1.0,4,146,0,1,0,0,0.268522666666666,0.17486719999999825,0.0,0.0,29.056666666666647,30.31842000000003,21.4944,40.521,-9.619846666666664,-12.465547999999984,-10.8651,-17.2032,0.9658333333333343,0.9771666000000006,1.0,1.0,118,5,27.5829,57.192837
-24.1413,0,1.0,3,241,0,1,0,1,0.0,0.16111359999999825,0.0,0.805568,42.464533333333314,41.20146000000003,27.5829,38.0927,-20.36193333333333,-14.040807999999984,-26.0794,8.08496,1.0,0.9795000000000005,1.0,0.8975,118,5,78.3163,38.83015
2.82656,8,0.2975,3,15,5,2,0,0,0.9201799999999994,0.7132215999999982,0.0,0.0,36.061983333333316,33.55461000000003,78.3163,21.4944,-15.798046666666664,-10.034855999999985,-24.1413,-10.8651,0.7658333333333344,0.8390000000000006,1.0,1.0,118,5,2.28675,1.8589491
-22.3015,0,1.0,4,364,0,2,0,1,0.9201799999999994,0.5521079999999984,2.76054,0.0,39.557216666666655,33.54979000000004,2.28675,27.5829,-14.538746666666663,-16.112147999999983,2.82656,-26.0794,0.7658333333333344,0.8595000000000006,0.2975,1.0,118,5,38.0686,52.726204
0.602839,6,0.323333,3,24,4,3,0,0,2.2496933333333327,1.3498159999999984,0.0,0.0,13.842809999999986,29.485526000000032,38.0686,78.3163,-6.290700333333331,-13.818560199999984,-22.3015,-24.1413,0.5402776666666677,0.7241666000000005,1.0,1.0,118,5,1.17308,2.4628317
-20.248,0,1.0,2,278,0,3,0,1,1.3295133333333327,1.3498159999999984,3.98854,2.76054,27.90652666666665,32.86452600000003,1.17308,2.28675,-13.98222033333333,-12.652280199999984,0.602839,2.82656,0.7744443333333343,0.7241666000000005,0.323333,0.2975,118,5,44.4779,30.57545
-27.4645,0,1.0,4,453,0,4,0,0,1.3295133333333327,1.3498159999999984,0.0,0.0,27.894726666666653,24.807906000000035,44.4779,38.0686,-15.703220333333332,-13.316920199999984,-20.248,-22.3015,0.7744443333333343,0.7241666000000005,1.0,1.0,118,5,38.0332,35.861183
-20.2722,0,1.0,2,33,0,4,0,1,0.0,0.7977079999999982,0.0,3.98854,36.31039999999999,29.63457600000003,38.0332,1.17308,-22.66156666666667,-17.936672199999986,-27.4645,0.602839,1.0,0.8646666000000005,1.0,0.323333,118,5,26.4201,36.967022
-6.41621,0,0.966,3,150,0,5,0,0,0.11133866666666607,0.8645111999999981,0.0,0.0,22.676769999999987,22.736258000000035,26.4201,44.4779,-18.05097,-14.759614199999984,-20.2722,-20.248,0.9886666666666676,0.8578666000000006,1.0,1.0,118,5,3.57701,5.3728404
-12.6165,26,0.875,2,105,0,1,0,0,0.19320533333333276,0.11592319999999823,0.334016,0.0,32.38533666666665,35.933422000000036,3.57701,38.0332,-13.101636666666664,-17.403481999999986,-6.41621,-27.4645,0.947000000000001,0.9682000000000006,0.966,1.0,119,5,67.1589,42.690323
-24.1413,0,1.0,4,169,0,1,0,1,0.19320533333333276,0.11592319999999823,0.2456,0.0,49.684069999999984,42.701102000000034,67.1589,26.4201,-14.391336666666666,-18.182141999999985,-12.6165,-20.2722,0.947000000000001,0.9682000000000006,0.875,1.0,119,5,78.3163,51.949123
-6.7699,0,0.8975,5,208,0,2,0,0,0.2161279999999994,0.1964799999999982,0.0,0.334016,66.89943333333332,46.13908200000004,78.3163,3.57701,-14.509233333333333,-14.043221999999986,-24.1413,-6.41621,0.9241666666666677,0.9477000000000005,1.0,0.966,119,5,55.2231,44.539642
-8.58798,0,0.985,4,128,0,2,0,1,0.1539093333333327,0.20826879999999823,0.402784,0.2456,55.18199999999998,47.25638200000004,55.2231,67.1589,-13.166393333333332,-11.706377999999985,-6.7699,-12.6165,0.9608333333333343,0.9447000000000004,0.8975,0.875,119,5,32.0066,34.827194
23.8081,28,0.911667,2,507,15,3,0,0,0.3274666666666661,0.2455999999999982,0.058944,0.0,31.521466666666655,48.007920000000034,32.0066,78.3163,2.816740000000003,-5.661515999999985,-8.58798,-24.1413,0.931389000000001,0.9338334000000005,0.985,1.0,119,5,7.3347,16.923426
-17.202,0,0.868333,4,506,0,3,0,1,0.4519039999999994,0.3516991999999982,0.520672,0.402784,25.333699999999983,41.90810000000003,7.3347,55.2231,-0.6606266666666644,-6.578615999999985,23.8081,-6.7699,0.9216666666666677,0.9325000000000004,0.911667,0.8975,119,5,36.6598,33.463017
3.56964,8,0.495,2,46,5,4,0,0,1.755222666666666,1.1454791999999983,0.776096,0.058944,15.230643333333317,26.584326000000033,36.6598,32.0066,3.3919133333333353,-1.0364279999999844,-17.202,-8.58798,0.7583333333333343,0.8315000000000005,0.868333,0.985,119,5,1.69743,2.9708993
0.477016,6,0.70625,4,19,4,4,0,1,2.3512119999999994,1.5266503999999983,3.9689,0.520672,22.67874333333332,21.47550600000003,1.69743,7.3347,-4.385114666666664,0.41295520000001557,3.56964,23.8081,0.6898610000000011,0.7932500000000005,0.495,0.911667,119,5,29.679,10.681498
-8.81533,0,0.965,2,57,0,5,0,0,2.207126666666666,1.5836295999999983,2.30864,0.776096,19.34944333333332,20.40856600000003,29.679,36.6598,-1.5895579999999967,0.3674852000000158,0.477016,-17.202,0.7220833333333343,0.7892500000000006,0.70625,0.868333,119,5,26.6719,14.733443
-18.3484,0,0.8,2,276,0,1,0,0,1.0151466666666662,1.5580871999999981,0.34384,3.9689,31.429166666666656,26.52894600000003,26.6719,1.69743,-8.895571333333331,-8.063814799999985,-8.81533,3.56964,0.823750000000001,0.7669166000000005,0.965,0.495,120,5,37.9366,57.319492
-32.0937,0,0.91,4,264,0,1,0,1,0.30454399999999954,1.4382343999999982,0.39296,2.30864,49.98563333333332,36.26666600000003,37.9366,29.679,-19.752476666666663,-11.042154799999983,-18.3484,0.477016,0.8916666666666678,0.7752500000000005,0.8,0.70625,120,5,85.3484,64.90787
35.3584,28,0.0,2,12,15,2,0,0,1.5849373333333328,1.4814583999999982,0.176832,0.34384,42.94823999999999,37.03912400000003,85.3484,26.6719,-5.027899999999995,-4.684402799999982,-32.0937,-8.81533,0.5700000000000011,0.6762500000000006,0.91,0.965,120,5,5.55972,1.4140948
-22.3015,0,1.0,3,634,0,2,0,1,1.453950666666666,1.019730399999998,4.18502,0.39296,42.99223999999999,38.71704400000003,5.55972,37.9366,-6.345599999999994,-9.240105999999983,35.3584,-18.3484,0.6366666666666677,0.7350000000000005,0.0,0.8,120,5,38.0686,70.78151
-18.8331,0,0.82,2,98,0,3,0,0,1.7486699999999997,1.1631603999999984,0.0,0.176832,21.987873333333326,37.84972400000003,38.0686,85.3484,-1.9253999999999951,-11.243659999999982,-22.3015,-32.0937,0.6066666666666677,0.7060000000000005,1.0,0.91,120,5,22.3353,25.669434
3.47766,8,0.00166667,8,0,5,3,0,1,2.31519,2.2614843999999983,1.06099,4.18502,21.109213333333326,30.847152000000033,22.3353,5.55972,-12.55231333333333,-6.878447999999983,-18.8331,35.3584,0.6072222233333343,0.5463333340000005,0.82,0.0,120,5,2.92374,6.167212
-6.0725,0,0.85375,3,35,0,4,0,0,2.6983266666666665,2.4559999999999986,5.88458,0.0,10.310136666666658,14.911746000000033,2.92374,38.0686,-7.142646666666664,-1.6742079999999828,3.47766,-22.3015,0.5584722233333345,0.5350833340000005,0.00166667,1.0,120,5,5.67137,7.4812655
-20.2722,0,1.0,2,0,0,4,0,1,2.344663333333333,1.6189959999999985,1.14941,1.06099,11.671736666666655,19.083822000000033,5.67137,22.3353,-7.622346666666663,-12.800327999999984,-6.0725,-18.8331,0.6184722233333344,0.7350833340000005,0.85375,0.82,120,5,26.4201,26.452057
-1.43892,4,0.923,4,23,3,5,0,0,0.6352859999999997,1.7702855999999982,0.0,5.88458,14.360623333333322,13.668182000000034,26.4201,2.92374,-9.261206666666663,-8.627811999999983,-20.2722,3.47766,0.9255833333333344,0.7196833340000005,1.0,0.00166667,120,5,10.9904,8.066097
-13.1851,0,0.93,3,120,0,1,0,0,0.29799466666666635,1.5855947999999982,0.756448,1.14941,32.563399999999994,21.257062000000033,10.9904,5.67137,-11.632073333333329,-7.498211999999984,-1.43892,-6.0725,0.9510000000000011,0.7416833340000005,0.923,0.85375,121,5,60.2797,49.381367
-32.0937,0,1.0,4,309,0,1,0,1,0.29799466666666635,0.40867879999999823,0.137536,0.0,52.20616666666666,37.741994000000034,60.2797,26.4201,-15.57257333333333,-14.612483999999984,-13.1851,-20.2722,0.9510000000000011,0.9413500000000006,0.93,1.0,121,5,85.3484,72.35759
-9.95614,0,0.765,8,99,0,2,0,0,0.35366399999999976,0.3634879999999982,0.0,0.756448,50.047906666666655,37.510844000000034,85.3484,10.9904,-18.41164666666666,-15.389211999999983,-32.0937,-1.43892,0.8983333333333344,0.9236000000000006,1.0,0.923,121,5,4.51562,22.490665
-8.58798,0,0.9025,9,410,0,2,0,1,0.43553066666666634,0.4401151999999982,0.923456,0.137536,41.18120666666666,38.96274400000003,4.51562,60.2797,-16.879273333333327,-13.052367999999984,-9.95614,-13.1851,0.8891666666666677,0.9041000000000006,0.765,0.93,121,5,33.6796,26.703093
-22.6062,0,0.903333,5,291,0,3,0,0,0.6254613333333331,0.40278399999999814,0.383136,0.0,21.183406666666656,41.83566400000003,33.6796,85.3484,-13.716773333333329,-17.285823999999984,-8.58798,-32.0937,0.8569443333333343,0.9001666000000006,0.9025,1.0,121,5,25.355,31.52567
-23.1205,0,0.895,3,129,0,3,0,1,0.5239466666666663,0.49905919999999826,0.569792,0.923456,27.17246666666666,34.27628400000003,25.355,4.51562,-18.10489333333333,-19.272903999999983,-22.6062,-9.95614,0.9002776666666678,0.8931666000000005,0.903333,0.765,121,5,22.4828,32.388123
-17.2032,0,1.0,4,229,0,4,0,0,0.39623466666666635,0.49905919999999826,0.618912,0.383136,29.452933333333323,25.310804000000036,22.4828,33.6796,-20.97663333333333,-16.29480399999998,-23.1205,-8.58798,0.9327776666666678,0.8931666000000005,0.895,0.9025,121,5,40.521,39.2229
0.477016,6,0.73,2,7,4,4,0,1,0.9136306666666664,0.7387639999999982,0.0,0.569792,29.286833333333323,29.379020000000036,40.521,25.355,-13.282227999999995,-14.208172799999982,-17.2032,-22.6062,0.875000000000001,0.8861666000000005,1.0,0.903333,121,5,24.8567,6.7949905
-22.5202,0,1.0,5,387,0,5,0,0,0.7073266666666664,0.6621367999999983,2.12198,0.618912,27.730266666666655,26.205720000000035,24.8567,22.4828,-13.082127999999996,-16.99461679999998,0.477016,-23.1205,0.910000000000001,0.9056666000000005,0.73,0.895,121,5,17.8131,35.52732
-26.6305,0,1.0,3,305,0,1,0,0,0.7073266666666664,0.5481783999999983,0.0,0.0,23.738799999999987,26.844040000000035,17.8131,40.521,-16.22456133333333,-17.799476799999983,-22.5202,-17.2032,0.910000000000001,0.9250000000000005,1.0,1.0,122,5,28.5466,46.901653
-17.5817,0,0.88,2,147,0,1,0,1,0.0785919999999997,0.4715511999999983,0.0,2.12198,44.62819999999999,39.852460000000036,28.5466,24.8567,-22.244133333333327,-16.691716799999984,-26.6305,0.477016,0.960000000000001,0.9220000000000006,1.0,0.73,122,5,87.5249,58.37338
-0.819406,4,0.295,3,12,3,2,0,0,1.0020486666666664,1.0256251999999981,0.235776,0.0,39.704803333333324,32.356842000000036,87.5249,17.8131,-15.010535333333328,-13.41495799999998,-17.5817,-22.5202,0.725000000000001,0.7810000000000005,0.88,1.0,122,5,3.04291,-0.18690138
-22.3015,0,1.0,7,390,0,2,0,1,1.0020486666666664,0.6012291999999982,2.77037,0.0,42.87880333333333,34.99922200000004,3.04291,28.5466,-13.56753533333333,-17.970661199999984,-0.819406,-26.6305,0.7250000000000011,0.8350000000000005,0.295,1.0,122,5,38.0686,65.153244
0.602839,6,0.705,2,0,4,3,0,0,1.503073333333333,0.9489991999999983,0.0,0.235776,14.093639999999992,31.670484000000037,38.0686,87.5249,-7.50602233333333,-13.346053399999983,-22.3015,-17.5817,0.6666666666666677,0.7760000000000005,1.0,0.88,122,5,1.16941,4.7649856
-16.265,0,0.998333,2,37,0,3,0,1,0.5828913333333331,0.9509639999999984,1.73885,2.77037,21.06843666666666,30.754624000000035,1.16941,3.04291,-12.654553666666663,-11.272953399999984,0.602839,-0.819406,0.9011110000000011,0.7756666000000005,0.705,0.295,122,5,23.9673,23.354727
-27.4645,0,1.0,3,316,0,4,0,0,0.5828913333333331,0.9038087999999982,0.009824,0.0,21.05663666666666,20.856284000000034,23.9673,38.0686,-14.375553666666661,-13.249513399999984,-16.265,-22.3015,0.9011110000000011,0.7996666000000006,0.998333,1.0,122,5,38.0332,28.034628
-3.15784,2,0.93375,9,0,2,4,0,1,0.17683199999999974,0.45386919999999825,0.0,1.73885,32.35076666666666,27.258062000000034,38.0332,1.16941,-15.629113333333331,-13.717200199999985,-27.4645,0.602839,0.977361000000001,0.9274166000000006,1.0,0.705,122,5,35.0518,18.813362
6.9574,12,0.575,3,10,7,5,0,0,1.5652906666666666,1.2889091999999984,0.520672,0.009824,24.670681999999996,19.829751200000032,35.0518,23.9673,-7.888313333333329,-7.865420199999983,-3.15784,-16.265,0.836250000000001,0.8424166000000005,0.93375,0.998333,122,5,0.927046,2.2136326
2.00224,6,0.05,2,4,4,1,0,0,2.1874773333333333,1.3144511999999984,4.1752,0.0,12.78719199999999,20.072415200000034,0.927046,38.0332,1.9339333333333382,-7.585539999999983,6.9574,-27.4645,0.5195833333333343,0.7114166000000005,0.575,1.0,123,5,2.38273,4.5169086
-32.6052,26,0.805,2,123,0,1,0,1,2.141632,1.3891135999999984,1.86656,0.520672,29.69252533333332,32.43251520000003,2.38273,35.0518,-7.881853333333329,-10.853579999999983,2.00224,-3.15784,0.47666666666666774,0.6727500000000005,0.05,0.93375,123,5,85.7678,59.456467
25.2398,28,0.175,2,3,15,2,0,0,1.8305386666666663,2.0374975999999982,0.383136,4.1752,29.888689999999986,25.128983200000036,85.7678,0.927046,-1.7877199999999966,-0.31271999999998384,-32.6052,6.9574,0.3433333333333344,0.5077500000000005,0.805,0.575,123,5,1.51554,2.286629
-8.58798,0,0.8675,3,444,0,2,0,1,1.381909333333333,2.0374975999999987,3.24192,1.86656,40.07237999999999,24.705383200000036,1.51554,2.38273,-5.31779333333333,-1.398747999999984,25.2398,2.00224,0.6158333333333345,0.49450000000000055,0.175,0.05,123,5,32.9338,44.293785
1.82389,8,0.595,2,19,5,3,0,0,2.0499406666666666,1.6799035999999987,0.520672,0.383136,13.665556666666658,25.829440000000034,32.9338,85.7678,6.1585700000000045,-2.4254499999999837,-8.58798,-32.6052,0.5458333333333344,0.4985000000000005,0.8675,0.805,123,5,6.54733,5.212165
-20.248,0,1.0,10,355,0,3,0,1,0.9693006666666665,1.3065915999999986,2.38723,3.24192,27.986343333333323,34.24847400000003,6.54733,1.51554,-9.004029999999995,-6.875497999999984,1.82389,25.2398,0.8208333333333343,0.6885000000000006,0.595,0.175,123,5,44.4779,52.572227
6.38628,12,0.58875,2,8,7,4,0,0,1.8731099999999998,1.8763843999999985,0.0,0.520672,17.56642999999999,17.429726000000034,44.4779,32.9338,-4.012609999999995,0.9227980000000168,-20.248,-8.58798,0.7279166666666677,0.6452500000000005,1.0,0.8675,123,5,1.67406,3.2514992
0.477016,6,0.70875,3,0,4,4,0,1,1.8375199999999996,1.6840923999999984,3.2321,2.38723,23.32378666666666,21.890498000000033,1.67406,6.54733,-4.461567999999995,-4.029758799999984,6.38628,1.82389,0.7658333333333344,0.7520000000000006,0.58875,0.595,123,5,23.8194,9.761276
-7.58767,0,0.929,2,71,0,5,0,0,2.070021333333333,1.7194587999999986,2.28046,0.0,20.41331999999999,22.45303800000003,23.8194,44.4779,-0.2414579999999953,-3.829696799999984,0.477016,-20.248,0.7421666666666678,0.7643000000000005,0.70875,1.0,123,5,35.7465,13.06345
-6.0983,0,0.84,2,27,0,1,0,0,1.0974439999999996,1.3048863999999984,0.697504,3.2321,22.875789999999995,22.955866000000036,35.7465,1.67406,-4.402984666666662,-5.414134799999983,-7.58767,6.38628,0.8259166666666676,0.8133000000000005,0.929,0.58875,124,5,9.06147,29.23624
-32.6052,0,1.0,4,158,0,1,0,1,0.33729066666666635,1.3048863999999984,0.314368,2.28046,43.52525666666666,31.213846000000036,9.06147,23.8194,-15.430389999999997,-7.885574799999984,-6.0983,0.477016,0.923000000000001,0.8133000000000005,0.84,0.70875,124,5,85.7678,82.85189
4.06591,8,0.055,8,12,5,2,0,0,1.3426126666666665,1.4011603999999984,0.0,0.697504,32.032193333333325,31.13249600000003,85.7678,35.7465,-11.545863333333328,-8.349648799999983,-32.6052,-7.58767,0.6316666666666676,0.7065500000000006,1.0,0.929,124,5,1.26731,4.2549853
-9.67064,0,0.9375,9,124,0,2,0,1,1.3196899999999998,0.9941883999999984,3.71347,0.314368,42.401469999999996,34.402476000000036,1.26731,9.06147,-12.736643333333328,-10.379179999999982,4.06591,-6.0983,0.6641666666666678,0.7523000000000005,0.055,0.84,124,5,40.1693,36.51083
-18.8331,0,1.0,8,301,0,3,0,0,1.3196899999999998,0.8546875999999983,0.2456,0.0,21.25730333333333,31.720236000000035,40.1693,85.7678,-8.145943333333328,-12.628265999999986,-9.67064,-32.6052,0.6641666666666678,0.7665000000000005,0.9375,1.0,124,5,22.3353,31.438608
-17.202,0,1.0,4,411,0,3,0,1,0.08186666666666638,0.7918139999999985,0.0,3.71347,33.05479999999999,37.239902000000036,22.3353,1.26731,-15.235246666666661,-14.849005999999985,-18.8331,4.06591,0.9791666666666677,0.7985000000000004,1.0,0.055,124,5,36.6598,45.61367
-6.0725,0,0.96,2,50,0,4,0,0,0.10478933333333303,0.8546875999999983,0.0,0.2456,21.620143333333328,21.259408000000033,36.6598,40.1693,-14.035866666666662,-9.542465999999983,-17.202,-9.67064,0.9866666666666677,0.7905000000000004,1.0,0.9375,124,5,5.86533,7.547384
-0.714692,4,0.855,8,14,3,4,0,1,0.48464933333333304,0.3399095999999984,0.314368,0.0,25.059443333333324,27.536586000000035,5.86533,22.3353,-7.996397333333328,-10.498586399999983,-6.0725,-18.8331,0.9383333333333344,0.9505000000000006,0.96,1.0,124,5,32.6532,16.223589
-6.41621,0,0.966,3,151,0,5,0,0,0.5959879999999997,0.35759279999999843,1.13958,0.0,14.027909999999993,20.215766000000034,32.6532,36.6598,-4.4011339999999946,-9.847700399999985,-0.714692,-17.202,0.927000000000001,0.9562000000000005,0.855,1.0,124,5,3.5652,3.908524
-10.3347,0,0.97,9,281,0,1,0,0,0.5108466666666663,0.3693815999999984,0.334016,0.314368,28.524199999999993,25.61954600000003,3.5652,5.86533,-5.821867333333327,-8.148020399999982,-6.41621,-6.0725,0.9303333333333343,0.9502000000000006,0.966,0.96,125,5,49.3542,58.820694
-32.6052,0,1.0,8,288,0,1,0,1,0.13098666666666636,0.3693815999999984,0.058944,1.13958,46.229066666666654,35.44114600000003,49.3542,32.6532,-16.45203666666666,-11.228660399999985,-10.3347,-0.714692,0.9786666666666677,0.9502000000000006,0.97,0.855,125,5,85.7678,69.04908
1.32003,6,0.39,5,0,4,2,0,0,0.8186679999999997,0.7859199999999984,0.0,0.334016,45.53649666666666,34.56557800000003,85.7678,3.5652,-13.873289999999995,-9.750154399999982,-32.6052,-6.41621,0.7866666666666676,0.8362000000000005,1.0,0.966,125,5,1.48749,5.122942
-8.58798,0,0.98,3,241,0,2,0,1,0.8252173333333331,0.5737223999999984,2.39706,0.058944,40.09146333333333,34.63875800000003,1.48749,49.3542,-13.291049999999993,-11.324811999999984,1.32003,-10.3347,0.790000000000001,0.8612000000000005,0.39,0.97,125,5,33.0191,32.51386
31.4556,28,0.44,2,7,15,3,0,0,1.9255039999999999,1.1670911999999984,0.078592,0.0,11.894106666666664,34.16086400000003,33.0191,85.7678,8.062550000000007,-3.7504499999999816,-8.58798,-32.6052,0.6033333333333344,0.7560000000000004,0.98,1.0,125,5,1.17573,2.5291805
3.47766,8,0.00166667,4,0,5,3,0,1,3.088010666666666,2.332218399999998,3.30086,2.39706,12.301606666666663,24.832022000000034,1.17573,1.48749,8.781760000000007,-0.9879779999999823,31.4556,1.32003,0.47388889000000095,0.5623333340000005,0.44,0.39,125,5,2.70999,6.2530494
-17.2032,0,1.0,4,306,0,4,0,0,3.061813333333333,2.332218399999998,5.88458,0.078592,14.802239999999996,15.782662000000034,2.70999,33.0191,5.9100200000000065,2.092422000000018,3.47766,-8.58798,0.4805555566666677,0.5623333340000005,0.00166667,0.98,125,5,40.521,41.34003
-14.194,0,0.59875,8,164,0,4,0,1,3.0126933333333326,2.4835063999999982,0.0,3.30086,21.033729999999995,19.459204000000035,40.521,1.17573,-9.306513333333328,-1.0103839999999817,-17.2032,31.4556,0.5334722233333343,0.6040833340000005,1.0,0.44,125,5,19.8702,14.379968
-12.3389,0,1.0,2,22,0,5,0,0,1.0511666666666661,2.467787999999998,3.1535,5.88458,29.02103333333333,18.189764000000032,19.8702,2.70999,-14.578699999999992,-1.7605679999999821,-14.194,3.47766,0.866250000000001,0.6080833340000005,0.59875,0.00166667,125,5,26.6719,33.29264
-22.7639,0,1.0,2,8,0,1,0,0,1.0511666666666661,1.8076159999999981,0.0,0.0,42.394999999999996,34.08319800000003,26.6719,40.521,-16.43226666666666,-12.604467999999981,-12.3389,-17.2032,0.866250000000001,0.7200833340000006,1.0,1.0,126,5,80.6429,75.86973
-33.7106,0,0.875,9,360,0,1,0,1,0.08186666666666607,0.6798199999999983,0.0,3.1535,64.24816666666666,50.62714000000003,80.6429,19.8702,-22.937799999999992,-20.042119999999983,-22.7639,-14.194,0.9583333333333344,0.8947500000000005,1.0,0.59875,126,5,85.4297,93.990875
-12.8676,0,0.985,4,263,0,2,0,0,0.10151466666666609,0.6916087999999982,0.2456,0.0,101.77353333333333,70.37254000000003,85.4297,26.6719,-23.114033333333328,-19.17499999999998,-33.7106,-12.3389,0.9533333333333344,0.8917500000000006,0.875,1.0,126,5,139.248,99.01871
-9.67064,0,0.985,3,104,0,2,0,1,0.12116266666666609,0.07269759999999822,0.058944,0.0,88.39979999999998,74.50284000000002,139.248,80.6429,-18.749613333333325,-18.270327999999985,-12.8676,-22.7639,0.9483333333333345,0.9690000000000005,0.985,1.0,126,5,40.5217,43.51518
1.82389,8,0.51,2,1,5,3,0,0,1.0020493333333327,0.6503495999999982,0.058944,0.2456,61.869383333333325,70.33615000000003,40.5217,85.4297,-6.904783333333326,-15.437769999999981,-9.67064,-33.7106,0.8266666666666677,0.8710000000000004,0.985,0.875,126,5,5.83845,8.569553
-28.1293,0,0.861667,2,136,0,3,0,1,1.2541986666666662,0.8134279999999983,2.88826,0.058944,22.965649999999993,58.714930000000024,5.83845,139.248,-11.99201666666666,-16.510849999999984,1.82389,-12.8676,0.7855556666666678,0.8433334000000006,0.51,0.985,126,5,22.5368,34.123203
-20.2453,0,0.9725,2,143,0,4,0,0,1.3065933333333326,0.8075335999999982,0.815392,0.058944,23.18064999999999,49.86233000000003,22.5368,40.5217,-15.516903333333326,-13.817789999999983,-28.1293,-9.67064,0.7813890000000011,0.8628334000000006,0.861667,0.985,126,5,41.1667,47.396
4.43499,8,0.57125,5,6,5,4,0,1,1.4670499999999993,1.4696707999999983,0.216128,2.88826,30.272466666666656,27.435510000000033,41.1667,5.83845,-14.64653666666666,-10.357271999999984,-20.2453,1.82389,0.8018056666666676,0.7800834000000005,0.9725,0.51,126,5,27.1139,7.989217
-1.43892,4,0.75,4,4,3,5,0,0,2.0139193333333325,1.9490819999999982,3.36963,0.815392,26.12399999999999,21.349450000000033,27.1139,22.5368,-5.749743333333327,-8.710927999999983,4.43499,-28.1293,0.7645833333333344,0.7330834000000005,0.57125,0.861667,126,5,10.0914,3.8712063
-3.90906,2,0.085,8,3,2,1,0,0,2.5411399999999995,1.7309879999999986,2.456,0.216128,15.288976666666658,21.914086000000033,10.0914,41.1667,-0.30432999999999294,-9.857517999999981,-1.43892,-20.2453,0.46875000000000105,0.6480834000000005,0.75,0.9725,127,5,8.66163,7.449204
-35.8399,0,0.875,8,519,0,1,0,1,1.499796666666666,1.6170295999999982,1.79779,3.36963,34.55094333333332,34.38668600000003,8.66163,27.1139,-13.729293333333326,-11.399637999999982,-3.90906,4.43499,0.5700000000000011,0.6507500000000006,0.085,0.57125,127,5,84.8998,81.85384
-17.5156,0,1.0,8,111,0,2,0,0,0.6811299999999995,1.5738039999999982,0.2456,2.456,57.10380999999999,41.70334600000003,84.8998,10.0914,-19.08818666666666,-10.853697999999982,-35.8399,-1.43892,0.6533333333333343,0.6562500000000006,0.875,0.75,127,5,77.75,80.8507
-8.58798,0,0.975,9,177,0,2,0,1,0.11461333333333275,0.9195259999999983,0.0,1.79779,65.73373333333332,43.190846000000036,77.75,8.66163,-20.64782666666666,-13.45829199999998,-17.5156,-3.90906,0.9500000000000011,0.7370000000000005,1.0,0.085,127,5,34.5514,49.58453
18.2143,26,1.0,5,217,14,3,0,0,0.03274666666666607,0.4283259999999983,0.09824,0.2456,44.87889999999999,45.639626000000035,34.5514,84.8998,-2.6297599999999925,-9.527647999999981,-8.58798,-35.8399,0.9916666666666677,0.7870000000000006,0.975,0.875,127,5,22.3353,42.746822
-4.91704,0,0.935,5,27,0,3,0,1,0.16045866666666606,0.1453951999999983,0.0,0.0,27.486833333333323,49.02206000000004,22.3353,77.75,1.569760000000007,-9.729243999999982,18.2143,-17.5156,0.9700000000000011,0.9570000000000005,1.0,1.0,127,5,25.5738,11.845951
3.5415,8,0.5075,2,16,5,4,0,0,1.4179319999999995,0.8704071999999983,0.383136,0.09824,16.52282999999999,32.37397800000004,25.5738,34.5514,5.612920000000007,-1.8529639999999816,-4.91704,-8.58798,0.8141666666666677,0.8835000000000004,0.935,0.975,127,5,1.65939,3.6564867
-12.5317,0,0.96375,9,695,0,4,0,1,1.5128973333333329,0.9273863999999984,3.87066,0.0,15.692996666666657,20.793138000000035,1.65939,22.3353,-4.63574666666666,-0.8561839999999818,3.5415,18.2143,0.8020833333333344,0.8762500000000004,0.5075,1.0,127,5,19.8458,32.65011
-23.5922,0,0.95,8,241,0,5,0,0,1.548918666666666,1.0059783999999985,0.284896,0.383136,13.975563333333325,17.967158000000033,19.8458,25.5738,-10.860799999999992,-3.857027999999981,-12.5317,-4.91704,0.8070833333333343,0.8712500000000005,0.96375,0.935,127,5,20.4215,22.037788
-13.0544,0,0.83,4,520,0,1,0,0,0.3700373333333327,1.0727815999999983,0.4912,3.87066,21.733233333333327,18.486578000000033,20.4215,1.65939,-16.39276666666666,-10.110767999999982,-23.5922,3.5415,0.9145833333333343,0.8372500000000006,0.95,0.5075,128,5,24.9324,33.862026
-35.8399,0,1.0,4,346,0,1,0,1,0.2750719999999994,0.9961543999999982,0.334016,0.284896,43.417899999999996,30.351778000000035,24.9324,19.8458,-24.16216666666666,-16.29533999999998,-13.0544,-12.5317,0.9266666666666676,0.8502500000000005,0.83,0.96375,128,5,84.8998,56.597958
-27.9596,0,0.915,1,120,0,2,0,0,0.22267733333333273,0.28882559999999835,0.0,0.4912,88.9164,61.40330000000004,84.8998,20.4215,-25.61796666666666,-22.59555999999998,-35.8399,-23.5922,0.915000000000001,0.9317500000000006,1.0,0.95,128,5,156.917,103.14855
-19.7798,0,0.9075,4,96,0,2,0,1,0.2325013333333327,0.30454399999999826,0.334016,0.334016,94.38536666666666,65.70200000000003,156.917,24.9324,-27.85976666666666,-24.04517999999998,-27.9596,-13.0544,0.9408333333333344,0.9205000000000005,0.915,0.83,128,5,41.3393,60.03315
-2.07669,2,0.51,3,59,2,3,0,0,1.195254666666666,0.7839559999999983,0.363488,0.0,66.49014666666666,61.860528000000045,41.3393,84.8998,-16.605363333333326,-19.742077999999985,-19.7798,-35.8399,0.7775000000000011,0.8325000000000007,0.9075,1.0,128,5,1.21414,8.684245
-28.0848,0,1.0,3,245,0,3,0,1,1.0839159999999992,0.7171527999999983,2.88826,0.334016,29.010446666666656,65.76962800000004,1.21414,156.917,-16.64709666666666,-22.748157999999982,-2.07669,-27.9596,0.8058333333333344,0.8665000000000006,0.51,0.915,128,5,44.4779,41.864883
-6.0725,0,0.9525,3,31,0,4,0,0,1.087190666666666,0.7918151999999983,0.0,0.363488,17.320743333333322,50.043706000000036,44.4779,41.3393,-12.077996666666658,-16.794677999999983,-28.0848,-19.7798,0.8208333333333343,0.8570000000000005,1.0,0.9075,128,5,6.27019,7.912443
-16.9285,0,0.8225,4,519,0,4,0,1,0.5894406666666661,1.0040139999999984,0.373312,2.88826,25.45232999999999,23.78208600000003,6.27019,1.21414,-17.028599999999994,-14.58845799999998,-6.0725,-2.07669,0.925000000000001,0.8385000000000005,0.9525,0.51,128,5,25.6089,21.813751
6.9574,12,0.573,2,2,7,5,0,0,1.9877239999999994,1.770286399999998,1.39501,0.0,10.928072333333324,15.695251400000032,25.6089,44.4779,-5.3478666666666586,-9.241017999999983,-16.9285,-28.0848,0.7826666666666676,0.7716000000000005,0.8225,1.0,128,5,0.905127,2.6715095
5.25186,10,0.0,2,7,6,1,0,0,2.5542399999999987,1.6072063999999984,4.19485,0.373312,9.670832333333324,15.952117400000034,0.905127,6.27019,-1.5730799999999923,-7.775307999999981,6.9574,-6.0725,0.4651666666666676,0.6696000000000005,0.573,0.9525,129,5,2.49847,3.2839563
-35.8399,0,1.0,4,306,0,1,0,1,2.089236666666666,1.6072063999999984,2.07286,1.39501,29.434465666666657,24.036497400000034,2.49847,25.6089,-7.876879999999993,-9.32632799999998,5.25186,-16.9285,0.5243333333333343,0.6696000000000005,0.0,0.8225,129,5,84.8998,71.041595
-12.2853,0,0.8825,8,387,0,2,0,0,0.8448626666666658,1.6248895999999982,0.0,4.19485,35.97112333333333,26.88547940000003,84.8998,0.905127,-14.291113333333326,-10.568887999999982,-35.8399,6.9574,0.627500000000001,0.6556000000000004,1.0,0.573,129,5,20.5151,24.38456
-17.7617,0,0.9625,4,217,0,2,0,1,0.20302933333333248,1.3753595999999981,0.461728,2.07286,46.621599999999994,28.653679400000033,20.5151,2.49847,-21.962299999999995,-10.735527999999983,-12.2853,5.25186,0.9483333333333345,0.6836000000000005,0.8825,0.0,129,5,34.4499,38.945255
0.199528,6,0.496667,2,32,4,3,0,0,1.1919793333333324,1.129759599999998,0.14736,0.0,20.101189999999992,29.540368000000036,34.4499,84.8998,-9.949157333333327,-12.087102399999981,-17.7617,-35.8399,0.7805556666666678,0.6683334000000005,0.9625,1.0,129,5,5.33857,3.7883594
-9.19429,0,0.941667,8,73,0,3,0,1,1.1526833333333324,0.7839555999999982,2.96685,0.461728,26.539956666666658,37.006954000000036,5.33857,20.5151,-8.91882066666666,-14.976332399999981,0.199528,-12.2853,0.800278000000001,0.8566668000000005,0.496667,0.8825,129,5,39.8314,34.864048
-10.6312,0,0.90375,3,338,0,4,0,0,1.3557126666666657,0.9352451999999982,0.34384,0.14736,28.152389999999993,27.884434000000034,39.8314,34.4499,-6.541987333333327,-9.934592399999982,-9.19429,-17.7617,0.7806946666666678,0.8374168000000004,0.941667,0.9625,129,5,39.2872,27.07856
-21.8505,0,0.84625,4,568,0,4,0,1,0.7695459999999992,1.0845695999999982,0.756448,2.96685,32.79379999999999,27.633974000000034,39.2872,5.33857,-13.891996666666659,-11.847632399999982,-10.6312,0.199528,0.8972223333333345,0.8301668000000006,0.90375,0.496667,129,5,19.2628,30.268232
-16.9866,0,0.999,3,51,0,5,0,0,0.6582073333333325,1.0570623999999982,1.20835,0.34384,31.69449999999999,28.050694000000032,19.2628,39.8314,-16.489433333333324,-11.692612399999982,-21.8505,-9.19429,0.9163333333333344,0.8374668000000005,0.84625,0.941667,129,5,36.5335,46.164207
0.218719,6,0.095,2,10,4,1,0,0,0.9987713333333325,0.8193203999999982,0.009824,0.756448,18.99780666666666,27.222404000000033,36.5335,39.2872,-12.87279366666666,-11.688774199999981,-16.9866,-10.6312,0.646750000000001,0.7571334000000005,0.999,0.90375,130,5,1.19712,2.2076247
-18.234,0,0.87,4,408,0,1,0,1,0.6811293333333325,0.8016371999999983,1.77814,1.20835,40.34230666666666,35.91538400000003,1.19712,19.2628,-11.66729366666666,-13.496716199999984,0.218719,-21.8505,0.6546666666666677,0.7428000000000006,0.095,0.84625,130,5,83.2963,62.257565
-7.61783,0,0.9725,3,198,0,2,0,0,0.7138759999999991,0.6719603999999982,0.255424,0.009824,49.49057333333332,40.85360400000003,83.2963,36.5335,-8.544370333333326,-12.894042199999982,-18.234,-16.9866,0.6458333333333344,0.7565500000000005,0.87,0.999,130,5,63.9783,47.28234
-23.5391,0,0.8725,4,209,0,2,0,1,0.28817066666666574,0.5304951999999983,0.108064,1.77814,62.87196666666665,45.269304000000034,63.9783,1.19712,-16.463643333333327,-13.23176219999998,-7.61783,0.218719,0.9050000000000011,0.7618000000000006,0.9725,0.095,130,5,41.3413,49.988274
1.16269,6,0.918333,5,64,4,3,0,0,0.3634879999999991,0.6248055999999982,0.501024,0.255424,42.41526666666666,42.34784400000003,41.3413,83.2963,-9.998079999999993,-9.601904199999982,-23.5391,-18.234,0.921111000000001,0.7456666000000005,0.8725,0.87,130,5,21.9262,26.488224
2.80883,8,0.0116667,8,9,5,3,0,1,2.2693433333333326,1.4343035999999982,0.481376,0.108064,21.940836666666655,42.61942200000003,21.9262,63.9783,-6.52252666666666,-9.083881999999981,1.16269,-7.61783,0.6008332333333344,0.7289999400000006,0.918333,0.9725,130,5,2.55501,5.3858833
-23.054,0,0.80125,3,93,0,4,0,0,2.623008666666666,1.6956227999999982,5.82563,0.501024,20.047869999999993,33.09264200000003,2.55501,41.3413,-6.360826666666661,-10.047881999999982,2.80883,-23.5391,0.5770832333333343,0.7152499400000005,0.0116667,0.8725,130,5,35.6624,40.14243
-12.347,0,1.0,2,395,0,4,0,1,2.462549999999999,1.674009999999998,1.56202,0.481376,21.275436666666657,25.418762000000033,35.6624,21.9262,-10.864056666666661,-10.993715999999981,-23.054,1.16269,0.6043055666666678,0.7207499400000005,0.80125,0.918333,130,5,25.6089,26.074564
-2.39113,2,0.854,3,44,2,5,0,0,0.9987733333333324,1.8606651999999984,0.0,5.82563,21.59854999999999,17.855372000000035,25.6089,2.55501,-12.597376666666662,-6.764121999999981,-12.347,2.80883,0.8850833333333344,0.7170499400000006,1.0,0.0116667,130,5,3.52435,4.762177
3.32108,8,0.015,4,7,5,1,0,0,1.1232099999999992,2.1514559999999983,1.4343,1.56202,10.073366666666656,13.687502000000034,3.52435,35.6624,-3.8056833333333273,-6.332443999999979,-2.39113,-23.054,0.6230000000000011,0.5363833400000004,0.854,0.80125,131,5,1.08685,4.2457576
-18.234,0,1.0,8,252,0,1,0,1,1.1232099999999992,0.9863299999999982,1.93533,0.0,29.30249999999999,29.835760000000032,1.08685,25.6089,-5.768016666666661,-10.54100999999998,3.32108,-12.347,0.6230000000000011,0.7340500000000005,0.015,1.0,131,5,83.2963,61.72073
-16.5779,0,0.8925,5,539,0,2,0,0,0.7859206666666658,0.7584123999999981,0.0,1.4343,43.66161666666665,32.02362000000004,83.2963,3.52435,-10.496939999999993,-9.245789999999982,-18.234,-2.39113,0.6358333333333345,0.7523000000000005,1.0,0.854,131,5,46.6017,44.122772
-17.7617,0,1.0,1,78,0,2,0,1,0.14081066666666578,0.7584123999999981,0.422432,1.93533,54.78263333333333,33.79182000000004,46.6017,1.08685,-17.524533333333327,-10.328729999999982,-16.5779,3.32108,0.9641666666666677,0.7523000000000005,0.8925,0.015,131,5,34.4499,56.349285
4.52786,8,0.715,2,18,5,3,0,0,0.7007773333333325,0.807532399999998,0.0,0.0,27.43130333333332,33.335412000000034,34.4499,83.2963,-9.93724666666666,-8.944931999999982,-17.7617,-18.234,0.8691666666666679,0.7245000000000005,1.0,1.0,131,5,1.24231,6.065222
-13.7117,0,0.905,4,168,0,3,0,1,0.7466226666666658,0.532459999999998,1.6799,0.422432,19.63296999999999,37.75938200000003,1.24231,46.6017,-8.98184666666666,-12.351487999999982,4.52786,-16.5779,0.8733333333333344,0.9025000000000005,0.715,0.8925,131,5,23.2067,25.214714
31.2218,28,0.45125,2,16,15,4,0,0,2.184202666666666,1.395007999999998,0.559968,0.0,8.695256666666657,21.427474000000036,23.2067,34.4499,7.345986666666675,-2.4603279999999814,-13.7117,-17.7617,0.6904166666666677,0.7927500000000005,0.905,1.0,131,5,1.63676,2.3059313
-21.8505,0,1.0,4,638,0,4,0,1,1.6242359999999991,1.3105215999999982,4.31274,1.6799,14.702086666666657,15.959694000000033,1.63676,1.24231,-1.4467999999999925,-3.5148479999999807,31.2218,4.52786,0.7854166666666678,0.8142500000000006,0.45125,0.715,131,5,19.2628,29.794268
-12.3389,0,1.0,2,0,0,5,0,0,1.4375799999999994,1.3105215999999982,0.0,0.559968,15.857153333333324,14.404094000000034,19.2628,23.2067,-0.9891999999999926,-2.4302879999999805,-21.8505,-13.7117,0.8170833333333345,0.8142500000000006,1.0,0.905,131,5,26.6719,26.960218
3.46312,8,0.085,2,8,5,1,0,0,0.5992633333333327,1.334099599999998,0.0,4.31274,15.682559999999988,14.378228000000032,26.6719,1.63676,-10.242093333333326,-2.6432359999999813,-12.3389,31.2218,0.6950000000000012,0.6882500000000006,1.0,0.45125,132,5,1.11298,3.107729
-26.3075,0,0.88,3,283,0,1,0,1,0.6778553333333327,1.269261199999998,1.79779,0.0,37.11239333333332,26.447348000000034,1.11298,19.2628,-11.727759999999995,-5.1623959999999816,3.46312,-21.8505,0.6550000000000011,0.6832500000000005,0.085,1.0,132,5,83.5523,58.431316
-19.2826,0,1.0,2,0,0,2,0,0,0.6778553333333327,0.40671319999999805,0.235776,0.0,37.144793333333325,31.473816000000035,83.5523,26.6719,-14.042326666666659,-15.26327599999998,-26.3075,-12.3389,0.6550000000000011,0.7930000000000005,0.88,1.0,132,5,26.7691,30.861404
-23.5391,0,1.0,3,127,0,2,0,1,0.07859199999999941,0.40671319999999805,0.0,1.79779,50.55423333333332,35.88951600000003,26.7691,1.11298,-23.04306666666666,-15.60099599999998,-19.2826,3.46312,0.9600000000000012,0.7930000000000005,1.0,0.085,132,5,41.3413,63.992455
-8.44534,0,0.816667,3,172,0,3,0,0,0.3602133333333328,0.6228411999999981,0.0,0.235776,24.41736999999999,31.58347800000003,41.3413,83.5523,-17.089013333333323,-14.822283999999978,-23.5391,-26.3075,0.9388890000000011,0.7563334000000005,1.0,0.88,132,5,5.14171,6.547473
-4.23823,2,0.731667,4,4,2,3,0,1,0.8874333333333327,0.5796151999999981,1.08064,0.0,23.17046999999999,35.96656200000003,5.14171,26.7691,-12.074223333333327,-16.36255399999998,-8.44534,-19.2826,0.8494446666666677,0.8856668000000004,0.816667,1.0,132,5,23.0284,8.230451
-6.0725,0,0.94875,2,35,0,4,0,0,1.0216946666666662,0.613016799999998,1.58166,0.0,11.502466666666658,20.523560000000035,23.0284,41.3413,-6.252023333333324,-12.315553999999981,-4.23823,-23.5391,0.8323613333333345,0.8994168000000006,0.731667,1.0,132,5,6.33729,5.329648
-12.347,0,1.0,3,28,0,4,0,1,0.6614813333333328,0.613016799999998,0.402784,1.08064,18.324863333333322,20.291520000000034,6.33729,5.14171,-7.552576666666657,-10.92843399999998,-6.0725,-8.44534,0.8934723333333344,0.8994168000000006,0.94875,0.816667,132,5,25.6089,35.21771
28.376,28,0.673,2,0,15,5,0,0,1.2050779999999994,1.255506799999998,0.0,1.58166,13.68093999999999,13.842586000000034,25.6089,23.0284,3.3188333333333424,-0.5454139999999803,-12.347,-4.23823,0.8739166666666679,0.8340168000000006,1.0,0.731667,132,5,9.09663,1.8177583
-4.56293,0,0.72,3,0,0,1,0,0,1.2541979999999995,1.1494075999999982,3.21245,0.402784,13.88367999999999,14.203346000000034,9.09663,6.33729,3.8220233333333415,0.23106800000001967,28.376,-6.0725,0.7976666666666677,0.8146834000000005,0.673,0.94875,133,5,6.94551,15.540463
-26.3075,0,1.0,4,238,0,1,0,1,1.2541979999999995,0.8330755999999979,0.550144,0.0,33.19814666666666,26.308126000000033,6.94551,25.6089,-0.8314766666666588,-4.182785999999981,-4.56293,-12.347,0.7976666666666677,0.8683500000000006,0.72,1.0,133,5,83.5523,69.97694
-12.1032,0,0.9075,3,281,0,2,0,0,0.3045439999999994,0.8252163999999981,0.0,3.21245,44.21846999999999,33.47218800000003,83.5523,9.09663,-14.324543333333326,-5.388925999999981,-26.3075,28.376,0.8758333333333345,0.8601000000000004,1.0,0.673,133,5,42.1576,30.680862
-17.7617,0,1.0,3,340,0,2,0,1,0.12116266666666607,0.8252163999999981,0.363488,0.550144,53.38659999999999,35.24038800000003,42.1576,6.94551,-18.724133333333324,-6.471865999999982,-12.1032,-4.56293,0.9691666666666677,0.8601000000000004,0.9075,0.72,133,5,34.4499,54.33666
-18.7287,0,0.961667,4,133,0,3,0,0,0.1964799999999994,0.22791679999999803,0.0,0.0,32.833166666666656,37.799462000000034,34.4499,83.5523,-16.19786666666666,-15.892805999999979,-17.7617,-26.3075,0.9563890000000012,0.9178334000000005,1.0,1.0,133,5,21.892,40.735924
-28.0848,0,0.896667,4,591,0,3,0,1,0.27642133333333274,0.23855039999999805,0.225952,0.363488,32.93349999999999,44.90208000000003,21.892,42.1576,-21.52506666666666,-20.59717999999998,-18.7287,-12.1032,0.9527780000000012,0.9531668000000005,0.961667,0.9075,133,5,42.4586,34.563725
-6.6776,0,0.8875,4,143,0,4,0,0,0.5711413333333327,0.41538239999999804,0.603312,0.0,33.654866666666656,35.51442000000004,42.4586,34.4499,-17.83036666666666,-16.67119999999998,-28.0848,-17.7617,0.9152780000000011,0.9306668000000006,0.896667,1.0,133,5,36.614,20.607462
-15.9037,0,0.98875,4,785,0,4,0,1,0.5252959999999994,0.360367999999998,0.88416,0.225952,32.835066666666656,30.969420000000035,36.614,21.892,-16.888699999999996,-17.431299999999982,-6.6776,-18.7287,0.9243056666666679,0.9469168000000006,0.8875,0.961667,133,5,19.4326,21.763676
-23.5922,0,1.0,4,338,0,5,0,0,0.32419199999999937,0.360367999999998,0.088416,0.603312,25.489366666666655,28.163740000000036,19.4326,42.4586,-15.391166666666658,-18.597399999999983,-15.9037,-28.0848,0.9587500000000012,0.9469168000000007,0.98875,0.896667,133,5,20.4215,43.787983
-4.56293,0,0.72,3,0,0,1,0,0,0.2128533333333327,0.42520639999999804,0.0,0.88416,15.59986999999999,25.174442000000035,20.4215,36.614,-14.686276666666659,-15.76424599999998,-23.5922,-6.6776,0.9029166666666678,0.8985834000000006,1.0,0.8875,134,5,6.94551,13.53349
-26.3075,0,1.0,4,571,0,1,0,1,0.18338133333333273,0.30454399999999804,0.550144,0.088416,36.97310333333332,33.39318200000004,6.94551,19.4326,-18.154209999999996,-15.408785999999981,-4.56293,-15.9037,0.9066666666666677,0.9192500000000006,0.72,0.98875,134,5,83.5523,44.68387
-20.5393,0,0.79,8,475,0,2,0,0,0.4584533333333327,0.29275519999999805,0.0,0.0,46.67966999999999,35.97862200000004,83.5523,20.4215,-17.13657666666666,-18.18112599999998,-26.3075,-23.5922,0.8366666666666678,0.8997500000000006,1.0,1.0,134,5,49.5412,36.530235
-16.9732,0,0.8875,3,424,0,2,0,1,0.4224319999999994,0.36348799999999803,0.825216,0.550144,58.73019999999999,40.71152200000004,49.5412,6.94551,-21.273333333333326,-18.39502599999998,-20.5393,-4.56293,0.8925000000000013,0.8795000000000005,0.79,0.72,134,5,43.0971,38.687626
8.31352,14,0.43,3,11,8,3,0,0,1.5423686666666658,1.035449999999998,0.44208,0.0,31.297309999999985,36.87794800000004,43.0971,83.5523,-9.732993333333328,-12.01388199999998,-16.9732,-26.3075,0.7025000000000011,0.7655000000000005,0.8875,1.0,134,5,1.25363,3.4880154
-9.19429,0,0.9,8,285,0,3,0,1,1.463776666666666,1.0433091999999982,3.35981,0.825216,27.255243333333322,42.971846000000035,1.25363,49.5412,-5.9513233333333275,-12.940153999999978,8.31352,-20.5393,0.739166666666668,0.8015000000000005,0.43,0.79,134,5,37.415,38.09189
-23.054,0,1.0,4,287,0,4,0,0,1.3164166666666661,1.0433091999999982,0.58944,0.44208,24.777009999999986,33.39386600000004,37.415,43.0971,-7.978256666666662,-12.28945399999998,-9.19429,-16.9732,0.7766666666666678,0.8015000000000005,0.9,0.8875,134,5,35.6624,41.425533
-12.347,0,1.0,4,243,0,4,0,1,0.1964799999999994,0.878265999999998,0.0,3.35981,32.89543333333332,28.607406000000033,35.6624,1.25363,-14.86509666666666,-10.65099399999998,-23.054,8.31352,0.966666666666668,0.8435000000000006,1.0,0.43,134,5,25.6089,33.535984
10.9744,18,0.236,3,14,10,5,0,0,2.501846666666666,2.290957999999998,0.0,0.58944,20.729869999999984,20.171648000000033,25.6089,37.415,-8.142199999999995,-5.061473999999978,-12.347,-9.19429,0.7453333333333344,0.7132000000000005,1.0,0.9,134,5,0.91831,0.34633425
-27.9417,0,1.0,10,839,0,1,0,0,2.501846666666666,1.618995999999998,7.50554,0.0,19.510169999999984,26.321582000000035,0.91831,35.6624,-9.771433333333329,-12.31251799999998,10.9744,-23.054,0.7453333333333344,0.8272000000000006,0.236,1.0,135,5,32.0033,25.035513
12.111,28,0.335,2,4,10,2,0,0,3.372906666666666,2.023743999999998,0.0,0.0,13.48541333333332,20.345508000000034,32.0033,25.6089,-1.6187666666666622,-8.051459999999981,-27.9417,-12.347,0.5236666666666678,0.7142000000000006,1.0,1.0,135,5,7.53463,2.5947883
-14.6652,2,0.89,3,270,0,2,0,1,1.0151453333333327,2.110195199999998,2.61318,7.50554,24.836643333333324,20.207428000000032,7.53463,0.91831,-10.165299999999997,-6.373699999999981,12.111,10.9744,0.7416666666666679,0.6922000000000006,0.335,0.236,135,5,34.972,31.165071
-8.44534,0,0.983333,3,355,0,3,0,0,1.0478919999999994,2.129843199999998,0.432256,0.0,16.009303333333317,16.189904000000034,34.972,32.0033,-3.666513333333329,-5.59336799999998,-14.6652,-27.9417,0.7361110000000012,0.6888666000000006,0.89,1.0,135,5,5.52128,18.992067
2.80883,8,0.025,8,0,5,3,0,1,2.0925119999999993,1.7781431999999981,0.09824,2.61318,14.300806666666652,16.488070000000036,5.52128,7.53463,-6.767236666666662,-7.22648199999998,-8.44534,12.111,0.6327776666666679,0.6466666000000006,0.983333,0.335,135,5,2.40914,5.8879657
32.6971,28,0.45625,2,25,15,4,0,0,3.372906666666666,2.6328311999999983,5.74704,0.432256,3.186366666666652,10.413146000000035,2.40914,34.972,9.02019666666667,4.901278000000019,2.80883,-14.6652,0.4881943333333345,0.5379166000000006,0.025,0.89,135,5,1.62868,2.2050896
-2.67556,2,0.91125,8,209,2,4,0,1,3.5726613333333326,2.249695999999998,4.27344,0.09824,7.709239999999986,12.724200000000035,1.62868,5.52128,10.943456666666671,1.9439660000000187,32.6971,-8.44534,0.4641666666666679,0.6531666000000007,0.45625,0.983333,135,5,19.0899,14.686342
-19.1932,0,1.0,4,56,0,5,0,0,1.6569813333333325,2.163244799999998,0.697504,5.74704,19.08402666666665,13.036500000000036,19.0899,2.40914,3.6094466666666705,1.0383660000000183,-2.67556,2.80883,0.7891666666666679,0.6751666000000005,0.91125,0.025,135,5,36.5335,36.029873
-14.3227,0,0.99,2,78,0,1,0,0,0.23905066666666577,2.147526399999998,0.0,4.27344,40.63296666666665,25.187344000000035,36.5335,1.62868,-12.063819999999994,-0.13710599999998116,-19.1932,32.6971,0.9670833333333345,0.6765000000000005,1.0,0.45625,136,5,66.2755,54.02297
-1.99152,4,0.67,2,12,3,2,0,0,0.43880599999999914,1.257472399999998,0.019648,0.697504,35.43369999999998,25.403936000000034,66.2755,19.0899,-11.835806666666663,-1.097175999999981,-14.3227,-2.67556,0.8866666666666679,0.8055000000000007,0.99,0.91125,136,5,3.4921,4.794849
-16.9732,0,1.0,3,627,0,2,0,1,0.43880599999999914,0.40278439999999804,1.29677,0.0,37.621566666666645,33.697620000000036,3.4921,36.5335,-11.095806666666661,-11.03123599999998,-1.99152,-19.1932,0.8866666666666679,0.9142500000000006,0.67,1.0,136,5,43.0971,58.32554
-21.9176,0,0.901667,4,242,0,3,0,0,0.6254619999999992,0.37920679999999807,0.0,0.019648,23.186866666666646,34.473920000000035,43.0971,66.2755,-13.627439999999995,-14.879643999999981,-16.9732,-14.3227,0.8572223333333345,0.9123334000000005,1.0,0.99,136,5,22.9714,25.67218
-13.3961,0,0.891667,4,86,0,3,0,1,0.40605866666666585,0.5069187999999981,0.579616,1.29677,29.723299999999984,31.787500000000033,22.9714,3.4921,-17.428966666666664,-13.720223999999982,-21.9176,-1.99152,0.9311113333333346,0.8906668000000005,0.901667,0.67,136,5,23.1014,30.752155
-6.5335,0,0.86625,4,64,0,4,0,0,0.7564486666666658,0.7132231999999981,0.63856,0.0,17.475473333333316,19.803124000000036,23.1014,43.0971,-13.949066666666662,-12.162383999999982,-13.3961,-16.9732,0.8865280000000012,0.8659168000000005,0.891667,1.0,136,5,6.35362,10.791764
-12.347,0,0.99875,4,190,0,4,0,1,0.5665179999999991,0.4558339999999981,1.05117,0.579616,18.73830666666665,24.45668400000004,6.35362,22.9714,-10.758866666666663,-14.23347999999998,-6.5335,-21.9176,0.9188890000000013,0.9316668000000006,0.86625,0.901667,136,5,26.7599,24.3761
-2.39113,2,0.945,2,0,2,5,0,0,0.5337713333333324,0.563897999999998,0.009824,0.63856,12.19024999999998,16.52871000000004,26.7599,23.1014,-7.090543333333328,-11.317065999999981,-12.347,-13.3961,0.9366666666666679,0.9206668000000006,0.99875,0.891667,136,5,3.45723,2.7870936
-11.0063,0,0.735,4,190,0,1,0,0,0.3569386666666658,0.552109199999998,0.54032,1.05117,24.822776666666645,20.784670000000038,3.45723,6.35362,-8.581476666666662,-9.134805999999982,-2.39113,-6.5335,0.8929166666666678,0.8873334000000005,0.945,0.86625,137,5,44.2512,31.846306
-3.74723,2,0.8275,3,13,2,2,0,0,0.5796159999999991,0.559968399999998,0.520672,0.009824,21.757609999999982,19.67727000000004,44.2512,26.7599,-5.714886666666662,-7.205031999999983,-11.0063,-12.347,0.8358333333333346,0.8745000000000006,0.735,0.99875,137,5,17.5644,6.0881824
-14.6652,0,0.99,5,215,0,2,0,1,0.41260799999999914,0.35759359999999807,0.677856,0.54032,32.65239999999998,25.634866000000034,17.5644,3.45723,-9.80624333333333,-8.831371999999982,-3.74723,-2.39113,0.8508333333333346,0.8992500000000007,0.8275,0.945,137,5,36.1416,44.406807
6.3654,10,0.178333,2,25,6,3,0,0,1.8534606666666658,1.3242747999999982,0.039296,0.520672,18.316696666666648,20.531704000000037,36.1416,44.2512,-4.0156766666666615,-5.088891999999982,-14.6652,-11.0063,0.6652776666666679,0.7351666000000006,0.99,0.735,137,5,1.24409,1.7338986
-6.23147,0,0.686667,4,5,0,3,0,1,2.243145333333332,1.5855927999999984,4.84323,0.677856,19.359363333333313,23.978738000000035,1.24409,17.5644,-4.843756666666661,-5.856959999999981,6.3654,-3.74723,0.6183333333333345,0.6835000000000007,0.178333,0.8275,137,5,20.6924,10.432208
-6.6776,0,0.9925,2,13,0,4,0,0,2.2496946666666657,1.493247199999998,1.84691,0.039296,19.50152999999998,22.442118000000036,20.6924,36.1416,-2.1812233333333286,-4.9912199999999824,-6.23147,-14.6652,0.6191666666666679,0.7350000000000005,0.686667,0.99,137,5,36.5681,22.313011
-22.259,0,0.84125,10,398,0,4,0,1,1.051167999999999,1.6072059999999984,0.058944,4.84323,25.098499999999984,22.536238000000036,36.5681,1.24409,-11.722689999999995,-8.69357399999998,-6.6776,6.3654,0.8401390000000012,0.7377500000000006,0.9925,0.178333,137,5,18.035,26.817862
-12.3389,0,1.0,2,0,0,5,0,0,0.43553133333333244,1.599346799999998,1.24765,1.84691,27.09166666666665,20.642298000000036,18.035,20.6924,-13.758499999999996,-8.228313999999981,-22.259,-6.23147,0.9445833333333346,0.7397500000000006,0.84125,0.686667,137,5,26.6719,30.624214
-19.9655,0,0.6,8,433,0,1,0,0,0.6778566666666658,0.787884799999998,0.0,0.058944,22.683466666666646,25.062180000000037,26.6719,36.5681,-18.187799999999996,-13.49449399999998,-12.3389,-6.6776,0.8137500000000012,0.8240834000000005,1.0,0.9925,138,5,23.3435,25.986208
-19.2001,0,1.0,5,673,0,2,0,0,0.26197333333333245,0.41850279999999795,0.78592,1.24765,21.85289999999998,24.032360000000036,23.3435,18.035,-17.16816666666666,-16.088219999999982,-19.9655,-22.259,0.8666666666666679,0.8867500000000007,0.6,0.84125,138,5,15.5433,20.319078
-19.9552,0,0.975,3,546,0,2,0,1,0.2947199999999991,0.426361999999998,0.0,0.0,27.64809999999998,25.53024000000004,15.5433,26.6719,-19.70693333333333,-18.74373999999998,-19.2001,-12.3389,0.8583333333333346,0.8832500000000005,1.0,1.0,138,5,44.0575,35.39547
0.756431,6,0.735,2,249,4,3,0,0,0.5534199999999991,0.48923599999999806,0.09824,0.78592,21.81784666666665,23.09378800000004,44.0575,23.3435,-12.799622999999995,-14.140653799999981,-19.9552,-19.9655,0.9033333333333345,0.8620000000000004,0.975,0.6,138,5,5.85274,5.1069865
-28.0848,0,1.0,3,792,0,3,0,1,0.5534199999999991,0.48923599999999806,1.56202,0.0,30.78961333333331,26.251128000000033,5.85274,15.5433,-15.761189666666661,-17.289833799999982,0.756431,-19.2001,0.9033333333333345,0.8620000000000004,0.735,1.0,138,5,42.4586,40.75709
-23.054,0,1.0,3,235,0,4,0,0,0.5206733333333324,0.332051999999998,0.0,0.09824,27.991246666666644,28.714908000000037,42.4586,44.0575,-16.794122999999995,-17.90753379999998,-28.0848,-19.9552,0.9116666666666678,0.9420000000000005,1.0,0.975,138,5,35.6624,37.3302
-12.347,0,0.9925,3,276,0,4,0,1,0.019647999999999114,0.34384079999999806,0.0,1.56202,35.23916666666665,31.12554800000003,35.6624,5.85274,-21.161933333333327,-16.536913799999983,-23.054,0.756431,0.9975000000000013,0.9405000000000007,1.0,0.735,138,5,27.5965,19.196579
-2.61898,2,0.919,8,6,2,5,0,0,0.2848959999999991,0.48334159999999804,0.058944,0.0,24.079573333333315,24.110012000000037,27.5965,42.4586,-12.67332666666666,-13.06966979999998,-12.347,-28.0848,0.9705000000000013,0.9293000000000007,0.9925,1.0,138,5,8.97982,9.500286
-3.84767,2,0.645,3,6,2,1,0,0,0.5173973333333325,0.310438399999998,0.795744,0.0,24.435439999999982,30.285464000000037,8.97982,35.6624,-6.271216666666661,-13.990489999999983,-2.61898,-23.054,0.852166666666668,0.9113000000000004,0.919,1.0,139,5,36.73,12.148984
25.1203,28,0.0,2,9,15,2,0,0,1.8076159999999992,1.096358399999998,0.697504,0.058944,15.879076666666647,22.179226000000035,36.73,27.5965,6.217883333333337,-3.3494699999999815,-3.84767,-12.347,0.5213333333333345,0.7113000000000006,0.645,0.9925,139,5,1.92741,1.2377228
-12.3601,0,0.88,10,363,0,2,0,1,1.699551999999999,1.190668799999998,3.9296,0.795744,24.98913666666665,22.308746000000035,1.92741,8.97982,2.970843333333338,-1.2106899999999812,25.1203,-2.61898,0.5083333333333345,0.6873000000000007,0.0,0.919,139,5,36.31,53.620296
-18.1682,0,0.9,4,191,0,3,0,0,1.6635306666666658,1.296767999999998,0.471552,0.697504,20.36136999999998,21.358786000000038,36.31,36.73,-1.8026666666666618,-2.374929999999981,-12.3601,-3.84767,0.5933333333333345,0.6688000000000006,0.88,0.645,139,5,22.8467,25.997581
-9.19429,0,0.97,9,260,0,3,0,1,0.41260799999999903,1.172985599999998,0.58944,3.9296,32.130433333333315,27.009742000000035,22.8467,1.92741,-13.24086333333333,-3.689991999999981,-18.1682,25.1203,0.9166666666666679,0.6790000000000006,0.9,0.0,139,5,37.2346,40.729904
11.8002,18,0.01125,3,5,10,4,0,0,2.845683999999999,2.587640799999998,0.176832,0.471552,20.552429999999976,19.978940000000037,37.2346,36.31,-5.187429999999996,-0.5604179999999811,-9.19429,-12.3601,0.6270833333333345,0.5522500000000006,0.97,0.88,139,5,1.57599,2.0446572
-22.259,0,1.0,7,999,0,4,0,1,2.6492039999999992,1.8017207999999982,7.77078,0.58944,18.94852999999998,23.200458000000037,1.57599,22.8467,-6.551029999999997,-10.036277999999982,11.8002,-18.1682,0.6604166666666679,0.7522500000000006,0.01125,0.9,139,5,18.035,28.223688
-23.5922,0,1.0,8,414,0,5,0,0,2.5902599999999993,1.7074103999999977,0.0,0.176832,13.344163333333313,20.02275800000004,18.035,37.2346,-11.35033333333333,-12.28269799999998,-22.259,-9.19429,0.6704166666666679,0.7762500000000007,1.0,0.97,139,5,20.4215,26.391779
-11.8155,0,0.87,5,285,0,1,0,0,0.08514133333333244,1.640607199999998,0.0,7.77078,33.340566666666646,27.76645800000004,20.4215,1.57599,-19.22223333333333,-11.012157999999982,-23.5922,11.8002,0.9566666666666679,0.7702500000000005,1.0,0.01125,140,5,61.5652,38.316044
-6.7699,0,0.9725,4,73,0,2,0,0,0.12116266666666577,1.626853599999998,0.255424,0.0,45.537599999999976,31.244758000000036,61.5652,18.035,-14.059199999999997,-10.527279999999982,-11.8155,-22.259,0.9475000000000012,0.7707500000000006,0.87,1.0,140,5,54.6261,25.99596
-19.9552,0,1.0,3,399,0,2,0,1,0.12116266666666577,0.07269759999999804,0.108064,0.0,53.416266666666644,39.74106000000003,54.6261,20.4215,-12.846866666666664,-16.878359999999983,-6.7699,-23.5922,0.9475000000000012,0.9685000000000006,0.9725,1.0,140,5,44.0575,58.057484
8.47327,14,0.286667,3,24,8,3,0,0,1.4375779999999991,0.9136315999999981,0.0,0.255424,33.30759666666664,36.381898000000035,44.0575,61.5652,-6.08394333333333,-10.73190599999998,-19.9552,-11.8155,0.7530556666666678,0.8258334000000005,1.0,0.87,140,5,1.23919,2.7220647
2.80883,8,0.0,4,0,5,3,0,1,3.369629999999999,2.094475599999998,4.20467,0.108064,15.858143333333311,32.75314600000004,1.23919,54.6261,-2.8910333333333305,-5.451699999999982,8.47327,-6.7699,0.4288890000000012,0.6258334000000005,0.286667,0.9725,140,5,2.27774,5.290748
1.18428,6,0.85875,2,89,4,4,0,0,3.739666666666666,2.2654127999999982,5.90422,0.0,3.322966666666646,21.73050000000004,2.27774,44.0575,4.155460000000003,-2.851743999999982,2.80883,-19.9552,0.3818056666666679,0.6235834000000006,0.0,1.0,140,5,6.45197,5.7845254
7.76289,14,0.57,4,98,8,4,0,1,3.464596666666665,2.9196919999999977,1.11011,4.20467,11.07856999999998,15.706480000000036,6.45197,1.23919,3.9186666666666703,0.054814000000017946,1.18428,8.47327,0.4762500000000012,0.5430834000000005,0.85875,0.286667,140,5,24.506,10.802211
33.5821,28,0.342,2,13,15,5,0,0,3.6512533333333326,4.212529999999998,3.37946,5.90422,10.617819333333312,7.074077600000036,24.506,2.27774,14.176423333333338,10.762274000000017,7.76289,2.80883,0.5902500000000012,0.41148340000000055,0.57,0.0,140,5,0.895488,-0.9998022
-7.14848,0,0.875,3,19,0,1,0,0,3.363083333333332,3.420715999999998,6.46419,1.11011,31.27042933333331,20.508199600000037,0.895488,6.45197,11.39883666666667,7.637924000000018,33.5821,1.18428,0.5956666666666678,0.5291500000000006,0.342,0.85875,141,5,68.4098,54.369232
12.1635,18,0.015,1,6,10,2,0,0,3.5268166666666656,3.014003999999998,0.2456,3.37946,24.761142666666647,21.048279600000036,68.4098,24.506,12.86570666666667,9.508858000000018,-7.14848,7.76289,0.4106666666666679,0.5321500000000006,0.875,0.57,141,5,4.97814,0.7544086
-12.3601,0,0.995,10,145,0,2,0,1,1.378635999999999,2.795911599999998,3.87066,6.46419,36.908079999999984,27.22514560000004,4.97814,0.895488,-2.448359999999995,6.799982000000017,12.1635,33.5821,0.6283333333333346,0.5594000000000005,0.015,0.342,141,5,37.3363,69.12217
26.0187,28,0.613333,2,21,15,3,0,0,2.056492666666666,2.575853599999998,0.019648,0.2456,15.977466666666649,23.44753760000004,37.3363,68.4098,8.607366666666671,10.451144000000017,-12.3601,-7.14848,0.5411110000000012,0.5680666000000005,0.995,0.875,141,5,5.61796,3.761642
-13.3961,0,0.998333,3,50,0,3,0,1,0.7695473333333326,1.284980399999998,2.27917,3.87066,22.19975333333332,27.99744000000004,5.61796,4.97814,0.08750000000000391,1.0555040000000182,26.0187,12.1635,0.8688886666666679,0.6993332000000005,0.613333,0.015,141,5,23.645,37.213127
17.1376,0,1.0,4,2,13,4,0,0,0.7629979999999992,1.2358603999999982,0.009824,0.019648,21.94368666666665,21.62910000000004,23.645,37.3363,9.92006666666667,5.912720000000018,-13.3961,-12.3601,0.8705553333333346,0.7243332000000006,0.998333,0.995,141,5,36.5681,20.820347
-22.259,0,1.0,4,506,0,4,0,1,0.0032746666666657784,0.4617283999999981,0.0,2.27917,26.082699999999985,24.24047200000004,36.5681,5.61796,-6.172499999999996,-0.9717799999999819,17.1376,26.0187,0.9994443333333346,0.9213332000000005,1.0,0.613333,141,5,18.035,15.210275
-1.12465,4,0.672,3,183,3,5,0,0,1.074089999999999,1.102252799999998,0.0,0.009824,19.36003999999998,17.468616000000036,18.035,23.645,-2.082016666666662,1.275310000000018,-22.259,-13.3961,0.8906666666666679,0.8567332000000005,1.0,0.998333,141,5,3.47702,9.706658
-18.3484,0,1.0,8,68,0,1,0,0,1.074089999999999,0.6464187999999981,3.22227,0.0,19.81620666666665,23.932344000000036,3.47702,36.5681,-13.91068333333333,-7.598109999999982,-1.12465,17.1376,0.8906666666666679,0.9340666000000006,0.672,1.0,142,5,37.9366,22.585007
5.00305,8,0.1075,8,15,5,2,0,0,2.2431466666666657,1.345887999999998,0.0,0.0,15.211189999999979,20.04733400000004,37.9366,18.035,-4.823333333333329,-3.9182799999999816,-18.3484,-22.259,0.5931666666666678,0.7559000000000006,1.0,1.0,142,5,4.21995,3.4306612
-19.9552,0,1.0,3,220,0,2,0,1,1.1690566666666657,1.345887999999998,3.50717,3.22227,28.738016666666642,21.545214000000037,4.21995,3.47702,-11.100183333333328,-11.336839999999983,5.00305,-1.12465,0.7025000000000011,0.7559000000000005,0.1075,0.672,142,5,44.0575,39.358925
-18.1682,0,1.0,5,332,0,3,0,0,1.1690566666666657,1.345887999999998,0.0,0.0,23.708049999999975,22.507554000000034,44.0575,37.9366,-11.040116666666663,-10.518679999999982,-19.9552,-18.3484,0.7025000000000011,0.7559000000000005,1.0,1.0,142,5,22.8467,23.67382
-7.31226,0,0.771667,4,23,0,3,0,1,0.44862999999999914,0.970611999999998,0.0,3.50717,28.750566666666646,25.681650000000037,22.8467,4.21995,-15.145219999999995,-11.756201999999982,-18.1682,5.00305,0.9238890000000012,0.7758334000000006,1.0,0.1075,142,5,19.3475,10.088414
-36.4512,0,0.9625,2,195,0,4,0,0,0.5468699999999992,1.0295559999999981,1.34589,0.0,26.94846666666665,25.824570000000033,19.3475,44.0575,-20.64388666666666,-15.376761999999982,-7.31226,-19.9552,0.9113890000000012,0.7683334000000006,0.771667,1.0,142,5,38.6512,39.798134
7.76289,14,1.0,3,7,8,4,0,1,0.5468699999999992,0.3281219999999981,0.29472,0.0,27.50156666666665,29.881780000000038,38.6512,22.8467,-12.000189999999995,-14.824793999999983,-36.4512,-18.1682,0.9113890000000012,0.9468334000000006,0.9625,1.0,142,5,24.506,18.961573
-12.3389,0,1.0,2,0,0,5,0,0,0.0982399999999991,0.3281219999999981,0.0,1.34589,29.943033333333318,26.404660000000035,24.506,19.3475,-13.67573666666666,-13.30153399999998,7.76289,-7.31226,0.9875000000000013,0.9468334000000006,1.0,0.771667,142,5,26.6719,19.38244
-18.6751,0,0.845,3,421,0,1,0,0,0.10151466666666577,0.38903079999999807,0.0,0.29472,36.49776666666665,33.49840000000004,26.6719,38.6512,-7.750369999999993,-13.402913999999981,-12.3389,-36.4512,0.9483333333333345,0.9158334000000006,1.0,0.9625,143,5,58.3154,65.42893
-2.74681,2,0.755,3,10,2,2,0,0,0.4224319999999991,0.31240319999999805,0.304544,0.0,29.33936666666665,30.23506000000004,58.3154,24.506,-11.253603333333325,-12.489823999999981,-18.6751,7.76289,0.8666666666666679,0.9125000000000005,0.845,1.0,143,5,3.0308,4.183437
-12.3601,0,0.9925,4,232,0,2,0,1,0.4322559999999991,0.259353599999998,0.962752,0.0,33.101466666666646,30.096460000000036,3.0308,26.6719,-11.260669999999992,-7.6716039999999825,-2.74681,-12.3389,0.864166666666668,0.9185000000000005,0.755,1.0,143,5,37.9582,52.24328
0.100001,6,0.381667,3,16,4,3,0,0,1.5456413333333323,0.988293599999998,0.029472,0.304544,14.073139999999983,25.441344000000036,37.9582,58.3154,-5.002302999999992,-9.204181799999981,-12.3601,-18.6751,0.7097223333333345,0.7948334000000006,0.9925,0.845,143,5,1.23042,2.89466
-35.4392,0,1.0,3,814,0,3,0,1,1.224723999999999,0.988293599999998,3.6447,0.962752,27.215739999999983,28.598684000000038,1.23042,3.0308,-15.899766333333325,-13.824241799999982,0.100001,-2.74681,0.7913890000000011,0.7948334000000006,0.381667,0.755,143,5,42.4586,52.760803
9.95728,16,0.375,2,40,9,4,0,0,2.8522333333333325,1.9097847999999982,0.0,0.029472,15.08291666666665,17.24755000000004,42.4586,37.9582,-8.46063966666666,-8.097765799999982,-35.4392,-12.3601,0.5855556666666678,0.7008334000000006,1.0,0.9925,143,5,1.55973,2.1775022
-22.259,0,1.0,4,91,0,4,0,1,1.6373333333333322,1.7172343999999982,4.912,3.6447,20.684443333333316,20.248390000000036,1.55973,1.23042,-15.913639999999992,-12.00020379999998,9.95728,0.100001,0.7916666666666679,0.7498334000000006,0.375,0.381667,143,5,18.035,20.671066
-2.61898,2,0.945,8,6,2,5,0,0,1.8174399999999993,1.819403999999998,0.0,0.0,9.515773333333316,14.447268000000037,18.035,42.4586,-4.973566666666659,-10.05197979999998,-22.259,-35.4392,0.7733333333333344,0.7403334000000006,1.0,1.0,143,5,8.95259,9.918022
-26.6305,0,1.0,10,441,0,1,0,0,0.1801066666666655,1.090463999999998,0.54032,4.912,18.511396666666652,19.91050400000004,8.95259,1.55973,-17.169493333333325,-15.398079999999982,-2.61898,9.95728,0.9816666666666678,0.8640000000000005,0.945,0.375,144,5,28.5466,31.026173
31.2567,28,0.0825,2,7,15,2,0,0,1.3819099999999989,1.811545999999998,0.0,0.0,12.98390666666665,11.709290000000037,28.5466,18.035,0.6690733333333405,-2.058899999999982,-26.6305,-22.259,0.6758333333333345,0.6805000000000005,1.0,1.0,144,5,1.45253,0.5937902
-19.9552,0,1.0,8,243,0,2,0,1,1.2018033333333322,0.8291459999999979,3.60541,0.54032,24.685543333333317,20.208844000000035,1.45253,8.95259,-5.1096666666666595,-8.041395999999983,31.2567,-2.61898,0.6941666666666678,0.8055000000000005,0.0825,0.945,144,5,44.0575,42.551662
-11.6698,0,0.823333,3,325,0,3,0,0,1.5489166666666654,1.0374139999999978,0.0,0.0,17.069499999999984,17.741538000000038,44.0575,28.5466,-0.12276666666665943,-5.923555999999982,-19.9552,-26.6305,0.6352776666666679,0.7701666000000005,1.0,1.0,144,5,5.69847,7.858024
-33.317,0,0.878333,4,167,0,3,0,1,0.5861639999999988,1.0727803999999979,1.04134,3.60541,28.19735666666665,22.918240000000036,5.69847,1.45253,-21.647333333333325,-12.063159999999982,-11.6698,31.2567,0.9005553333333345,0.7568332000000005,0.823333,0.0825,144,5,34.8361,39.199806
-1.73293,4,0.72125,3,20,3,4,0,0,1.3164139999999989,1.5109303999999981,0.717152,0.0,15.538773333333317,18.425270000000037,34.8361,44.0575,-15.573243333333325,-7.083645999999983,-33.317,-19.9552,0.8076386666666678,0.7010832000000005,0.878333,1.0,144,5,6.08175,2.8000798
7.76289,14,0.57125,5,5,8,4,0,1,2.0925106666666653,1.463774399999998,2.19075,1.04134,21.439949999999982,22.815164000000035,6.08175,5.69847,-9.09567999999999,-11.78240799999998,-1.73293,-11.6698,0.7236110000000012,0.7988332000000005,0.72125,0.823333,144,5,23.402,7.934173
-23.5922,0,1.0,4,328,0,5,0,0,1.853459999999999,1.463774399999998,3.36963,0.717152,16.635083333333316,18.08796400000004,23.402,34.8361,-5.85407999999999,-12.509807999999982,7.76289,-33.317,0.7641666666666679,0.7988332000000005,0.57125,0.878333,144,5,20.4215,15.132383
9.91489,16,0.015,2,4,9,1,0,0,1.7683199999999986,1.6425723999999982,0.0,2.19075,15.32823666666665,17.38051200000004,20.4215,6.08175,-1.9714733333333239,-8.192869999999981,-23.5922,-1.73293,0.5287500000000012,0.6371666000000006,1.0,0.72125,145,5,2.16121,3.4536054
1.43889,6,0.315,5,18,4,2,0,0,1.542369999999999,2.037497999999998,1.93533,3.36963,8.041303333333317,10.721532000000037,2.16121,23.402,-4.079473333333323,-1.2416919999999814,9.91489,7.76289,0.44333333333333447,0.5245000000000005,0.015,0.57125,145,5,1.5412,4.893991
-22.7552,0,0.905,4,238,0,2,0,1,1.6668073333333322,1.674010399999998,2.69178,0.0,13.904969999999985,17.10768200000004,1.5412,20.4215,-3.8004733333333234,-5.446145999999981,1.43889,-23.5922,0.4116666666666678,0.5612500000000006,0.315,1.0,145,5,38.0125,30.510233
-13.5087,0,0.898333,4,123,0,3,0,0,1.2214519999999989,1.119937199999998,0.373312,1.93533,21.107966666666652,17.181322000000037,38.0125,2.16121,-11.608336666666657,-9.70046399999998,-22.7552,9.91489,0.7061110000000013,0.6266666000000006,0.905,0.015,145,5,23.7702,24.4765
2.80883,8,0.155,5,4,5,3,0,1,1.9844486666666654,2.1160911999999983,0.599264,2.69178,21.323509999999985,13.534588000000038,23.7702,1.5412,-11.15168999999999,-4.420257999999982,-13.5087,1.43889,0.6527776666666678,0.4576666000000006,0.898333,0.315,145,5,2.18783,6.442751
-19.6251,26,0.7925,2,20,0,4,0,0,2.403604666666665,2.055181199999998,4.98077,0.373312,21.172009999999982,20.613946000000038,2.18783,38.0125,-10.108323333333324,-10.328255999999982,2.80883,-22.7552,0.6152776666666678,0.6131666000000006,0.155,0.905,145,5,37.558,30.613506
-22.259,0,1.0,4,4,0,4,0,1,2.2038499999999988,1.516825199999998,1.63078,0.599264,19.260276666666652,23.91270600000004,37.558,23.7702,-13.025089999999992,-15.067833999999982,-19.6251,-13.5087,0.6491666666666678,0.7501666000000006,0.7925,0.898333,145,5,18.035,21.075176
7.84892,14,0.291,3,24,8,5,0,0,2.865333333333332,2.835206799999998,0.0,4.98077,18.828339999999983,16.48861000000004,18.035,2.18783,-11.345059999999991,-8.947009999999983,-22.259,2.80883,0.6945000000000011,0.6273666000000004,1.0,0.155,145,5,0.89202,1.7428192
-4.03702,2,0.67,2,29,2,1,0,0,2.537867999999999,2.8450307999999978,6.96522,1.63078,9.291233333333317,13.52390600000004,0.89202,37.558,-6.149033333333324,-7.052673999999984,7.84892,-19.6251,0.6536666666666678,0.5817000000000005,0.291,0.7925,146,5,8.94668,10.932187
1.32003,6,0.325,4,0,4,2,0,0,3.422027999999999,2.379372799999998,0.648384,0.0,3.746693333333317,13.366616000000036,8.94668,18.035,1.7106433333333426,-7.350433999999983,-4.03702,-22.259,0.4286666666666678,0.6157000000000006,0.67,1.0,146,5,1.40138,2.744404
-19.9552,0,1.0,8,344,0,2,0,1,1.1002879999999988,2.053216799999998,2.65248,6.96522,18.13518666666665,14.666516000000035,1.40138,0.89202,-7.557396666666658,-7.416453999999982,1.32003,7.84892,0.6650000000000011,0.6572000000000006,0.325,0.291,146,5,44.0575,32.300003
8.34796,14,0.571667,2,24,8,3,0,0,1.725749999999999,2.5581707999999983,0.0,0.648384,15.565856666666647,11.307254000000038,44.0575,8.94668,-3.429069999999991,-1.2950619999999824,-19.9552,-4.03702,0.6322223333333344,0.5715334000000005,1.0,0.67,146,5,1.23869,3.4883478
-18.3753,0,0.93,4,80,0,3,0,1,0.9791259999999989,1.247648399999998,2.52477,2.65248,23.42522999999998,16.124750000000038,1.23869,1.40138,-9.994179999999991,-6.5399059999999825,8.34796,1.32003,0.8338890000000011,0.6993334000000007,0.571667,0.325,146,5,24.9795,40.5399
-24.5935,0,0.95875,3,287,0,4,0,0,1.087189999999999,1.1828099999999981,0.412608,0.0,22.251996666666646,22.44297400000004,24.9795,44.0575,-11.54027999999999,-10.651201999999982,-18.3753,-19.9552,0.8201390000000011,0.7570834000000006,0.93,1.0,146,5,40.5378,37.32319
7.76289,14,0.00375,5,4,8,4,0,1,2.855509999999999,2.218259999999998,0.324192,2.52477,27.922633333333312,25.81281800000004,40.5378,1.23869,-11.735303333333322,-9.362629999999982,-24.5935,8.34796,0.6308333333333344,0.6928334000000006,0.95875,0.571667,146,5,18.2506,7.454832
-1.12465,4,0.902,2,0,3,5,0,0,3.038891333333332,2.410810399999998,7.82973,0.412608,20.72004333333331,17.675664000000033,18.2506,24.9795,-5.985086666666657,-5.596519999999982,7.76289,-18.3753,0.6215000000000012,0.6732334000000005,0.00375,0.93,146,5,3.37173,6.879978
-19.3143,0,0.805,1,442,0,1,0,0,3.058539333333332,1.982483599999998,0.962752,0.324192,21.240709999999982,25.847886000000038,3.37173,40.5378,-4.225353333333324,-11.128971999999981,-1.12465,-24.5935,0.5702500000000011,0.7199000000000005,0.902,0.95875,147,5,42.0998,57.072765
-12.8676,0,0.985,4,262,0,2,0,0,0.4682773333333325,1.9117507999999979,0.383136,7.82973,56.83117666666666,45.856386000000036,42.0998,18.2506,-11.102183333333324,-10.027431999999981,-19.3143,7.76289,0.8973333333333345,0.7309000000000007,0.805,0.00375,147,5,125.022,87.860954
-22.7552,0,1.0,4,341,0,2,0,1,0.1473599999999991,1.846912399999998,0.058944,0.962752,68.37809999999998,45.35132600000004,125.022,3.37173,-18.312366666666655,-9.65977199999998,-12.8676,-1.12465,0.9300000000000012,0.7391500000000006,0.985,0.902,147,5,38.0125,46.884968
-9.8887,0,0.873333,3,559,0,3,0,0,0.26852266666666574,0.43029119999999804,0.0,0.383136,56.30104666666665,42.87493400000004,38.0125,42.0998,-15.17049999999999,-13.19008999999998,-22.7552,-19.3143,0.9527776666666677,0.9130666000000005,1.0,0.805,147,5,5.86864,32.99163
-7.31226,0,0.995,2,14,0,3,0,1,0.2586986666666658,0.24363519999999803,0.746624,0.058944,21.117679999999982,46.09496800000004,5.86864,125.022,-13.318719999999992,-14.427611999999982,-9.8887,-12.8676,0.9561110000000012,0.9316666000000005,0.873333,0.985,147,5,19.4719,11.71996
9.95728,16,0.1675,3,0,9,4,0,0,2.4396253333333324,1.475563999999998,0.029472,0.0,8.954123333333316,37.97937400000004,19.4719,38.0125,-2.4145599999999905,-8.573295999999981,-7.31226,-22.7552,0.6786110000000011,0.8041666000000006,0.995,1.0,147,5,1.52183,1.1196878
-11.9427,0,0.9975,5,118,0,4,0,1,2.197299999999999,1.467704799999998,6.54278,0.746624,13.502276666666651,16.877594000000038,1.52183,5.86864,-3.0992266666666572,-8.388315999999982,9.95728,-9.8887,0.7200000000000011,0.8066666000000005,0.1675,0.873333,147,5,19.5131,22.07289
-15.2541,0,1.0,5,121,0,5,0,0,2.187475999999999,1.467704799999998,0.019648,0.029472,15.90227666666665,14.609474000000038,19.5131,19.4719,-5.746506666666657,-6.888095999999981,-11.9427,-7.31226,0.7216666666666679,0.8066666000000005,0.9975,0.995,147,5,26.6719,30.578167
-22.7639,0,1.0,8,164,0,1,0,0,0.006549333333332445,1.318379999999998,0.0,6.54278,42.27596666666665,29.56432600000004,26.6719,1.52183,-16.65356666666666,-9.463135999999981,-15.2541,9.95728,0.9991666666666678,0.8320000000000005,1.0,0.1675,148,5,80.6429,49.538185
-17.5156,0,1.0,8,195,0,2,0,0,0.0,1.312485599999998,0.0,0.019648,61.68826666666664,41.219946000000036,80.6429,19.5131,-18.511199999999988,-11.503803999999981,-22.7639,-11.9427,1.0,0.8330000000000005,1.0,0.9975,148,5,77.75,70.744576
-19.9552,0,1.0,5,476,0,2,0,1,0.0,0.003929599999998046,0.0,0.0,67.48346666666664,49.727080000000036,77.75,26.6719,-20.078233333333326,-17.486299999999982,-17.5156,-15.2541,1.0,0.9995000000000005,1.0,1.0,148,5,44.0575,49.63113
-13.5087,0,0.995,4,126,0,3,0,0,0.009823999999999113,0.005894399999998046,0.0,0.0,48.773699999999984,50.72718000000003,44.0575,80.6429,-16.993166666666657,-17.79949999999998,-19.9552,-22.7639,0.9983333333333344,0.9990000000000003,1.0,1.0,148,5,24.5136,56.618958
-35.4392,0,1.0,3,584,0,3,0,1,0.009823999999999113,0.005894399999998046,0.029472,0.0,37.00989999999998,53.88452000000003,24.5136,77.75,-22.96769999999999,-21.836519999999986,-13.5087,-17.5156,0.9983333333333344,0.9990000000000006,0.995,1.0,148,5,42.4586,56.10242
-1.73293,4,0.8675,3,0,3,4,0,0,0.3569373333333324,0.21416239999999803,0.0,0.0,24.282229999999974,38.93083800000004,42.4586,44.0575,-16.893609999999992,-17.630325999999982,-35.4392,-19.9552,0.9541666666666678,0.9725000000000005,1.0,1.0,148,5,5.87449,7.2657905
7.76289,14,0.01375,3,0,8,4,0,1,2.930826666666666,1.7643903999999981,1.04134,0.029472,21.116096666666646,26.38387800000003,5.87449,24.5136,-9.80307999999999,-12.574627999999985,-1.73293,-13.5087,0.6270833333333344,0.7752500000000005,0.8675,0.995,148,5,15.0152,2.8226886
-2.61898,2,0.868,4,0,2,5,0,0,3.3630833333333325,2.0237443999999982,7.75114,0.0,9.843969999999981,19.300822000000032,15.0152,42.4586,1.1369933333333424,-9.107383999999982,7.76289,-35.4392,0.5830833333333344,0.7488500000000006,0.01375,1.0,148,5,8.64222,4.6366386
19.858,26,0.19,2,5,14,1,0,0,3.5463566666666657,2.3360819999999984,1.29677,1.04134,10.449759999999982,15.936474000000036,8.64222,5.87449,8.33397000000001,-2.4340439999999814,-2.61898,-1.73293,0.3572500000000011,0.5878500000000005,0.868,0.8675,149,5,7.69186,5.0625486
-27.9596,0,1.0,2,7,0,2,0,0,0.9626433333333324,2.3360819999999984,1.59116,7.75114,57.75035999999998,38.82815400000004,7.69186,15.0152,-3.5735266666666567,-0.9381239999999813,19.858,7.76289,0.6860000000000012,0.5878500000000006,0.19,0.01375,149,5,156.917,108.20995
-22.1922,0,0.8925,3,528,0,2,0,1,0.6711973333333324,2.212300399999998,0.0,1.29677,67.63665333333331,45.31347600000003,156.917,8.64222,-10.097933333333323,-5.029977999999981,-27.9596,-2.61898,0.6941666666666677,0.5928500000000005,1.0,0.868,149,5,38.3011,36.939148
8.34796,14,0.065,2,0,8,3,0,0,1.9778973333333323,1.7643243999999982,0.422432,1.59116,65.47430333333331,42.551398000000034,38.3011,7.69186,-13.934613333333322,-4.912963999999981,-22.1922,19.858,0.6525000000000011,0.6031000000000005,0.8925,0.19,149,5,1.20481,4.5834403
-33.317,0,1.0,5,346,0,3,0,1,1.9778973333333323,1.504970399999998,5.51126,0.0,24.780669999999983,47.790174000000036,1.20481,156.917,-15.720413333333324,-11.052567999999981,8.34796,-27.9596,0.6525000000000011,0.6295000000000005,0.065,1.0,149,5,34.8361,42.507877
-3.39311,2,1.0,4,15,2,4,0,0,1.8370866666666659,1.186738399999998,0.0,0.422432,24.53296999999998,53.76340200000003,34.8361,38.3011,-9.45404999999999,-15.702789999999982,-33.317,-22.1922,0.6883333333333345,0.7915000000000006,1.0,0.8925,149,5,37.558,27.191761
-11.9427,0,0.98125,9,270,0,4,0,1,0.04911999999999911,1.216210399999998,0.0,5.51126,31.083666666666648,26.551382000000036,37.558,1.20481,-16.217603333333326,-12.499409999999981,-3.39311,8.34796,0.9937500000000012,0.7877500000000006,1.0,0.065,149,5,20.8569,23.96399
-22.3485,0,0.947,3,268,0,5,0,0,0.22267733333333242,1.2358583999999981,0.14736,0.0,27.05189999999998,23.439322000000036,20.8569,34.8361,-12.561436666666658,-12.530669999999983,-11.9427,-33.317,0.9760833333333344,0.7986500000000005,0.98125,1.0,149,5,22.7408,41.535553
-13.0544,0,1.0,4,716,0,1,0,0,0.22267733333333242,0.13360639999999804,0.520672,0.0,22.84336666666665,28.184840000000037,22.7408,37.558,-15.781866666666659,-16.811141999999982,-22.3485,-3.39311,0.9760833333333344,0.9856500000000006,0.947,1.0,150,5,24.9324,34.025036
-12.2853,0,0.9875,4,166,0,2,0,0,0.1899306666666658,0.14343039999999804,0.0,0.14736,23.100733333333313,25.543420000000033,24.9324,20.8569,-15.896066666666657,-12.604801999999982,-13.0544,-11.9427,0.9781666666666679,0.9831500000000005,1.0,0.98125,150,5,21.629,29.511013
-19.9552,0,1.0,4,649,0,2,0,1,0.016373333333332445,0.14343039999999804,0.04912,0.520672,30.20629999999998,26.843320000000034,21.629,22.7408,-15.09829999999999,-15.91721999999998,-12.2853,-22.3485,0.9958333333333345,0.9831500000000005,0.9875,0.947,150,5,44.0575,26.486042
-2.61132,2,0.858333,2,304,2,3,0,0,0.29471999999999915,0.28096639999999806,0.0,0.0,23.930573333333314,23.892984000000034,44.0575,24.9324,-11.617273333333323,-14.050943999999982,-19.9552,-13.0544,0.9486110000000011,0.9585666000000005,1.0,1.0,150,5,6.10522,5.3846326
-12.2156,0,0.676667,8,53,0,3,0,1,0.9136333333333324,0.5580039999999981,0.83504,0.04912,17.455746666666645,19.785728000000034,6.10522,21.629,-11.59403999999999,-12.02436399999998,-2.61132,-12.2853,0.8450000000000012,0.9045000000000005,0.858333,0.9875,150,5,2.20452,15.058059
-24.5935,0,1.0,5,418,0,4,0,0,0.9136333333333324,0.5580039999999981,1.90586,0.0,16.282513333333313,22.906808000000034,2.20452,44.0575,-13.14013999999999,-14.33218399999998,-12.2156,-19.9552,0.8450000000000012,0.9045000000000005,0.676667,1.0,150,5,40.5378,38.618748
7.76289,14,0.0,4,0,8,4,0,1,3.2550199999999996,2.120019999999998,0.0,0.83504,18.49737333333331,21.13096800000003,40.5378,6.10522,-9.68206999999999,-10.322545999999981,-24.5935,-2.61132,0.5588890000000012,0.7070000000000006,1.0,0.858333,150,5,12.7498,5.6926923
-2.3639,2,0.406,2,44,2,5,0,0,4.564886666666665,3.2871119999999983,7.8592,1.90586,18.05228599999998,12.493319600000033,12.7498,2.20452,-6.398169999999991,-6.804285999999982,7.76289,-12.2156,0.4686666666666679,0.5882000000000006,0.0,0.676667,150,5,0.869258,-1.4183437
2.60095,6,0.01,3,2,4,1,0,0,5.213269999999999,3.5091339999999986,5.83546,0.0,5.324319333333315,11.743055600000032,0.869258,40.5378,2.666646666666676,-5.761831999999982,-2.3639,-24.5935,0.13866666666666785,0.4185334000000006,0.406,1.0,151,5,2.3539,2.5812502
-2.06568,4,0.485,8,25,3,2,0,0,3.268116666666666,3.532709999999999,1.94515,7.8592,8.419152666666648,15.709011600000034,2.3539,12.7498,-0.6095433333333239,-3.7318479999999816,2.60095,7.76289,0.3003333333333345,0.38020000000000065,0.01,0.0,151,5,22.0343,6.717793
-21.8997,0,1.0,8,534,0,2,0,1,1.3229633333333324,3.532709999999999,2.02374,5.83546,20.896433333333317,15.261671600000033,22.0343,0.869258,-7.1214766666666565,-3.1930879999999817,-2.06568,-2.3639,0.49833333333333457,0.38020000000000065,0.485,0.406,151,5,38.3011,35.45893
-13.5087,0,0.995,3,119,0,3,0,0,0.6844039999999992,1.9667643999999982,0.0,1.94515,28.469433333333313,17.72629160000003,38.3011,2.3539,-12.491359999999991,-7.447405999999981,-21.8997,2.60095,0.8266666666666679,0.5792000000000006,1.0,0.01,151,5,25.0729,37.34968
-18.3753,0,1.0,4,159,0,3,0,1,0.009823999999999113,0.7996723999999981,0.029472,2.02374,29.451166666666648,22.54834000000003,25.0729,22.0343,-17.92789999999999,-10.649685999999981,-13.5087,-2.06568,0.9983333333333345,0.6980000000000006,0.995,0.485,151,5,24.9795,27.659712
9.95728,16,0.21125,2,0,9,4,0,0,2.0761373333333326,1.6504303999999983,0.0,0.0,17.18080999999998,22.375566000000035,24.9795,38.3011,-7.308906666666656,-9.178419999999983,-18.3753,-21.8997,0.7354166666666679,0.7382500000000006,1.0,1.0,151,5,1.49003,2.0492697
-11.9427,0,0.9975,3,82,0,4,0,1,2.072862666666666,1.2496119999999982,6.19894,0.029472,15.771609999999981,22.137766000000035,1.49003,25.0729,-6.786906666666656,-11.153823999999982,9.95728,-13.5087,0.7362500000000013,0.8407500000000006,0.21125,0.995,151,5,20.8453,24.862154
-6.01031,0,0.772,2,47,0,5,0,0,2.819485999999999,1.6975859999999983,0.019648,0.0,8.578409999999979,15.157526000000036,20.8453,24.9795,-2.665243333333323,-7.975945999999982,-11.9427,-18.3753,0.6602500000000012,0.7951500000000007,0.9975,1.0,151,5,3.3999,2.876593
0.165025,6,0.0,7,22,4,1,0,0,1.4408526666666657,2.1042995999999983,2.23987,6.19894,8.635446666666645,10.475174000000035,3.3999,1.49003,-5.9293283333333235,-5.241200999999982,-6.01031,9.95728,0.5898333333333345,0.5961500000000006,0.772,0.21125,152,5,1.66114,5.319043
-16.5779,0,1.0,7,296,0,2,0,0,1.4343033333333324,2.1042995999999983,2.06304,0.019648,17.22091333333331,14.799614000000034,1.66114,20.8453,-7.47439499999999,-4.881720999999981,0.165025,-11.9427,0.5906666666666679,0.5961500000000006,0.0,0.9975,152,5,46.6017,43.177273
-19.9552,0,1.0,9,381,0,2,0,1,0.6876799999999991,0.864511599999998,0.0,2.23987,30.773446666666644,23.313108000000035,46.6017,3.3999,-12.122691666666656,-10.864216999999982,-16.5779,-6.01031,0.6666666666666679,0.7539000000000006,1.0,0.772,152,5,44.0575,36.3263
8.72123,14,0.025,2,8,8,3,0,0,1.9156799999999992,2.009989999999998,0.0,2.06304,30.611409999999978,19.379054000000036,44.0575,1.66114,-9.270623333333324,-6.731430999999981,-19.9552,0.165025,0.6750000000000012,0.5594000000000006,1.0,0.0,152,5,1.17503,1.5242913
-18.275,28,0.665,2,12,0,3,0,1,2.5738866666666658,1.9569399999999981,5.74704,0.0,21.391209999999976,22.487294000000034,1.17503,46.6017,-9.836323333333324,-9.18436899999998,8.72123,-16.5779,0.5633333333333345,0.5380000000000006,0.025,1.0,152,5,18.9411,23.182905
1.30781,6,0.70375,2,71,4,4,0,0,3.3499833333333324,2.009989999999998,1.97462,0.0,8.584999999999978,23.282840000000032,18.9411,44.0575,-2.7486533333333227,-8.95581199999998,-18.275,-19.9552,0.4645833333333345,0.6787500000000006,0.665,1.0,152,5,5.63887,5.584229
-7.43037,0,0.81875,4,317,0,4,0,1,1.909129999999999,2.294885999999998,2.32829,5.74704,12.393656666666644,16.482700000000033,5.63887,1.17503,-8.132519999999989,-7.126305999999981,1.30781,8.72123,0.7291666666666679,0.6425000000000006,0.70375,0.025,152,5,12.601,12.900582
-15.4589,0,0.926,6,138,0,5,0,0,1.4932486666666656,2.440281199999998,1.42448,1.97462,18.170923333333313,14.925780000000035,12.601,18.9411,-7.193819999999989,-6.227045999999981,-7.43037,-18.275,0.8161666666666679,0.6277000000000006,0.81875,0.665,152,5,36.2729,34.15947
3.10364,6,0.01,2,12,4,1,0,0,1.3655353333333327,1.6799031999999978,0.726976,2.32829,16.678016666666647,14.922804000000033,36.2729,5.63887,-6.59520999999999,-7.350563999999982,-15.4589,1.30781,0.5849166666666679,0.6247000000000006,0.926,0.70375,153,5,1.16015,2.8529093
-19.2826,0,1.0,2,0,0,2,0,0,0.8907086666666658,1.284979199999998,1.94515,1.42448,21.400716666666643,16.48840400000004,1.16015,12.601,-10.545953333333323,-7.552083999999982,3.10364,-7.43037,0.6453333333333345,0.6917000000000006,0.01,0.81875,153,5,26.7691,42.853584
-21.8997,0,1.0,5,476,0,2,0,1,0.6483833333333324,0.8193211999999981,0.0,0.726976,22.076783333333314,23.020850000000035,26.7691,36.2729,-12.692886666666658,-12.193585999999982,-19.2826,-15.4589,0.6700000000000012,0.7509500000000007,1.0,0.926,153,5,38.3011,30.80317
-2.61132,2,0.898333,3,8,2,3,0,0,0.19975466666666578,0.6542779999999981,0.0,1.94515,23.707743333333315,21.711256000000038,38.3011,1.16015,-14.597873333333323,-11.229775999999982,-21.8997,3.10364,0.9661110000000012,0.7668666000000007,1.0,0.01,153,5,6.05303,5.7697463
-35.4392,0,1.0,3,284,0,3,0,1,0.19975466666666578,0.508882799999998,0.599264,0.0,28.937576666666644,22.948396000000034,6.05303,26.7691,-19.983406666666657,-15.225835999999981,-2.61132,-19.2826,0.9661110000000012,0.7816666000000007,0.898333,1.0,153,5,42.4586,42.727776
-3.39311,2,0.9025,4,18,2,4,0,0,0.4551786666666658,0.27310719999999805,0.0,0.0,28.704609999999985,30.236806000000037,42.4586,38.3011,-13.814543333333326,-16.52518599999998,-35.4392,-21.8997,0.9336110000000012,0.9601666000000006,1.0,1.0,153,5,37.6022,15.113104
-11.9427,0,0.99,4,361,0,4,0,1,0.28162133333333245,0.2888255999999981,0.766272,0.599264,33.904233333333316,29.21336600000003,37.6022,6.05303,-16.925003333333326,-15.05720599999998,-3.39311,-2.61132,0.9641666666666678,0.9581666000000008,0.9025,0.898333,153,5,21.6519,17.26812
-9.39872,0,0.868,7,95,0,5,0,0,0.713877999999999,0.5481795999999981,0.078592,0.0,22.596243333333316,23.260072000000033,21.6519,42.4586,-8.244843333333323,-12.55700999999998,-11.9427,-35.4392,0.9201666666666678,0.9317666000000007,0.99,1.0,153,5,8.53463,21.76224
5.66196,10,0.0,2,16,6,1,0,0,1.1494073333333323,0.842898799999998,1.29677,0.766272,10.531309999999982,22.330946000000036,8.53463,37.6022,-5.226486666666658,-10.902353999999981,-9.39872,-3.39311,0.6193333333333345,0.7521000000000007,0.868,0.9025,154,5,1.4074,2.3096294
10.0794,16,1.0,4,403,9,2,0,0,1.1232099999999992,0.842898799999998,2.07286,0.078592,17.366543333333315,22.270746000000038,1.4074,21.6519,2.114213333333342,-1.798633999999982,5.66196,-11.9427,0.6226666666666678,0.7521000000000007,0.0,0.99,154,5,42.1576,32.266014
-21.9473,0,0.9,8,294,0,2,0,1,0.8219399999999991,0.768236399999998,0.0,1.29677,29.33466666666665,23.638106000000032,42.1576,8.53463,-2.068646666666657,-5.509471999999982,10.0794,-9.39872,0.6333333333333345,0.7516000000000006,1.0,0.868,154,5,44.439,38.22825
-13.5087,0,0.996667,3,102,0,3,0,0,0.1375359999999991,0.756447599999998,0.39296,2.07286,37.39526666666665,24.425566000000035,44.439,1.4074,-8.458866666666657,-5.822671999999981,-21.9473,5.66196,0.9655556666666678,0.7529334000000006,0.9,0.0,154,5,25.5892,40.761208
-33.317,0,1.0,4,437,0,3,0,1,0.1375359999999991,0.497093599999998,0.019648,0.0,34.95476666666665,29.685860000000037,25.5892,42.1576,-22.924333333333323,-10.606327999999982,-13.5087,10.0794,0.9655556666666678,0.7793334000000007,0.996667,1.0,154,5,34.8361,47.23035
-17.307,0,0.915,4,299,0,4,0,0,0.22922666666666577,0.21612799999999802,0.0,0.39296,33.48556666666665,37.410660000000036,34.8361,44.439,-21.377566666666656,-15.20011999999998,-33.317,-21.9473,0.9705556666666678,0.9623334000000007,1.0,0.9,154,5,40.0314,37.476467
-7.43037,0,0.98375,2,207,0,4,0,1,0.2652479999999991,0.241670399999998,0.668032,0.019648,29.182766666666648,31.515300000000035,40.0314,25.5892,-19.351456666666657,-18.70207399999998,-17.307,-13.5087,0.9662500000000013,0.9590834000000006,0.915,0.996667,154,5,12.6808,13.438255
-21.0728,0,0.95,3,145,0,5,0,0,0.4289813333333325,0.26131839999999806,0.127712,0.0,25.066633333333314,27.125040000000034,12.6808,34.8361,-15.270056666666656,-18.52717399999998,-7.43037,-33.317,0.9495833333333344,0.9690834000000006,0.98375,1.0,154,5,22.4877,38.09813
-4.56293,0,0.725,4,0,0,1,0,0,0.3864106666666658,0.365452799999998,0.4912,0.668032,13.94308666666665,23.339352000000034,22.4877,40.0314,-11.022033333333324,-16.73801999999998,-21.0728,-17.307,0.8862500000000012,0.9147500000000006,0.95,0.915,155,5,6.66076,10.959476
-24.2524,0,1.0,4,476,0,2,0,0,0.3438399999999991,0.365452799999998,0.54032,0.127712,26.229886666666648,26.280372000000035,6.66076,12.6808,-16.62937666666666,-14.925099999999981,-4.56293,-7.43037,0.8916666666666678,0.9147500000000006,0.725,0.98375,155,5,49.5412,38.34083
-14.9529,0,0.93,4,341,0,2,0,1,0.27179733333333245,0.28686079999999803,0.0,0.4912,31.989986666666653,26.227692000000037,49.5412,22.4877,-14.589409999999992,-14.454279999999983,-24.2524,-21.0728,0.8850000000000012,0.9177500000000005,1.0,0.95,155,5,39.768,27.442804
-1.14432,4,0.0533333,3,4,3,3,0,0,1.9517006666666656,1.377324399999998,0.275072,0.54032,30.150753333333316,23.920144000000036,39.768,6.66076,-13.449873333333322,-13.197069999999982,-14.9529,-4.56293,0.6611111000000012,0.7316666600000007,0.93,0.725,155,5,1.14306,1.7665663
-15.1321,0,0.896667,8,110,0,3,0,1,2.154729999999999,1.400901999999998,5.58003,0.0,14.41572666666665,19.889828000000033,1.14306,49.5412,-10.409773333333321,-12.008929999999982,-1.14432,-24.2524,0.6266667666666679,0.7210000600000006,0.0533333,1.0,155,5,2.33612,26.050945
9.95728,16,0.1425,2,0,9,4,0,0,4.309459333333332,2.640689999999998,0.609088,0.275072,1.64470666666665,18.848664000000035,2.33612,39.768,-2.106379999999989,-9.104887999999981,-15.1321,-14.9529,0.36416676666666786,0.6045000600000006,0.896667,0.93,155,5,1.45494,1.6524087
-11.9427,0,0.985,5,405,0,4,0,1,2.4887453333333323,2.664267599999998,6.73926,5.58003,8.49478666666665,13.279084000000035,1.45494,1.14306,-5.705839999999989,-6.642947999999981,9.95728,-1.14432,0.6747223333333344,0.6015000600000006,0.1425,0.0533333,155,5,21.6933,14.5356865
4.02474,6,0.766,2,24,4,5,0,0,3.0519893333333328,3.069017199999998,0.117888,0.609088,8.017286333333317,5.506207800000034,21.6933,2.33612,0.6797733333333443,-2.847419999999981,-11.9427,-15.1321,0.6311666666666679,0.5687000600000006,0.985,0.896667,155,5,0.903619,1.501432
-4.56293,0,0.725,4,0,0,1,0,0,0.9856759999999992,2.0610751999999986,2.29882,6.73926,9.75255966666665,6.609747800000035,0.903619,1.45494,-4.160296666666656,-3.5311419999999814,4.02474,9.95728,0.8253333333333345,0.7030334000000006,0.766,0.1425,156,5,6.66076,15.071591
32.7019,28,0.69,2,3,15,2,0,0,1.3507366666666656,2.1818715999999982,0.54032,0.117888,5.088146333333317,7.682535800000034,6.66076,21.6933,10.721236666666679,6.035658000000019,-4.56293,-11.9427,0.7270000000000012,0.6617000000000006,0.725,0.985,156,5,7.70006,2.4663136
-21.9473,0,1.0,4,452,0,2,0,1,0.5844633333333324,0.8340195999999981,1.21307,2.29882,19.599939999999986,16.279347800000032,7.70006,0.903619,2.0638900000000127,-0.3452579999999806,32.7019,4.02474,0.8050000000000012,0.8332000000000006,0.69,0.766,156,5,44.439,34.089478
-2.2066,4,0.768333,2,16,3,3,0,0,0.8595366666666658,1.0835499999999982,0.0,0.54032,19.352353333333316,13.124287800000037,44.439,6.66076,2.8493333333333464,1.6019620000000194,-21.9473,-4.56293,0.8194443333333346,0.7898666000000006,1.0,0.725,156,5,5.918,4.1744313
-10.6692,0,0.825,5,112,0,3,0,1,0.7990199999999991,0.8300899999999981,1.36554,1.21307,25.411599999999982,18.119124000000035,5.918,7.70006,-11.607699999999989,-1.3368259999999805,-2.2066,32.7019,0.8644443333333345,0.8016666000000006,0.768333,0.69,156,5,25.8778,25.269266
1.30781,6,0.7925,3,0,4,4,0,0,1.3426133333333325,1.0481819999999982,1.03152,0.0,12.390113333333318,17.861880000000035,25.8778,44.439,-3.8559966666666554,-0.16267799999998064,-10.6692,-21.9473,0.7952776666666678,0.8151666000000006,0.825,1.0,156,5,5.37454,4.7309113
-7.43037,0,0.9925,2,254,0,4,0,1,0.9070813333333323,0.817356799999998,1.63078,1.36554,14.667313333333317,18.871788000000034,5.37454,5.918,-5.597253333333323,-8.189131999999981,1.30781,-2.2066,0.8700000000000011,0.8756666000000006,0.7925,0.768333,156,5,12.7496,22.831228
-6.01031,0,0.963,2,34,0,5,0,0,0.684403999999999,0.890054399999998,0.058944,1.03152,7.170009999999984,10.661166000000033,12.7496,25.8778,-4.044289999999989,-5.001733999999982,-7.43037,-10.6692,0.9160000000000013,0.8682666000000007,0.9925,0.825,156,5,3.38589,5.6109047
-27.9417,0,1.0,10,328,0,1,0,0,0.14081066666666578,0.616946399999998,0.363488,1.63078,16.046263333333318,15.878226000000035,3.38589,5.37454,-13.794126666666656,-10.148753999999983,-6.01031,1.30781,0.985166666666668,0.9146000000000006,0.963,0.7925,157,5,32.0033,37.607246
-5.45,0,0.625,3,20,0,2,0,0,0.6123626666666658,0.7053623999999981,0.0,0.058944,12.974709999999982,11.409654000000035,32.0033,12.7496,-13.134003333333323,-9.104913999999983,-27.9417,-7.43037,0.8626666666666679,0.8746000000000006,1.0,0.9925,157,5,3.53494,5.095131
-14.9529,0,0.9775,10,324,0,2,0,1,0.5206719999999991,0.39688959999999807,1.4736,0.363488,25.27347999999999,18.391186000000037,3.53494,3.38589,-16.114866666666654,-12.357055999999982,-5.45,-6.01031,0.8675000000000012,0.9116000000000006,0.625,0.963,157,5,40.2822,27.259003
-13.5087,0,0.991667,4,135,0,3,0,0,0.5370453333333325,0.394924799999998,0.088416,0.0,23.330579999999983,21.076186000000035,40.2822,32.0033,-11.303866666666655,-13.572721999999981,-14.9529,-27.9417,0.8647223333333344,0.9114334000000006,0.9775,1.0,157,5,26.1746,21.886635
-2.47885,4,0.98,8,10,3,3,0,1,0.08514133333333244,0.3458047999999981,0.04912,1.4736,28.711233333333315,24.334388000000036,26.1746,3.53494,-10.313483333333322,-12.866429999999983,-13.5087,-5.45,0.9830556666666679,0.9148334000000006,0.991667,0.625,157,5,19.6769,16.673122
-3.39311,2,0.80875,8,0,2,4,0,0,0.5566926666666657,0.6464187999999981,0.117888,0.088416,26.509433333333316,24.669088000000038,19.6769,40.2822,-6.460219999999988,-7.956711999999982,-2.47885,-14.9529,0.9268056666666679,0.8765834000000006,0.98,0.9775,157,5,33.6768,11.546245
-11.9427,0,0.9925,7,202,0,4,0,1,0.5599673333333325,0.3634875999999981,1.50307,0.04912,25.064099999999986,28.329820000000034,33.6768,26.1746,-5.938219999999988,-9.255251999999981,-3.39311,-13.5087,0.9270833333333345,0.9500834000000007,0.80875,0.991667,157,5,21.8386,22.499435
-15.4589,0,0.997,3,187,0,5,0,0,0.5304953333333324,0.35169879999999804,0.058944,0.117888,30.755533333333318,27.623620000000034,21.8386,19.6769,-10.264903333333322,-9.356451999999981,-11.9427,-2.47885,0.9327500000000012,0.9539834000000006,0.9925,0.98,157,5,36.7512,50.726715
-11.3552,0,0.8,9,445,0,1,0,0,0.16045866666666578,0.42046679999999803,0.029472,1.50307,48.48803333333333,39.763560000000034,36.7512,33.6768,-12.918933333333321,-8.925751999999983,-15.4589,-3.39311,0.9298333333333346,0.9156500000000006,0.997,0.80875,158,5,86.8743,53.259342
-14.6331,0,0.8325,4,255,0,2,0,0,0.36021333333333244,0.528530799999998,0.39296,0.058944,46.845566666666656,39.210420000000035,86.8743,21.8386,-13.815733333333322,-11.356601999999983,-11.3552,-11.9427,0.8765000000000013,0.8861500000000007,0.8,0.9925,158,5,16.9112,24.286911
-28.1386,0,0.8875,4,297,0,2,0,1,0.49774933333333243,0.316332799999998,0.658208,0.029472,49.30353333333332,41.30008000000004,16.9112,36.7512,-18.042299999999987,-16.30569999999998,-14.6331,-15.4589,0.8400000000000012,0.9019000000000006,0.8325,0.997,158,5,44.1251,64.488174
6.54923,12,0.578333,3,20,7,3,0,0,1.1952526666666656,0.8016379999999981,0.44208,0.39296,20.733486666666654,37.16519200000003,44.1251,86.8743,-12.074156666666655,-12.607313999999983,-28.1386,-11.3552,0.7661110000000012,0.8190666000000008,0.8875,0.8,158,5,1.16416,2.3668072
-30.2888,6,1.0,3,245,0,3,0,1,0.975849999999999,0.795743599999998,2.48547,0.658208,29.249286666666652,38.306672000000034,1.16416,16.9112,-17.292723333333324,-15.573293999999981,6.54923,-14.6331,0.8219443333333345,0.8196666000000006,0.578333,0.8325,158,5,42.4586,42.990993
-17.307,0,1.0,4,433,0,4,0,0,0.8284899999999991,0.717151599999998,0.0,0.44208,27.884719999999987,28.938092000000033,42.4586,44.1251,-13.682189999999986,-16.76365399999998,-30.2888,-28.1386,0.8594443333333346,0.8596666000000006,1.0,0.8875,158,5,40.0314,42.17551
-7.43037,0,0.995,2,231,0,4,0,1,0.013098666666665778,0.5933691999999979,0.0,2.48547,31.780966666666654,28.126432000000033,40.0314,1.16416,-18.342056666666654,-15.323107999999982,-17.307,6.54923,0.9983333333333345,0.8921666000000006,1.0,0.578333,158,5,12.8529,4.0420413
-8.18155,0,0.898,2,41,0,5,0,0,0.3471153333333325,0.7053631999999981,0.039296,0.0,20.45417666666665,20.99705800000003,12.8529,42.4586,-10.972973333333321,-11.331697999999982,-7.43037,-30.2888,0.9643333333333345,0.8942666000000006,0.995,1.0,158,5,8.47823,8.53744
-11.0063,0,0.91,2,487,0,1,0,0,0.40605933333333244,0.24363559999999804,1.00205,0.0,22.037309999999987,29.72038600000003,8.47823,40.0314,-8.872739999999988,-14.842803999999981,-8.18155,-17.307,0.9343333333333345,0.9606000000000007,0.898,1.0,159,5,44.7808,36.241825
-19.2001,0,1.0,4,308,0,2,0,0,0.39296066666666585,0.24363559999999804,0.176832,0.039296,22.934109999999986,24.337326000000036,44.7808,12.8529,-12.79598333333332,-12.62506399999998,-11.0063,-7.43037,0.9360000000000012,0.9606000000000007,0.91,0.995,159,5,15.5433,20.18222
-14.9529,0,0.9925,3,183,0,2,0,1,0.06876799999999911,0.2495299999999981,0.0,1.00205,33.571699999999986,24.409246000000035,15.5433,8.47823,-15.053099999999986,-12.15424399999998,-19.2001,-8.18155,0.9675000000000011,0.9591000000000006,1.0,0.898,159,5,40.391,42.73315
-2.2066,4,0.821667,2,0,3,3,0,0,0.3602139999999991,0.451904799999998,0.029472,0.176832,20.567956666666653,22.992580000000032,40.391,44.7808,-12.119866666666654,-11.109489999999981,-14.9529,-11.0063,0.938055666666668,0.9244334000000005,0.9925,0.91,159,5,5.76957,3.891351
-16.3656,0,0.895,3,549,0,3,0,1,0.5665179999999991,0.3752771999999981,1.05117,0.0,26.742623333333324,28.110394000000035,5.76957,15.5433,-11.175033333333323,-12.74629999999998,-2.2066,-19.2001,0.9030556666666678,0.9238334000000007,0.821667,1.0,159,5,34.0673,35.23085
9.95728,16,0.19125,3,0,9,4,0,0,2.675403999999999,1.6111367999999981,0.618912,0.029472,13.754753333333321,19.439712000000036,34.0673,40.391,-2.8716399999999886,-8.553583999999981,-16.3656,-14.9529,0.6359723333333345,0.7800834000000006,0.895,0.9925,159,5,1.42739,1.6201036
-11.2241,0,0.97625,5,181,0,4,0,1,2.387232666666666,1.648467999999998,6.35613,1.05117,19.296329999999987,20.809912000000033,1.42739,5.76957,-5.877473333333323,-6.958383999999981,9.95728,-2.2066,0.6875000000000012,0.7753334000000007,0.19125,0.821667,159,5,22.3943,30.762373
-23.9596,0,0.925,4,230,0,5,0,0,2.4265286666666657,1.7899335999999981,0.186656,0.618912,16.11866333333332,17.638572000000035,22.3943,34.0673,-8.408806666666655,-8.75972399999998,-11.2241,-16.3656,0.6975000000000012,0.7618334000000007,0.97625,0.895,159,5,24.5343,26.890484
-19.9655,0,1.0,4,313,0,1,0,0,0.3078186666666658,1.579699599999998,0.7368,6.35613,23.424033333333316,21.153358000000033,24.5343,1.42739,-18.383066666666654,-12.311503999999982,-23.9596,9.95728,0.9670833333333345,0.7975000000000007,0.925,0.19125,160,5,23.3435,32.193035
20.0677,28,0.97,2,135,15,2,0,0,0.28489599999999915,1.4794947999999981,0.0,0.186656,16.693443333333317,14.780404000000036,23.3435,22.3943,-7.952466666666653,-5.024843999999981,-19.9655,-11.2241,0.9650000000000012,0.8125000000000006,1.0,0.97625,160,5,2.20253,18.222216
-37.2892,0,0.895,4,137,0,2,0,1,0.1768319999999991,0.29079039999999806,0.117888,0.7368,23.199876666666654,23.305646000000035,2.20253,24.5343,-12.395666666666656,-14.474139999999982,20.0677,-23.9596,0.9550000000000013,0.9532500000000006,0.97,0.925,160,5,44.0536,40.28871
-13.5087,0,0.998333,4,285,0,3,0,0,0.18010666666666575,0.25542399999999804,0.412608,0.0,24.183309999999988,24.085546000000033,44.0536,23.3435,-10.243399999999987,-14.931059999999983,-37.2892,-19.9655,0.9544443333333344,0.9576666000000007,0.895,1.0,160,5,26.2938,17.094025
-10.6692,0,1.0,4,146,0,3,0,1,0.14081066666666578,0.10806399999999802,0.009824,0.117888,32.07506666666666,24.354246000000035,26.2938,2.20253,-20.48903333333332,-12.272979999999983,-13.5087,20.0677,0.9644443333333346,0.9726666000000007,0.998333,0.97,160,5,25.8778,26.264372
-3.91009,2,0.73375,2,20,2,4,0,0,0.7007779999999991,0.526565999999998,0.0,0.412608,19.099089999999986,20.710680000000036,25.8778,44.0536,-9.362663333333321,-9.061897999999982,-10.6692,-37.2892,0.9106943333333345,0.9194166000000006,1.0,0.895,160,5,5.12567,5.992474
-16.1632,0,0.88625,3,317,0,4,0,1,0.9954979999999991,0.681785199999998,2.09251,0.009824,14.587089999999984,22.82173400000003,5.12567,26.2938,-10.247496666666654,-16.30807799999998,-3.91009,-13.5087,0.8733333333333344,0.9026666000000005,0.73375,0.998333,160,5,12.7578,20.711378
4.02474,6,0.837,2,0,4,5,0,0,1.529267999999999,0.919525599999998,0.893984,0.0,6.260743666666652,14.190766200000036,12.7578,25.8778,-5.349516666666655,-8.045289999999982,-16.1632,-10.6692,0.8190000000000012,0.8910666000000006,0.88625,1.0,160,5,0.898761,2.91632
-8.26958,0,0.64,4,226,0,1,0,0,1.0675406666666658,1.059026399999998,1.60131,2.09251,14.659786999999985,14.996566200000036,0.898761,5.12567,-6.802679999999988,-6.9974659999999815,4.02474,-3.91009,0.7877500000000012,0.8194000000000006,0.837,0.73375,161,5,30.3228,19.818623
-14.48,0,1.0,8,35,0,2,0,0,0.7695459999999991,1.059026399999998,0.707328,0.893984,28.615886999999987,20.746226200000034,30.3228,12.7578,-6.241613333333322,-7.75962599999998,-8.26958,-16.1632,0.8256666666666678,0.8194000000000006,0.64,0.88625,161,5,54.6261,49.20897
-20.5433,0,0.88,4,209,0,2,0,1,0.3929599999999991,0.734834799999998,0.0,1.60131,42.03119999999999,27.95003220000003,54.6261,0.898761,-14.43095999999999,-11.086267999999981,-14.48,4.02474,0.8400000000000012,0.8486500000000007,1.0,0.837,161,5,41.1447,48.83881
6.54923,12,0.241667,2,0,7,3,0,0,1.6471573333333325,1.4500219999999981,0.471552,0.707328,32.30682666666665,25.628408200000035,41.1447,30.3228,-9.491356666666654,-6.543781999999981,-20.5433,-8.26958,0.7072223333333345,0.7197334000000006,0.88,0.64,161,5,1.14968,2.8860419
-4.42712,2,0.83,4,18,2,3,0,1,1.9811739999999993,1.3301699999999983,4.46992,0.0,20.437493333333318,29.252276000000034,1.14968,54.6261,-6.140396666666654,-8.23415399999998,6.54923,-14.48,0.6505556666666678,0.7183334000000007,0.241667,1.0,161,5,19.0181,13.011867
18.3433,26,0.71125,2,7,14,4,0,0,2.580436666666666,1.6425723999999982,1.00205,0.471552,16.46589333333332,29.03369600000003,19.0181,41.1447,6.821803333333345,-2.911577999999982,-4.42712,-20.5433,0.5943056666666678,0.7325834000000006,0.83,0.88,161,5,29.2299,5.881635
-14.6483,0,0.98875,7,128,0,4,0,1,1.1199353333333326,1.6602555999999982,2.26934,4.46992,23.64789999999999,22.647616000000035,29.2299,1.14968,-0.2440399999999888,-2.9452379999999816,18.3433,6.54923,0.8433333333333345,0.7303334000000007,0.71125,0.241667,161,5,22.6957,33.975285
-6.01031,0,0.963,2,36,0,5,0,0,0.9070813333333324,1.6386427999999982,0.088416,1.00205,18.430906666666655,15.092100000000034,22.6957,19.0181,-0.7717699999999885,-0.03863999999998189,-14.6483,-4.42712,0.8876666666666678,0.7469334000000006,0.98875,0.83,161,5,3.36712,13.217761
-6.74255,0,0.82,3,132,0,1,0,0,0.26852266666666574,0.8153915999999981,0.363488,2.26934,26.882173333333316,25.778904000000033,3.36712,29.2299,-9.133719999999988,-2.6969959999999817,-6.01031,18.3433,0.9239166666666678,0.8626000000000007,0.963,0.71125,162,5,54.5837,36.811718
10.2466,16,0.09,1,6,9,2,0,0,1.431030666666666,1.3301695999999983,0.353664,0.088416,20.82424666666665,22.87966800000003,54.5837,22.6957,-0.8354199999999873,0.23774800000001867,-6.74255,-14.6483,0.6243333333333344,0.7146000000000006,0.82,0.98875,162,5,4.52192,0.8133898
-10.3163,0,0.8775,3,212,0,2,0,1,1.4703266666666657,0.9725767999999981,3.57594,0.363488,34.397206666666655,25.850888000000033,4.52192,3.36712,-2.2707499999999876,-5.49417199999998,10.2466,-6.01031,0.5958333333333344,0.7478500000000007,0.09,0.963,162,5,44.086,48.236187
-2.2066,4,0.823333,2,0,3,3,0,0,1.6995519999999988,1.163161599999998,0.481376,0.353664,18.08054666666665,22.438492000000032,44.086,54.5837,-0.7587666666666543,-3.0058319999999807,-10.3163,-6.74255,0.5969443333333344,0.7147666000000006,0.8775,0.82,162,5,5.63372,5.633407
-30.2888,0,1.0,3,655,0,3,0,1,0.5075719999999991,1.0904639999999979,1.04134,3.57594,30.726106666666652,30.25678800000003,5.63372,4.52192,-14.270566666666653,-7.861529999999981,-2.2066,10.2466,0.9002776666666676,0.7221666000000007,0.823333,0.09,162,5,42.4586,56.0083
-11.5481,0,0.9125,4,368,0,4,0,0,0.5763399999999991,1.1572671999999982,0.0,0.481376,28.981973333333315,27.11076800000003,42.4586,44.086,-14.681166666666655,-8.82263999999998,-30.2888,-10.3163,0.9119443333333344,0.7406666000000006,1.0,0.8775,162,5,38.8536,30.63816
-16.1632,0,0.99875,4,261,0,4,0,1,0.23250133333333242,0.444043999999998,0.68768,1.04134,31.38289999999998,28.77368400000003,38.8536,5.63372,-19.333366666666652,-14.104599999999982,-11.5481,-2.2066,0.9704166666666678,0.9224166000000006,0.9125,0.823333,162,5,12.8365,26.60789
-15.4589,0,1.0,2,7,0,5,0,0,0.23250133333333242,0.347768799999998,0.009824,0.0,29.48043333333332,27.30672400000003,12.8365,42.4586,-14.390066666666655,-15.13311999999998,-16.1632,-30.2888,0.9704166666666678,0.9469166000000004,0.99875,1.0,162,5,36.7512,39.77441
-7.14848,0,0.995,3,3,0,1,0,0,0.006549333333332445,0.14146559999999803,0.0,0.68768,40.39023333333332,40.49658000000004,36.7512,38.8536,-12.923526666666655,-16.12149599999998,-15.4589,-11.5481,0.9979166666666677,0.9812500000000005,1.0,0.9125,163,5,71.583,30.862307
4.4973,8,0.2775,5,9,5,2,0,0,0.9484079999999991,0.708545599999998,0.009824,0.009824,37.44227666666665,32.80338600000003,71.583,12.8365,-6.036693333333321,-9.164275999999981,-7.14848,-16.1632,0.7575000000000012,0.8367500000000007,0.995,0.99875,163,5,3.99263,4.95735
19.2532,26,0.93,2,442,14,2,0,1,1.0400986666666656,0.626023999999998,2.8354,0.0,38.794743333333315,33.19438600000003,3.99263,36.7512,5.53400666666668,-3.004015999999981,4.4973,-15.4589,0.7341666666666677,0.8402500000000007,0.2775,1.0,163,5,40.8086,36.43298
-14.5187,0,1.0,4,180,0,3,0,0,1.036823999999999,0.624059199999998,0.275072,0.009824,23.698343333333316,35.88584600000003,40.8086,71.583,3.077266666666679,-2.675115999999982,19.2532,-7.14848,0.7358333333333343,0.8405000000000007,0.93,0.995,163,5,26.2938,29.590635
-22.4592,0,0.796667,3,375,0,3,0,1,0.4912006666666658,0.8637651999999981,0.0,2.8354,32.73979999999998,34.759006000000035,26.2938,3.99263,-5.908233333333321,-4.075175999999982,-14.5187,4.4973,0.9088890000000012,0.7998334000000007,1.0,0.2775,163,5,31.117,35.447598
9.95728,16,0.085,3,0,9,4,0,0,2.7965666666666658,2.300034399999998,1.19853,0.275072,19.601326666666655,20.721042000000033,31.117,40.8086,-9.006873333333319,-0.6540239999999813,-22.4592,19.2532,0.6272223333333344,0.6178334000000006,0.796667,0.93,163,5,1.39318,2.4183593
8.73845,16,0.92,3,263,9,4,0,1,3.0061453333333326,1.858701599999998,7.19117,0.0,18.419259999999987,24.47203600000003,1.39318,26.2938,-1.2544899999999857,0.19420600000001897,9.95728,-14.5187,0.6005556666666677,0.7463334000000007,0.085,1.0,163,5,22.7476,24.339315
-8.18155,0,1.0,9,24,0,5,0,0,2.6066353333333323,1.8036871999999982,0.628736,1.19853,10.87300333333332,18.005962000000036,22.7476,31.117,3.5047266666666803,-5.29274399999998,8.73845,-22.4592,0.6683333333333344,0.7603334000000006,0.92,0.796667,163,5,8.47823,9.925968
-18.3484,0,1.0,10,455,0,1,0,0,0.20957866666666577,1.8036871999999982,0.0,7.19117,23.054143333333318,20.334522000000035,8.47823,1.39318,-5.930499999999985,-6.058683999999981,-8.18155,9.95728,0.9733333333333345,0.7603334000000006,1.0,0.085,164,5,37.9366,51.699097
16.8427,22,0.48,3,19,12,2,0,0,0.6811299999999991,1.9726591999999983,0.0,0.628736,16.467639999999985,14.708740000000034,37.9366,22.7476,-3.2290833333333198,1.8016960000000188,-18.3484,8.73845,0.8266666666666677,0.6970000000000007,1.0,0.92,164,5,2.98809,4.631642
-30.4744,0,0.99,3,546,0,2,0,1,0.6942286666666657,0.5422843999999982,2.04339,0.0,28.480629999999987,23.333544000000035,2.98809,8.47823,-10.660033333333319,-6.284639999999981,16.8427,-8.18155,0.8233333333333345,0.8780000000000007,0.48,1.0,164,5,44.5172,54.294994
6.64415,12,0.223333,2,13,7,3,0,0,2.2202219999999993,1.3321331999999981,0.039296,0.0,16.21547999999999,19.012254000000034,44.5172,37.9366,-2.32918333333332,-6.703499999999982,-30.4744,-18.3484,0.5644443333333344,0.7386666000000006,0.99,1.0,164,5,1.14115,1.9751076
-4.42712,2,0.893333,8,0,2,3,0,1,1.7486706666666656,1.4578803999999983,4.57798,2.04339,21.403483333333316,21.027028000000037,1.14115,2.98809,-9.419123333333319,-5.952613999999981,6.64415,16.8427,0.7022220000000011,0.7173332000000006,0.223333,0.48,164,5,18.5521,14.1922865
-9.11746,0,0.64375,3,220,0,4,0,0,2.6688519999999993,2.0178483999999983,0.628736,0.039296,8.22274333333332,14.434704000000034,18.5521,44.5172,-2.3001433333333203,-4.10642599999998,-4.42712,-30.4744,0.5868053333333344,0.6460832000000006,0.893333,0.99,164,5,4.97498,6.3443913
-7.88335,0,0.8925,3,222,0,4,0,1,1.424479999999999,1.7781431999999981,2.79984,4.57798,12.237226666666652,16.474006000000035,4.97498,1.14115,-7.142643333333321,-9.05163599999998,-9.11746,6.64415,0.8098610000000012,0.7285832000000007,0.64375,0.223333,164,5,13.1846,15.207819
-23.9596,0,1.0,4,442,0,5,0,0,1.2149013333333325,1.770283999999998,0.844864,0.628736,14.231293333333321,12.477426000000033,13.1846,18.5521,-13.653469999999984,-7.74867599999998,-7.88335,-4.42712,0.8454166666666678,0.7305832000000007,0.8925,0.893333,164,5,24.5343,24.54705
5.85317,12,1.0,6,554,7,1,0,0,0.28162133333333245,0.8546879999999982,0.0,2.79984,32.01143333333332,23.91227600000003,24.5343,4.97498,-8.663259999999987,-7.90687199999998,-23.9596,-9.11746,0.9641666666666678,0.8859166000000005,1.0,0.64375,165,5,58.3154,52.143513
5.27841,10,0.1925,5,7,6,2,0,0,1.0577166666666658,1.3635707999999984,0.0,0.844864,28.37571333333332,20.657344000000034,58.3154,13.1846,-4.276006666666653,-5.965765999999981,5.85317,-7.88335,0.7308333333333344,0.7457500000000006,1.0,0.8925,165,5,2.27744,4.320392
-10.55,0,0.865,8,233,0,2,0,1,1.2345486666666659,0.9097019999999982,3.17315,0.0,33.741713333333315,27.788808000000035,2.27744,24.5343,0.19386000000001266,-6.25227399999998,5.27841,-23.9596,0.6858333333333344,0.7900000000000006,0.1925,1.0,165,5,40.6323,40.391853
-4.1693,2,0.726667,3,4,2,3,0,0,1.7715953333333327,1.0629571999999983,0.530496,0.0,16.12794333333332,26.246706000000035,40.6323,58.3154,-3.146963333333321,-5.509463999999981,-10.55,5.85317,0.5947223333333344,0.7568334000000005,0.865,1.0,165,5,5.47409,5.6363454
-30.2888,0,1.0,7,785,0,3,0,1,0.7138786666666658,1.0629571999999983,1.61114,3.17315,29.521663333333322,29.83156600000003,5.47409,2.27744,-15.002699999999985,-6.77530399999998,-4.1693,5.27841,0.8638890000000011,0.7568334000000005,0.726667,0.1925,165,5,42.4586,56.490566
-10.0181,24,0.86125,2,393,0,4,0,0,0.9005333333333324,1.2810491999999982,0.0,0.530496,25.287796666666654,23.754626000000037,42.4586,40.6323,-14.825399999999988,-9.94955799999998,-30.2888,-10.55,0.862639000000001,0.7290834000000006,1.0,0.865,165,5,27.9307,16.775618
-15.0645,0,0.9725,3,486,0,4,0,1,0.4355293333333325,0.6896447999999983,1.09046,1.61114,31.00286666666665,27.822998000000034,27.9307,5.47409,-18.45713333333332,-14.01813999999998,-10.0181,-4.1693,0.9445833333333343,0.8850834000000006,0.86125,0.726667,165,5,22.6193,27.022688
7.27819,12,0.317,2,22,7,5,0,0,2.672125999999999,1.9255035999999983,0.216128,0.0,17.14375299999999,19.872789800000035,22.6193,42.4586,-5.9348033333333206,-10.452501999999981,-15.0645,-30.2888,0.7169166666666676,0.7754834000000006,0.9725,1.0,165,5,0.881259,1.1573375
-26.6305,0,1.0,4,397,0,1,0,0,2.3086393333333324,1.6032755999999981,6.70979,1.09046,17.34905299999999,24.487291800000037,0.881259,27.9307,-11.472269999999988,-14.94474199999998,7.27819,-10.0181,0.7631666666666677,0.8301500000000006,0.317,0.86125,166,5,28.5466,31.713829
30.879,28,0.34,2,15,15,2,0,0,3.10111,2.121983599999998,0.0,0.216128,10.395339666666658,16.347203800000035,28.5466,22.6193,3.8422300000000136,-2.711181999999981,-26.6305,-15.0645,0.5523333333333343,0.6981500000000006,1.0,0.9725,166,5,1.75816,1.8798734
-9.07442,0,0.89,3,360,0,2,0,1,1.008598666666666,1.990342799999998,2.59354,6.70979,24.76291999999999,19.557863800000035,1.75816,0.881259,-1.608639999999987,-2.522445999999981,30.879,7.27819,0.7433333333333344,0.7039000000000006,0.34,0.317,166,5,43.984,31.697699
-2.40908,4,1.0,3,189,3,3,0,0,1.008598666666666,1.947117199999998,0.432256,0.0,24.011986666666658,20.292763800000035,43.984,28.5466,6.46516666666668,0.008638000000019287,-9.07442,-26.6305,0.7433333333333344,0.7094000000000007,0.89,1.0,166,5,26.2938,20.55348
-22.4592,0,1.0,3,335,0,3,0,1,0.14408533333333273,0.6051591999999981,0.0,2.59354,33.798266666666656,26.339912000000037,26.2938,1.75816,-11.31423333333332,-5.93883999999998,-2.40908,30.879,0.9633333333333344,0.8460000000000006,1.0,0.34,166,5,31.117,43.9428
-11.5481,0,0.99125,4,257,0,4,0,0,0.022922666666666074,0.6189127999999983,0.0,0.432256,32.25056666666666,28.49877200000003,31.117,43.984,-12.13879333333332,-2.9223599999999803,-22.4592,-9.07442,0.9970833333333345,0.8442500000000006,1.0,0.89,166,5,39.3409,28.303257
-1.10404,4,0.8475,3,124,3,4,0,1,0.42243266666666607,0.33991079999999824,0.068768,0.0,27.87803333333332,30.78238000000003,39.3409,26.2938,-11.703779999999986,-9.31896799999998,-11.5481,-2.40908,0.946250000000001,0.9457500000000006,0.99125,1.0,166,5,13.1762,14.734225
-5.982,0,0.865,2,46,0,5,0,0,0.8645126666666662,0.5187075999999983,1.19853,0.0,18.63290333333332,22.661902000000033,13.1762,31.117,-6.211379999999987,-8.70048399999998,-1.10404,-22.4592,0.901250000000001,0.9407500000000006,0.8475,1.0,166,5,3.38161,6.6530166
31.0773,28,0.285,2,6,15,1,0,0,1.309866666666666,0.7996735999999982,1.32624,0.068768,6.25595999999999,17.845156000000035,3.38161,39.3409,7.9970866666666796,-2.0032079999999803,-5.982,-11.5481,0.6658333333333344,0.7977500000000006,0.865,0.99125,167,5,2.21007,4.0632863
29.4111,28,0.265,2,0,15,2,0,0,1.8731099999999994,1.3773255999999983,1.40483,1.19853,2.3147799999999905,11.892288000000033,2.21007,13.1762,18.168800000000015,8.370852000000019,31.0773,-1.10404,0.4716666666666676,0.6507500000000006,0.285,0.8475,167,5,1.35266,2.3703966
-10.55,0,0.955,9,303,0,2,0,1,1.4899739999999992,1.3989383999999982,2.88826,1.32624,14.648976666666657,12.100948000000034,1.35266,3.38161,16.64613333333335,8.570472000000018,29.4111,-5.982,0.5016666666666677,0.6435000000000006,0.265,0.865,167,5,40.3842,38.376205
4.00462,8,0.293333,3,5,5,3,0,0,2.410157333333333,1.9923083999999982,0.176832,1.40483,14.292996666666658,9.694134000000034,40.3842,2.21007,7.621906666666679,9.59220400000002,-10.55,31.0773,0.5044443333333344,0.5326666000000007,0.955,0.285,167,5,1.14213,2.225204
-3.90174,2,0.808333,8,10,2,3,0,1,1.823990666666666,1.953012399999998,4.16538,2.88826,19.82230999999999,12.605932000000035,1.14213,1.35266,-3.482373333333321,10.00825600000002,4.00462,29.4111,0.6855553333333343,0.5213332000000006,0.293333,0.265,167,5,17.9406,11.519102
33.3572,28,0.025,2,0,15,4,0,0,4.319286666666666,3.204590399999998,1.12976,0.176832,6.814453333333325,12.436044000000035,17.9406,40.3842,11.153360000000012,10.46423600000002,-3.90174,-10.55,0.37555533333333435,0.46933320000000067,0.808333,0.955,167,5,1.36063,-0.516257
-15.5197,0,0.99875,3,284,0,4,0,1,2.9341013333333326,2.628903199999998,7.66272,4.16538,14.016343333333324,16.715072000000035,1.36063,1.14213,4.645253333333347,1.4780760000000193,33.3572,4.00462,0.6106943333333343,0.6160832000000006,0.025,0.293333,167,5,22.7478,32.40309
-14.9897,0,0.904,4,138,0,5,0,0,2.871882666666666,2.782157599999999,0.009824,1.12976,20.629576666666654,16.194292000000036,22.7478,17.9406,0.9492666666666807,0.5901360000000195,-15.5197,-3.90174,0.6425833333333344,0.6058832000000006,0.99875,0.808333,167,5,37.7803,32.959522
-12.8485,0,0.695,3,163,0,1,0,0,0.5173973333333327,2.0689343999999985,0.943104,7.66272,23.270016666666653,17.822256000000035,37.7803,1.36063,-14.452633333333319,-2.7804879999999805,-14.9897,33.3572,0.8659166666666677,0.6862166000000006,0.904,0.025,168,5,9.28195,16.559994
-23.7822,0,0.955,4,143,0,2,0,0,0.5730666666666661,1.8783487999999982,0.599264,0.009824,53.34274999999999,36.82733600000004,9.28195,22.7478,-17.206799999999983,-6.75657999999998,-12.8485,-15.5197,0.8513333333333343,0.7155500000000007,0.695,0.99875,168,5,112.966,85.1265
-20.3623,0,1.0,3,5,0,2,0,1,0.2586986666666661,0.3458047999999982,0.176832,0.943104,55.41064999999998,45.35201000000003,112.966,37.7803,-18.99766666666665,-17.500479999999982,-23.7822,-14.9897,0.8833333333333343,0.9105500000000006,0.955,0.904,168,5,43.984,29.38594
-4.1693,2,0.903333,2,13,2,3,0,0,0.24887466666666605,0.4577983999999982,0.0,0.599264,54.12680333333332,41.88853200000003,43.984,9.28195,-16.104599999999987,-15.23039999999998,-20.3623,-12.8485,0.9527776666666677,0.8914666000000006,1.0,0.695,168,5,5.43041,11.617828
-30.2888,0,1.0,6,327,0,3,0,1,0.18993066666666605,0.26917759999999824,0.569792,0.176832,30.624336666666654,42.82419200000003,5.43041,112.966,-18.273466666666653,-18.29021999999998,-4.1693,-23.7822,0.9677776666666676,0.9106666000000008,0.903333,0.955,168,5,42.4586,46.688663
-9.11746,0,0.98375,2,437,0,4,0,0,0.2325013333333327,0.17486719999999822,0.0,0.0,17.660316666666656,41.986190000000036,42.4586,43.984,-14.525186666666654,-17.544011999999977,-30.2888,-20.3623,0.962361000000001,0.9684166000000006,1.0,1.0,168,5,5.09194,10.434041
-1.10404,4,0.825,3,10,3,4,0,1,0.5006439999999994,0.41434479999999824,0.127712,0.569792,20.153613333333322,21.97505000000003,5.09194,5.43041,-13.50343333333332,-13.00837999999998,-9.11746,-4.1693,0.936250000000001,0.9424166000000007,0.98375,0.903333,168,5,12.9103,7.240169
-8.18155,0,0.994,3,92,0,5,0,0,0.5202919999999994,0.4261335999999982,1.37422,0.0,9.005993333333324,14.981398000000032,12.9103,42.4586,-6.134349999999986,-10.57222999999998,-1.10404,-30.2888,0.934250000000001,0.9412166000000006,0.825,1.0,168,5,9.01574,4.028415
-10.8951,0,0.84,10,258,0,1,0,0,0.582510666666666,0.3750487999999982,0.058944,0.127712,21.588013333333322,22.462916000000035,9.01574,5.09194,-6.726896666666652,-11.91738999999998,-8.18155,-9.11746,0.8863333333333343,0.9285500000000007,0.994,0.98375,169,5,42.838,39.49665
-17.5156,0,1.0,4,111,0,2,0,0,0.12443733333333266,0.3750487999999982,0.314368,1.37422,43.201246666666655,29.52119600000004,42.838,12.9103,-12.19741666666665,-9.36274999999998,-10.8951,-1.10404,0.9446666666666678,0.9285500000000007,0.84,0.825,169,5,77.75,61.28047
-10.55,0,0.97,4,270,0,2,0,1,0.14408533333333265,0.37308399999999825,0.0,0.058944,53.62676666666666,36.56126800000004,77.75,9.01574,-12.986899999999986,-9.64925799999998,-17.5156,-8.18155,0.9366666666666678,0.9258000000000006,1.0,0.994,169,5,40.2923,45.14761
17.6528,24,0.898333,3,147,13,3,0,0,0.239050666666666,0.2180927999999982,0.117888,0.314368,48.26343333333332,39.32880800000004,40.2923,42.838,-3.470933333333319,-5.897889999999981,-10.55,-10.8951,0.9561110000000012,0.9404666000000006,0.97,0.84,169,5,26.748,37.258446
-20.3347,0,0.851667,3,355,0,3,0,1,0.5304959999999993,0.3811711999999982,0.599264,0.0,32.95333333333332,43.889600000000044,26.748,77.75,-4.41063333333332,-8.32851999999998,17.6528,-17.5156,0.9066666666666677,0.9120000000000006,0.898333,1.0,169,5,31.8197,37.02633
-10.0181,24,1.0,2,0,0,4,0,0,0.49119999999999936,0.31829759999999824,0.874336,0.117888,28.832799999999988,40.90814000000004,31.8197,40.2923,-4.23333333333332,-8.153119999999982,-20.3347,-10.55,0.9166666666666677,0.9440000000000006,0.851667,0.97,169,5,27.9307,29.38342
-15.5197,0,1.0,3,30,0,4,0,1,0.29144533333333267,0.31829759999999824,0.0,0.599264,27.499399999999984,29.907700000000034,27.9307,26.748,-15.29083333333332,-7.753939999999981,-10.0181,17.6528,0.9505556666666677,0.9440000000000006,1.0,0.898333,169,5,22.7478,29.832363
-23.9596,0,1.0,2,438,0,5,0,0,0.0,0.2947199999999982,0.0,0.874336,25.07093333333332,26.75610000000004,22.7478,31.8197,-16.49913333333332,-10.43585999999998,-15.5197,-20.3347,1.0,0.9500000000000007,1.0,0.851667,169,5,24.5343,35.323357
-20.8403,0,0.95,8,260,0,1,0,0,0.032746666666666,0.19451519999999822,0.0,0.0,48.19659999999999,40.86804000000003,24.5343,27.9307,-20.106533333333317,-18.134479999999982,-23.9596,-10.0181,0.9833333333333343,0.9603334000000008,1.0,1.0,170,5,97.3077,67.368706
-8.95578,0,0.89,4,115,0,2,0,0,0.17683199999999932,0.10609919999999821,0.09824,0.0,87.09199999999998,62.39090000000003,97.3077,22.7478,-17.918559999999985,-15.85869599999998,-20.8403,-15.5197,0.9466666666666677,0.9680000000000006,0.95,1.0,170,5,139.434,44.186234
-20.3623,0,1.0,3,5,0,2,0,1,0.17683199999999932,0.10609919999999821,0.432256,0.0,93.57523333333332,65.60156000000003,139.434,24.5343,-16.719459999999987,-17.927535999999982,-8.95578,-23.9596,0.9466666666666677,0.9680000000000006,0.89,1.0,170,5,43.984,80.33666
2.1237,8,0.293333,2,17,5,3,0,0,1.5325453333333325,0.9391751999999982,0.0,0.09824,61.562183333333316,61.30571000000003,43.984,97.3077,-9.06479333333332,-14.398855999999977,-20.3623,-20.8403,0.7277776666666677,0.8266666000000006,1.0,0.95,170,5,1.26855,5.181173
-20.7295,0,0.761667,8,221,0,3,0,1,1.8567366666666658,1.2201411999999983,4.16538,0.432256,21.938749999999988,60.511590000000034,1.26855,139.434,-12.989366666666655,-13.752835999999979,2.1237,-8.95578,0.6850000000000009,0.7790000000000006,0.293333,0.89,170,5,20.5637,24.617098
-29.0861,0,0.95375,4,252,0,4,0,0,1.9778993333333326,1.2731907999999983,1.40483,0.0,20.374983333333326,48.90859000000004,20.5637,43.984,-15.897299999999987,-15.40199599999998,-20.7295,-20.3623,0.6695833333333342,0.7797500000000006,0.761667,1.0,170,5,39.2927,37.653378
-1.10404,4,0.66125,4,0,3,4,0,1,1.476872666666666,1.7191995999999983,0.363488,4.16538,24.07409999999999,23.494970000000034,39.2927,1.26855,-16.97321333333332,-13.831647999999978,-29.0861,2.1237,0.7922223333333344,0.7340000000000007,0.95375,0.293333,170,5,12.3659,7.433102
4.80113,10,0.573,3,51,6,5,0,0,2.4068793333333325,2.558169599999998,2.6623,1.40483,17.518139999999992,14.877334000000033,12.3659,20.5637,-8.463003333333319,-8.798961999999982,-1.10404,-20.7295,0.7293333333333343,0.6486000000000007,0.66125,0.761667,170,5,0.89582,0.9670845
-3.34631,2,0.385,3,10,2,1,0,0,2.6884999999999994,1.9667635999999984,4.19485,0.363488,6.860703333333324,16.087702000000036,0.89582,39.2927,0.11692666666668068,-9.892963999999981,4.80113,-29.0861,0.539750000000001,0.6669334000000007,0.573,0.95375,171,5,7.32039,6.438803
-9.86017,0,1.0,9,84,0,2,0,0,1.8010666666666661,1.6857975999999983,1.20835,2.6623,9.948403333333324,16.300762000000034,7.32039,12.3659,-2.801783333333319,-7.719097999999979,-3.34631,-1.10404,0.6526666666666676,0.7146000000000006,0.385,0.66125,171,5,21.629,21.490465
-38.1554,0,0.97,8,318,0,2,0,1,0.44207933333333305,1.6366775999999983,0.0,4.19485,23.262863333333325,16.610062000000035,21.629,0.89582,-17.120626666666652,-9.53295799999998,-9.86017,4.80113,0.785000000000001,0.7178500000000007,1.0,0.573,171,5,40.8392,48.879314
-13.3861,0,0.846667,2,289,0,3,0,0,0.340565333333333,1.2849791999999982,0.117888,1.20835,22.627836666666656,15.219944000000035,40.8392,7.32039,-20.46722333333332,-11.98936999999998,-38.1554,-3.34631,0.938889000000001,0.7549334000000008,0.97,0.385,171,5,5.41531,9.850203
-30.2888,0,1.0,3,193,0,3,0,1,0.340565333333333,0.44600919999999816,0.903808,0.0,29.571036666666657,23.532500000000034,5.41531,21.629,-27.276766666666656,-19.00735599999998,-13.3861,-9.86017,0.938889000000001,0.8403334000000007,0.846667,1.0,171,5,42.4586,41.705242
9.17366,16,0.23375,3,26,9,4,0,0,2.308639333333333,1.408761199999998,0.0,0.117888,16.408826666666656,22.338936000000036,42.4586,40.8392,-11.50041333333332,-16.503361999999978,-30.2888,-38.1554,0.6934723333333342,0.8100834000000008,1.0,0.97,171,5,1.35257,1.3352079
-4.75041,0,0.865,2,22,1,5,0,0,2.4494499999999997,1.674009199999998,6.02211,0.903808,15.730866666666657,18.689422000000032,1.35257,5.41531,-8.621849999999986,-15.481409999999979,9.17366,-13.3861,0.6995833333333342,0.7830834000000008,0.23375,0.846667,171,5,3.38143,2.5400496
15.3773,22,0.93,3,658,12,1,0,0,2.495295333333333,1.677938799999998,1.32624,0.0,10.869966666666658,16.096762000000034,3.38143,42.4586,6.600183333333348,-4.77486999999998,-4.75041,-30.2888,0.6762500000000009,0.7750834000000008,0.865,1.0,172,5,27.8759,25.37872
-2.06568,4,0.6175,2,6,3,2,0,0,0.9889486666666664,1.7977911999999978,0.137536,6.02211,15.362143333333327,17.979520000000033,27.8759,1.35257,2.853736666666681,-2.51078599999998,15.3773,9.17366,0.8041666666666677,0.7292500000000007,0.93,0.23375,172,5,14.8291,3.8646076
-20.3623,0,1.0,5,72,0,2,0,1,0.5468686666666663,1.7977911999999978,1.50307,1.32624,28.89633333333332,18.284600000000037,14.8291,3.38143,-2.3502266666666523,-0.5254859999999801,-2.06568,-4.75041,0.8491666666666676,0.7292500000000007,0.6175,0.865,172,5,43.984,48.42929
-11.6064,0,0.996667,4,55,0,3,0,0,0.5075726666666663,0.597298799999998,0.0,0.137536,28.67349999999999,23.45556600000004,43.984,27.8759,-11.34479333333332,-4.681497999999981,-20.3623,15.3773,0.871389000000001,0.8818334000000008,1.0,0.93,172,5,27.2074,31.179579
11.9284,18,0.911667,2,338,10,3,0,1,0.1801066666666664,0.43618519999999805,0.019648,1.50307,34.517533333333326,29.25152000000004,27.2074,14.8291,-6.680099999999986,-1.3457359999999814,-11.6064,-2.06568,0.9694446666666675,0.8911668000000008,0.996667,0.6175,172,5,32.3612,27.963017
-9.11746,0,0.97875,3,412,0,4,0,0,0.23577599999999968,0.4420795999999981,0.520672,0.0,21.58578333333332,24.714090000000038,32.3612,43.984,-2.931819999999986,-6.2446879999999805,11.9284,-20.3623,0.9623613333333343,0.9009168000000006,0.911667,1.0,172,5,5.18875,10.297958
-14.9897,0,0.995,4,283,0,5,0,0,0.2455999999999997,0.151289599999998,0.167008,0.019648,25.291383333333318,29.413110000000035,5.18875,27.2074,-4.059586666666652,-8.82949199999998,-9.11746,-11.6064,0.9618056666666677,0.9764168000000006,0.97875,0.996667,172,5,38.3242,43.304985
10.2811,14,0.005,2,6,8,1,0,0,0.7237026666666663,0.542285599999998,0.04912,0.520672,15.252756666666654,21.065374000000038,38.3242,32.3612,-4.608686666666652,-2.7008119999999805,-14.9897,11.9284,0.6595833333333343,0.7774168000000008,0.995,0.911667,173,5,2.24532,1.9085858
-16.5779,0,1.0,3,528,0,2,0,0,0.6680333333333329,0.538355999999998,1.95498,0.167008,29.05707333333332,24.944234000000034,2.24532,5.18875,-7.095499999999984,-3.6951119999999804,10.2811,-9.11746,0.6666666666666675,0.7780834000000008,0.005,0.97875,173,5,46.6017,46.2771
-38.1554,0,1.0,8,1000,0,2,0,1,0.6516599999999997,0.434221599999998,0.0,0.04912,29.895406666666656,26.639834000000036,46.6017,38.3242,-14.817399999999985,-13.71187199999998,-16.5779,-14.9897,0.6683333333333342,0.7957500000000006,1.0,0.995,173,5,40.8392,45.844856
3.99465,8,0.528333,3,20,5,3,0,0,0.9267299999999997,0.956857999999998,0.0,1.95498,29.606413333333318,25.877752000000033,40.8392,2.24532,-16.91288333333332,-11.08944999999998,-38.1554,10.2811,0.8427776666666676,0.7056666000000007,1.0,0.005,173,5,1.37834,2.9496965
4.8195,10,0.531667,8,13,6,3,0,1,1.84691,1.499141999999998,2.78019,0.0,22.550179999999987,23.29951200000004,1.37834,46.6017,-9.780416666666653,-7.12760999999998,3.99465,-16.5779,0.6866666666666678,0.6130000000000007,0.528333,1.0,173,5,25.433,6.700215
-10.0181,24,1.0,2,7,0,4,0,0,1.84691,1.108145999999998,2.76054,0.0,18.247346666666655,28.436588000000036,25.433,40.8392,-0.4013166666666527,-11.18744999999998,4.8195,-38.1554,0.6866666666666678,0.8120000000000008,0.531667,1.0,173,5,27.9307,17.885735
-11.0039,28,0.795,2,112,0,5,0,0,1.5914866666666665,1.5109299999999979,0.0,2.78019,20.85272999999999,20.955146000000035,27.9307,1.37834,-5.40083333333332,-10.07264999999998,-10.0181,3.99465,0.7755556666666678,0.7710000000000007,1.0,0.528333,173,5,9.19449,12.51828
0.165025,6,0.005,1,9,4,1,0,0,1.3229666666666664,1.9019259999999982,2.01392,2.76054,12.886833333333321,13.094368000000037,9.19449,25.433,-6.952324999999985,-2.4085649999999803,-11.0039,4.8195,0.600000000000001,0.5720000000000007,0.795,0.531667,174,5,1.53531,4.10552
-19.2826,0,1.0,2,0,0,2,0,0,1.3229666666666664,1.345887999999998,1.95498,0.0,12.499633333333321,18.17252000000004,1.53531,27.9307,-10.040491666666652,-7.064014999999981,0.165025,-10.0181,0.600000000000001,0.6663334000000007,0.005,1.0,174,5,26.7691,27.970316
-20.3623,0,1.0,8,214,0,2,0,1,0.6516599999999997,0.7937799999999979,0.0,2.01392,24.096136666666656,21.882720000000038,26.7691,9.19449,-13.15995833333332,-12.10037499999998,-19.2826,-11.0039,0.6683333333333343,0.7600000000000007,1.0,0.795,174,5,43.984,35.752007
-7.20966,0,0.865,3,410,0,3,0,0,0.2652479999999997,0.952928799999998,0.0,1.95498,25.468626666666655,17.427136000000036,43.984,1.53531,-15.618186666666652,-11.53868699999998,-20.3623,0.165025,0.955000000000001,0.7330000000000008,1.0,0.005,174,5,5.65278,3.9090693
-30.2888,0,1.0,4,390,0,3,0,1,0.2652479999999997,0.550144799999998,0.795744,0.0,30.698459999999987,24.079958000000037,5.65278,26.7691,-19.286919999999984,-15.39566699999998,-7.20966,-19.2826,0.955000000000001,0.7740000000000007,0.865,1.0,174,5,42.4586,40.31213
-29.0861,0,1.0,3,379,0,4,0,0,0.2652479999999997,0.15914879999999795,0.0,0.0,29.13469333333332,31.631436000000036,42.4586,43.984,-22.194853333333317,-21.24589199999998,-30.2888,-20.3623,0.955000000000001,0.9730000000000008,1.0,1.0,174,5,39.2927,33.602646
-23.4896,0,1.0,4,89,0,5,0,0,0.0,0.15914879999999795,0.0,0.795744,35.42853333333332,31.184476000000036,39.2927,5.65278,-27.621499999999983,-22.08729199999998,-29.0861,-7.20966,1.0,0.9730000000000008,1.0,0.865,174,5,24.5343,28.812054
5.84225,12,0.015,1,12,7,1,0,0,0.6451099999999997,0.546214799999998,0.0,0.0,21.706859999999992,22.646392000000038,24.5343,42.4586,-15.577816666666655,-16.846381999999977,-23.4896,-30.2888,0.6716666666666676,0.7760000000000008,1.0,1.0,175,5,1.29358,1.2056153
8.37911,16,1.0,2,461,9,2,0,0,0.6451099999999997,0.38706599999999797,1.93533,0.0,22.661826666666656,29.947356000000035,1.29358,39.2927,-3.08941333333332,-13.728627999999977,5.84225,-29.0861,0.6716666666666676,0.8030000000000006,0.015,1.0,175,5,42.1576,25.724903
-38.1554,0,1.0,4,631,0,2,0,1,0.6451099999999997,0.38706599999999797,0.0,0.0,28.096793333333324,29.62347600000004,42.1576,24.5343,-7.97801333333332,-15.301947999999978,8.37911,-23.4896,0.6716666666666676,0.8030000000000008,1.0,1.0,175,5,40.8392,42.8518
-20.0648,0,0.988333,4,304,0,3,0,0,0.02292266666666637,0.40081959999999794,0.0,1.93533,36.91666666666666,27.31557600000004,40.8392,1.29358,-16.613696666666655,-13.497687999999979,-38.1554,5.84225,0.9961110000000009,0.8006666000000008,1.0,0.015,175,5,27.7532,47.611755
-13.8388,0,0.881667,2,162,0,3,0,1,0.2554239999999997,0.5403203999999979,0.068768,0.0,33.251499999999986,28.64113600000004,27.7532,42.1576,-24.01966666666665,-11.567527999999982,-20.0648,8.37911,0.9566666666666676,0.7770000000000008,0.988333,1.0,175,5,31.1621,24.558733
5.99477,12,0.16875,2,20,7,4,0,0,2.433077333333333,1.4598463999999978,0.697504,0.0,20.084813333333322,28.650248000000033,31.1621,40.8392,-9.30294333333332,-11.53702399999998,-13.8388,-38.1554,0.6795833333333342,0.8077500000000007,0.881667,1.0,175,5,1.33914,1.7147517
10.6567,16,0.474,5,31,9,5,0,0,4.1326279999999995,2.493330399999998,6.53296,0.068768,11.12776399999999,20.395138400000036,1.33914,27.7532,0.9375566666666811,-11.08150599999998,5.99477,-20.0648,0.5081390000000009,0.7025500000000007,0.16875,0.988333,175,5,0.882052,3.0872083
1.16701,6,0.01,1,8,4,1,0,0,4.548509999999999,2.8823603999999983,5.16742,0.697504,1.208937333333324,12.508422400000036,0.882052,31.1621,5.939493333333349,-3.21702399999998,10.6567,-13.8388,0.21758333333333424,0.5045500000000007,0.474,0.881667,176,5,1.40562,2.9261515
9.66977,16,0.89,4,418,9,2,0,0,2.5149419999999996,2.955057999999998,1.94515,6.53296,14.537157333333324,15.222542400000037,1.40562,1.33914,7.164493333333347,2.7298900000000197,1.16701,5.99477,0.4580000000000009,0.48488340000000074,0.01,0.16875,176,5,41.3238,26.731033
-20.3623,0,1.0,3,245,0,2,0,1,0.7924686666666663,2.815557199999998,0.432256,5.16742,28.904473333333325,17.786922400000037,41.3238,0.882052,-3.175173333333319,1.4251900000000197,9.66977,10.6567,0.6333333333333342,0.5085500000000007,0.89,0.474,176,5,43.984,39.198223
5.88795,12,0.25,2,4,7,3,0,0,1.617685333333333,2.393125199999998,0.0,1.94515,28.89170666666666,17.79255840000004,43.984,1.40562,-1.6015266666666523,1.4038260000000198,-20.3623,1.16701,0.7133333333333343,0.5248000000000006,1.0,0.01,176,5,1.36732,3.2003345
-13.8041,0,0.47,8,30,0,3,0,1,2.514943333333333,1.9844471999999977,4.4208,0.432256,22.75660666666666,22.19984800000004,1.36732,41.3238,-9.426149999999986,-3.4883339999999805,5.88795,9.66977,0.5733333333333341,0.5240000000000007,0.25,0.89,176,5,22.9185,25.076765
-9.11746,0,0.97125,3,500,0,4,0,0,2.590260666666666,1.640607599999998,3.12403,0.0,9.832866666666659,22.961280000000038,22.9185,43.984,-5.677869999999984,-5.54522799999998,-13.8041,-20.3623,0.5637500000000009,0.7162500000000007,0.47,1.0,176,5,5.21278,11.865107
-4.75041,0,0.962,3,0,1,5,0,0,1.2410979999999996,1.6288187999999981,0.225952,4.4208,10.495626666666658,15.36764000000004,5.21278,1.36732,-9.223989999999985,-8.42926399999998,-9.11746,5.88795,0.8010833333333341,0.7306500000000007,0.97125,0.25,176,5,3.3556,10.323832
2.70555,8,0.49,1,2,5,1,0,0,0.533771333333333,1.829228799999998,0.373312,3.12403,4.981126666666658,7.845840000000036,3.3556,22.9185,-3.720773333333318,-3.8156939999999793,-4.75041,-13.8041,0.8077500000000009,0.6286500000000007,0.962,0.47,177,5,6.375,5.0991187
2.93732,8,0.1775,2,17,5,2,0,0,1.5332073333333331,1.589920799999998,1.00205,0.225952,5.383923333333324,8.856610000000037,6.375,5.21278,0.2974866666666817,-4.405819999999979,2.70555,-9.11746,0.5431666666666676,0.6141500000000008,0.49,0.97125,177,5,6.42117,2.645503
-7.20966,0,0.956667,3,434,0,3,0,0,1.493911333333333,1.016199599999998,3.22426,0.373312,6.1619166666666585,5.410826000000037,6.42117,3.3556,-0.5222633333333185,-3.086931999999979,2.93732,-4.75041,0.5413890000000009,0.7114834000000008,0.1775,0.962,177,5,5.68958,7.0678988
-30.2888,0,1.0,2,556,0,3,0,1,1.1598946666666665,0.971009199999998,0.255424,1.00205,18.189783333333324,12.859990000000035,5.68958,6.375,-11.520379999999983,-7.321199999999979,-7.20966,2.70555,0.7113890000000008,0.7172334000000008,0.956667,0.49,177,5,42.4586,36.59775
-13.8254,0,0.9975,3,114,0,4,0,0,0.09169066666666637,0.900276399999998,0.0,3.22426,25.92285999999999,18.112950000000037,42.4586,6.42117,-17.107953333333317,-9.136197999999979,-30.2888,2.93732,0.9847223333333343,0.7243334000000008,1.0,0.1775,177,5,29.6204,20.958853
18.9847,24,0.916,4,196,13,5,0,0,0.281621333333333,0.8649095999999981,0.019648,0.255424,36.38389999999999,24.252490000000037,29.6204,5.68958,-8.376499999999986,-5.88036799999998,-13.8254,-7.20966,0.9711666666666675,0.8095334000000008,0.9975,0.956667,177,5,37.0727,27.495852
2.70555,8,0.49,1,2,5,1,0,0,0.6156379999999997,0.42046759999999805,0.825216,0.0,24.356033333333325,24.243256000000038,37.0727,42.4586,2.6216166666666805,-5.92672199999998,18.9847,-30.2888,0.8011666666666676,0.8720334000000008,0.916,1.0,178,5,6.375,5.9058995
-3.48847,2,0.705,3,336,2,2,0,0,0.9954986666666663,0.601228799999998,1.00205,0.019648,15.968033333333324,23.996620000000036,6.375,29.6204,6.067260000000014,-5.182483999999979,2.70555,-13.8254,0.7036666666666674,0.8217000000000008,0.49,0.9975,178,5,4.4564,10.371649
-17.0435,0,1.0,2,231,0,3,0,0,0.7204266666666664,0.601228799999998,1.15923,0.825216,12.861533333333325,21.055540000000036,4.4564,37.0727,-5.942139999999987,-2.53342399999998,-3.48847,18.9847,0.7316666666666677,0.8217000000000008,0.705,0.916,178,5,27.7532,25.327042
-13.8388,0,0.998333,7,95,0,3,0,1,0.3896846666666664,0.599263999999998,0.0,1.00205,21.472933333333327,21.57330000000004,27.7532,6.375,-11.45692333333332,-2.5361039999999804,-17.0435,2.70555,0.9011110000000008,0.8218666000000008,1.0,0.49,178,5,32.2092,31.150198
-15.6631,0,0.93,4,328,0,4,0,0,0.1866559999999997,0.5442495999999981,0.009824,1.15923,33.304066666666664,22.148720000000036,32.2092,4.4564,-15.515133333333319,-9.46566399999998,-13.8388,-3.48847,0.976111000000001,0.8246666000000008,0.998333,0.705,178,5,39.9498,33.46742
-11.0039,0,1.0,2,12,0,5,0,0,0.1866559999999997,0.343839599999998,0.550144,0.0,27.117829999999994,22.712618000000038,39.9498,27.7532,-13.50193333333332,-12.20755399999998,-15.6631,-17.0435,0.976111000000001,0.9266666000000008,0.93,1.0,178,5,9.19449,11.465863
-17.8659,0,1.0,5,360,0,1,0,0,0.18338133333333304,0.11199359999999806,0.0,0.009824,27.04919666666666,28.221998000000042,9.19449,32.2092,-14.844299999999985,-15.083039999999983,-11.0039,-13.8388,0.9766666666666675,0.9856666000000007,1.0,0.998333,179,5,32.0033,56.492622
-14.6331,0,0.99,4,572,0,2,0,0,0.01309866666666637,0.11985279999999805,0.0,0.550144,19.903229999999994,26.373738000000042,32.0033,39.9498,-14.500966666666654,-14.600959999999981,-17.8659,-15.6631,0.9966666666666676,0.9836666000000008,1.0,0.93,179,5,18.5119,12.227685
1.09839,6,0.7,3,20,4,3,0,0,0.6025386666666663,0.47155199999999803,0.039296,0.0,17.317279999999993,20.219226000000038,18.5119,9.19449,-10.466869999999986,-11.61352199999998,-14.6331,-11.0039,0.8966666666666675,0.9240000000000007,0.99,1.0,179,5,1.43664,5.0947876
-13.8041,0,0.99,9,135,0,3,0,1,0.6221866666666663,0.37331199999999803,1.76832,0.0,14.390913333333325,16.874106000000037,1.43664,32.0033,-9.112936666666654,-11.24172199999998,1.09839,-17.8659,0.8933333333333341,0.9360000000000006,0.7,1.0,179,5,23.2242,25.984074
5.99477,12,0.4375,2,0,7,4,0,0,2.0826879999999997,1.257471999999998,0.058944,0.039296,8.66288999999999,15.300774000000038,23.2242,18.5119,-2.2369799999999858,-7.841987999999981,-13.8041,-14.6331,0.7091666666666675,0.8235000000000007,0.99,0.99,179,5,1.32783,2.233182
-13.9819,0,0.94,10,236,0,5,0,0,1.6897279999999997,1.375359999999998,4.4208,1.76832,17.731976666666657,14.628894000000036,1.32783,1.43664,-7.263743333333319,-7.0651879999999805,5.99477,1.09839,0.7891666666666675,0.8115000000000008,0.4375,0.7,179,5,28.6439,32.296246
-11.3552,0,0.975,4,516,0,1,0,0,1.6864533333333334,1.377324799999998,0.58944,0.058944,37.91017666666665,27.678274000000034,28.6439,23.2242,-6.447443333333318,-6.40960799999998,-13.9819,-13.8041,0.7841666666666676,0.8085000000000007,0.94,0.99,180,5,83.7588,72.46021
-19.2001,0,1.0,6,346,0,2,0,0,0.21285333333333334,1.0236607999999978,0.04912,4.4208,42.64866666666665,30.499606000000036,83.7588,1.32783,-14.84573333333332,-10.469305999999978,-11.3552,5.99477,0.9716666666666676,0.8685000000000007,0.975,0.4375,180,5,15.5433,35.576675
-7.20966,0,0.971667,3,376,0,3,0,0,0.07204266666666666,1.045273599999998,0.0,0.58944,35.00125999999999,26.99510200000004,15.5433,28.6439,-12.588319999999984,-9.150417999999979,-19.2001,-13.9819,0.9822223333333341,0.8648334000000008,1.0,0.94,180,5,5.70168,27.598978
-23.3199,0,1.0,5,354,0,3,0,1,0.05566933333333333,0.16111359999999803,0.167008,0.04912,21.234526666666657,35.22125600000003,5.70168,83.7588,-16.57655333333332,-15.01335199999998,-7.20966,-11.3552,0.9905556666666676,0.9773334000000007,0.971667,0.975,180,5,42.4586,29.693085
-5.60349,0,0.86375,2,254,0,4,0,0,0.4126093333333334,0.2573895999999981,0.0,0.0,17.805396666666656,30.543658000000033,42.4586,15.5433,-12.044349999999985,-13.33766999999998,-23.3199,-19.2001,0.9451390000000007,0.9620834000000007,1.0,1.0,180,5,5.25591,5.9527836
8.98126,14,0.309,3,18,8,5,0,0,2.6197333333333335,1.605241599999998,1.07082,0.167008,16.196742333333322,13.967041400000037,5.25591,5.70168,-6.647376666666651,-9.27037799999998,-5.60349,-7.20966,0.724250000000001,0.8288834000000008,0.86375,0.971667,180,5,0.875717,1.1940365
-11.0063,0,0.92,8,290,0,1,0,0,2.6721280000000003,1.636678399999998,6.78838,0.0,17.316708999999992,20.022081400000037,0.875717,42.4586,-2.5428433333333174,-7.63161799999998,8.98126,-23.3199,0.6975833333333342,0.8128834000000008,0.309,1.0,181,5,45.8185,36.805176
1.00312,6,0.635,5,8,4,2,0,0,2.793288,1.8901367999999983,0.157184,1.07082,16.66758899999999,19.543455400000035,45.8185,5.25591,-0.3406399999999839,-5.98906199999998,-11.0063,-5.60349,0.6213333333333343,0.7455500000000008,0.92,0.86375,181,5,3.30855,5.8601623
-17.0435,0,1.0,4,198,0,3,0,0,0.5304946666666667,1.8901367999999983,1.4343,6.78838,25.62674999999999,16.602375400000035,3.30855,0.875717,-9.015559999999985,-4.73378199999998,1.00312,8.98126,0.8516666666666676,0.7455500000000008,0.635,0.309,181,5,27.7532,45.56621
-22.4034,0,0.893333,2,145,0,3,0,1,0.6876786666666667,1.8017199999999982,0.0,0.157184,21.361116666666657,22.15551340000004,27.7532,45.8185,-12.814593333333319,-8.09376399999998,-17.0435,-11.0063,0.8427776666666675,0.7514666000000008,1.0,0.92,181,5,33.0216,25.090727
-11.7252,0,0.89125,9,127,0,4,0,0,0.4944746666666666,0.614981599999998,0.628736,1.4343,30.426933333333324,28.08157000000004,33.0216,3.30855,-17.057366666666653,-12.23505599999998,-22.4034,1.00312,0.9281943333333342,0.8679166000000009,0.893333,0.635,181,5,30.506,22.52685
-6.02996,0,0.769,2,28,0,5,0,0,1.2509213333333333,1.037412799999998,0.854688,0.0,22.27125333333332,19.575102000000037,30.506,27.7532,-13.386186666666648,-11.23978799999998,-11.7252,-17.0435,0.8511943333333343,0.8377166000000008,0.89125,1.0,181,5,3.28616,1.7141153
-19.9655,0,1.0,4,354,0,1,0,0,1.0413426666666667,0.750552799999998,2.26934,0.628736,19.04521999999999,23.58209200000004,3.28616,33.0216,-12.573553333333317,-15.433511999999983,-6.02996,-22.4034,0.8867500000000009,0.9107166000000009,0.769,0.893333,182,5,23.3435,37.269554
-14.48,0,0.9925,4,66,0,2,0,0,0.7662706666666668,0.7564471999999981,0.0,0.854688,31.61651999999999,31.675432000000036,23.3435,30.506,-13.491819999999983,-14.920811999999978,-19.9655,-11.7252,0.9205000000000009,0.9092166000000008,1.0,0.89125,182,5,68.2199,52.81909
13.1163,20,0.185,3,4,11,3,0,0,1.6111373333333334,1.591487999999998,0.029472,2.26934,30.995283333333322,25.355602000000037,68.2199,3.28616,-7.109733333333317,-7.81687199999998,-14.48,-6.02996,0.7258333333333341,0.7675500000000008,0.9925,0.769,182,5,1.42245,1.2106806
-13.8041,0,0.995,7,278,0,3,0,1,1.6209613333333335,1.426444799999998,4.80394,0.0,31.00814999999999,23.93082200000004,1.42245,23.3435,-5.055933333333317,-8.232651999999979,13.1163,-19.9655,0.7241666666666675,0.7883000000000008,0.185,1.0,182,5,23.3821,48.063915
-16.5892,0,0.9175,4,289,0,4,0,0,1.8272653333333333,1.102253599999998,0.029472,0.029472,21.179183333333324,31.020190000000035,23.3821,68.2199,-5.7589999999999835,-10.34449999999998,-13.8041,-14.48,0.6991666666666676,0.8180000000000008,0.995,0.9925,182,5,38.733,39.886246
-17.2161,0,0.82,8,91,0,5,0,0,0.815392,1.455917599999998,0.648384,4.80394,31.726566666666656,32.96441000000003,38.733,1.42245,-15.869799999999984,-9.79461999999998,-16.5892,13.1163,0.9108333333333342,0.7820000000000008,0.9175,0.185,182,5,33.0646,26.695702
-8.26958,0,0.945,3,348,0,1,0,0,0.8415893333333333,1.471635999999998,1.76832,0.029472,34.710999999999984,25.787510000000037,33.0646,23.3821,-14.024959999999984,-8.552535999999979,-17.2161,-13.8041,0.8941666666666676,0.7725000000000007,0.82,0.995,183,5,32.3354,40.245377
36.9747,28,0.0,2,12,15,2,0,0,2.0073713333333334,1.3399939999999981,0.108064,0.648384,23.23183999999999,26.362124000000033,32.3354,38.733,3.8296733333333486,-3.78085599999998,-8.26958,-16.5892,0.5883333333333342,0.7355000000000008,0.945,0.9175,183,5,4.29552,2.2093585
-7.20966,0,0.99,4,283,0,3,0,0,1.4375793333333335,1.3458883999999982,4.14573,1.76832,14.133729999999991,22.839758000000035,4.29552,33.0646,7.1651533333333495,-2.46196799999998,36.9747,-17.2161,0.6450000000000009,0.7345000000000008,0.0,0.82,183,5,5.77027,18.903543
-23.3199,0,1.0,8,215,0,3,0,1,1.4015580000000003,1.216211599999998,0.058944,0.108064,17.50812999999999,23.58487800000004,5.77027,32.3354,2.148380000000016,-3.8081079999999803,-7.20966,-8.26958,0.6633333333333342,0.7510000000000009,0.99,0.945,183,5,42.4586,40.413185
9.62483,16,0.325,2,10,9,4,0,0,1.7879680000000002,1.923539599999998,0.0,4.14573,16.513606666666657,17.234348000000036,42.4586,4.29552,-6.968243333333317,1.5600780000000198,-23.3199,36.9747,0.7716666666666675,0.6520000000000008,1.0,0.0,183,5,1.31195,1.739404
-5.38285,28,0.757,4,13,0,5,0,0,2.5640633333333334,2.3793727999999983,5.30496,0.058944,17.737406666666654,12.655602000000036,1.31195,5.77027,-6.359306666666651,2.1374240000000193,9.62483,-7.20966,0.6940000000000008,0.6144000000000008,0.325,0.99,183,5,9.44167,4.9094176
-11.7792,0,0.83,8,152,0,1,0,0,2.675402,1.6170299999999984,2.38723,0.0,19.862373333333323,21.563198000000035,9.44167,42.4586,-2.5124066666666507,-7.61335599999998,-5.38285,-23.3199,0.6373333333333342,0.7804000000000009,0.757,1.0,184,5,48.8335,38.225155
-5.3784,28,0.62,2,8,0,2,0,0,1.404832,1.9038911999999981,0.334016,5.30496,20.705006666666655,21.17711400000004,48.8335,1.31195,-7.513483333333316,-7.247103999999981,-11.7792,9.62483,0.7356666666666675,0.7064000000000009,0.83,0.325,184,5,3.83985,5.366471
-14.9196,0,0.998333,3,54,0,3,0,0,0.6123633333333333,1.9058559999999982,1.49325,2.38723,27.059683333333325,18.386534000000037,3.83985,9.44167,-10.692399999999983,-5.567043999999981,-5.3784,-5.38285,0.8161110000000008,0.7060666000000009,0.62,0.757,184,5,28.5057,46.88332
-22.4034,0,1.0,5,312,0,3,0,1,0.5010246666666666,0.844863999999998,0.009824,0.334016,21.789049999999992,24.728464000000038,28.5057,48.8335,-14.233799999999983,-11.97268999999998,-14.9196,-11.7792,0.8727776666666675,0.8410666000000008,0.998333,0.83,184,5,33.0216,28.561188
-2.50223,2,0.8475,3,16,2,4,0,0,0.40278466666666674,0.607123999999998,0.0,1.49325,22.24243666666666,23.88013200000004,33.0216,3.83985,-13.275076666666651,-11.396565999999982,-22.4034,-5.3784,0.9486110000000009,0.8591666000000009,1.0,0.62,184,5,5.20001,5.979912
-13.9819,0,0.999,3,164,0,5,0,0,0.40278466666666674,0.542285599999998,1.19853,0.009824,22.28360333333332,19.839272000000037,5.20001,28.5057,-12.962509999999986,-11.83710599999998,-2.50223,-14.9196,0.9488333333333342,0.8929666000000008,0.8475,0.998333,184,5,28.6292,20.19683
-9.35112,0,0.99,3,58,0,1,0,0,0.40933400000000003,0.24756519999999807,0.009824,0.0,38.495169999999995,35.40256200000003,28.6292,33.0216,-8.611749999999985,-12.631649999999981,-13.9819,-22.4034,0.9455000000000009,0.9669666000000008,0.999,1.0,185,5,81.6563,60.744
-8.07238,0,0.51,4,60,0,2,0,0,0.6516573333333333,0.630700399999998,0.019648,1.19853,37.76251333333332,30.30183000000004,81.6563,5.20001,-10.46846666666665,-11.262205999999981,-9.35112,-2.50223,0.8330000000000007,0.8693000000000008,0.99,0.8475,185,5,3.00204,9.566687
7.37211,12,0.161667,2,8,7,3,0,0,2.295539333333333,1.6189943999999978,1.9255,0.009824,28.688723333333318,23.97907600000004,3.00204,28.6292,-3.3504633333333174,-5.307103999999979,-8.07238,-13.9819,0.5538890000000009,0.7016334000000007,0.51,0.999,185,5,1.40783,4.7543902
-13.8041,0,0.963333,10,487,0,3,0,1,2.3610326666666666,1.4225139999999983,4.94147,0.019648,9.377156666666652,27.68339400000004,1.40783,81.6563,-4.834789999999983,-7.56747799999998,7.37211,-9.35112,0.5450000000000008,0.7248000000000008,0.161667,0.99,185,5,23.7216,15.941812
-14.5781,0,0.90125,4,209,0,4,0,0,1.977898,1.575768399999998,0.216128,1.9255,18.34314333333332,27.937554000000034,23.7216,3.00204,-7.003363333333316,-7.6867179999999795,-13.8041,-8.07238,0.6754166666666676,0.7052500000000008,0.963333,0.51,185,5,29.9,30.438616
3.76183,8,0.407,3,19,5,5,0,0,2.272618,2.736964799999998,0.776096,4.94147,18.162738999999984,11.779617400000037,29.9,1.40783,-8.206789999999982,-5.06412799999998,-14.5781,7.37211,0.7571943333333341,0.5886500000000008,0.90125,0.161667,185,5,0.866617,0.32320696
-18.3484,0,1.0,4,361,0,1,0,0,2.2005753333333335,2.3518647999999986,5.82563,0.216128,22.901072333333317,18.766529400000035,0.866617,23.7216,-9.72155666666665,-7.1193319999999805,3.76183,-13.8041,0.7694166666666676,0.6866500000000009,0.407,0.963333,186,5,37.9366,50.919334
3.29458,8,0.03,4,13,5,2,0,0,3.2124466666666667,2.1259127999999983,0.0,0.776096,13.700528999999984,18.944637400000037,37.9366,29.9,-3.763996666666651,-7.93483799999998,-18.3484,-14.5781,0.4790000000000008,0.6603166000000008,1.0,0.90125,186,5,2.29837,2.2207727
-7.20966,0,0.991667,3,265,0,3,0,0,1.2869433333333333,2.0925111999999984,3.81171,5.82563,15.373579999999984,15.377471400000037,2.29837,0.866617,-7.4211599999999835,-6.615949999999981,3.29458,3.76183,0.6738890000000008,0.6659834000000008,0.03,0.407,186,5,5.88577,16.165497
-28.8597,0,1.0,4,319,0,3,0,1,1.2869433333333333,1.9372919999999982,0.04912,0.0,16.880913333333318,17.889191400000037,5.88577,37.9366,-10.92492666666665,-9.47226999999998,-7.20966,-18.3484,0.6738890000000008,0.6857334000000008,0.991667,1.0,186,5,42.4586,38.132553
-16.5892,0,1.0,7,225,0,4,0,0,0.016373333333333333,0.772165999999998,0.0,3.81171,29.025789999999983,25.462468000000037,42.4586,2.29837,-17.552853333333317,-13.542475999999983,-28.8597,3.29458,0.9972223333333341,0.8043334000000009,1.0,0.03,186,5,38.733,30.240917
-6.22518,0,0.781,3,248,0,5,0,0,0.7171533333333334,1.202457999999998,0.0,0.04912,28.19771999999998,18.555460000000032,38.733,5.88577,-17.224693333333317,-11.11783199999998,-16.5892,-7.20966,0.9270000000000008,0.7605334000000008,1.0,0.991667,186,5,3.40156,3.3133373
8.56231,16,0.68,4,285,9,1,0,0,0.926732,0.565863199999998,2.15146,0.0,30.600519999999985,28.02918600000004,3.40156,42.4586,-4.750689999999984,-10.064285999999981,-6.22518,-28.8597,0.8203333333333341,0.8905334000000009,0.781,1.0,187,5,49.667,28.076248
7.91448,14,0.1375,2,24,8,2,0,0,2.056492,1.233895199999998,0.628736,0.0,18.277716666666652,27.204950000000036,49.667,38.733,3.4172033333333496,-7.039457999999979,8.56231,-16.5892,0.5328333333333342,0.7197000000000008,0.68,1.0,187,5,1.76459,2.1200233
-13.4631,0,0.95,3,16,0,3,0,0,1.4375786666666668,1.2928391999999982,3.38928,2.15146,27.058829999999986,24.662210000000037,1.76459,3.40156,1.0045633333333501,-3.9601379999999806,7.91448,-6.22518,0.5891666666666675,0.7097000000000009,0.1375,0.781,187,5,29.7449,48.095
-22.4034,0,1.0,4,200,0,3,0,1,1.228,1.2928391999999982,0.29472,0.628736,21.510363333333316,23.519930000000038,29.7449,49.667,-9.317339999999986,-5.12297799999998,-13.4631,8.56231,0.6958333333333342,0.7097000000000009,0.95,0.68,187,5,33.0216,32.48269
2.48709,6,0.45625,3,36,4,4,0,0,1.5227199999999999,1.7172351999999982,0.0,3.38928,21.359526666666653,23.10203400000004,33.0216,1.76459,-11.126469999999983,-3.3805239999999808,-22.4034,7.91448,0.802083333333334,0.6447500000000008,1.0,0.1375,187,5,1.31208,3.770595
-17.2161,0,1.0,4,214,0,5,0,0,1.42448,1.591487999999998,4.27344,0.29472,22.46609333333332,19.781554000000035,1.31208,29.7449,-12.377469999999983,-8.536205999999982,2.48709,-13.4631,0.8187500000000009,0.7087500000000008,0.45625,0.95,187,5,33.0646,38.12668
3.02016,8,0.85,3,12,5,1,0,0,1.5227199999999999,0.972575999999998,0.0,0.0,12.543236666666653,20.079242000000036,33.0646,33.0216,-3.902949999999984,-9.515069999999982,-17.2161,-22.4034,0.7687500000000008,0.8512500000000008,1.0,1.0,188,5,3.25303,13.435013
1.15723,6,0.41,3,9,4,2,0,0,0.87106,1.377323999999998,0.29472,4.27344,12.573436666666652,14.410798000000037,3.25303,1.31208,-4.346236666666651,-6.591003999999981,3.02016,2.48709,0.7533333333333342,0.7432500000000007,0.85,0.45625,188,5,1.40268,4.9652762
7.37211,12,0.348333,2,0,7,3,0,0,2.151453333333333,2.145559999999998,2.31846,0.0,2.0165266666666524,8.085252000000036,1.40268,33.0646,3.849833333333349,-0.6359019999999805,1.15723,-17.2161,0.5361110000000008,0.6129166000000008,0.41,1.0,188,5,1.39387,2.1559732
-7.47179,0,0.676667,7,180,0,3,0,1,2.6885,1.6720439999999983,3.84118,0.29472,8.484083333333318,12.353976000000037,1.39387,3.25303,0.35251666666668235,-2.627677999999981,7.37211,3.02016,0.4783333333333341,0.6570000000000007,0.348333,0.85,188,5,22.6557,10.322272
-2.50223,2,0.93,2,0,2,4,0,0,2.0990613333333332,1.7820727999999981,1.90586,2.31846,9.730549999999985,6.769472000000036,22.6557,1.40268,-0.8673033333333174,0.31509600000001947,-7.47179,1.15723,0.6516666666666675,0.6430000000000008,0.676667,0.41,188,5,5.14208,6.4059587
-5.38285,0,0.924,8,12,0,5,0,0,1.0675426666666665,1.8724535999999978,0.550144,3.84118,12.392883333333318,7.995040000000037,5.14208,1.39387,-5.1189566666666515,-1.3655059999999808,-2.50223,7.37211,0.8435556666666675,0.6578000000000008,0.93,0.348333,188,5,9.38087,14.335651
-7.65768,0,0.835,3,552,0,1,0,0,0.54032,1.473599999999998,0.746624,1.90586,8.471616666666653,9.892884000000036,9.38087,22.6557,-5.1809199999999835,-3.1284879999999804,-5.38285,-7.47179,0.8963333333333341,0.7428000000000008,0.924,0.676667,189,5,10.8919,15.300386
-19.1825,26,0.89,2,73,0,2,0,0,0.501024,0.791815199999998,0.324192,0.550144,33.527356666666655,25.675970000000035,10.8919,5.14208,-10.741009999999983,-8.439409999999981,-7.65768,-2.50223,0.8830000000000008,0.8511334000000008,0.835,0.93,189,5,80.3093,53.765347
-7.20966,0,0.998333,3,262,0,3,0,0,0.255424,0.41260799999999803,0.432256,0.746624,32.37162333333331,22.327564000000034,80.3093,9.38087,-11.349946666666652,-8.38698399999998,-19.1825,-5.38285,0.9077776666666675,0.9154666000000008,0.89,0.924,189,5,5.91367,0.25804925
-28.8597,0,1.0,5,438,0,3,0,1,0.14736,0.30257919999999805,0.009824,0.324192,42.89385666666666,29.790868000000035,5.91367,10.8919,-18.41728666666665,-13.65847799999998,-7.20966,-7.65768,0.9627776666666675,0.9294666000000008,0.998333,0.835,189,5,42.4586,73.03577
-14.5781,0,0.99375,3,258,0,4,0,0,0.019648,0.163078399999998,0.0,0.432256,26.241256666666654,33.984994000000036,42.4586,80.3093,-16.882486666666647,-15.49752799999998,-28.8597,-19.1825,0.9973610000000007,0.9434166000000008,1.0,0.89,189,5,30.3515,23.33411
-13.9819,0,0.994,5,258,0,5,0,0,0.03602133333333333,0.11002879999999804,0.04912,0.009824,34.26503333333332,37.80361400000004,30.3515,5.91367,-19.139899999999983,-16.76237199999998,-14.5781,-7.20966,0.9959166666666674,0.9752166000000008,0.99375,0.998333,189,5,29.985,25.581215
-10.8951,0,0.965,8,355,0,1,0,0,0.058943999999999996,0.037331199999998045,0.058944,0.0,35.06903333333332,30.715874000000035,29.985,42.4586,-13.151699999999982,-15.104891999999978,-13.9819,-28.8597,0.9842500000000007,0.9902166000000008,0.994,1.0,190,5,44.8706,40.54522
16.3546,24,0.8525,2,128,13,2,0,0,0.23577599999999999,0.15128959999999805,0.068768,0.04912,56.414933333333316,48.41098000000004,44.8706,30.3515,-2.8407999999999825,-10.39203999999998,-10.8951,-14.5781,0.9371666666666675,0.9610500000000008,0.965,0.99375,190,5,94.3892,42.40928
-13.8573,0,1.0,4,70,0,3,0,0,0.21612800000000001,0.15128959999999805,0.579616,0.058944,56.33489999999998,45.86824000000004,94.3892,29.985,-2.7992666666666497,-7.39155999999998,16.3546,-13.9819,0.9391666666666674,0.9610500000000008,0.8525,0.994,190,5,29.7449,44.04668
-22.4034,0,1.0,5,190,0,3,0,1,0.19320533333333337,0.14146559999999803,0.0,0.068768,52.38523333333331,46.40226000000004,29.7449,44.8706,-6.635366666666651,-8.95661999999998,-13.8573,-10.8951,0.9508333333333341,0.9623000000000008,1.0,0.965,190,5,33.0216,92.27324
-16.5892,0,0.9975,3,313,0,4,0,0,0.006549333333333333,0.13360639999999804,0.0,0.579616,34.28766666666665,48.42456000000004,33.0216,94.3892,-17.61663333333332,-9.47807999999998,-22.4034,16.3546,0.9991666666666674,0.9630000000000007,1.0,0.8525,190,5,40.0965,32.66577
4.16636,8,0.606,4,29,5,5,0,0,1.2967693333333334,0.893984799999998,0.019648,0.0,24.665784666666653,39.626290800000035,40.0965,29.7449,-11.608746666666653,-6.46578799999998,-16.5892,-13.8573,0.867833333333334,0.8912000000000008,0.9975,1.0,190,5,0.879254,2.960483
-26.7638,0,0.905,4,268,0,1,0,0,1.358988,0.8153927999999979,3.87066,0.0,43.779284666666655,38.82087080000004,0.879254,33.0216,-13.062213333333316,-15.089467999999982,4.16636,-22.4034,0.8361666666666675,0.9017000000000008,0.606,1.0,191,5,90.3621,72.797
9.75566,16,1.0,1,115,9,2,0,0,1.3524386666666668,0.8153927999999979,0.186656,0.019648,37.62345133333333,37.19769080000004,90.3621,40.0965,-4.280593333333315,-10.36687599999998,-26.7638,-16.5892,0.8370000000000007,0.9017000000000008,0.905,0.9975,191,5,21.629,25.509258
0.39838,6,0.41,2,16,4,3,0,0,1.221452,1.510932799999998,0.0,3.87066,37.79345999999999,30.871226800000038,21.629,0.879254,-5.536586666666648,-5.8065199999999795,9.75566,4.16636,0.7716666666666674,0.7837000000000007,1.0,0.606,191,5,1.38928,2.3717873
-11.6325,0,0.866667,4,345,0,3,0,1,1.4212066666666665,1.6641871999999978,3.4777,0.186656,15.185026666666658,27.359286800000042,1.38928,90.3621,-0.49281999999998166,-4.815179999999979,0.39838,-26.7638,0.7588890000000007,0.7575334000000008,0.41,0.905,191,5,22.5368,27.641893
3.66985,8,0.66375,2,20,5,4,0,0,2.302093333333333,1.418587199999998,0.78592,0.0,8.412696666666656,27.445838000000037,22.5368,21.629,-2.521423333333315,-4.91448199999998,-11.6325,9.75566,0.6468056666666673,0.7690834000000007,0.866667,1.0,191,5,1.31201,3.1813276
-6.22518,0,0.963,2,13,0,5,0,0,1.2640226666666665,1.453953599999998,2.64266,3.4777,9.086263333333322,10.05541400000004,1.31201,1.38928,-4.729276666666649,-0.8067579999999793,3.66985,0.39838,0.8311390000000006,0.7806834000000007,0.66375,0.41,191,5,3.40998,10.651761
-3.39009,2,0.225,8,6,2,1,0,0,1.5096226666666668,1.7584975999999979,0.363488,0.78592,3.8824899999999904,7.11471000000004,3.40998,22.5368,-1.9818066666666485,-3.435907999999979,-6.22518,-11.6325,0.6172500000000007,0.6256834000000008,0.963,0.866667,192,5,6.92548,4.210918
-5.01449,0,0.78,3,12,1,2,0,0,0.9169066666666668,1.2358599999999977,1.52272,2.64266,7.781519999999991,9.43867400000004,6.92548,1.31201,-4.876586666666649,-4.518481999999979,-3.39009,3.66985,0.6560000000000007,0.6996834000000007,0.225,0.66375,192,5,13.0091,6.046725
-4.63822,0,0.888333,2,220,1,3,0,0,1.0151466666666666,1.210317599999998,0.864512,0.363488,8.646399999999991,6.13223800000004,13.0091,3.40998,-4.347599999999982,-3.1196259999999794,-5.01449,-6.22518,0.6311110000000008,0.7040166000000008,0.78,0.963,192,5,6.00462,8.343502
-28.8597,0,1.0,10,397,0,3,0,1,0.5075733333333333,0.681785599999998,0.658208,1.52272,20.490773333333323,14.36155600000004,6.00462,6.92548,-12.837469999999982,-9.625535999999979,-4.63822,-3.39009,0.8894443333333341,0.7712666000000008,0.888333,0.225,192,5,42.4586,31.955645
-2.50223,2,0.93,3,0,2,4,0,0,0.40278400000000003,0.719116799999998,0.0,0.864512,17.848366666666653,14.69593600000004,42.4586,13.0091,-12.00004999999998,-8.88094599999998,-28.8597,-5.01449,0.9394443333333342,0.7646666000000009,1.0,0.78,192,5,5.08188,5.9275827
-14.9797,0,0.933,4,214,0,5,0,0,0.40278400000000003,0.5462143999999979,0.550144,0.658208,26.836259999999992,19.90450000000004,5.08188,6.00462,-15.447209999999982,-11.19886799999998,-2.50223,-4.63822,0.954333333333334,0.9062666000000007,0.93,0.888333,192,5,32.9683,36.689987
-16.9215,0,0.86,4,471,0,1,0,0,0.4944746666666666,0.42832639999999794,0.658208,0.0,21.286326666666657,22.46444000000004,32.9683,42.4586,-11.46780999999998,-13.58026999999998,-14.9797,-28.8597,0.9076666666666674,0.9222666000000009,0.933,1.0,193,5,25.8088,30.437311
-12.0394,0,0.785,3,427,0,2,0,0,0.5927146666666666,0.4656575999999979,0.275072,0.550144,30.69456666666666,27.924836000000038,25.8088,5.08188,-14.646866666666648,-15.060505999999979,-16.9215,-2.50223,0.8593333333333341,0.9016000000000008,0.86,0.93,193,5,33.3066,21.477495
-14.0282,0,0.905,3,101,0,3,0,0,0.559968,0.5776511999999979,0.844864,0.658208,30.05666666666666,25.64403600000004,33.3066,32.9683,-14.329699999999983,-12.09420599999998,-12.0394,-14.9797,0.8500000000000009,0.8826000000000007,0.785,0.933,193,5,31.0546,25.847393
-16.3504,0,0.796667,5,298,0,3,0,1,0.8677873333333332,0.707328399999998,0.559968,0.275072,32.760566666666655,31.411760000000037,31.0546,25.8088,-14.139333333333317,-14.863839999999982,-14.0282,-16.9215,0.8288890000000008,0.8559334000000008,0.905,0.86,193,5,33.9205,26.459602
-14.5781,0,1.0,3,13,0,4,0,0,0.5861660000000001,0.575686799999998,1.19853,0.844864,31.775533333333325,30.88840000000004,33.9205,33.3066,-14.98556666666665,-14.783519999999982,-16.3504,-12.0394,0.9005556666666674,0.8693334000000007,0.796667,0.785,193,5,30.3515,36.735672
-5.38285,0,0.891,8,6,0,5,0,0,0.7564500000000001,0.7348363999999981,0.0,0.559968,24.48489333333332,27.563176000000045,30.3515,31.0546,-12.103783333333316,-12.475789999999979,-14.5781,-14.0282,0.8958890000000007,0.8755334000000008,1.0,0.905,193,5,9.18268,11.808738
9.60512,16,0.82,1,11,9,1,0,0,0.47482800000000003,0.6365963999999981,1.07082,1.19853,14.276526666666657,21.56093600000004,9.18268,33.9205,-3.451943333333317,-8.14688599999998,-5.38285,-16.3504,0.9036666666666674,0.8825334000000009,0.891,0.796667,194,5,3.2954,17.530169
-19.2826,0,1.0,2,0,0,2,0,0,0.47482800000000003,0.524602799999998,0.353664,0.0,13.082393333333323,20.703836000000038,3.2954,30.3515,-5.020109999999984,-9.19776599999998,9.60512,-14.5781,0.9036666666666674,0.9015334000000008,0.82,1.0,194,5,26.7691,22.276903
11.2542,14,0.3,3,8,8,3,0,0,1.4932480000000001,1.110112799999998,0.0,1.07082,10.482763333333326,14.19649400000004,26.7691,9.18268,0.5255733333333504,-3.67684599999998,-19.2826,-5.38285,0.7066666666666673,0.8022000000000007,1.0,0.891,194,5,1.38379,1.6119825
-11.6325,0,0.968333,9,538,0,3,0,1,1.4372026666666666,1.1472183999999979,4.12608,0.353664,16.882363333333327,12.625034000000039,1.38379,3.2954,-6.553633333333316,-3.08772599999998,11.2542,9.60512,0.7561110000000006,0.7958666000000008,0.3,0.82,194,5,22.4942,25.065367
-26.9374,0,0.9525,5,230,0,4,0,0,1.56164,1.0077167999999979,0.185528,0.0,21.339129999999994,18.816378000000043,22.4942,26.7691,-9.105233333333317,-7.398635999999979,-11.6325,-19.2826,0.7402776666666674,0.8081666000000007,0.968333,1.0,194,5,40.1394,45.933197
-13.9819,0,0.995,9,260,0,5,0,0,0.20265333333333335,0.9468079999999979,0.373312,4.12608,31.10869999999999,24.29579800000004,40.1394,1.38379,-17.517266666666647,-12.11603999999998,-26.9374,11.2542,0.971944333333334,0.8431666000000009,0.9525,0.3,194,5,30.6925,32.813633
5.68882,10,0.015,8,4,6,1,0,0,0.7859206666666667,1.3338739999999978,0.04912,0.185528,24.153396666666655,19.26763600000004,30.6925,22.4942,-11.74349333333332,-7.121755999999981,-13.9819,-11.6325,0.6541666666666673,0.6461666000000008,0.995,0.968333,195,5,1.62829,5.5492034
-17.1583,0,1.0,3,341,0,2,0,0,0.6614833333333334,0.5086579999999978,1.93533,0.373312,24.826129999999992,27.422398000000044,1.62829,40.1394,-8.483793333333317,-12.804255999999981,5.68882,-26.9374,0.6700000000000007,0.7861666000000008,0.015,0.9525,195,5,42.1576,36.772247
-4.63822,0,0.916667,3,8,1,3,0,0,0.8088433333333334,0.5697923999999979,0.0,0.04912,16.594923333333327,24.12333400000004,42.1576,30.6925,-5.369233333333317,-11.40539999999998,-17.1583,-13.9819,0.6438890000000007,0.7758334000000008,1.0,0.995,195,5,5.99888,9.276284
-28.8597,0,1.0,4,235,0,3,0,1,0.16373333333333343,0.49512999999999785,0.4912,1.93533,30.205026666666658,24.58717400000004,5.99888,1.62829,-16.88540666666665,-11.78985999999998,-4.63822,5.68882,0.9722223333333341,0.7853334000000008,0.916667,0.015,195,5,42.4586,44.34072
0.180198,6,0.65125,2,43,4,4,0,0,1.0773666666666666,1.0334859999999977,0.0,0.0,16.59177999999999,18.712246000000043,42.4586,42.1576,-11.105907333333318,-8.95744039999998,-28.8597,-17.1583,0.8559723333333341,0.7165834000000009,1.0,1.0,195,5,1.31786,3.4168684
4.16636,8,0.753,2,12,5,5,0,0,1.7224766666666664,1.1317259999999978,2.7409,0.4912,14.883326999999989,18.561292200000043,1.31786,5.99888,-8.171047333333318,-9.26193239999998,0.180198,-4.63822,0.8014166666666674,0.8641834000000008,0.65125,0.916667,195,5,0.873521,1.3689213
6.34035,12,0.01,1,4,7,1,0,0,2.37086,1.5207559999999978,2.42653,0.0,1.154533666666657,10.38421620000004,0.873521,42.4586,3.562302666666683,-4.562202399999981,4.16636,-28.8597,0.4714166666666674,0.6661834000000008,0.753,1.0,196,5,1.27222,2.6899214
-23.9431,0,0.8,4,752,0,2,0,0,1.7192,1.5796999999999977,1.94515,2.7409,11.14924699999999,15.44484020000004,1.27222,1.31786,-4.478796666666651,-8.42317839999998,6.34035,0.180198,0.5210000000000008,0.6428500000000008,0.01,0.65125,196,5,31.302,23.91168
-10.4233,0,0.888333,4,201,0,3,0,0,1.1297593333333333,1.7113415999999977,0.78592,2.42653,21.203339999999994,13.16028020000004,31.302,0.873521,-9.34201666666665,-4.73589839999998,-23.9431,4.16636,0.5661110000000008,0.6205166000000009,0.8,0.753,196,5,31.0358,26.68619
-8.0063,0,0.896667,3,450,0,3,0,1,0.6844053333333333,1.2849791999999978,0.658208,1.94515,32.03239999999999,19.64858820000004,31.0358,1.27222,-14.124233333333317,-6.373197999999981,-10.4233,6.34035,0.8616666666666676,0.6696000000000008,0.888333,0.01,196,5,33.7594,15.921824
-2.50223,2,0.92875,2,0,2,4,0,0,0.609088,0.9116667999999979,0.609088,0.78592,23.273823333333322,20.47913800000004,33.7594,31.302,-6.97727666666665,-7.70691599999998,-8.0063,-23.9431,0.9045833333333341,0.7047500000000009,0.896667,0.8,196,5,5.02627,11.290142
-4.06381,2,0.76,2,24,2,5,0,0,1.1756053333333332,0.9941887999999978,0.559968,0.658208,14.03727999999999,20.88992800000004,5.02627,31.0358,-4.85744666666665,-9.787747999999981,-2.50223,-10.4233,0.8618056666666675,0.8547500000000008,0.92875,0.888333,196,5,3.32617,4.8442984
5.32442,10,0.19,2,14,6,1,0,0,1.5030726666666665,1.1553027999999979,2.35776,0.609088,3.3191499999999903,14.95053000000004,3.32617,33.7594,-0.41387333333331683,-3.9342439999999796,-4.06381,-8.0063,0.6262500000000008,0.7327500000000009,0.76,0.896667,197,5,1.60501,2.9355493
5.53512,12,0.345,3,16,7,2,0,0,2.1743799999999998,1.5384391999999978,1.59149,0.559968,3.5619699999999903,9.89431600000004,1.60501,5.02627,2.2652433333333497,-0.74255999999998,5.32442,-2.50223,0.4316666666666675,0.6240834000000007,0.19,0.92875,197,5,5.75473,2.8294683
1.24885,6,0.328333,2,32,4,3,0,0,2.70815,2.208435599999998,2.57389,2.35776,2.915193333333324,3.419604000000041,5.75473,3.32617,4.036130000000017,1.1084700000000198,5.53512,-4.06381,0.28777766666666743,0.5104166000000008,0.345,0.76,197,5,1.38584,2.604566
-11.6325,0,0.978333,7,323,0,3,0,1,2.220224,2.121984399999998,3.95907,1.59149,10.11998999999999,7.05823000000004,1.38584,1.60501,-1.61617666666665,-0.7175839999999802,1.24885,5.32442,0.5505553333333341,0.5203332000000008,0.328333,0.19,197,5,23.2194,23.296993
-14.5781,0,1.0,3,0,0,4,0,0,1.3622606666666668,1.650432399999998,0.127712,2.57389,18.318913333333324,12.46329600000004,23.2194,5.75473,-8.320583333333316,-2.82044199999998,-11.6325,5.53512,0.7688886666666676,0.5683332000000008,0.978333,0.345,197,5,30.3515,24.254383
-14.9797,0,0.998,4,141,0,5,0,0,0.04912000000000014,1.3360639999999981,0.0,3.95907,29.06813333333332,18.86899400000004,30.3515,1.38584,-13.730099999999984,-6.88126599999998,-14.5781,1.24885,0.9921110000000007,0.7299332000000007,1.0,0.328333,197,5,33.6335,36.555977
29.5625,28,0.005,2,4,15,1,0,0,0.6582093333333335,1.2122819999999979,0.019648,0.127712,23.191226666666655,18.83578400000004,33.6335,23.2194,0.0015666666666831475,-2.075789999999979,-14.9797,-11.6325,0.6676666666666674,0.6619332000000008,0.998,0.978333,198,5,5.58868,3.7807937
-3.04913,2,0.6375,3,16,2,2,0,0,1.1330360000000002,0.7053639999999979,1.95498,0.0,14.530423333333323,19.43243400000004,5.58868,30.3515,3.844556666666683,-2.9353859999999794,29.5625,-14.5781,0.5468333333333341,0.7237666000000008,0.005,1.0,198,5,4.36909,5.6631017
24.9289,28,0.863333,2,4,15,3,0,0,1.3950093333333333,0.8409351999999979,1.42448,0.019648,5.298176666666657,15.975906000000041,4.36909,33.6335,17.14742333333335,4.37689400000002,-3.04913,-14.9797,0.5019443333333341,0.7007666000000008,0.6375,0.998,198,5,5.93676,4.8178782
-28.8597,0,1.0,10,260,0,3,0,1,0.7433493333333335,0.8409351999999979,0.805568,1.95498,17.588149999999988,18.39732600000004,5.93676,5.58868,-2.3266433333333176,1.5205740000000199,24.9289,29.5625,0.8336110000000008,0.7007666000000008,0.863333,0.005,198,5,42.4586,36.386158
-26.9374,0,1.0,5,338,0,4,0,0,0.2685226666666668,0.8370055999999979,0.0,1.42448,29.51158666666666,19.69850600000004,42.4586,4.36909,-10.289399999999985,-0.8709659999999808,-28.8597,-3.04913,0.954444333333334,0.7011666000000008,1.0,0.6375,198,5,40.1394,40.37905
19.1985,4,0.834,8,6,14,5,0,0,0.5435933333333335,0.7721655999999978,0.0,0.805568,30.505229999999994,20.36430800000004,40.1394,5.93676,-12.199533333333319,-2.9437659999999815,-26.9374,24.9289,0.9446666666666674,0.8669666000000008,1.0,0.863333,198,5,8.91769,7.5065255
-17.8659,0,1.0,3,558,0,1,0,0,0.5435933333333335,0.4872695999999978,1.63078,0.0,27.020129999999995,25.89115000000004,8.91769,42.4586,-8.534933333333319,-5.90711999999998,19.1985,-28.8597,0.9446666666666674,0.9394666000000008,0.834,1.0,199,5,32.0033,45.766426
-14.6331,0,0.9925,2,339,0,2,0,0,0.5534173333333334,0.3320503999999978,0.0,0.0,19.953996666666658,28.49199800000004,32.0033,40.1394,-4.433499999999985,-13.81951999999998,-17.8659,-26.9374,0.9421666666666674,0.9653000000000007,1.0,1.0,199,5,18.941,24.557117
-8.03194,0,0.98,4,139,0,3,0,0,0.04912000000000014,0.35562799999999783,0.029472,1.63078,27.527499999999993,26.327918000000047,18.941,8.91769,-13.510313333333317,-9.653967999999981,-14.6331,19.1985,0.990833333333334,0.9613000000000008,0.9925,0.834,199,5,31.6382,23.337057
-8.0063,0,0.97,3,472,0,3,0,1,0.10806400000000015,0.3909943999999978,0.117888,0.0,28.097333333333324,25.042598000000044,31.6382,32.0033,-10.223779999999985,-5.867747999999981,-8.03194,-17.8659,0.980833333333334,0.9553000000000008,0.98,1.0,199,5,33.7128,14.18154
8.00582,14,0.55625,2,29,8,4,0,0,1.2607466666666667,0.7623423999999979,0.176832,0.029472,22.222483333333326,23.522350000000042,33.7128,18.941,-2.677473333333319,-8.106283999999981,-8.0063,-14.6331,0.8354166666666675,0.8997500000000007,0.97,0.9925,199,5,1.31645,4.873754
-13.9819,0,0.987,4,397,0,5,0,0,1.2640213333333332,0.7878847999999978,3.48752,0.117888,22.100683333333325,23.376250000000038,1.31645,31.6382,-4.660793333333318,-7.329483999999981,8.00582,-8.03194,0.8377500000000007,0.8971500000000008,0.55625,0.98,199,5,31.2728,40.947464
-19.712,0,1.0,4,466,0,1,0,0,1.2050773333333333,0.7819903999999978,0.127712,0.176832,38.78268333333332,36.33981000000004,31.2728,33.7128,-8.56269333333332,-8.34526399999998,-13.9819,-8.0063,0.8477500000000008,0.8986500000000008,0.987,0.97,200,5,83.7588,77.27085
-19.2001,0,1.0,9,821,0,2,0,0,0.04257066666666681,0.7584127999999979,0.0,3.48752,43.52496666666665,33.12083000000004,83.7588,1.31645,-17.631333333333316,-10.57889599999998,-19.712,8.00582,0.9956666666666675,0.9026500000000007,1.0,0.55625,200,5,15.5433,26.572948
4.93356,10,0.413333,3,17,6,3,0,0,1.1526833333333335,1.414656399999998,0.0,0.127712,33.58314666666666,26.667738000000043,15.5433,31.2728,-11.326179999999985,-7.990923999999981,-19.2001,-13.9819,0.8044443333333341,0.7913166000000008,1.0,0.987,200,5,1.44734,3.7050726
-6.38972,0,0.838333,4,257,0,3,0,1,1.470326,0.9077379999999978,3.45805,0.0,13.528113333333318,31.123188000000038,1.44734,83.7588,-6.885419999999985,-10.87003199999998,4.93356,-19.712,0.750555333333334,0.8477332000000007,0.413333,1.0,200,5,23.5937,9.626929
-2.62029,2,0.7425,3,36,2,4,0,0,2.144906,1.2869435999999979,0.952928,0.0,9.983543333333317,25.850546000000044,23.5937,15.5433,-1.358816666666651,-8.597709999999982,-6.38972,-19.2001,0.6647220000000007,0.7988332000000008,0.838333,1.0,200,5,4.90959,3.458988
4.16636,8,0.759,3,0,5,5,0,0,1.781416,1.760459599999998,2.02374,3.45805,9.789654333333319,9.271920600000042,4.90959,1.44734,-1.6145499999999844,-3.8220379999999805,-2.62029,4.93356,0.7799443333333341,0.7506332000000008,0.7425,0.413333,200,5,0.865673,3.539976
-10.9482,0,0.64,7,516,0,1,0,0,1.6995493333333336,1.901925199999998,2.36758,0.952928,14.32918766666665,13.60572060000004,0.865673,23.5937,-3.134043333333318,-2.1716579999999808,4.16636,-6.38972,0.7138333333333341,0.6786332000000008,0.759,0.838333,201,5,37.2123,25.681623
-4.80825,0,0.52,6,17,1,2,0,0,1.653706,1.5875571999999978,0.707328,2.02374,13.75285766666665,13.952372600000043,37.2123,4.90959,-3.863363333333318,-4.120019999999981,-10.9482,-2.62029,0.6396666666666674,0.6999666000000008,0.64,0.7425,201,5,3.1806,5.472444
-4.46282,0,0.85,2,12,1,3,0,0,1.1592326666666668,1.5738035999999977,1.88621,2.36758,15.424363333333316,10.409670600000043,3.1806,0.865673,-6.7397566666666515,-3.73463999999998,-4.80825,4.16636,0.6700000000000008,0.7023000000000008,0.52,0.759,201,5,5.88019,13.291034
-32.8103,0,0.983333,3,194,0,3,0,1,0.9562033333333334,1.1887035999999978,0.88416,0.707328,19.462763333333317,19.29325260000004,5.88019,37.2123,-14.027123333333316,-9.77264199999998,-4.46282,-10.9482,0.784444333333334,0.7504666000000009,0.85,0.64,201,5,49.3275,37.06171
-14.5781,0,1.0,3,0,0,4,0,0,0.3274666666666668,0.7151875999999978,0.09824,1.88621,28.51972999999998,25.190418000000044,49.3275,3.1806,-17.283739999999984,-13.52153399999998,-32.8103,-4.80825,0.9444443333333341,0.7986666000000009,0.983333,0.52,201,5,30.3515,25.290518
-4.06381,2,0.943,3,0,2,5,0,0,0.21940266666666683,0.6857155999999979,0.0,0.88416,27.659756666666652,18.408012000000042,30.3515,5.88019,-17.15073666666665,-12.14465599999998,-14.5781,-4.46282,0.9754443333333341,0.8592666000000009,1.0,0.85,201,5,3.30027,3.6732972
-19.9655,0,1.0,3,382,0,1,0,0,0.18665600000000016,0.30847359999999785,0.559968,0.09824,18.998423333333317,22.440592000000045,3.30027,49.3275,-12.869136666666648,-15.17610599999998,-4.06381,-32.8103,0.9810000000000008,0.9552666000000007,0.943,0.983333,202,5,23.3435,37.102154
1.32973,8,0.985,4,139,5,2,0,0,0.20630400000000015,0.14343039999999788,0.0,0.0,33.63382333333332,36.11609400000005,23.3435,30.3515,-7.5665266666666495,-14.01759599999998,-19.9655,-14.5781,0.9760000000000008,0.9822666000000009,1.0,1.0,202,5,74.2577,46.326336
-8.03194,0,0.985,3,147,0,3,0,0,0.04912000000000014,0.14146559999999786,0.058944,0.559968,43.12093333333331,32.60291400000004,74.2577,3.30027,-8.88923666666665,-9.06192399999998,1.32973,-4.06381,0.9900000000000007,0.9826000000000008,0.985,0.943,202,5,31.7616,16.30018
-32.4632,0,0.858333,2,450,0,3,0,1,0.3274666666666668,0.30847359999999785,0.088416,0.0,46.10049999999998,32.989054000000046,31.7616,23.3435,-13.05513666666665,-12.638943999999979,-8.03194,-19.9655,0.9427776666666673,0.9542666000000007,0.985,1.0,202,5,32.2822,51.938038
-26.9374,0,1.0,5,333,0,4,0,0,0.3078186666666668,0.19647999999999785,0.83504,0.058944,34.72773333333331,40.35688000000004,32.2822,74.2577,-22.477513333333317,-17.213661999999978,-32.4632,1.32973,0.9477776666666674,0.9656666000000008,0.858333,0.985,202,5,40.1394,38.586296
-14.9797,0,0.997,4,158,0,5,0,0,0.28817066666666685,0.20237439999999784,0.0,0.088416,35.53796666666665,42.52664000000005,40.1394,31.7616,-24.793433333333315,-16.21650199999998,-26.9374,-8.03194,0.9517776666666674,0.9650666000000008,1.0,0.985,202,5,34.1923,37.090694
-5.74232,28,0.845,2,105,0,1,0,0,0.11133866666666681,0.25149439999999784,0.029472,0.83504,35.32199999999998,34.00196000000004,34.1923,32.2822,-15.886473333333315,-17.630911999999977,-14.9797,-32.4632,0.9473333333333341,0.9370666000000007,0.997,0.858333,203,5,31.6343,34.771275
11.5716,16,0.0075,2,9,9,2,0,0,1.411382,1.013837199999998,0.304544,0.0,23.263723333333317,28.442554000000047,31.6343,40.1394,-3.0501399999999834,-13.710203999999981,-5.74232,-26.9374,0.6165000000000007,0.7415666000000007,0.845,1.0,203,5,3.96457,3.2452562
6.97871,12,0.695,2,12,7,3,0,0,2.000821333333333,1.2063871999999978,3.90013,0.029472,12.375833333333313,22.291840000000043,3.96457,34.1923,4.269330000000017,-5.8218219999999805,11.5716,-14.9797,0.515833333333334,0.7089000000000008,0.0075,0.997,203,5,1.52863,5.8550425
-1.37628,4,0.763333,4,23,3,3,0,1,2.3635633333333335,1.4849411999999977,1.79779,0.304544,9.446566666666648,18.833260000000042,1.52863,31.6343,5.724676666666682,-0.7095979999999801,6.97871,-5.74232,0.48861100000000074,0.6615666000000008,0.695,0.845,203,5,22.8465,10.673605
8.00582,14,0.305,3,0,8,4,0,0,2.884233333333333,2.571474799999998,1.39277,3.90013,8.559326666666648,12.255370000000044,22.8465,3.96457,4.536083333333349,3.8875060000000197,-1.37628,11.5716,0.5877776666666673,0.5231666000000008,0.763333,0.0075,203,5,1.30285,1.7190435
-9.40331,0,0.839,8,75,0,5,0,0,2.8121899999999997,2.8268979999999977,5.46214,1.79779,11.002563333333313,7.700178000000042,1.30285,1.52863,-0.9245899999999839,3.1553080000000198,8.00582,6.97871,0.6357776666666674,0.5219666000000007,0.305,0.695,203,5,8.85834,17.495256
-13.1314,0,0.73,3,265,0,1,0,0,2.5247653333333333,2.152971199999998,1.58166,1.39277,18.829196666666647,16.17254400000004,8.85834,22.8465,-4.842963333333317,-1.7852919999999801,-9.40331,-1.37628,0.6246666666666674,0.6664666000000008,0.839,0.763333,204,5,46.3264,35.897934
-5.3784,28,1.0,2,0,0,2,0,0,0.704052,1.7934131999999976,0.530496,5.46214,19.674863333333313,16.634788000000043,46.3264,1.30285,-9.304369999999983,-4.25671399999998,-13.1314,8.00582,0.8563333333333341,0.7274666000000009,0.73,0.305,204,5,3.83985,14.7059355
-4.46282,0,0.931667,2,4,1,3,0,0,0.3110933333333333,1.595415999999998,0.0,1.58166,18.669983333333317,13.23422800000004,3.83985,8.85834,-7.657539999999983,-4.8740219999999805,-5.3784,-9.40331,0.8872223333333341,0.7611334000000008,1.0,0.839,204,5,5.8437,14.42792
-29.4534,0,0.966667,10,249,0,3,0,1,0.19975466666666666,0.5422839999999979,0.402784,0.530496,20.619516666666648,23.408658000000038,5.8437,46.3264,-13.09820666666665,-12.36586599999998,-4.46282,-13.1314,0.9661113333333341,0.8934668000000009,0.931667,0.73,204,5,52.175,31.634636
-2.62029,2,0.92875,3,0,2,4,0,0,0.3864106666666667,0.33794559999999785,0.19648,0.0,20.97166666666665,22.61625000000004,52.175,3.83985,-12.17883666666665,-11.00926199999998,-29.4534,-5.3784,0.9423613333333342,0.9114168000000008,0.966667,1.0,204,5,4.8963,3.8824375
-13.9819,0,0.991,4,425,0,5,0,0,0.28162133333333333,0.24952959999999785,0.559968,0.402784,29.546033333333316,19.664330000000042,4.8963,5.8437,-15.351863333333318,-11.17936199999998,-2.62029,-4.46282,0.9621390000000009,0.9636168000000008,0.92875,0.931667,204,5,31.5668,32.436684
-9.35112,0,1.0,3,6,0,1,0,0,0.21612800000000001,0.24952959999999785,0.088416,0.19648,39.37313333333332,35.227620000000044,31.5668,52.175,-8.651103333333317,-11.97390599999998,-13.9819,-29.4534,0.9732500000000007,0.9636168000000008,0.991,0.966667,205,5,81.6563,48.561043
14.8754,22,0.515,3,177,12,2,0,0,0.6647586666666667,0.5501447999999979,0.0,0.559968,38.86611666666665,34.733930000000036,81.6563,4.8963,-2.8192066666666498,-8.10626199999998,-9.35112,-2.62029,0.835333333333334,0.8802834000000008,1.0,0.92875,205,5,3.37525,12.108704
-13.7122,0,0.99,2,129,0,3,0,0,0.6549346666666668,0.5226375999999979,1.90586,0.088416,39.01348333333332,30.700710000000043,3.37525,31.5668,-2.7293066666666497,-4.95802199999998,14.8754,-13.9819,0.8350000000000007,0.8849500000000008,0.515,0.991,205,5,32.0089,66.23135
-32.4632,0,1.0,4,843,0,3,0,1,0.6549346666666668,0.41064399999999796,0.058944,0.0,22.55544999999999,36.17789000000004,32.0089,81.6563,-10.433333333333316,-10.92660399999998,-13.7122,-9.35112,0.8350000000000007,0.8992000000000008,0.99,1.0,205,5,32.2822,29.36437
-13.2683,0,0.9975,3,173,0,4,0,0,0.026197333333333333,0.39689039999999787,0.0,1.90586,32.144766666666655,36.293170000000046,32.2822,3.37525,-19.81456666666665,-10.783883999999981,-32.4632,14.8754,0.995833333333334,0.9005000000000007,1.0,0.515,205,5,32.1432,25.198263
5.44952,10,0.653,3,21,6,5,0,0,1.1428593333333332,1.0786763999999978,0.019648,0.058944,21.763634666666658,20.135010800000043,32.1432,32.0089,-13.42732666666665,-7.82375599999998,-13.2683,-13.7122,0.8835000000000007,0.8311000000000007,0.9975,0.99,205,5,0.865504,-0.44672135
17.7983,26,0.845,2,178,14,1,0,0,1.2443739999999999,0.7584131999999978,3.40893,0.0,26.447701333333317,28.726840800000048,0.865504,32.2822,3.3265066666666834,-7.239175999999981,5.44952,-32.4632,0.8318333333333342,0.8971000000000007,0.653,1.0,206,5,46.3344,41.68829
3.29458,8,0.0,7,7,5,2,0,0,2.6623046666666665,1.6013123999999976,0.304544,0.019648,16.456617999999988,22.759050800000043,46.3344,32.1432,8.847466666666683,-3.8378199999999807,17.7983,-13.2683,0.4993333333333341,0.6991000000000008,0.845,0.9975,206,5,2.16995,3.9836576
32.7011,28,0.131667,2,10,15,3,0,0,3.2320946666666663,2.624972399999998,4.27344,3.40893,16.683089999999986,16.61159480000004,2.16995,0.865504,17.93132666666668,9.195040000000018,3.29458,5.44952,0.3255556666666674,0.5254334000000008,0.0,0.653,206,5,1.54492,2.132919
-1.37628,4,0.716667,4,8,3,3,0,1,3.687273333333333,2.9550587999999975,5.1183,0.304544,8.553256666666654,14.571934800000042,1.54492,46.3344,11.539800000000016,11.57344400000002,32.7011,17.7983,0.28277800000000075,0.4692668000000008,0.131667,0.845,206,5,21.9449,9.081425
-26.9374,0,1.0,9,350,0,4,0,0,2.262793333333333,2.2732727999999978,1.67008,4.27344,21.209739999999986,22.426714000000043,21.9449,2.16995,1.4624733333333484,5.096060000000019,-1.37628,3.29458,0.616111333333334,0.5386668000000008,0.716667,0.0,206,5,40.1394,44.90902
-6.24575,0,0.77,3,169,0,5,0,0,1.3098666666666667,2.6642679999999976,0.0,5.1183,21.81975333333332,13.834826000000044,40.1394,1.54492,-11.519809999999984,0.28725000000001816,-26.9374,32.7011,0.8288890000000008,0.5236668000000008,1.0,0.131667,206,5,3.37496,4.3276277
-22.989,0,0.87,2,362,0,1,0,0,0.8383146666666668,1.8606647999999975,2.25952,1.67008,30.240686666666658,22.842376000000044,3.37496,21.9449,-18.724049999999984,-4.969465999999982,-6.24575,-1.37628,0.8800000000000008,0.6976668000000008,0.77,0.716667,207,5,47.2077,55.143402
2.38154,6,0.095,9,20,4,2,0,0,2.023744666666667,1.548262799999998,0.255424,0.0,17.442439999999987,22.882324000000043,47.2077,40.1394,-8.951069999999984,-11.033377999999981,-22.989,-26.9374,0.578333333333334,0.6903334000000008,0.87,1.0,207,5,1.74466,4.0085278
-1.2994,4,0.783333,3,16,3,3,0,0,1.6962780000000002,1.469670799999998,3.55629,2.25952,18.245569999999987,19.65021400000004,1.74466,3.37496,-7.30228666666665,-11.018001999999981,2.38154,-6.24575,0.5827776666666674,0.7036666000000008,0.095,0.77,207,5,5.78435,4.214612
-29.4534,0,1.0,2,88,0,3,0,1,1.6111366666666669,1.469670799999998,1.27712,0.255424,19.90133666666665,22.057334000000044,5.78435,47.2077,-9.45708666666665,-11.521201999999983,-1.2994,-22.989,0.6261110000000008,0.7036666000000008,0.783333,0.87,207,5,52.175,43.391563
32.8769,28,0.31625,2,23,15,4,0,0,2.21695,2.092512799999998,0.0,3.55629,19.753549999999983,21.642602000000043,52.175,1.74466,0.7080333333333494,-3.696671999999981,-29.4534,2.38154,0.6998610000000007,0.6129166000000008,1.0,0.095,207,5,1.3013,0.96604055
-12.3982,0,0.904,4,186,0,5,0,0,2.1056113333333335,2.230048799999998,5.37373,1.27712,29.034733333333318,18.92664200000004,1.3013,5.78435,-2.9915666666666496,-1.5785119999999808,32.8769,-1.2994,0.7400833333333342,0.6197166000000008,0.31625,0.783333,207,5,33.6279,49.77128
7.83644,14,0.09,2,6,8,1,0,0,2.701601333333333,1.8763847999999979,0.943104,0.0,12.652679999999984,19.183478000000044,33.6279,52.175,9.438380000000016,-0.48753199999998104,-12.3982,-29.4534,0.43675000000000086,0.6187166000000008,0.904,1.0,208,5,3.02884,2.6376576
31.0553,28,0.155,2,9,15,2,0,0,2.0171946666666667,2.2850627999999977,1.78797,5.37373,12.705143333333318,18.31834600000004,3.02884,1.3013,8.831180000000016,5.983408000000019,7.83644,32.8769,0.3830000000000009,0.4930500000000008,0.09,0.31625,208,5,1.45869,3.8401883
-13.3049,0,1.0,2,3,0,3,0,0,1.7028266666666667,2.2850627999999977,3.32051,0.943104,12.16547666666665,14.285126000000043,1.45869,33.6279,8.528946666666682,9.21310800000002,31.0553,-12.3982,0.41500000000000076,0.49305000000000077,0.155,0.904,208,5,32.0089,24.55465
-32.4632,0,1.0,3,729,0,3,0,1,1.1068366666666667,1.210316799999998,0.0,1.78797,21.916596666666653,20.48130600000004,32.0089,3.02884,-4.904266666666651,-3.85491199999998,-13.3049,7.83644,0.718333333333334,0.6298000000000007,1.0,0.09,208,5,32.2822,32.363667
-2.62029,2,0.92875,2,0,2,4,0,0,0.18665600000000002,1.1336895999999979,0.0,3.32051,23.046486666666652,14.725398000000041,32.2822,1.45869,-16.129463333333316,-1.8993299999999806,-32.4632,31.0553,0.9762500000000008,0.6347500000000007,1.0,0.155,208,5,4.84836,8.701157
-9.40331,0,0.987,9,94,0,5,0,0,0.2292266666666667,0.8016379999999979,0.559968,0.0,15.348016666666652,15.902328000000043,4.84836,32.0089,-14.828933333333316,-5.34727999999998,-2.62029,-13.3049,0.9719166666666674,0.8141500000000008,0.92875,1.0,208,5,8.91349,18.633022
-10.8951,0,0.925,10,453,0,1,0,0,0.2783466666666667,0.16700799999999788,0.127712,0.0,19.241283333333318,24.40299000000004,8.91349,32.2822,-7.639566666666649,-13.737359999999978,-9.40331,-32.4632,0.9469166666666675,0.9681500000000007,0.987,1.0,209,5,43.962,34.69999
-19.1825,26,1.0,2,0,0,2,0,0,0.09169066666666666,0.16700799999999788,0.14736,0.559968,44.39492999999999,34.06307000000004,43.962,4.84836,-13.160303333333317,-14.912879999999978,-10.8951,-2.62029,0.9706666666666676,0.9681500000000007,0.925,0.92875,209,5,80.3093,55.787075
8.35227,12,0.0783333,2,28,7,3,0,0,1.86001,1.253541999999998,0.0,0.127712,41.94030666666665,27.91655400000004,80.3093,8.91349,-7.24177666666665,-6.749785999999979,-19.1825,-9.40331,0.6677777666666674,0.7838166600000008,1.0,0.987,209,5,1.54962,1.9308407
-1.37628,4,0.528333,4,0,3,3,0,1,2.7376199999999997,1.697586399999998,5.43267,0.14736,34.109773333333315,31.040962000000043,1.54962,43.962,-4.06883666666665,-6.500983999999979,8.35227,-10.8951,0.5355554333333342,0.7037332600000008,0.0783333,0.925,209,5,20.4704,10.0595875
-8.0134,0,0.8925,8,206,0,4,0,0,3.0192413333333334,1.841016799999998,2.78019,0.0,18.49800666666665,35.95306400000004,20.4704,80.3093,-0.3458033333333166,-6.22300199999998,-1.37628,-19.1825,0.4997221000000008,0.6848332600000008,0.528333,1.0,209,5,33.474,21.057116
-13.9819,0,0.99,4,444,0,5,0,0,1.241098,1.831192799999998,0.844864,5.43267,28.442366666666654,33.437204000000044,33.474,1.54962,-7.790526666666651,-6.840361999999979,-8.0134,8.35227,0.8036110000000009,0.6978332600000008,0.8925,0.0783333,209,5,31.3827,48.282303
-26.7638,0,1.0,4,492,0,1,0,0,0.314368,1.831192799999998,0.09824,2.78019,51.73959999999999,35.44776400000004,31.3827,20.4704,-16.253033333333317,-8.356621999999978,-13.9819,-1.37628,0.960833333333334,0.6978332600000008,0.99,0.528333,210,5,90.3621,83.92271
-9.02738,0,0.805,9,338,0,2,0,0,0.28817066666666663,0.8979131999999979,0.0,0.844864,62.578299999999984,48.33586000000004,90.3621,33.474,-16.59102666666665,-11.832551999999982,-26.7638,-8.0134,0.9316666666666674,0.8431666000000007,1.0,0.8925,210,5,65.9901,33.786842
-1.2994,4,0.83,3,0,3,3,0,0,0.5894406666666666,0.5422851999999978,0.766272,0.09824,54.01065666666665,45.377734000000046,65.9901,31.3827,-12.36352666666665,-11.81717599999998,-9.02738,-13.9819,0.8783333333333342,0.9035000000000007,0.805,0.99,210,5,5.67977,3.540431
-29.4534,0,1.0,2,47,0,3,0,1,0.5894406666666666,0.3733123999999979,1.00205,0.0,41.28162333333332,49.117934000000034,5.67977,90.3621,-13.260059999999982,-16.10517599999998,-1.2994,-26.7638,0.8783333333333342,0.9250000000000007,0.83,1.0,210,5,52.175,93.1413
-14.6834,0,0.945,4,169,0,4,0,0,0.478102,0.4401155999999979,0.0,0.766272,33.064556666666654,51.10917400000004,52.175,65.9901,-15.145399999999983,-16.24547599999998,-29.4534,-9.02738,0.9250000000000007,0.9160000000000007,1.0,0.805,210,5,41.3389,41.175205
5.44952,10,0.668,3,0,6,5,0,0,1.2312753333333333,1.0924295999999978,0.432256,1.00205,31.45675266666665,33.208025600000035,41.3389,5.67977,-12.895759999999983,-9.802811999999978,-14.6834,-1.2994,0.8710000000000008,0.8496000000000008,0.945,0.83,210,5,0.856358,-0.6322311
-13.4142,0,0.76,3,250,0,1,0,0,1.3884593333333333,1.033485599999998,3.26157,0.0,16.41537933333332,21.420181600000042,0.856358,52.175,-7.549359999999983,-10.680175999999978,5.44952,-29.4534,0.7910000000000008,0.8406000000000008,0.668,1.0,211,5,7.05088,32.68579
-14.131,0,0.9375,4,246,0,2,0,0,1.3262406666666666,0.8821955999999981,0.471552,0.432256,10.699545999999986,25.12250760000004,7.05088,41.3389,-7.365226666666651,-13.24649599999998,-13.4142,-14.6834,0.7885000000000009,0.8621000000000008,0.76,0.945,211,5,24.1914,18.010376
-7.25339,0,0.981667,4,138,0,3,0,0,0.27507200000000004,0.9038083999999978,0.2456,3.26157,21.525393333333323,21.354287600000042,24.1914,0.856358,-11.599529999999982,-8.806493999999978,-14.131,5.44952,0.8930556666666675,0.8584334000000007,0.9375,0.668,211,5,33.3339,18.924356
-32.4632,0,1.0,5,577,0,3,0,1,0.11788799999999999,0.8173571999999979,0.108064,0.471552,29.93583333333332,19.54294760000004,33.3339,7.05088,-17.949196666666648,-12.362453999999978,-7.25339,-13.4142,0.9730556666666675,0.8694334000000008,0.981667,0.76,211,5,32.2822,31.928207
7.77075,14,0.11625,3,21,8,4,0,0,2.351211333333333,1.554157199999998,0.0,0.2456,22.304846666666652,19.63136400000004,32.2822,24.1914,-10.648613333333316,-11.898207999999979,-32.4632,-14.131,0.6993056666666675,0.7590834000000007,1.0,0.9375,211,5,1.29844,2.7993138
-6.24575,0,0.964,3,40,0,5,0,0,2.433078,1.530579599999998,6.94557,0.108064,12.34971333333332,18.91488800000004,1.29844,33.3339,-10.312733333333318,-10.464517999999979,7.77075,-7.25339,0.6934166666666673,0.7998834000000008,0.11625,0.981667,211,5,3.4685,5.184879
-13.4802,0,0.855,9,291,0,1,0,0,2.528043333333333,1.5384387999999978,0.353664,0.0,13.338046666666651,21.126048000000036,3.4685,32.2822,-3.9850666666666505,-10.334357999999977,-6.24575,-32.4632,0.6450833333333341,0.7833834000000007,0.964,1.0,212,5,35.2472,37.180973
-8.79411,0,0.8025,4,91,0,2,0,0,0.47155199999999997,1.6720451999999981,0.284896,6.94557,16.832099999999986,16.815388000000038,35.2472,1.29844,-9.506686666666651,-10.642501999999979,-13.4802,7.77075,0.8738333333333341,0.7475500000000007,0.855,0.11625,212,5,11.7806,9.64628
6.50894,12,0.345,3,24,7,3,0,0,1.6406073333333333,2.444211199999998,0.776096,0.353664,16.195019999999985,10.67040000000004,11.7806,3.4685,-5.255123333333317,-2.848073999999979,-8.79411,-6.24575,0.6675000000000008,0.6165500000000008,0.8025,0.964,212,5,1.55726,3.9554803
-1.37628,4,0.548333,8,4,3,3,0,1,2.4330753333333335,1.5875571999999978,3.86083,0.284896,10.862819999999985,14.26083200000004,1.55726,35.2472,-1.2204833333333167,-4.677479999999979,6.50894,-13.4802,0.5652776666666675,0.7029666000000008,0.345,0.855,212,5,19.2506,8.192929
-6.0859,0,0.77625,2,306,0,4,0,0,2.760543333333333,1.8685243999999979,2.6623,0.776096,8.587369999999986,14.557982000000038,19.2506,11.7806,-0.31774666666665013,-4.6455099999999785,-1.37628,-8.79411,0.5565276666666675,0.6654166000000008,0.548333,0.8025,212,5,4.95425,5.920566
-12.3982,0,0.997,9,166,0,5,0,0,1.483424,1.817439599999998,1.7585,3.86083,19.44581666666665,14.33506200000004,4.95425,1.55726,-6.62012666666665,-4.429109999999978,-6.0859,6.50894,0.7738610000000007,0.6938166000000008,0.77625,0.345,212,5,34.1326,39.559433
12.0545,16,0.26,1,2,9,1,0,0,1.0806406666666666,1.953010399999998,0.029472,2.6623,14.399649999999985,12.80136200000004,34.1326,19.2506,-2.1431999999999825,-0.2593879999999782,-12.3982,-1.37628,0.6777500000000009,0.5853166000000007,0.997,0.548333,213,5,4.1121,3.9198344
-9.16189,0,0.9375,2,98,0,2,0,0,0.5763406666666667,1.2299643999999978,1.45395,1.7585,25.458999999999985,20.11637000000004,4.1121,4.95425,-3.1685299999999827,-3.393553999999978,12.0545,-6.0859,0.7315000000000008,0.7038166000000008,0.26,0.77625,213,5,38.1323,29.437618
-1.2994,4,0.823333,3,0,3,3,0,0,0.91363,0.9057723999999979,0.2456,0.029472,15.940929999999986,17.38192800000004,38.1323,34.1326,0.5310700000000169,-3.3781779999999784,-9.16189,-12.3982,0.6736110000000007,0.7588166000000008,0.9375,0.997,213,5,5.57839,5.844738
-29.4534,0,1.0,4,151,0,3,0,1,0.42898,0.5540723999999979,1.04134,1.45395,31.96189666666665,26.82607800000004,5.57839,4.1121,-13.30489666666665,-8.051677999999978,-1.2994,12.0545,0.9202776666666675,0.8035666000000008,0.823333,0.26,213,5,52.175,54.22398
-8.82637,0,0.91,8,320,0,4,0,0,0.5828893333333333,0.6896435999999978,0.0,0.2456,30.22729666666665,26.58525800000004,52.175,38.1323,-13.19305666666665,-7.337311999999978,-29.4534,-9.16189,0.9111110000000008,0.7861666000000008,1.0,0.9375,213,5,32.9285,24.255896
-8.78153,0,0.903,10,143,0,5,0,0,0.5534186666666666,0.5894391999999978,0.707328,1.04134,31.798733333333317,27.82137800000004,32.9285,5.57839,-15.687099999999981,-11.50451799999998,-8.82637,-1.2994,0.9376666666666674,0.9147666000000008,0.91,0.823333,213,5,10.2927,14.47039
3.55962,8,0.01,7,16,5,1,0,0,1.201802,0.9293491999999979,0.952928,0.0,14.946249999999985,20.518428000000036,10.2927,52.175,-4.682759999999984,-8.960215999999978,-8.78153,-29.4534,0.6076666666666675,0.7292666000000009,0.903,1.0,214,5,1.61755,5.6390405
-19.2826,0,1.0,2,0,0,2,0,0,0.9660259999999999,0.7210811999999979,1.94515,0.707328,12.893116666666652,24.75657000000004,1.61755,32.9285,-8.168169999999984,-12.556855999999978,3.55962,-8.82637,0.6376666666666675,0.7646000000000008,0.01,0.91,214,5,26.7691,25.201492
-7.25339,0,0.973333,8,147,0,3,0,0,0.700778,0.7525179999999978,0.0,0.952928,20.560483333333323,20.98053000000004,26.7691,10.2927,-7.658789999999983,-8.116853999999979,-19.2826,-8.78153,0.6611110000000008,0.7592666000000008,1.0,0.903,214,5,33.2948,23.555622
-32.4632,0,1.0,2,441,0,3,0,1,0.052394666666666666,0.6110523999999978,0.157184,1.94515,30.782033333333327,20.851270000000042,33.2948,1.61755,-19.66639666666665,-12.844219999999979,-7.25339,3.55962,0.9911110000000009,0.7772666000000008,0.973333,0.01,214,5,32.2822,28.738392
8.25825,14,0.8825,5,237,8,4,0,0,0.36021333333333333,0.6051579999999979,0.0,0.0,35.22816666666665,26.814230000000045,32.2822,26.7691,-10.486113333333318,-9.436263999999976,-32.4632,-19.2826,0.9519443333333341,0.7731666000000008,1.0,1.0,214,5,40.1075,31.326258
-19.1703,0,0.917,3,485,0,5,0,0,0.579616,0.37920639999999783,0.923456,0.157184,34.00599999999999,32.416380000000046,40.1075,33.2948,-14.45841666666665,-13.982247999999979,8.25825,-7.25339,0.9331666666666675,0.9545666000000008,0.8825,0.973333,214,5,29.6283,21.61569
6.34035,12,0.0,2,0,7,1,0,0,1.2345493333333335,0.7721663999999979,0.815392,0.0,23.63154999999999,27.29433000000004,29.6283,32.2822,-1.5238999999999836,-8.857657999999978,-19.1703,-32.4632,0.5998333333333341,0.7545666000000008,0.917,1.0,215,5,1.15885,4.6679344
-8.82645,0,0.98,3,236,0,2,0,0,0.9529280000000001,0.7564479999999979,1.9648,0.923456,23.803883333333317,28.760270000000038,1.15885,40.1075,-7.218799999999983,-9.17226999999998,6.34035,8.25825,0.6323333333333342,0.7559000000000007,0.0,0.8825,215,5,40.6245,31.08676
6.31324,12,0.245,2,8,7,3,0,0,2.1645540000000003,1.6465019999999977,0.078592,0.815392,14.44185333333332,22.61227200000004,40.6245,29.6283,1.2757133333333506,-1.4169819999999789,-8.82645,-19.1703,0.4083333333333341,0.6049000000000009,0.98,0.917,215,5,1.54221,1.9643501
-1.37628,4,0.528333,4,0,3,3,0,1,2.4363506666666668,2.017848799999998,4.45027,1.9648,20.09596999999999,18.215012000000037,1.54221,1.15885,-1.2964966666666495,-3.3438879999999793,6.31324,6.34035,0.5844443333333341,0.5340666000000007,0.245,0.0,215,5,18.1212,9.821212
6.99143,12,0.24625,3,15,7,4,0,0,4.384776666666667,3.039544399999998,2.78019,0.078592,6.984329999999989,12.54726800000004,18.1212,40.6245,3.976130000000017,1.8884580000000213,-1.37628,-8.82645,0.33986100000000086,0.39991660000000084,0.528333,0.98,215,5,1.28958,1.5639764
5.44952,10,0.627,3,0,6,5,0,0,4.122803333333334,3.3794543999999975,5.92387,4.45027,6.752859333333322,12.48505760000004,1.28958,1.54221,3.6882233333333496,1.710292000000021,6.99143,6.31324,0.46719433333333416,0.5253166000000007,0.24625,0.245,215,5,0.847798,2.9019725
5.32442,10,0.0,5,4,6,1,0,0,3.8542799999999997,3.7586599999999977,3.66435,2.78019,1.2062759999999881,4.656447600000041,0.847798,18.1212,5.9217900000000165,4.540466000000022,5.44952,-1.37628,0.29108333333333414,0.3293166000000008,0.627,0.528333,216,5,1.48145,1.3166064
-23.9431,0,1.0,4,447,0,2,0,0,1.8796566666666672,2.868605999999998,1.97462,5.92387,11.210415999999988,10.60840560000004,1.48145,1.28958,-4.389719999999984,-1.5108019999999798,5.32442,6.99143,0.5423333333333341,0.4803166000000008,0.0,0.24625,216,5,31.302,23.917143
-1.2994,4,0.831667,2,0,3,3,0,0,0.9889480000000003,2.5110127999999983,0.0,3.66435,12.75518999999999,8.08058960000004,31.302,0.847798,-6.639359999999982,-1.4954259999999795,-23.9431,5.44952,0.6105556666666675,0.5409834000000008,1.0,0.627,216,5,5.48212,5.3699627
-29.4534,0,1.0,7,247,0,3,0,1,0.3307413333333336,1.326238799999998,0.992224,1.97462,29.653039999999987,18.25767360000004,5.48212,1.48145,-18.23196666666665,-8.784391999999979,-1.2994,5.32442,0.9438890000000009,0.6917334000000007,0.831667,0.0,216,5,52.175,49.507458
-6.0859,0,0.955,2,41,0,4,0,0,0.4486293333333336,0.664101599999998,0.0,0.0,20.879213333333322,19.084218000000043,52.175,31.302,-12.279566666666648,-11.091475999999979,-29.4534,-23.9431,0.9288890000000007,0.7573334000000008,1.0,1.0,216,5,4.98052,5.7489347
-1.69159,4,0.807,5,29,3,5,0,0,0.7498980000000003,0.6483835999999978,0.353664,0.992224,20.22944333333332,19.49449000000004,4.98052,5.48212,-12.410296666666648,-12.494677999999977,-6.0859,-1.2994,0.9206666666666675,0.9187334000000007,0.955,0.831667,216,5,3.53281,4.6293464
5.0652,10,0.035,2,9,6,1,0,0,1.3819080000000004,1.0275895999999978,1.89603,0.0,4.628919999999988,14.30877600000004,3.53281,52.175,-0.9040966666666499,-6.693017999999979,-1.69159,-29.4534,0.5990000000000009,0.7257334000000009,0.807,1.0,217,5,5.37343,2.4526613
1.77705,8,0.11,3,21,5,2,0,0,2.4298,1.5286127999999979,1.89603,0.353664,4.726269999999988,14.266866000000041,5.37343,4.98052,1.7168866666666833,-6.077727999999978,5.0652,-6.0859,0.3173333333333342,0.5814000000000008,0.035,0.955,217,5,5.27257,2.8241367
-16.1221,0,0.898333,10,117,0,3,0,0,1.997544666666667,1.648465599999998,3.49734,1.89603,14.537799999999988,10.42534600000004,5.27257,3.53281,-3.0932833333333165,-3.4114679999999793,1.77705,-1.69159,0.3477776666666676,0.5610666000000009,0.11,0.807,217,5,32.9674,35.508648
-32.4632,0,1.0,4,334,0,3,0,1,1.3655346666666668,1.5777327999999977,0.599264,1.89603,23.507389999999987,15.885682000000042,32.9674,5.37343,-15.602749999999984,-8.68692799999998,-16.1221,5.0652,0.6694443333333342,0.5700666000000008,0.898333,0.035,217,5,32.2822,31.765474
-8.82637,0,0.9225,4,487,0,4,0,0,0.4027840000000003,1.3203443999999978,0.0,3.49734,32.49983333333332,21.62910000000004,32.2822,5.27257,-19.137223333333313,-10.113883999999981,-32.4632,1.77705,0.9402776666666676,0.5931666000000008,1.0,0.11,217,5,32.2499,26.707634
-1.40599,4,1.0,4,170,3,5,0,0,0.20302933333333362,0.9411383999999977,0.609088,0.599264,24.94159999999999,22.61295400000004,32.2499,32.9674,-14.231853333333317,-11.408121999999981,-8.82637,-16.1221,0.9741666666666675,0.7861666000000007,0.9225,0.898333,217,5,10.2927,16.011812
-17.8659,0,1.0,9,353,0,1,0,0,0.20302933333333362,0.2416703999999979,0.0,0.0,24.84863333333332,27.959100000000042,10.2927,32.2822,-9.36608666666665,-15.33671199999998,-1.40599,-32.4632,0.9741666666666675,0.9641666000000008,1.0,1.0,218,5,32.0033,56.028732
-14.7678,0,0.8375,2,366,0,2,0,0,0.21285333333333364,0.24952959999999785,0.0,0.609088,15.585229999999989,22.25755800000004,32.0033,32.2499,-11.346563333333316,-15.065851999999982,-17.8659,-8.82637,0.9458333333333342,0.9520000000000008,1.0,0.9225,218,5,4.45969,8.615526
-0.0476349,6,0.393333,2,16,4,3,0,0,1.4048333333333336,0.9647175999999978,0.63856,0.0,12.666456666666654,16.10839400000004,4.45969,10.2927,-10.893778299999981,-8.582738979999979,-14.7678,-1.40599,0.7436110000000009,0.8306666000000007,0.8375,1.0,218,5,1.53638,2.7503557
3.21612,28,0.503333,2,17,5,3,0,1,2.3806833333333337,1.428409999999998,3.57594,0.0,7.721523333333322,13.092114000000041,1.53638,32.0033,-3.866438299999983,-6.174240979999981,-0.0476349,-17.8659,0.5780553333333343,0.7468332000000009,0.393333,1.0,218,5,17.1685,6.5549955
-14.5055,0,0.94,3,278,0,4,0,0,2.3250140000000004,1.5227203999999979,2.92755,0.63856,19.367126666666657,18.91287400000004,17.1685,4.45969,-3.77900496666665,-8.794142979999979,3.21612,-14.7678,0.6122220000000009,0.7348332000000009,0.503333,0.8375,218,5,39.3965,36.808327
-19.1703,0,1.0,4,695,0,5,0,0,1.1330340000000003,1.5227203999999979,0.471552,3.57594,28.731099999999987,18.43787400000004,39.3965,1.53638,-10.153226666666649,-9.05502297999998,-14.5055,-0.0476349,0.8144443333333342,0.7348332000000009,0.94,0.393333,218,5,29.6283,44.711647
-19.712,0,1.0,7,254,0,1,0,0,0.1571840000000003,1.3950083999999978,0.0,2.92755,50.92786666666666,34.297696000000045,29.6283,17.1685,-17.79593333333332,-10.04386297999998,-19.1703,3.21612,0.9800000000000009,0.7673332000000008,1.0,0.503333,219,5,83.7588,75.062454
-14.6331,0,0.99,3,444,0,2,0,0,0.013098666666666961,0.687679599999998,0.0,0.471552,44.429466666666656,37.97068000000004,83.7588,39.3965,-17.83846666666665,-12.960955999999982,-19.712,-14.5055,0.9966666666666676,0.8866666000000007,1.0,0.94,219,5,19.9013,21.105124
-1.2994,4,0.825,2,0,3,3,0,0,0.35693866666666696,0.30847359999999785,0.039296,0.0,36.348469999999985,35.61404200000004,19.9013,29.6283,-11.881499999999983,-13.86405999999998,-14.6331,-19.1703,0.9383333333333342,0.9510000000000008,0.99,1.0,219,5,5.38531,9.16935
-29.4534,0,1.0,2,222,0,3,0,1,0.35693866666666696,0.21416319999999786,1.03152,0.0,25.82053666666665,38.169742000000035,5.38531,83.7588,-15.128633333333317,-16.853639999999977,-1.2994,-19.712,0.9383333333333342,0.9630000000000007,0.825,1.0,219,5,52.175,38.506245
-5.05843,0,0.26625,2,22,0,4,0,0,2.2660700000000005,1.3675011999999978,0.0,0.039296,19.61547666666665,32.50130600000004,52.175,19.9013,-11.93707666666665,-14.03126599999998,-29.4534,-14.6331,0.6970833333333343,0.8162500000000008,1.0,0.99,219,5,1.28612,2.170432
2.30782,8,0.584,3,12,5,5,0,0,3.28449,2.1848571999999975,5.76669,1.03152,18.102576666666653,15.918868000000037,1.28612,5.38531,-10.734669999999985,-9.62730199999998,-5.05843,-1.2994,0.6167500000000009,0.7330500000000008,0.26625,0.825,219,5,0.84661,-0.1946391
-10.9482,0,0.745,10,665,0,1,0,0,3.4514979999999995,2.2772027999999978,4.08678,0.0,11.504343333333319,18.41466800000004,0.84661,52.175,-4.566269999999984,-8.89032199999998,2.30782,-29.4534,0.5317500000000009,0.6840500000000007,0.584,1.0,220,5,32.3803,31.065277
-19.2001,0,1.0,5,775,0,2,0,0,1.5292680000000003,2.0708987999999975,0.501024,5.76669,16.256736666666654,20.446266000000037,32.3803,1.28612,-9.280159999999984,-12.47046199999998,-10.9482,-5.05843,0.7763333333333343,0.7190500000000009,0.745,0.26625,220,5,15.5433,19.459555
-16.1221,0,0.983333,8,226,0,3,0,0,0.19975466666666697,2.0905467999999976,0.0,4.08678,27.17229999999999,16.72992600000004,15.5433,0.84661,-15.42346666666665,-9.80420199999998,-19.2001,2.30782,0.9094443333333343,0.7157166000000008,1.0,0.584,220,5,33.5933,44.280994
-32.4632,0,1.0,3,738,0,3,0,1,0.03274666666666696,0.9372087999999978,0.09824,0.501024,27.139599999999987,22.92914200000004,33.5933,32.3803,-22.59513333333332,-15.285155999999983,-16.1221,-10.9482,0.9944443333333343,0.8624666000000009,0.983333,0.745,220,5,32.2822,25.07827
-6.0859,0,0.95375,2,33,0,4,0,0,0.15390933333333362,0.19255039999999787,0.0,0.0,23.62249333333332,23.75821600000004,32.2822,15.5433,-18.223733333333318,-16.96389999999998,-32.4632,-19.2001,0.9790276666666675,0.9364166000000008,1.0,1.0,220,5,4.99198,7.408179
-1.69159,4,0.893,3,0,3,5,0,0,0.47155266666666695,0.30257959999999784,0.363488,0.09824,13.583056666666655,17.97715400000004,4.99198,33.5933,-13.413563333333316,-15.11257799999998,-6.0859,-16.1221,0.9489166666666676,0.9660166000000008,0.95375,0.983333,220,5,3.47499,4.072331
-7.4573,0,0.93,3,374,0,1,0,0,0.5173980000000004,0.3300867999999978,1.05117,0.0,12.94322333333332,20.94103400000004,3.47499,32.2822,-5.078263333333317,-12.764017999999982,-1.69159,-32.4632,0.9255833333333342,0.9520166000000009,0.893,1.0,221,5,30.3627,20.964376
-2.9666,2,0.7,8,6,2,2,0,0,0.7891953333333337,0.5462147999999978,0.137536,0.363488,12.348066666666654,14.86367600000004,30.3627,4.99198,-4.03849666666665,-10.13291799999998,-7.4573,-6.0859,0.841000000000001,0.8953500000000008,0.93,0.95375,221,5,3.20651,5.140437
4.93651,8,0.418333,2,40,5,3,0,0,1.5816653333333337,1.2319307999999978,1.17888,1.05117,11.70344666666665,8.71546200000004,3.20651,3.47499,-1.8291299999999833,-2.6529759999999816,-2.9666,-1.69159,0.6827776666666675,0.7790166000000008,0.7,0.893,221,5,1.54113,4.2643046
3.21612,28,1.0,2,0,5,3,0,1,1.5358200000000004,1.1592331999999979,3.42858,0.137536,7.305379999999986,11.150766000000042,1.54113,30.3627,1.728676666666683,-0.7925719999999815,4.93651,-7.4573,0.7061110000000008,0.7882666000000007,0.418333,0.93,221,5,17.1685,8.127219
-8.82637,0,0.97375,7,497,0,4,0,0,1.2116280000000004,0.990259999999998,0.0,1.17888,16.90534333333332,16.85704800000004,17.1685,3.20651,-0.22457999999998357,-2.2195279999999817,3.21612,-2.9666,0.7973610000000009,0.8044166000000008,1.0,0.7,221,5,32.0064,29.705387
-1.40599,4,0.888,4,0,3,5,0,0,0.43553133333333377,1.182810799999998,0.206304,3.42858,20.191466666666656,13.06440800000004,32.0064,1.54113,-2.3387466666666503,-1.009265999999982,-8.82637,4.93651,0.9539166666666675,0.7960166000000009,0.97375,0.418333,221,5,11.3995,8.264729
-5.74232,0,0.87,5,4,0,1,0,0,0.5206726666666671,0.9981195999999979,1.10029,0.0,26.406566666666652,19.58586600000004,11.3995,17.1685,-5.324893333333317,-1.564409999999982,-1.40599,3.21612,0.9105833333333342,0.8300166000000008,0.888,1.0,222,5,35.8138,37.500206
-18.0656,0,0.9175,4,824,0,2,0,0,0.5599686666666671,0.37724199999999786,0.255424,0.206304,39.92199999999999,33.78818000000005,35.8138,32.0064,-8.404636666666649,-6.164831999999982,-5.74232,-8.82637,0.8918333333333343,0.9298500000000007,0.87,0.97375,222,5,72.5527,58.323593
0.256767,6,0.725,3,16,4,3,0,0,0.7335253333333337,0.7014339999999979,0.324192,1.10029,37.87986999999999,31.40910200000004,72.5527,11.3995,-7.8503843333333165,-6.756702599999981,-18.0656,-1.40599,0.8375000000000009,0.8748500000000007,0.9175,0.888,222,5,5.27311,5.244022
-29.4534,0,1.0,3,213,0,3,0,1,0.6483840000000004,0.6601731999999979,1.62096,0.255424,43.333603333333315,35.44282200000004,5.27311,35.8138,-15.754077666666651,-10.882108599999981,0.256767,-5.74232,0.8808333333333342,0.8801000000000008,0.725,0.87,222,5,52.175,85.11674
-22.4344,0,0.94875,3,414,0,4,0,0,0.6745813333333337,0.5206719999999978,0.0,0.324192,32.281669999999984,41.04230200000004,52.175,72.5527,-17.210344333333314,-15.087790599999982,-29.4534,-18.0656,0.8912500000000009,0.8922500000000009,1.0,0.9175,222,5,39.3969,41.510345
-19.1703,0,1.0,4,655,0,5,0,0,0.13426133333333376,0.4695871999999978,0.402784,1.62096,40.40006666666665,39.805202000000044,39.3969,5.27311,-23.686033333333317,-17.773386599999984,-22.4344,0.256767,0.9829166666666675,0.9182500000000008,0.94875,0.725,222,5,29.6283,47.187683
-8.00404,0,0.92,4,295,0,1,0,0,0.18665600000000046,0.43618559999999784,0.0,0.0,38.899999999999984,34.82962200000004,29.6283,52.175,-16.53624666666665,-15.761074599999983,-19.1703,-29.4534,0.9562500000000008,0.9187500000000007,1.0,1.0,223,5,47.6748,35.238857
36.1341,28,0.015,2,9,15,2,0,0,1.3426146666666672,0.886125599999998,0.157184,0.402784,27.013109999999987,34.52224600000004,47.6748,39.3969,2.986586666666683,-8.585607999999983,-8.00404,-22.4344,0.6450000000000009,0.7767500000000008,0.92,0.94875,223,5,3.73623,1.582442
-16.1221,0,0.99,8,196,0,3,0,0,1.362262666666667,0.8979143999999979,3.87066,0.0,28.382909999999985,30.834786000000044,3.73623,29.6283,4.00265333333335,-5.919347999999983,36.1341,-19.1703,0.6416666666666676,0.7747500000000007,0.015,1.0,223,5,33.7377,64.17917
-25.0976,0,1.0,3,598,0,3,0,1,1.3098680000000005,0.8173575999999979,0.058944,0.157184,23.25204333333332,29.411846000000036,33.7377,47.6748,-1.6951999999999832,-6.451987999999983,-16.1221,-8.00404,0.6683333333333342,0.7850000000000008,0.99,0.92,223,5,32.2822,31.552835
-5.05843,0,0.94875,3,15,0,4,0,0,0.15390933333333376,0.897914399999998,0.0,3.87066,22.43852666666665,23.74532200000004,32.2822,3.73623,-15.426043333333316,-3.6296139999999832,-25.0976,36.1341,0.9795833333333341,0.7747500000000008,1.0,0.015,223,5,1.29568,5.5962133
9.18627,16,0.236,3,30,9,5,0,0,2.6361080000000006,2.367585599999998,0.402784,0.058944,11.474785666666653,14.379657400000038,1.29568,33.7377,-6.989919999999983,-0.191551999999983,-5.05843,-16.1221,0.728250000000001,0.6379500000000007,0.94875,0.99,223,5,0.846477,1.8881273
-11.7045,0,1.0,3,5,0,1,0,0,2.6361080000000006,1.593453599999998,7.50554,0.0,27.932818999999984,29.963671400000038,0.846477,32.2822,-2.5255533333333156,-9.759271999999982,9.18627,-25.0976,0.728250000000001,0.8349500000000007,0.236,1.0,224,5,81.6563,46.522972
5.95017,12,0.89,6,3,7,2,0,0,2.6459320000000006,1.6681159999999982,0.0,0.402784,29.408818999999983,24.36086740000004,81.6563,1.29568,1.1439800000000178,-5.344817999999981,-11.7045,-5.05843,0.7086666666666676,0.8149500000000008,1.0,0.94875,224,5,5.72368,17.000097
4.93651,8,0.613333,2,0,5,3,0,0,0.9038086666666674,2.123949999999998,0.432256,7.50554,29.63818333333332,18.21134140000004,5.72368,0.846477,-0.27260666666664896,0.6620040000000177,5.95017,9.18627,0.8344443333333342,0.7376166000000008,0.89,0.236,224,5,1.53457,7.046218
4.30312,8,0.728333,7,27,5,3,0,1,1.4375786666666672,2.363655199999998,2.27917,0.0,8.219016666666652,21.43196540000004,1.53457,81.6563,5.063266666666684,2.5343140000000175,4.93651,-11.7045,0.7438886666666676,0.6935332000000007,0.613333,1.0,224,5,17.3988,8.703483
-6.0859,0,0.955,2,38,0,4,0,0,1.411381333333334,0.9332799999999979,1.60131,0.432256,7.971256666666654,22.258750000000042,17.3988,5.72368,1.0512433333333506,-0.5201199999999824,4.30312,5.95017,0.7655553333333343,0.8373332000000009,0.728333,0.89,224,5,4.9804,6.7617564
-1.69159,4,0.881,3,0,3,5,0,0,1.0413446666666673,1.167091999999998,0.353664,2.27917,8.596216666666653,6.60938000000004,4.9804,1.53457,-1.158123333333316,1.4824620000000177,-6.0859,4.93651,0.8547776666666675,0.8135332000000008,0.955,0.613333,224,5,3.40945,6.4089513
-14.919,0,0.865,4,126,0,1,0,0,0.5959906666666672,1.1336903999999979,1.16906,1.60131,20.16918333333332,15.888184000000042,3.40945,17.3988,-7.565496666666649,-2.6913719999999826,-1.69159,4.30312,0.9003333333333341,0.8085332000000008,0.881,0.728333,225,5,52.1177,42.87156
-8.50019,0,0.92,7,86,0,2,0,0,0.5828920000000005,0.7407299999999979,0.265248,0.353664,19.79392666666665,16.35219600000004,52.1177,4.9804,-8.370259999999982,-5.378711999999982,-14.919,-6.0859,0.8886666666666675,0.8698666000000008,0.865,0.955,225,5,3.85463,13.673978
0.256767,6,0.748333,2,0,4,3,0,0,0.6876786666666672,0.7171519999999978,0.314368,1.16906,20.372436666666648,13.901432000000039,3.85463,3.40945,-7.720807666666649,-6.187982599999982,-8.50019,-1.69159,0.8444443333333341,0.8738666000000009,0.92,0.881,225,5,5.14498,7.2083554
-29.4534,0,1.0,4,173,0,3,0,1,0.5992626666666673,0.6464191999999979,1.48342,0.265248,20.39153666666665,23.34035200000004,5.14498,52.1177,-12.565607666666649,-10.861482599999983,0.256767,-14.919,0.8894443333333343,0.882866600000001,0.748333,0.865,225,5,52.175,29.233814
-8.82637,0,0.9525,3,378,0,4,0,0,0.6189106666666673,0.4872695999999978,0.0,0.314368,29.730159999999984,29.032562000000034,52.175,3.85463,-12.674334333333315,-12.288438599999983,-29.4534,-8.50019,0.9002776666666676,0.8971666000000008,1.0,0.92,225,5,31.8705,20.906662
26.6903,28,0.815,8,7,15,5,0,0,0.7302506666666672,0.7977079999999978,0.373312,1.48342,31.728333333333314,20.83692200000004,31.8705,5.14498,-3.8631566666666495,-3.966578599999982,-8.82637,0.256767,0.9225000000000009,0.8871666000000008,0.9525,0.748333,225,5,11.1395,7.891627
-22.989,0,1.0,10,398,0,1,0,0,0.7302506666666672,0.7348343999999978,1.81744,0.0,30.07256666666665,29.507536000000037,11.1395,52.175,-1.7083566666666492,-6.8643405999999825,26.6903,-29.4534,0.9225000000000009,0.9031666000000008,0.815,1.0,226,5,47.2077,57.56336
5.29974,12,0.1725,2,13,7,2,0,0,1.689726666666667,1.0884983999999978,0.0,0.373312,20.58242999999998,29.15855800000004,47.2077,31.8705,3.0003466666666845,-5.855745999999983,-22.989,-8.82637,0.6625000000000009,0.7880000000000008,1.0,0.9525,226,5,3.40009,1.3467468
-13.6635,0,0.935,4,134,0,3,0,0,1.2116253333333338,1.1651255999999979,3.25174,1.81744,28.128396666666646,25.47903800000004,3.40009,11.1395,-10.450919999999982,-2.697765999999983,5.29974,26.6903,0.7025000000000009,0.7750000000000008,0.1725,0.815,226,5,33.7774,38.81539
-29.228,0,0.895,4,531,0,3,0,1,1.417929333333334,1.2142455999999977,0.383136,0.0,23.116529999999983,25.53935800000004,33.7774,47.2077,-12.53058666666665,-6.778091999999982,-13.6635,-22.989,0.6675000000000009,0.7635000000000007,0.935,1.0,226,5,32.1721,33.400265
-22.4344,0,1.0,4,491,0,4,0,0,0.3340160000000006,0.8507575999999979,0.618912,3.25174,35.11546666666664,31.190838000000042,32.1721,3.40009,-21.775299999999984,-16.60303199999998,-29.228,5.29974,0.9433333333333342,0.8005000000000008,0.895,0.1725,226,5,39.3969,37.795753
-19.1703,0,1.0,4,445,0,5,0,0,0.20630400000000063,0.8507575999999979,0.0,0.383136,33.73243333333331,27.674958000000043,39.3969,33.7774,-23.610899999999983,-15.839291999999983,-22.4344,-13.6635,0.9650000000000009,0.8005000000000008,1.0,0.935,226,5,29.6283,30.062239
7.83644,14,0.0,1,2,8,1,0,0,0.7007800000000005,0.6208775999999979,0.0,0.618912,23.940769999999986,27.554362000000037,29.6283,32.1721,-11.256086666666649,-15.331951999999982,-19.1703,-29.228,0.6666666666666675,0.7660000000000008,1.0,0.895,227,5,2.79711,3.4007056
30.4293,28,0.375,2,1,15,2,0,0,1.519446666666667,1.035450399999998,2.10234,0.0,11.37515999999998,21.138896000000038,2.79711,39.3969,6.365146666666685,-6.513391999999982,7.83644,-22.4344,0.4583333333333342,0.6540000000000008,0.0,1.0,227,5,1.70007,3.9830034
34.1057,28,0.525,2,16,15,3,0,0,2.4527266666666674,1.471635999999998,2.456,0.0,2.0102633333333144,15.011198000000041,1.70007,29.6283,24.12381333333335,6.153348000000018,30.4293,-19.1703,0.3000000000000009,0.5800000000000007,0.375,1.0,227,5,1.53361,2.078111
4.30312,8,0.0,8,0,5,3,0,1,3.736393333333334,2.662303999999998,2.79984,2.10234,6.278659999999981,10.25227800000004,1.53361,2.79711,22.94604000000002,11.50085200000002,34.1057,7.83644,0.3000000000000009,0.3800000000000008,0.525,0.0,227,5,15.6023,4.521899
3.707,10,0.62375,2,71,6,4,0,0,3.903400000000001,3.2537079999999974,5.95334,2.456,6.149596666666647,4.58919400000004,15.6023,1.70007,14.038606666666686,16.07631200000002,4.30312,30.4293,0.3829166666666676,0.30475000000000085,0.0,0.375,227,5,1.31288,4.1515017
2.1343,6,0.627,3,18,4,5,0,0,4.1915700000000005,3.5661099999999974,2.95702,2.79984,5.920961333333314,4.1993128000000395,1.31288,1.53361,3.381473333333352,14.93588400000002,3.707,34.1057,0.41691666666666755,0.4301500000000008,0.62375,0.525,227,5,0.847704,2.6628315
-10.8951,0,0.945,3,423,0,1,0,0,2.2431446666666672,3.096522799999998,3.66435,5.95334,15.575194666666647,12.772298800000039,0.847704,15.6023,-1.6845999999999808,6.6710040000000195,2.1343,4.30312,0.7319166666666675,0.5441500000000008,0.627,0.0,228,5,44.565,38.535812
0.760477,6,0.505,3,21,4,2,0,0,1.9058546666666674,2.9255847999999975,0.108064,2.95702,15.629421333333314,12.760688800000038,44.565,1.31288,-2.6667743333333145,0.0019594000000186405,-10.8951,3.707,0.6923333333333342,0.5401500000000008,0.945,0.62375,228,5,1.47556,3.153239
-14.0664,0,0.773333,3,270,0,3,0,0,1.1297580000000005,2.0021287999999977,1.94515,3.66435,17.027033333333314,10.64833680000004,1.47556,0.847704,-8.067007666666647,-3.671944599999981,0.760477,2.1343,0.741111000000001,0.6948166000000009,0.505,0.627,228,5,5.04054,26.388968
-29.4534,0,1.0,4,274,0,3,0,1,1.0937366666666672,1.410724799999998,1.33606,0.108064,19.56369999999998,20.820760800000038,5.04054,44.565,-14.253107666666645,-10.30402459999998,-14.0664,-10.8951,0.7594443333333342,0.7700666000000008,0.773333,0.945,228,5,52.175,39.414906
-2.66367,2,0.72875,2,42,2,4,0,0,1.1559566666666674,1.1042167999999979,0.0,1.94515,20.70723666666665,21.63245400000004,52.175,1.47556,-15.394489999999982,-11.263618599999981,-29.4534,0.760477,0.8340276666666675,0.7904166000000008,1.0,0.505,228,5,4.90617,3.042404
-1.69159,4,0.902,3,0,3,5,0,0,1.0315206666666674,1.275154399999998,2.13181,1.33606,20.147333333333314,13.39162000000004,4.90617,5.04054,-11.269553333333313,-9.422916599999981,-2.66367,-14.0664,0.8769166666666676,0.7818166000000009,0.72875,0.773333,228,5,3.36083,7.9904785
-26.7638,0,1.0,8,381,0,1,0,0,1.0315206666666672,0.8861243999999979,0.962752,0.0,32.87636666666665,31.16892800000004,3.36083,52.175,-10.37301999999998,-14.927771999999981,-1.69159,-29.4534,0.8769166666666676,0.8808166000000007,0.902,1.0,229,5,90.3621,86.08533
-19.1825,26,1.0,2,5,0,2,0,0,0.32091733333333394,0.6189123999999979,0.0,2.13181,58.0107433333333,46.22268000000004,90.3621,4.90617,-15.879296666666647,-15.95099199999998,-26.7638,-2.66367,0.9673333333333343,0.9261500000000009,1.0,0.72875,229,5,80.3093,72.88327
-13.6635,0,0.99,8,150,0,3,0,0,0.019648000000000592,0.6307011999999979,0.0,0.962752,68.25959999999998,42.60916000000004,80.3093,3.36083,-19.869933333333318,-12.793011999999981,-19.1825,-1.69159,0.9966666666666675,0.9241500000000007,1.0,0.902,229,5,34.1074,67.076385
-29.228,0,1.0,4,365,0,3,0,1,0.019648000000000592,0.2043391999999979,0.058944,0.0,48.86293333333331,48.06234600000003,34.1074,90.3621,-20.691333333333315,-18.105877999999983,-13.6635,-26.7638,0.9966666666666675,0.9784000000000008,0.99,1.0,229,5,32.1721,65.16449
-20.4139,26,0.87875,2,199,0,4,0,0,0.3372906666666673,0.20237439999999784,0.0,0.0,32.42689999999998,53.59042000000004,32.1721,80.3093,-21.101799999999983,-21.85033999999998,-29.228,-19.1825,0.9562500000000008,0.9737500000000008,1.0,1.0,229,5,31.0012,30.78827
-3.52181,2,0.837,8,11,2,5,0,0,0.8514126666666672,0.5226363999999979,0.952928,0.058944,24.70779999999998,37.70802000000004,31.0012,34.1074,-17.72123666666665,-17.20194199999998,-20.4139,-13.6635,0.9052500000000009,0.9411500000000007,0.87875,0.99,229,5,10.9501,3.6126032
-14.7145,0,0.86,8,209,0,1,0,0,0.9431033333333337,0.5776507999999978,1.60131,0.0,26.50249999999998,29.15740000000004,10.9501,32.1721,-12.883403333333314,-16.308341999999982,-3.52181,-29.228,0.8585833333333343,0.9131500000000008,0.837,1.0,230,5,37.5562,52.087833
-11.7837,0,0.82,8,296,0,2,0,0,0.8612366666666672,0.7073275999999978,0.275072,0.952928,33.37779999999998,32.66134000000004,37.5562,31.0012,-10.00666999999998,-15.932381999999981,-14.7145,-20.4139,0.8390000000000009,0.8791500000000008,0.86,0.87875,230,5,51.6271,32.556015
2.37955,8,0.581667,4,27,5,3,0,0,1.1494066666666674,1.2004915999999979,0.707328,1.60131,30.245569999999983,26.53760200000004,51.6271,10.9501,-8.039549999999982,-9.610871999999983,-11.7837,-3.52181,0.7538890000000009,0.7954834000000007,0.82,0.837,230,5,1.55341,5.9540186
4.30312,8,0.0366667,8,4,5,3,0,1,2.9504726666666676,2.145559999999998,2.46582,0.275072,22.46576999999998,23.18072200000004,1.55341,37.5562,-1.7003433333333142,-4.667467999999981,2.37955,-14.7145,0.47944456666666757,0.6270667400000007,0.581667,0.86,230,5,14.2168,8.026147
-22.4344,0,1.0,4,404,0,4,0,0,2.714696666666667,1.8252979999999979,5.67827,0.707328,18.389036666666648,28.870082000000036,14.2168,51.6271,-5.250576666666648,-8.449985999999981,4.30312,-11.7837,0.5394445666666675,0.6596667400000008,0.0366667,0.82,230,5,39.3969,39.882023
-25.3579,14,1.0,5,426,0,5,0,0,1.8927566666666673,1.770283599999998,0.0,2.46582,27.747333333333316,27.284502000000042,39.3969,1.55341,-14.496393333333316,-10.57866599999998,-22.4344,2.37955,0.6788889000000009,0.6876667400000007,1.0,0.581667,230,5,29.6283,43.087345
36.6134,28,0.01,2,2,15,1,0,0,0.6483833333333339,2.017847999999998,0.0,5.67827,24.287339999999986,17.72644600000004,29.6283,14.2168,-3.726299999999983,-0.8992459999999823,-25.3579,4.30312,0.6700000000000008,0.5256667400000008,1.0,0.0366667,231,5,3.83682,3.3985944
-8.68944,0,0.8675,6,287,0,2,0,0,0.8219406666666673,1.628818399999998,1.94515,0.0,19.502173333333314,22.424044000000038,3.83682,39.3969,0.8553533333333506,-3.1130439999999817,36.6134,-22.4344,0.6258333333333342,0.5828333400000008,0.01,1.0,231,5,25.0414,25.71425
-14.0664,0,0.996667,3,362,0,3,0,0,0.8284900000000005,0.4970939999999978,0.520672,0.0,11.334523333333314,20.60575400000004,25.0414,29.6283,4.619186666666684,-6.786947999999981,-8.68944,-25.3579,0.6247223333333342,0.7748334000000009,0.8675,1.0,231,5,5.12535,11.403749
-35.017,0,0.976667,5,203,0,3,0,1,0.2259520000000006,0.5246011999999979,0.019648,1.94515,29.20451666666665,24.21573400000004,5.12535,3.83682,-19.257613333333317,-9.303467999999981,-14.0664,36.6134,0.9469446666666675,0.7701668000000008,0.996667,0.01,231,5,57.4468,48.81095
6.22963,12,0.35875,2,13,7,4,0,0,1.7322980000000008,1.5325431999999979,0.137536,0.520672,21.29404666666665,18.55207200000004,57.4468,25.0414,-14.284589999999985,-2.985961999999982,-35.017,-8.68944,0.7773613333333342,0.6419168000000008,0.976667,0.8675,231,5,1.30999,1.8737855
-1.69159,4,0.884,2,0,3,5,0,0,2.1056086666666674,1.371429199999998,5.03971,0.019648,20.688496666666648,18.44644800000004,1.30999,5.12535,-10.159653333333319,-10.646959999999982,6.22963,-14.0664,0.7398056666666676,0.8167168000000007,0.35875,0.996667,231,5,3.3087,3.8863912
9.80025,16,0.005,4,4,9,1,0,0,2.711423333333334,1.6582907999999978,1.13958,0.137536,2.067593333333312,13.754986000000041,3.3087,57.4468,4.7794300000000165,-6.9490219999999825,-1.69159,-35.017,0.41591666666666754,0.6442168000000008,0.884,0.976667,232,5,1.58409,1.9970719
-12.9439,0,0.8825,4,235,0,2,0,0,1.185429333333334,1.746706799999998,1.95498,5.03971,5.840129999999978,15.25543600000004,1.58409,1.30999,-1.6117466666666498,-6.724521999999982,9.80025,6.22963,0.5905000000000009,0.6213834000000007,0.005,0.35875,232,5,12.6276,13.095213
-7.30523,0,0.776667,4,271,0,3,0,0,1.2443760000000006,1.982483599999998,0.461728,1.13958,15.751596666666645,10.37469600000004,12.6276,3.3087,-3.482959999999983,-1.1821679999999812,-12.9439,-1.69159,0.5547223333333342,0.5813834000000008,0.8825,0.884,232,5,33.0431,16.832666
-29.228,0,1.0,3,246,0,3,0,1,0.5927160000000006,0.9745415999999978,1.31642,1.95498,25.947599999999976,16.54711800000004,33.0431,1.58409,-16.49237666666665,-8.273693999999981,-7.30523,9.80025,0.8863890000000009,0.7096334000000007,0.776667,0.005,232,5,32.1721,25.715984
-0.833133,4,0.79625,3,20,3,4,0,0,0.9725766666666672,1.0668875999999978,0.0,0.461728,23.34645999999998,16.85021400000004,32.1721,12.6276,-12.455454333333316,-8.102002599999981,-29.228,-12.9439,0.8576390000000008,0.6920834000000008,1.0,0.8825,232,5,4.82418,6.542988
-3.52181,2,0.868,8,0,2,5,0,0,0.9660266666666674,0.9352455999999979,1.60131,1.31642,15.90085999999998,18.674656000000038,4.82418,33.0431,-11.194314333333317,-10.766414599999981,-0.833133,-7.30523,0.8880833333333342,0.8646834000000008,0.79625,0.776667,232,5,10.7063,7.925456
0.165408,6,0.085,1,4,4,1,0,0,1.5652900000000007,1.2024579999999978,1.29677,0.0,5.567259999999979,16.38339600000004,10.7063,32.1721,-1.3965116666666502,-8.144552999999982,-3.52181,-29.228,0.5830833333333342,0.7051834000000008,0.868,1.0,233,5,1.1713,4.5441422
-10.4346,0,0.85,4,375,0,2,0,0,1.2280000000000006,1.057061999999998,1.79779,1.60131,15.529933333333313,16.717216000000043,1.1713,4.82418,-4.597000666666649,-8.77042699999998,0.165408,-0.833133,0.6010000000000009,0.7198500000000008,0.085,0.79625,233,5,34.7122,30.680477
1.11703,6,0.443333,3,10,4,3,0,0,1.8894833333333338,1.713305999999998,0.58944,1.29677,12.494946666666648,10.60306400000004,34.7122,10.7063,-3.0507206666666495,-2.701420999999981,-10.4346,-3.52181,0.45944433333333423,0.6085166000000009,0.85,0.868,233,5,1.60134,2.3217533
4.30312,8,0.0,4,0,5,3,0,1,3.274666666666667,2.5837119999999976,3.28122,1.79779,16.441113333333313,12.24018800000004,1.60134,1.1713,-1.6714833333333168,-1.6741703999999813,1.11703,0.165408,0.4311110000000009,0.44926660000000085,0.443333,0.085,233,5,13.0098,7.182855
-20.4139,26,1.0,2,0,0,4,0,0,3.0781866666666673,2.3243579999999975,5.95334,0.58944,15.204113333333312,16.299168000000044,13.0098,34.7122,-4.997916666666651,-5.052588399999982,4.30312,-10.4346,0.4811110000000009,0.4756666000000008,0.0,0.85,233,5,31.0012,34.703148
-25.3579,0,0.922,4,440,0,5,0,0,2.239870666666667,2.118054399999998,0.0,3.28122,23.837099999999978,21.564968000000043,31.0012,1.60134,-13.822893333333317,-10.157249999999982,-20.4139,1.11703,0.6406666666666676,0.6430666000000007,1.0,0.443333,233,5,27.5003,33.84319
30.611,28,0.01,2,4,15,1,0,0,0.9038073333333335,2.3891963999999972,0.766272,5.95334,19.985573333333313,14.91357200000004,27.5003,13.0098,-5.053599999999984,-1.948129999999982,-25.3579,4.30312,0.6440000000000009,0.4750666000000009,0.922,0.0,234,5,1.45522,3.1263907
-19.2826,0,1.0,2,0,0,2,0,0,0.9038073333333335,1.7329523999999978,1.94515,0.0,18.57487333333331,19.94712400000004,1.45522,31.0012,-4.676499999999983,-6.028055999999981,30.611,-20.4139,0.6440000000000009,0.5864000000000008,0.01,1.0,234,5,26.7691,40.051544
-10.3137,0,0.891667,3,296,0,3,0,0,0.861236666666667,0.6699963999999978,0.0,0.766272,11.238979999999978,18.44368800000004,26.7691,27.5003,0.3382333333333503,-8.951419999999981,-19.2826,-25.3579,0.6338890000000008,0.7647334000000008,1.0,0.922,234,5,5.49262,7.759883
-30.9731,0,0.998333,3,139,0,3,0,1,0.21612800000000032,0.6719611999999978,0.63856,1.94515,30.499173333333314,24.09060800000004,5.49262,1.45522,-20.18979999999998,-11.063259999999982,-10.3137,30.611,0.9633333333333343,0.7644000000000009,0.891667,0.01,234,5,59.2358,43.444073
-22.4344,0,1.0,3,287,0,4,0,0,0.21612800000000032,0.5187067999999979,0.009824,0.0,34.708439999999975,26.46992800000004,59.2358,26.7691,-21.240399999999983,-10.478559999999982,-30.9731,-19.2826,0.9633333333333343,0.7800000000000008,0.998333,1.0,234,5,39.3969,32.13951
-4.70433,0,0.817,3,18,0,5,0,0,0.6025380000000004,0.48923479999999786,0.0,0.63856,33.963006666666644,26.830148000000044,39.3969,5.49262,-19.37060999999998,-17.541625999999983,-22.4344,-10.3137,0.9384443333333342,0.9414000000000009,1.0,0.891667,234,5,3.25632,1.1424513
5.0652,10,0.0,3,10,6,1,0,0,1.254196666666667,0.882194799999998,1.79779,0.009824,15.778446666666646,22.41275200000004,3.25632,59.2358,-7.357843333333316,-12.672065999999981,-4.70433,-30.9731,0.6056666666666675,0.7414000000000008,0.817,0.998333,235,5,4.68212,3.11483
-8.82645,0,0.995,2,51,0,2,0,0,1.2607460000000004,0.7584123999999979,1.9648,0.0,16.397213333333312,29.56486800000004,4.68212,39.3969,-2.821859999999983,-12.374615999999982,5.0652,-22.4344,0.6040000000000009,0.7620666000000008,0.0,1.0,235,5,41.2532,24.17377
-29.228,0,1.0,3,77,0,3,0,1,0.661482666666667,0.7564475999999979,0.019648,1.79779,26.035806666666645,24.15212800000004,41.2532,3.25632,-10.996416666666649,-12.025595999999982,-8.82645,-4.70433,0.6650000000000008,0.7624000000000007,0.995,0.817,235,5,32.1721,36.649197
4.37846,8,0.22875,3,15,5,4,0,0,2.027019333333334,1.9687295999999979,0.0,1.9648,24.908296666666644,16.53266600000004,32.1721,4.68212,-11.225329999999984,-6.663023999999983,-29.228,5.0652,0.7412500000000009,0.6081500000000007,1.0,0.0,235,5,1.29959,2.2081342
-3.52181,2,0.883,8,6,2,5,0,0,2.403606666666667,1.8390535999999975,6.06141,0.019648,14.661763333333312,17.98412200000004,1.29959,41.2532,-9.457116666666652,-6.426519999999982,4.37846,-8.82645,0.7039166666666675,0.6213500000000008,0.22875,0.995,235,5,10.5136,5.5466337
-17.8659,0,1.0,6,394,0,1,0,0,2.403606666666667,1.446093599999998,1.14941,0.0,14.605496666666646,23.44835800000004,10.5136,32.1721,-5.669749999999984,-11.012739999999983,-3.52181,-29.228,0.7039166666666675,0.8213500000000009,0.883,1.0,236,5,32.0033,36.659767
-23.9431,0,1.0,3,303,0,2,0,0,0.38313666666666696,1.4421639999999978,0.0,6.06141,24.606299999999976,21.45811800000004,32.0033,1.29959,-15.110269999999986,-14.036069999999985,-17.8659,4.37846,0.9610000000000009,0.8223500000000008,1.0,0.22875,236,5,31.302,25.079685
-13.6654,0,0.145,9,28,0,3,0,1,1.6799033333333337,2.4501059999999977,0.0,1.14941,25.16179999999998,17.45971800000004,31.302,10.5136,-18.49146666666665,-10.923549999999981,-23.9431,-3.52181,0.7150000000000009,0.6513500000000008,1.0,0.883,236,5,12.1801,9.932709
-0.833133,4,0.86875,2,0,3,4,0,0,2.023743333333334,1.4441279999999979,5.03971,0.0,16.078006666666646,18.15018400000004,12.1801,32.0033,-12.813877666666649,-11.965868599999983,-13.6654,-17.8659,0.6712500000000009,0.7793500000000009,0.145,1.0,236,5,4.75192,4.843056
-18.2902,0,0.991,5,201,0,5,0,0,2.0532153333333336,1.2319291999999977,1.03152,0.0,15.398706666666646,21.90028400000004,4.75192,31.302,-10.92957766666665,-14.91954659999998,-0.833133,-23.9431,0.6682500000000009,0.8009500000000008,0.86875,1.0,236,5,29.2641,35.0658
-19.712,0,1.0,8,206,0,1,0,0,0.3733120000000003,1.2319291999999975,0.088416,5.03971,39.258273333333314,32.251384000000044,29.2641,12.1801,-12.945110999999983,-15.288766599999983,-18.2902,-13.6654,0.9532500000000009,0.8009500000000008,0.991,0.145,237,5,83.7588,67.757706
9.9836,16,0.0675,1,12,9,2,0,0,1.2509220000000003,1.9647991999999976,0.0,1.03152,39.22300999999998,26.920210000000036,83.7588,4.75192,-9.339533333333316,-8.503426599999981,-19.712,-0.833133,0.6861666666666676,0.6144500000000008,1.0,0.86875,237,5,4.64613,0.8749621
-16.4165,0,0.838333,3,345,0,3,0,1,1.5390926666666669,1.1474427999999979,3.66435,0.088416,47.34254333333331,35.208730000000045,4.64613,29.2641,-8.71496666666665,-9.053646599999981,9.9836,-18.2902,0.6352776666666675,0.7531166000000009,0.0675,0.991,237,5,53.6227,31.004047
-20.4139,26,1.0,2,0,0,4,0,0,1.5390926666666669,0.9411387999999977,0.952928,0.0,29.75667666666665,40.45858600000004,53.6227,83.7588,-8.948933333333317,-12.969799999999982,-16.4165,-19.712,0.6352776666666675,0.7793666000000008,0.838333,1.0,237,5,31.0012,46.22851
-7.3836,0,0.789,3,153,0,5,0,0,1.0085960000000003,1.3380275999999978,0.0,3.66435,29.287519999999983,35.25349800000004,31.0012,4.64613,-14.737999999999985,-10.788479999999982,-20.4139,9.9836,0.8757776666666676,0.7389666000000007,1.0,0.0675,237,5,3.23866,7.200977
-15.4603,0,0.74,7,409,0,1,0,0,0.8612360000000002,1.4401971999999978,2.07286,0.952928,21.337219999999984,24.45609800000004,3.23866,53.6227,-14.419266666666651,-9.938139999999981,-7.3836,-16.4165,0.8430000000000009,0.6869666000000008,0.789,0.838333,238,5,29.7718,39.795555
-14.7678,0,1.0,3,383,0,2,0,0,0.8612360000000002,0.7073271999999976,0.510848,0.0,12.490049999999982,24.41881000000004,29.7718,31.0012,-12.537233333333317,-14.888419999999982,-15.4603,-20.4139,0.8430000000000009,0.8734666000000008,0.74,1.0,238,5,4.45969,7.7973175
-29.228,0,1.0,2,94,0,3,0,1,0.17028266666666694,0.5167415999999976,0.0,2.07286,22.134529999999984,20.12869000000004,4.45969,3.23866,-19.818699999999982,-17.450719999999983,-14.7678,-7.3836,0.9133333333333341,0.9058000000000007,1.0,0.789,238,5,32.1721,31.62788
9.44021,16,1.0,5,308,9,4,0,0,0.0,0.5167415999999976,0.0,0.510848,25.34289666666665,21.807830000000042,32.1721,29.7718,-11.518529999999982,-11.479897999999983,-29.228,-15.4603,1.0,0.9058000000000007,1.0,0.74,238,5,39.3969,15.854245
-3.51549,2,0.859,8,7,2,5,0,0,0.461726666666667,0.3792055999999977,0.0,0.0,27.300399999999986,23.22653800000004,39.3969,4.45969,-7.767759999999984,-10.706275999999983,9.44021,-14.7678,0.9530000000000008,0.9198000000000007,1.0,1.0,238,5,10.3322,5.8367662
-7.4573,0,0.98,4,172,0,1,0,0,0.47482533333333365,0.2848951999999977,1.38518,0.0,27.384899999999984,23.75729800000004,10.3322,32.1721,-0.5108599999999832,-9.105675999999983,-3.51549,-29.228,0.9463333333333342,0.9678000000000008,0.859,1.0,239,5,32.4256,42.493618
-14.6331,0,0.99,3,301,0,2,0,0,0.4879240000000003,0.2927543999999977,0.039296,0.0,21.06666666666665,26.95380000000004,32.4256,39.3969,-8.535296666666651,-9.078735999999981,-7.4573,9.44021,0.9430000000000008,0.9658000000000009,0.98,1.0,239,5,20.4422,25.864985
-13.6654,0,0.998333,3,26,0,3,0,1,0.029472000000000293,0.29471919999999774,0.039296,1.38518,21.686299999999985,22.957600000000042,20.4422,10.3322,-11.918599999999984,-5.9662159999999815,-14.6331,-3.51549,0.9894443333333341,0.9654666000000007,0.99,0.859,239,5,12.1911,18.085966
-2.93007,2,0.57,3,20,2,4,0,0,1.1428600000000002,0.9706111999999976,0.009824,0.039296,11.31086999999998,15.338082000000039,12.1911,32.4256,-10.409523333333317,-8.440271999999982,-13.6654,-7.4573,0.8527776666666677,0.8794666000000009,0.998333,0.98,239,5,1.29931,3.5459018
-18.2902,0,1.0,4,348,0,5,0,0,1.1297613333333336,0.6935751999999977,3.37946,0.039296,14.251503333333313,19.124462000000044,1.29931,20.4422,-11.628556666666649,-11.395213999999982,-2.93007,-14.6331,0.8561110000000008,0.9076666000000009,0.57,0.99,239,5,29.2641,23.66264
-5.74232,0,0.705,4,1,0,1,0,0,1.3196920000000003,0.8016391999999977,0.0,0.009824,20.52583666666665,18.842162000000037,29.2641,12.1911,-8.987529999999984,-11.05221799999998,-18.2902,-13.6654,0.7583333333333342,0.8526666000000007,1.0,0.998333,240,5,31.0141,14.080101
-19.2001,0,1.0,6,412,0,2,0,0,0.19320533333333365,0.7937799999999977,0.579616,3.37946,25.273833333333314,17.86238200000004,31.0141,1.29931,-14.410873333333315,-11.965617999999981,-5.74232,-2.93007,0.9016666666666676,0.8546666000000007,0.705,0.57,240,5,15.5433,22.114706
-16.4165,0,1.0,3,590,0,3,0,1,0.19320533333333365,0.7918151999999977,0.0,0.0,33.39336666666665,26.148702000000036,15.5433,29.2641,-13.786306666666649,-12.515837999999981,-19.2001,-18.2902,0.9016666666666676,0.8550000000000008,1.0,1.0,240,5,53.6227,41.12399
-0.239574,6,0.77,2,18,4,4,0,0,0.6025400000000003,0.47744719999999774,0.0,0.579616,24.604863333333316,26.818558000000042,53.6227,31.0141,-11.952057999999981,-11.97773879999998,-16.4165,-5.74232,0.9233333333333342,0.8950000000000007,1.0,0.705,240,5,4.64859,3.2491283
-7.3836,0,0.995,3,314,0,5,0,0,0.6189133333333336,0.4872711999999977,1.80762,0.0,20.603469999999984,21.67356200000004,4.64859,15.5433,-8.01322466666665,-9.79641879999998,-0.239574,-19.2001,0.9216666666666674,0.8940000000000007,0.77,1.0,240,5,3.53912,12.546446
-9.54309,0,0.88,4,180,0,1,0,0,0.6975053333333335,0.41850319999999763,0.04912,0.0,18.61903666666665,25.00462200000004,3.53912,53.6227,-5.7220879999999825,-10.55657279999998,-7.3836,-16.4165,0.8816666666666676,0.9290000000000008,0.995,1.0,241,5,47.6694,40.35651
-2.9666,2,0.7,4,5,2,2,0,0,0.4879253333333336,0.6542791999999977,0.235776,1.80762,18.115899999999986,22.523798000000042,47.6694,4.64859,-6.63109666666665,-7.309872799999981,-9.54309,-0.239574,0.8583333333333342,0.8690000000000009,0.88,0.77,241,5,3.13918,3.8545163
-20.7774,0,1.0,2,25,0,3,0,1,0.47155200000000025,0.6542791999999977,1.17888,0.04912,27.66022666666665,18.233678000000044,3.13918,3.53912,-11.09569666666665,-8.182052799999983,-2.9666,-7.3836,0.8600000000000009,0.8690000000000009,0.7,0.995,241,5,32.1721,48.111767
-15.1703,26,1.0,2,1,0,4,0,0,0.39296000000000025,0.29275519999999766,0.0,0.235776,22.104159999999982,23.504200000000044,32.1721,47.6694,-12.971433333333316,-11.168197999999983,-20.7774,-9.54309,0.9000000000000009,0.9150000000000007,1.0,0.88,241,5,31.0012,24.954708
-3.51549,2,0.97,8,3,2,5,0,0,0.09824000000000029,0.34187519999999766,0.0,1.17888,24.493199999999984,24.857636000000042,31.0012,3.13918,-13.15439666666665,-10.394575999999983,-15.1703,-2.9666,0.9900000000000008,0.9100000000000008,1.0,0.7,241,5,10.3063,13.642847
-16.8245,26,0.885,2,6,0,1,0,0,0.17355733333333365,0.33991039999999767,0.29472,0.0,52.32916666666665,38.45975600000004,10.3063,32.1721,-11.836763333333316,-11.850857999999983,-3.51549,-20.7774,0.9516666666666674,0.9110000000000008,0.97,1.0,242,5,115.68,69.78911
-17.4812,0,0.89,4,822,0,2,0,0,0.31764266666666696,0.1905855999999977,0.225952,0.0,62.91416666666665,50.38316000000004,115.68,31.0012,-12.607063333333317,-14.753777999999983,-16.8245,-15.1703,0.9150000000000008,0.9490000000000007,0.885,1.0,242,5,62.7562,48.80548
-13.6654,0,0.995,4,159,0,3,0,1,0.22922666666666694,0.19647999999999768,0.432256,0.29472,63.61999999999998,46.43350000000004,62.7562,10.3063,-15.99036666666665,-13.331377999999983,-17.4812,-3.51549,0.9233333333333342,0.9480000000000007,0.89,0.97,242,5,12.4238,60.928326
-11.6655,0,0.9,3,291,0,4,0,0,0.4158826666666669,0.35366399999999765,0.029472,0.225952,37.92096666666665,47.94984000000004,12.4238,115.68,-14.270699999999984,-12.630417999999981,-13.6654,-16.8245,0.9283333333333341,0.9280000000000008,0.995,0.885,242,5,38.5829,35.86286
-18.2902,0,1.0,4,507,0,5,0,0,0.2717973333333336,0.29471999999999765,0.78592,0.432256,26.75693333333332,51.74140000000004,38.5829,62.7562,-14.54036666666665,-15.58535999999998,-11.6655,-17.4812,0.9650000000000007,0.9340000000000008,0.9,0.89,242,5,29.2641,34.825214
-18.1091,0,0.87,9,459,0,1,0,0,0.3471146666666669,0.3006143999999977,0.0,0.029472,38.39203333333331,38.07122000000004,29.2641,12.4238,-16.02159999999998,-15.842279999999983,-18.2902,-13.6654,0.9233333333333341,0.9310000000000009,1.0,0.995,243,5,47.3291,55.1112
32.3563,28,0.0225,2,13,15,2,0,0,1.365534666666667,0.9823991999999977,0.255424,0.78592,26.72660666666665,26.23730400000004,47.3291,38.5829,-1.3476666666666521,-5.874779999999982,-18.1091,-11.6655,0.6308333333333341,0.7575000000000008,0.87,0.9,243,5,3.58662,1.965426
-16.4165,0,1.0,3,448,0,3,0,1,1.365534666666667,0.9765047999999975,3.84118,0.0,34.846139999999984,34.47708400000004,3.58662,29.2641,-0.7230999999999858,-6.424999999999981,32.3563,-18.2902,0.6308333333333341,0.7585000000000008,0.0225,1.0,243,5,53.6227,56.794857
33.9387,28,0.87125,2,10,15,4,0,0,1.6176833333333336,1.0216947999999977,0.0,0.255424,19.504883333333314,27.021570000000036,53.6227,47.3291,16.62616666666668,2.695840000000018,-16.4165,-18.1091,0.6312500000000008,0.7527500000000008,1.0,0.87,243,5,1.30533,4.7440886
-7.3836,0,0.976,3,475,0,5,0,0,0.41588200000000014,1.0688499999999976,1.01187,3.84118,19.492386666666647,21.87857600000004,1.30533,3.58662,3.379533333333349,4.877160000000018,33.9387,32.3563,0.9490833333333342,0.7479500000000008,0.87125,0.0225,243,5,3.54913,21.626741
5.66998,10,0.0,3,6,6,1,0,0,1.0708153333333337,1.4107251999999977,0.235776,0.0,2.4811666666666476,12.930564000000041,3.54913,53.6227,10.74169333333335,9.632976000000017,-7.3836,-16.4165,0.6157500000000008,0.5739500000000007,0.976,1.0,244,5,2.58904,2.2637522
5.95017,12,0.1825,3,14,7,2,0,0,1.8043420000000001,1.2849791999999975,1.9648,1.01187,3.8911499999999815,13.320296000000042,2.58904,1.30533,1.4121833333333498,4.3517500000000195,5.66998,33.9387,0.38616666666666744,0.6059500000000008,0.0,0.87125,244,5,5.53528,2.488797
-20.7774,0,1.0,2,295,0,3,0,1,1.72575,1.2849791999999975,3.21245,0.235776,13.43213999999998,9.03017600000004,5.53528,3.54913,-3.0524166666666503,3.4795700000000194,5.95017,-7.3836,0.39416666666666744,0.6059500000000008,0.1825,0.976,244,5,32.1721,26.325558
-0.239574,6,0.7975,3,8,4,4,0,0,1.6013133333333336,1.4009031999999977,0.0,1.9648,14.081183333333314,9.67634400000004,32.1721,2.58904,-5.0222679999999835,-3.35608479999998,-20.7774,5.66998,0.6600000000000007,0.5912000000000008,1.0,0.0,244,5,4.53617,5.637599
-3.51549,2,0.967,7,0,2,5,0,0,0.6385606666666667,1.4185863999999975,1.59149,3.21245,15.662789999999982,11.02253800000004,4.53617,5.53528,-8.177487999999983,-2.5824627999999796,-0.239574,5.95017,0.9215000000000008,0.5894000000000008,0.7975,0.1825,244,5,10.2801,12.483288
-10.8951,0,0.945,4,408,0,1,0,0,0.674582,1.0472391999999977,0.324192,0.0,19.764356666666647,19.40009000000004,10.2801,32.1721,-4.883387999999982,-5.89547879999998,-3.51549,-20.7774,0.9031666666666673,0.7784000000000008,0.967,1.0,245,5,44.4768,42.878433
-8.50019,0,0.96,7,204,0,2,0,0,0.19648,0.43618599999999763,0.108064,1.59149,19.609473333333316,19.107338000000038,44.4768,4.53617,-7.636926666666649,-8.785550799999978,-10.8951,-0.239574,0.957333333333334,0.9339000000000007,0.945,0.7975,245,5,4.07152,19.47077
-10.5674,0,0.895,4,169,0,3,0,1,0.29472000000000004,0.5599683999999976,0.157184,0.324192,20.393939999999983,15.19961800000004,4.07152,10.2801,-9.987563333333314,-6.74355079999998,-8.50019,-3.51549,0.933333333333334,0.9129000000000008,0.96,0.967,245,5,12.6335,24.246643
-15.1703,26,1.0,2,0,0,4,0,0,0.2586986666666667,0.24167039999999762,0.618912,0.108064,15.902073333333318,20.492624000000042,12.6335,44.4768,-11.412629999999984,-9.72969599999998,-10.5674,-10.8951,0.9516666666666674,0.9534000000000008,0.895,0.945,245,5,31.0012,21.092657
-23.2219,0,0.955,4,598,0,5,0,0,0.353664,0.2652479999999976,0.0,0.157184,24.43486666666665,24.37058400000004,31.0012,4.07152,-16.319866666666652,-13.67097799999998,-15.1703,-8.50019,0.9500000000000007,0.9510000000000008,1.0,0.96,245,5,29.6699,30.084534
-22.7944,0,1.0,8,273,0,1,0,0,0.14736,0.24363519999999758,0.44208,0.618912,50.344399999999986,33.547644000000034,29.6699,12.6335,-20.395533333333315,-16.050837999999978,-23.2219,-10.5674,0.9850000000000008,0.9620000000000009,0.955,0.895,246,5,90.3621,65.82929
5.29974,12,0.0025,3,1,7,2,0,0,1.4539533333333334,0.9961543999999976,0.0,0.0,41.05817666666665,33.36184600000004,90.3621,31.0012,-13.572186666666651,-13.290851999999978,-22.7944,-15.1703,0.6525000000000007,0.7705000000000009,1.0,1.0,246,5,3.14253,0.23902625
-16.4165,0,1.0,3,350,0,3,0,1,1.3065933333333333,0.8723719999999975,3.91978,0.44208,49.04244333333332,41.55968600000004,3.14253,29.6699,-11.303719999999982,-14.46067199999998,5.29974,-23.2219,0.6675000000000008,0.7915000000000008,0.0025,0.955,246,5,53.6227,54.548615
-13.4507,0,0.9325,4,309,0,4,0,0,1.4834253333333332,0.9784711999999975,0.0,0.0,31.670609999999982,43.00876600000004,53.6227,90.3621,-8.189153333333316,-14.11675199999998,-16.4165,-22.7944,0.6450000000000007,0.7780000000000008,1.0,1.0,246,5,38.2466,36.83898
-6.74344,0,0.873,3,274,0,5,0,0,0.5927153333333334,1.1395851999999977,0.530496,3.91978,31.82696333333332,37.79710400000004,38.2466,3.14253,-12.203546666666648,-10.821059999999978,-13.4507,5.29974,0.9351666666666674,0.7616000000000007,0.9325,0.0025,246,5,3.61159,8.141139
-14.7145,0,0.965,9,220,0,1,0,0,0.615638,1.1533387999999978,1.24765,0.0,27.784263333333314,28.02360400000004,3.61159,53.6227,-11.636213333333316,-9.205079999999978,-6.74344,-16.4165,0.9235000000000007,0.7546000000000008,0.873,1.0,247,5,41.4946,55.960102
-1.52924,4,0.685,6,17,3,2,0,0,0.8514126666666666,0.6169467999999976,0.068768,0.530496,15.619563333333312,27.74559800000004,41.4946,38.2466,-7.662393333333316,-10.570875999999979,-14.7145,-13.4507,0.8410000000000007,0.8911000000000009,0.965,0.9325,247,5,1.7525,5.474653
-26.2775,0,1.0,3,221,0,3,0,1,0.43552933333333327,0.6169467999999976,1.23782,1.24765,25.13973333333331,23.45547800000004,1.7525,3.61159,-14.17374666666665,-12.54307599999998,-1.52924,-6.74344,0.8833333333333341,0.8911000000000009,0.685,0.873,247,5,32.1721,37.199917
6.15959,12,0.4125,3,25,7,4,0,0,1.9517,1.4343035999999976,0.0,0.068768,11.751883333333312,16.07236800000004,32.1721,41.4946,-7.215716666666649,-8.62101799999998,-26.2775,-14.7145,0.6991666666666675,0.7871000000000008,1.0,0.965,247,5,1.33105,1.5849065
28.1742,28,0.928,8,12,15,5,0,0,1.7748693333333332,1.3262391999999974,4.61728,1.23782,14.586583333333314,17.401370000000036,1.33105,1.7525,2.685430000000018,-1.6374899999999797,6.15959,-1.52924,0.7801666666666675,0.7981000000000009,0.4125,0.685,247,5,10.2566,7.7395077
37.1829,28,0.5,2,9,15,1,0,0,2.1023359999999998,1.5089655999999974,0.707328,0.0,5.082359999999981,9.83433600000004,10.2566,32.1721,23.83889666666668,8.741990000000019,28.1742,-26.2775,0.6135000000000007,0.705100000000001,0.928,1.0,248,5,3.65943,5.85901
2.79137,8,0.4875,2,9,5,2,0,0,1.2345493333333335,1.6641855999999975,0.9824,4.61728,5.115149999999981,9.769720000000039,3.65943,1.33105,22.71615666666668,9.60611200000002,37.1829,6.15959,0.6385000000000007,0.6656000000000009,0.5,0.4125,248,5,1.42942,2.7116523
-0.239574,6,0.78875,4,5,4,4,0,0,1.5521933333333333,1.9962375999999977,2.01392,0.707328,3.1715599999999813,4.22046600000004,1.42942,10.2566,13.244898666666685,14.813697200000018,2.79137,28.1742,0.5920833333333341,0.6233500000000008,0.4875,0.928,248,5,4.42583,5.3098526
-23.2219,0,1.0,4,440,0,5,0,0,1.2247266666666667,1.0727815999999977,1.66026,0.9824,11.841716666666647,9.88823600000004,4.42583,3.65943,-6.890034666666648,8.93739920000002,-0.239574,37.1829,0.7587500000000008,0.7408500000000008,0.78875,0.5,248,5,29.6699,27.098028
0.773535,6,0.07,1,8,4,1,0,0,1.1625066666666666,1.2967679999999975,0.0,2.01392,11.855146666666647,8.13085800000004,29.6699,1.42942,-7.562646333333316,3.45726620000002,-23.2219,2.79137,0.6195833333333342,0.5692500000000008,1.0,0.4875,249,5,1.46971,1.6609035
-20.151,26,1.0,2,4,0,2,0,0,0.6090866666666667,1.1002879999999977,1.82726,1.66026,37.149636666666645,23.46083200000004,1.46971,4.42583,-14.199788333333316,-8.00951379999998,0.773535,-0.239574,0.6900000000000008,0.6692500000000008,0.07,0.78875,249,5,80.3093,54.39493
-15.1703,26,1.0,2,0,0,4,0,0,0.6090866666666667,0.6975039999999975,0.0,0.0,37.59340333333331,29.375188000000044,80.3093,29.6699,-11.515921666666648,-11.601847799999979,-20.151,-23.2219,0.6900000000000008,0.7717500000000008,1.0,1.0,249,5,31.0012,32.883823
-1.59511,4,0.872,3,206,3,5,0,0,0.4191566666666667,0.6169459999999976,0.0,1.82726,38.30207333333331,29.20916600000004,31.0012,1.46971,-12.30546999999998,-11.87295499999998,-15.1703,0.773535,0.9573333333333341,0.7884000000000009,1.0,0.07,249,5,3.59572,10.381809
0.165408,6,0.0,3,7,4,1,0,0,1.11011,1.0315179999999975,1.25747,0.0,11.95827999999998,23.53077000000004,3.59572,80.3093,-5.533333999999981,-7.195493399999978,-1.59511,-20.151,0.6240000000000009,0.5884000000000009,0.872,1.0,250,5,1.27792,4.9513893
-13.7551,0,0.7775,2,71,0,2,0,0,1.4015553333333333,0.8409331999999974,2.07286,0.0,16.38851333333331,32.095208000000035,1.27792,31.0012,-5.061600666666648,-10.10122039999998,0.165408,-15.1703,0.5498333333333342,0.7299000000000009,0.0,1.0,250,5,44.2919,32.30059
-13.4507,0,0.98875,7,376,0,4,0,0,1.0118706666666666,0.8586163999999975,0.874336,1.25747,27.97853999999998,23.70650800000004,44.2919,3.59572,-9.013463999999981,-8.761160399999978,-13.7551,-1.59511,0.5887500000000009,0.7276500000000008,0.7775,0.872,250,5,38.3658,39.187576
-1.84699,4,0.77,8,22,3,5,0,0,1.0740906666666667,1.3105203999999975,0.088416,2.07286,30.88436999999998,19.50535000000004,38.3658,1.27792,-9.684263333333314,-6.0964983999999784,-13.4507,0.165408,0.8454166666666675,0.6816500000000009,0.98875,0.0,250,5,9.99541,6.627153
-4.77674,0,0.375,3,14,0,1,0,0,1.1919786666666667,1.3046263999999974,2.25952,0.874336,16.64495999999998,19.10094000000004,9.99541,44.2919,-6.691476666666648,-6.732824399999979,-1.84699,-13.7551,0.7112500000000009,0.5822500000000008,0.77,0.7775,251,5,1.57367,8.889626
-19.3454,0,0.785,3,208,0,2,0,0,1.444128,1.0590271999999976,1.228,0.088416,11.708959999999978,23.556916000000037,1.57367,38.3658,-8.656376666666647,-10.63498599999998,-4.77674,-13.4507,0.6433333333333342,0.7392500000000009,0.375,0.98875,251,5,23.5578,21.653381
-0.239574,6,0.7975,2,10,4,4,0,0,1.2214513333333332,1.2024579999999976,0.844864,2.25952,9.832549999999978,15.571772000000042,23.5578,9.99541,-8.120571333333316,-7.931880799999979,-19.3454,-1.84699,0.6525000000000007,0.7432500000000009,0.785,0.77,251,5,4.36618,4.23915
-23.2219,0,1.0,5,333,0,5,0,0,0.8121179999999999,1.1847747999999974,1.59149,1.228,19.197959999999977,13.832592000000039,4.36618,1.57367,-14.268957999999984,-9.886120799999981,-0.239574,-4.77674,0.8608333333333341,0.7455000000000009,0.7975,0.375,251,5,29.6699,33.795937
5.0652,10,0.24,2,2,6,1,0,0,1.0282466666666668,1.0315207999999976,0.0,0.844864,12.76607999999998,12.68594200000004,29.6699,23.5578,-6.1320913333333165,-8.50368279999998,-23.2219,-19.3454,0.6791666666666675,0.6395000000000008,1.0,0.785,252,5,4.26216,3.4971106
-12.9439,0,0.9925,5,292,0,2,0,0,0.507574,0.7918151999999975,1.49325,1.59149,15.985353333333313,15.176008000000039,4.26216,4.36618,-10.366866666666649,-10.13711479999998,5.0652,-0.239574,0.7441666666666675,0.7630000000000008,0.24,0.7975,252,5,14.024,20.008434
-15.1703,26,1.0,2,0,0,4,0,0,0.507574,0.6228423999999975,0.029472,0.0,16.42911999999998,16.66468800000004,14.024,29.6699,-7.682999999999981,-9.30209479999998,-12.9439,-23.2219,0.7441666666666675,0.8060000000000009,0.9925,1.0,252,5,31.0012,31.747278
-1.59511,4,0.899,2,11,3,5,0,0,0.34056533333333333,0.5029891999999976,0.0,1.49325,16.197129999999976,16.50469000000004,31.0012,4.26216,-9.903103333333314,-9.57320199999998,-15.1703,5.0652,0.9638333333333341,0.8263000000000009,1.0,0.24,252,5,3.56619,2.5068355
-17.8659,0,1.0,8,390,0,1,0,0,0.33074133333333333,0.5029891999999976,0.992224,0.029472,22.190229999999975,16.971370000000043,3.56619,14.024,-11.54376999999998,-8.50200199999998,-1.59511,-12.9439,0.966333333333334,0.8263000000000009,0.899,0.9925,253,5,32.0033,48.612755
-8.32325,0,1.0,7,15,0,2,0,0,0.33074133333333333,0.2043391999999975,0.0,0.0,20.77952999999998,21.47275800000004,32.0033,31.0012,-9.261419999999982,-11.179691999999978,-17.8659,-15.1703,0.966333333333334,0.9783000000000008,1.0,1.0,253,5,26.7691,18.662498
-13.4507,0,0.99625,4,171,0,4,0,0,0.009824000000000001,0.2043391999999975,0.0,0.992224,32.443133333333314,26.379358000000042,26.7691,3.56619,-13.213283333333315,-11.28105199999998,-8.32325,-1.59511,0.9987500000000007,0.9790500000000009,1.0,0.899,253,5,38.557,36.102352
-1.84699,4,0.775,8,0,3,5,0,0,0.7466240000000001,0.6464191999999975,0.029472,0.0,24.996529999999982,22.11181600000004,38.557,32.0033,-7.873646666666649,-8.616389999999978,-13.4507,-17.8659,0.9237500000000006,0.9340500000000007,0.99625,1.0,253,5,9.66349,5.326462
-15.9751,0,0.86,4,251,0,1,0,0,0.8383146666666667,0.5029887999999975,2.2104,0.0,45.20692999999998,38.87863800000004,9.66349,26.7691,-10.424263333333315,-11.49238799999998,-1.84699,-8.32325,0.8770833333333341,0.9262500000000008,0.775,1.0,254,5,87.4003,81.46071
-8.82645,0,1.0,2,0,0,2,0,0,0.8284906666666666,0.5029887999999975,0.275072,0.029472,46.10566333333332,40.72861800000004,87.4003,38.557,-8.88284666666665,-9.68449799999998,-15.9751,-13.4507,0.8783333333333342,0.9262500000000008,0.86,0.99625,254,5,41.2532,26.292803
2.26291,8,0.6775,2,26,5,4,0,0,0.9365540000000001,1.0099067999999976,0.0,2.2104,44.29951999999998,36.223810000000036,41.2532,9.66349,-7.512879999999981,-7.56726599999998,-8.82645,-1.84699,0.8458333333333341,0.8617500000000009,1.0,0.775,254,5,4.24506,6.996537
-23.2219,0,1.0,3,333,0,5,0,0,0.8448633333333335,1.0040123999999975,2.53459,0.275072,25.056053333333313,34.44639000000004,4.24506,87.4003,-9.92847999999998,-9.52150599999998,2.26291,-15.9751,0.8925000000000006,0.8625000000000009,0.6775,0.86,254,5,29.6699,47.739716
-8.73577,0,0.715,10,178,0,1,0,0,1.0315193333333335,0.6739259999999976,0.0,0.0,21.173986666666647,38.43509200000004,29.6699,41.2532,-9.898253333333315,-10.89926199999998,-23.2219,-8.82645,0.7975000000000008,0.8505000000000008,1.0,1.0,255,5,29.607,21.183582
-23.9431,0,1.0,5,396,0,2,0,0,0.18665600000000002,0.6189115999999976,0.559968,2.53459,30.192966666666646,27.21543200000004,29.607,4.24506,-18.633589999999984,-12.49286199999998,-8.73577,2.26291,0.9050000000000007,0.8785000000000007,0.715,0.6775,255,5,31.302,28.979134
-7.63304,0,0.815,3,28,0,5,0,0,0.7924693333333334,0.9823995999999976,0.0,0.0,21.462323333333313,19.660386000000038,31.302,29.6699,-13.437303333333313,-12.25417999999998,-23.9431,-23.2219,0.843333333333334,0.8415000000000008,1.0,1.0,255,5,3.47797,5.0882993
-8.42711,0,0.89,5,72,0,1,0,0,0.6778559999999999,0.5187071999999976,1.81744,0.559968,23.35188999999998,25.86651400000004,3.47797,29.607,-13.33441666666665,-14.39218399999998,-7.63304,-8.73577,0.9016666666666674,0.8840000000000009,0.815,0.715,256,5,35.2757,37.539818
4.13339,6,0.1175,2,12,4,2,0,0,1.8338126666666668,1.2122811999999974,0.216128,0.0,14.32049666666665,20.77409800000004,35.2757,31.302,-3.975586666666649,-8.92112599999998,-8.42711,-23.9431,0.6075000000000007,0.7075000000000008,0.89,1.0,256,5,4.20782,1.9666286
-11.5559,0,0.765,8,35,0,5,0,0,1.9975459999999998,1.5620155999999976,3.46787,1.81744,16.285726666666648,16.727430000000037,4.20782,3.47797,-5.283206666666648,-9.48515199999998,4.13339,-7.63304,0.5908333333333341,0.7175000000000008,0.1175,0.815,256,5,9.37366,19.250507
21.6168,28,0.54,2,0,15,1,0,0,2.2267726666666667,1.7427771999999977,2.30864,0.216128,13.068626666666647,15.591910000000041,9.37366,35.2757,4.731430000000018,-0.3731719999999797,-11.5559,-8.42711,0.4741666666666675,0.6255000000000008,0.765,0.89,257,5,25.6244,9.021447
-14.7678,0,0.9975,3,646,0,2,0,0,1.0740906666666665,1.3812539999999975,0.903808,3.46787,13.475136666666648,15.981786000000042,25.6244,4.20782,-1.5689666666666486,-1.8001239999999796,21.6168,4.13339,0.7675000000000008,0.6620000000000008,0.54,0.1175,257,5,5.42735,13.290639
-23.2219,0,1.0,4,406,0,5,0,0,0.304544,1.3380283999999976,0.009824,2.30864,20.24054999999998,14.860626000000039,5.42735,9.37366,-5.457633333333316,-4.75908199999998,-14.7678,-11.5559,0.8458333333333341,0.6840000000000008,0.9975,0.765,257,5,29.6699,43.799496
-6.64775,0,0.775,5,113,0,1,0,0,0.150448,0.7327583999999976,0.0,0.903808,26.426449999999978,22.85548200000004,29.6699,25.6244,-14.879149999999983,-6.915309999999979,-23.2219,21.6168,0.9241666666666674,0.8155000000000008,1.0,0.54,258,5,44.1821,27.054834
-14.6331,0,0.9925,3,187,0,2,0,0,0.15699733333333335,0.27692479999999764,0.44152,0.009824,31.77656666666665,25.27629000000004,44.1821,5.42735,-14.834249999999983,-7.530749999999981,-6.64775,-14.7678,0.9225000000000008,0.8610000000000009,0.775,0.9975,258,5,21.4777,19.581753
-7.63304,0,0.979,3,483,0,5,0,0,0.22576533333333335,0.1374239999999976,0.029472,0.0,23.085303333333314,20.870632000000036,21.4777,29.6699,-9.637963333333317,-13.380717999999979,-14.6331,-23.2219,0.9155000000000008,0.9488000000000009,0.9925,1.0,258,5,3.59611,6.748853
-2.30184,2,0.83,2,11,2,1,0,0,0.18993066666666666,0.2022623999999976,0.206304,0.44152,44.005269999999975,41.17356200000004,3.59611,44.1821,-8.18932666666665,-10.887525999999982,-7.63304,-6.64775,0.9338333333333342,0.9153000000000009,0.979,0.775,259,5,106.942,28.824108
-24.4436,0,0.78,8,614,0,2,0,0,0.46827733333333327,0.3751647999999976,0.334016,0.029472,41.44876999999998,38.001222000000034,106.942,21.4777,-11.459493333333318,-11.13186599999998,-2.30184,-14.6331,0.8630000000000008,0.8713000000000009,0.83,0.9925,259,5,13.8082,22.371971
-0.185078,6,0.707,2,35,4,5,0,0,1.3589859999999998,0.8625467999999976,0.864512,0.206304,43.29710999999998,30.993028000000038,13.8082,3.59611,-8.976839333333317,-9.839331599999978,-24.4436,-7.63304,0.772333333333334,0.8577000000000009,0.78,0.979,259,5,9.14113,2.1824296
-18.1091,0,1.0,3,552,0,1,0,0,1.2476473333333333,0.8566523999999976,2.87843,0.334016,23.426143333333318,36.16330800000004,9.14113,106.942,-14.245925999999983,-10.53453159999998,-0.185078,-2.30184,0.8290000000000006,0.8592000000000007,0.707,0.83,260,5,47.3291,26.439545
-4.85626,0,0.5875,9,14,1,2,0,0,1.4997966666666667,1.1395835999999975,0.0,0.864512,19.852006666666654,36.06124400000003,47.3291,13.8082,-7.716812666666651,-9.97917559999998,-18.1091,-24.4436,0.764833333333334,0.7809000000000008,1.0,0.78,260,5,3.08579,6.643734
-14.0398,0,0.98,4,344,0,5,0,0,0.6058133333333333,1.1120763999999976,1.62096,2.87843,26.737496666666647,20.63236400000004,3.08579,9.14113,-12.335053333333315,-12.326767599999979,-4.85626,-0.185078,0.855833333333334,0.8109000000000008,0.5875,0.707,260,5,29.7976,40.757275
7.87448,12,0.0,1,4,7,1,0,0,1.2607466666666667,1.3321339999999977,0.19648,0.0,11.754769999999986,18.346908000000038,29.7976,47.3291,-3.673859999999983,-5.863151599999979,-14.0398,-18.1091,0.5225000000000007,0.6549000000000008,0.98,1.0,261,5,2.38092,1.7624907
-17.4812,0,1.0,9,345,0,2,0,0,0.7204266666666665,0.7564479999999977,1.9648,1.62096,31.644906666666653,29.06992200000004,2.38092,3.08579,-7.882173333333316,-9.32237599999998,7.87448,-4.85626,0.6600000000000007,0.7135000000000009,0.0,0.5875,261,5,62.7562,52.258648
-7.63304,0,0.976,2,493,0,5,0,0,0.7335253333333335,0.8036031999999975,0.0,0.19648,22.912003333333317,20.323880000000038,62.7562,29.7976,-5.7465866666666505,-7.227163999999979,-17.4812,-14.0398,0.6586666666666674,0.7087000000000009,1.0,0.98,261,5,3.59889,7.980252
-11.2525,0,0.83,3,321,0,1,0,0,0.18993066666666666,0.5462143999999975,0.235776,1.9648,37.05186333333332,28.666822000000035,3.59889,2.38092,-12.12224666666665,-8.50641199999998,-7.63304,7.87448,0.9353333333333341,0.7572000000000009,0.976,0.0,262,5,44.8005,46.5735
11.2664,14,0.0175,2,21,8,2,0,0,1.4768739999999998,1.2790843999999975,0.334016,0.0,17.376056666666653,23.45305800000004,44.8005,62.7562,-2.539713333333316,-3.4451719999999795,-11.2525,-17.4812,0.607833333333334,0.5647000000000009,0.83,1.0,262,5,3.72878,1.484501
0.625686,28,0.774,2,28,4,5,0,0,2.138355333333333,1.3301683999999976,3.86083,0.235776,19.16865333333332,24.77221000000004,3.72878,3.59889,0.21319533333335064,-4.894930799999979,11.2664,-7.63304,0.5405000000000008,0.7195000000000009,0.0175,0.976,262,5,8.97668,2.7148652
-23.6646,0,1.0,7,545,0,1,0,0,2.027016666666667,1.3301683999999976,2.22022,0.334016,34.35585333333332,30.293390000000038,8.97668,44.8005,-3.924171333333316,-6.1316107999999785,0.625686,-11.2525,0.5971666666666674,0.7195000000000009,0.774,0.83,263,5,90.3621,84.30197
5.95017,12,0.29,3,6,7,2,0,0,1.6700799999999998,1.8410171999999974,0.0,3.86083,34.91683333333332,30.65595600000004,90.3621,3.72878,-5.696247999999983,-3.4149687999999783,-23.6646,11.2664,0.6880000000000007,0.5823000000000008,1.0,0.0175,263,5,5.41172,1.5081145
-14.0398,0,0.993,3,376,0,5,0,0,0.9529293333333334,1.7879675999999975,2.79002,2.22022,42.00797333333332,27.745876000000038,5.41172,8.97668,-10.584743333333316,-3.972428799999979,5.95017,0.625686,0.7610000000000007,0.6149000000000008,0.29,0.774,263,5,30.2501,64.36606
-14.7145,0,0.93,9,291,0,1,0,0,0.9987746666666667,1.0433087999999977,0.068768,0.0,25.749239999999986,35.31730000000004,30.2501,90.3621,-7.60137666666665,-9.168608799999978,-14.0398,-23.6646,0.7376666666666675,0.7974000000000008,0.993,1.0,264,5,41.5859,45.00474
-8.50019,0,0.805,8,498,0,2,0,0,0.324192,0.7525191999999976,0.137536,2.79002,25.30951999999999,34.34047600000004,41.5859,5.41172,-12.418163333333316,-10.99378399999998,-14.7145,5.95017,0.9093333333333341,0.8036000000000009,0.93,0.29,264,5,4.09256,14.00222
-7.63304,0,0.983,4,460,0,5,0,0,0.3569386666666667,0.7859207999999975,0.766272,0.068768,16.44326333333332,16.998322000000037,4.09256,30.2501,-10.28257666666665,-7.78747199999998,-8.50019,-14.0398,0.9060000000000007,0.8002000000000009,0.805,0.993,264,5,3.65133,22.178087
7.55034,12,0.03,1,8,7,1,0,0,0.94638,0.6090887999999977,0.167008,0.137536,3.790663333333319,16.641598000000037,3.65133,41.5859,-2.8609633333333164,-7.467437999999978,-7.63304,-14.7145,0.6060000000000006,0.7482000000000009,0.983,0.93,265,5,3.6281,2.0370708
1.13629,6,0.0675,3,8,4,2,0,0,1.912406,1.3282051999999975,1.90586,0.766272,3.4239899999999857,11.19008600000004,3.6281,4.09256,0.35119666666668325,-4.432219999999979,7.55034,-8.50019,0.3601666666666674,0.5631000000000009,0.03,0.805,265,5,2.99254,2.5077596
-2.01012,4,0.713,4,41,3,5,0,0,2.796566666666667,1.8645959999999977,3.66435,0.167008,5.173506666666652,4.652882000000039,2.99254,3.65133,2.22550333333335,-1.8913439999999795,1.13629,-7.63304,0.2701666666666674,0.5197000000000009,0.0675,0.983,265,5,8.89988,2.2059572
0.773535,6,0.0,4,2,4,1,0,0,2.852233333333333,2.125913599999998,2.81949,1.90586,4.4534833333333195,4.12797600000004,8.89988,3.6281,-0.033431666666650206,-0.03659899999997938,-2.01012,7.55034,0.2601666666666674,0.35870000000000085,0.713,0.03,266,5,1.46803,1.8329741
1.13546,6,0.045,3,22,4,2,0,0,2.8817066666666666,2.8430659999999977,2.07286,3.66435,4.047516666666652,3.752638000000039,1.46803,2.99254,-0.033708333333316874,1.7171010000000204,0.773535,1.13629,0.2526666666666674,0.1711000000000009,0.0,0.0675,266,5,1.77464,2.6351995
-15.2484,0,0.924,4,328,0,5,0,0,2.1907513333333335,2.6112187999999974,3.75277,2.81949,10.961523333333318,8.95539800000004,1.77464,8.89988,-4.446468333333317,-2.8426469999999795,1.13546,-2.01012,0.3230000000000008,0.3499000000000009,0.045,0.713,266,5,29.6419,25.850132
-2.04412,4,0.01,8,11,3,1,0,0,2.1481813333333335,2.2673787999999977,0.746624,2.07286,10.927376666666653,8.63000800000004,29.6419,1.46803,-5.3856866666666505,-3.47872899999998,-15.2484,0.773535,0.3263333333333341,0.3384000000000009,0.924,0.0,267,5,1.36559,3.7663617
2.79137,8,0.0,3,3,5,2,0,0,2.230048,2.503154799999998,1.94515,3.75277,10.792646666666654,7.12412200000004,1.36559,1.77464,-4.83371666666665,-2.5184309999999797,-2.04412,1.13546,0.3113333333333341,0.19580000000000092,0.01,0.045,267,5,1.37045,3.211307
-7.63304,0,0.993,4,215,0,5,0,0,2.004096,2.1023363999999978,3.99837,0.746624,2.142769999999986,7.56897000000004,1.37045,29.6419,-2.295263333333317,-4.19974599999998,2.79137,-15.2484,0.3343333333333341,0.39440000000000086,0.0,0.924,267,5,3.69227,9.146833
0.792169,6,0.0,6,16,4,1,0,0,2.0270193333333335,1.7545663999999976,0.068768,1.94515,2.254439999999986,7.554162000000039,3.69227,1.36559,-1.3498336666666502,-4.2684041999999796,-7.63304,-2.04412,0.33100000000000074,0.3854000000000009,0.993,0.01,268,5,1.7006,2.3652375
-20.151,26,1.0,2,0,0,2,0,0,0.6942293333333333,1.6052415999999976,2.01392,3.99837,28.567389999999985,17.68764200000004,1.7006,1.37045,-8.997290333333316,-5.248924199999979,0.792169,2.79137,0.664333333333334,0.4006000000000009,0.0,0.0,268,5,80.3093,51.756012
-2.01012,4,0.714,8,0,3,5,0,0,1.6078599999999998,1.7781435999999977,0.0,0.068768,30.197363333333318,19.130962000000036,80.3093,3.69227,-7.1229836666666495,-5.24212419999998,-20.151,-7.63304,0.571333333333334,0.5414000000000009,1.0,0.993,268,5,8.58219,4.2136927
5.0652,10,0.0,4,0,6,1,0,0,1.59476,1.3733935999999978,2.80966,2.01392,30.912039999999987,19.62579800000004,8.58219,1.7006,-5.698639999999983,-4.7873581999999795,-2.01012,0.792169,0.571333333333334,0.5414000000000009,0.714,0.0,269,5,3.84463,8.083023
-13.7551,0,0.9925,5,112,0,2,0,0,1.604584,1.3655343999999976,1.97462,0.0,19.91477333333332,28.35084400000004,3.84463,80.3093,-3.5666733333333167,-6.0117701999999795,5.0652,-20.151,0.5688333333333341,0.5413000000000009,0.0,1.0,269,5,47.3175,48.25849
-15.2484,0,0.997,4,220,0,5,0,0,0.6778546666666666,0.9686447999999978,0.029472,2.80966,27.073276666666654,34.022264000000035,47.3175,8.58219,-7.979433333333316,-9.219883999999979,-13.7551,-2.01012,0.6631666666666675,0.7407000000000009,0.9925,0.714,269,5,30.0577,38.934895
-17.8659,0,1.0,4,396,0,1,0,0,0.019647999999999853,0.9686447999999978,0.029472,1.97462,36.459499999999984,24.361064000000038,30.0577,3.84463,-15.62313333333332,-8.76286399999998,-15.2484,5.0652,0.9965000000000007,0.7407000000000009,0.997,0.0,270,5,32.0033,39.50276
-5.0936,0,0.81,4,58,1,2,0,0,0.2586986666666665,0.5560375999999977,0.0,0.029472,28.456133333333323,27.30610600000004,32.0033,47.3175,-12.73596666666665,-9.37955999999998,-17.8659,-13.7551,0.9356666666666674,0.7599000000000009,1.0,0.9925,270,5,23.3074,14.31365
-7.63304,0,0.989,3,432,0,5,0,0,0.2848959999999998,0.18272639999999768,0.746624,0.029472,19.72074333333332,27.30748600000004,23.3074,30.0577,-10.197513333333317,-11.91920799999998,-5.0936,-15.2484,0.9330000000000007,0.9577000000000009,0.81,0.997,270,5,3.85153,-0.75597864
-15.9751,0,0.985,4,228,0,1,0,0,0.2947199999999998,0.18272639999999768,0.108064,0.0,38.746709999999986,35.66022600000004,3.85153,32.0033,-9.567246666666652,-12.36320799999998,-7.63304,-17.8659,0.9280000000000008,0.9562000000000008,0.989,1.0,271,5,89.0812,76.24804
-12.9439,0,0.995,3,319,0,2,0,0,0.05239466666666651,0.1807615999999977,0.029472,0.746624,35.84807666666665,32.57098600000003,89.0812,23.3074,-12.184013333333318,-11.90230799999998,-15.9751,-5.0936,0.9896666666666674,0.9558000000000009,0.985,0.81,271,5,14.6115,13.224293
-2.01012,4,0.724,8,5,3,5,0,0,0.9201799999999998,0.7230455999999977,0.019648,0.108064,37.33240666666665,27.831230000000033,14.6115,3.85153,-10.309706666666651,-8.731151999999978,-12.9439,-7.63304,0.9013333333333341,0.900600000000001,0.995,0.989,271,5,8.30452,5.981083
-8.73577,0,0.93,2,144,0,1,0,0,0.956201333333333,0.6012279999999977,2.71142,0.029472,17.537139999999983,29.108830000000033,8.30452,89.0812,-7.8965966666666505,-9.459585999999979,-2.01012,-15.9751,0.8830000000000008,0.924600000000001,0.724,0.985,272,5,29.6954,31.223116
-8.32325,0,0.995,8,90,0,2,0,0,0.9562013333333331,0.5835447999999976,0.137536,0.019648,28.183339999999987,37.64854400000004,29.6954,14.6115,-6.356379999999985,-9.597627999999979,-8.73577,-12.9439,0.8830000000000008,0.925800000000001,0.93,0.995,272,5,46.5501,40.63691
-27.266,0,0.912,4,414,0,5,0,0,0.34056533333333316,0.7505527999999976,0.019648,2.71142,35.221366666666654,25.71602400000004,46.5501,8.30452,-14.77500666666665,-11.855807999999978,-8.32325,-2.01012,0.9456666666666674,0.9112000000000009,0.995,0.724,272,5,29.4186,37.84592
-14.2104,0,0.835,7,151,0,1,0,0,0.4027839999999998,0.8114615999999975,0.864512,0.137536,37.31893333333332,29.991344000000037,29.4186,29.6954,-16.599883333333317,-12.10910799999998,-27.266,-8.73577,0.9140000000000007,0.8792000000000009,0.912,0.93,273,5,35.9881,54.17129
-8.82645,0,0.985,4,264,0,2,0,0,0.41588266666666657,0.28096639999999756,0.324192,0.019648,43.34219999999999,41.25442000000004,35.9881,46.5501,-16.76761666666665,-13.472373999999979,-14.2104,-8.32325,0.9106666666666673,0.9314000000000009,0.835,0.995,273,5,64.6199,38.29642
-1.11368,4,0.886,3,411,3,5,0,0,0.5010253333333332,0.47744719999999763,0.058944,0.864512,34.83622333333332,36.09547400000004,64.6199,29.4186,-8.050176666666651,-11.947955999999978,-8.82645,-27.266,0.9020000000000007,0.922600000000001,0.985,0.912,273,5,3.90067,9.189039
-10.9861,0,0.875,4,586,0,1,0,0,0.4748279999999998,0.5226375999999975,1.11994,0.324192,31.548423333333318,32.01039400000003,3.90067,35.9881,-6.975409999999985,-12.48052599999998,-1.11368,-14.2104,0.9153333333333341,0.898600000000001,0.886,0.835,274,5,26.1247,51.7756
31.8814,28,0.36,2,6,15,2,0,0,1.2934933333333332,0.8527231999999977,0.2456,0.058944,11.32750333333332,26.91810200000004,26.1247,64.6199,6.593873333333349,-0.6510459999999789,-10.9861,-8.82645,0.7070000000000007,0.7882000000000009,0.875,0.985,274,5,3.95714,1.478499
-2.01012,4,0.711,8,0,3,5,0,0,1.8665599999999998,1.3557127999999976,2.51494,1.11994,12.70311999999999,21.325986000000036,3.95714,3.90067,6.2950600000000145,1.7890100000000202,31.8814,-1.11368,0.6486666666666674,0.7634000000000009,0.36,0.886,274,5,8.02752,4.1813707
-6.64775,0,0.715,4,42,0,1,0,0,1.9713493333333332,1.4559175999999976,2.83914,0.2456,17.32535333333332,16.400286000000037,8.02752,26.1247,7.741176666666682,2.2247500000000207,-2.01012,-10.9861,0.595333333333334,0.7094000000000008,0.711,0.875,275,5,39.9914,19.873358
-14.7678,0,0.9975,3,520,0,2,0,0,1.1363106666666665,1.2338943999999974,0.559968,2.51494,17.91981666666665,16.76825800000004,39.9914,3.95714,-7.80855666666665,-0.5060739999999797,-6.64775,31.8814,0.8078333333333342,0.7317000000000008,0.715,0.36,275,5,5.74053,17.346436
-27.266,0,1.0,3,670,0,5,0,0,0.18993066666666655,1.1847743999999976,0.009824,2.83914,25.050176666666655,17.427038000000035,5.74053,8.02752,-16.227183333333315,-3.762053999999979,-14.7678,-2.01012,0.9041666666666673,0.7567000000000009,0.9975,0.711,275,5,29.4186,44.580532
-10.8427,0,0.705,8,151,0,1,0,0,0.19647999999999985,0.7977095999999977,0.0,0.559968,40.106976666666654,33.66797000000004,29.4186,39.9914,-17.625499999999985,-12.30687399999998,-27.266,-6.64775,0.9008333333333342,0.8257000000000009,1.0,0.715,276,5,85.1618,33.647045
-14.6331,0,0.99,3,254,0,2,0,0,0.20630399999999982,0.2377407999999976,0.579616,0.009824,45.836433333333325,36.648246000000036,85.1618,5.74053,-17.580599999999986,-14.831469999999978,-10.8427,-14.7678,0.898333333333334,0.8815000000000008,0.705,0.9975,276,5,22.9289,16.521173
-4.44337,2,0.821,3,41,2,5,0,0,0.7924706666666665,0.47744719999999763,0.039296,0.0,37.32720666666665,29.428150000000034,22.9289,29.4186,-9.97305666666665,-14.390593999999979,-14.6331,-27.266,0.8386666666666674,0.9027000000000008,0.99,1.0,276,5,3.89092,5.7480125
-15.7728,0,0.85,9,234,0,1,0,0,0.6975053333333331,0.5344263999999976,1.7585,0.579616,24.817506666666656,37.80658400000003,3.89092,85.1618,-11.616423333333316,-14.591593999999981,-4.44337,-10.8427,0.8870000000000008,0.8732000000000009,0.821,0.705,277,5,47.6327,46.533806
-20.9328,0,1.0,4,379,0,2,0,0,0.6844066666666665,0.5344263999999976,0.29472,0.039296,21.777273333333323,34.68450400000003,47.6327,22.9289,-13.716323333333316,-13.32495399999998,-15.7728,-14.6331,0.8903333333333342,0.8732000000000009,0.85,0.99,277,5,13.8082,21.537752
-2.01012,4,0.713,8,0,3,5,0,0,1.0380699999999998,0.9824011999999976,0.0,1.7585,23.071849999999984,19.207074000000034,13.8082,3.89092,-12.905239999999983,-11.55843799999998,-20.9328,-4.44337,0.8543333333333342,0.8748000000000008,1.0,0.821,277,5,7.77465,6.1660028
33.7023,28,0.005,2,8,15,1,0,0,1.5914899999999996,1.3655379999999977,2.81949,0.29472,7.954806666666652,15.077608000000035,7.77465,47.6327,3.586460000000018,-1.8913579999999783,-2.01012,-15.7728,0.5726666666666674,0.6778000000000008,0.713,0.85,278,5,2.28157,1.6297691
-4.85626,0,0.7875,3,2,1,2,0,0,1.8698366666666664,1.1808459999999976,1.95498,0.0,4.370659999999986,14.910576000000034,2.28157,13.8082,8.945306666666685,-1.9739359999999784,33.7023,-20.9328,0.5018333333333341,0.6711000000000008,0.005,1.0,278,5,3.05576,6.1811047
8.93351,16,0.844,4,403,9,5,0,0,1.440853333333333,1.4284099999999977,0.83504,2.81949,11.099843333333318,10.976476000000034,3.05576,7.77465,12.593183333333352,2.9673260000000212,-4.85626,-2.01012,0.5455000000000008,0.6699000000000008,0.7875,0.713,278,5,27.9622,14.334709
-11.2525,0,0.94,4,437,0,1,0,0,0.8284893333333332,1.4519875999999976,1.53254,1.95498,25.058853333333317,17.04655600000003,27.9622,2.28157,-2.3917499999999823,4.903386000000022,8.93351,33.7023,0.8571666666666674,0.6579000000000008,0.844,0.005,279,5,44.1586,39.519447
-11.1583,0,0.8875,5,381,0,2,0,0,0.6975026666666665,0.9765055999999974,0.117888,0.83504,43.582799999999985,27.217146000000035,44.1586,3.05576,-4.492429999999982,3.0737500000000213,-11.2525,-4.85626,0.8905000000000007,0.6928000000000009,0.94,0.7875,279,5,58.6276,58.22486
-4.44337,2,0.947,3,12,2,5,0,0,0.3602133333333332,0.6896439999999976,0.44208,1.53254,35.550633333333316,27.533972000000034,58.6276,27.9622,-8.951389999999982,-4.55538399999998,-11.1583,8.93351,0.9248333333333342,0.8812000000000009,0.8875,0.844,279,5,3.8657,8.208065
-23.6646,0,1.0,8,283,0,1,0,0,0.3209173333333332,0.5226359999999977,0.520672,0.117888,50.951799999999984,44.99524000000004,3.8657,44.1586,-13.088756666666649,-8.317051999999979,-4.44337,-11.2525,0.9448333333333342,0.9237000000000009,0.947,0.94,280,5,90.3621,106.17501
5.05023,10,0.0725,5,18,6,2,0,0,1.3884573333333332,0.9450679999999976,0.0,0.44208,32.79479999999998,40.23412000000003,90.3621,58.6276,-7.685913333333317,-9.09370799999998,-23.6646,-11.1583,0.6731666666666674,0.7694000000000007,1.0,0.8875,280,5,4.1566,1.8404429
-2.87761,2,0.724,4,6,2,5,0,0,2.1187066666666663,1.4637743999999977,3.6447,0.520672,34.02604999999998,32.91429000000004,4.1566,3.8657,-7.163993333333316,-7.41872999999998,5.05023,-4.44337,0.5988333333333341,0.726200000000001,0.0725,0.947,280,5,7.55945,0.7585347
13.9561,20,0.94,3,262,11,1,0,0,2.158002666666666,1.3989359999999977,2.71142,0.0,17.424183333333314,29.300070000000034,7.55945,90.3621,5.376240000000017,-2.395849999999979,-2.87761,-23.6646,0.5788333333333341,0.7367000000000009,0.724,1.0,281,5,40.5565,35.883766
-5.17647,28,0.86,2,3,1,2,0,0,1.1264839999999998,1.4048303999999976,0.117888,3.6447,17.811793333333316,29.59081600000003,40.5565,4.1566,1.9673400000000167,-2.5424699999999794,13.9561,5.05023,0.841333333333334,0.7193000000000008,0.94,0.0725,281,5,5.31943,9.495637
-24.3355,0,0.962,4,588,0,5,0,0,0.3471146666666665,1.4794927999999976,0.550144,2.71142,24.370743333333312,16.965656000000035,5.31943,7.55945,-5.185289999999983,-2.6766499999999795,-5.17647,-2.87761,0.9206666666666674,0.7117000000000009,0.86,0.724,281,5,27.2363,45.316216
8.38901,12,0.02,1,4,7,1,0,0,0.9496519999999998,1.1356527999999977,0.373312,0.117888,12.02570999999998,16.838616000000037,27.2363,40.5565,-7.04098666666665,-2.0088939999999793,-24.3355,13.9561,0.6140000000000008,0.7012000000000009,0.962,0.94,282,5,3.5214,0.9229344
-2.47293,2,0.56,2,196,2,2,0,0,1.3426106666666666,0.9391727999999976,1.9255,0.550144,11.715289999999982,16.204360000000037,3.5214,5.31943,-6.13980666666665,-1.9279579999999794,8.38901,-5.17647,0.5140000000000008,0.6684000000000009,0.02,0.86,282,5,4.38817,7.13121
-4.44337,2,0.947,2,5,2,5,0,0,1.3917306666666667,1.0197295999999976,1.72902,0.373312,3.927069999999981,8.867388000000034,4.38817,27.2363,0.4909033333333503,-5.60785199999998,-2.47293,-24.3355,0.5090000000000008,0.669800000000001,0.56,0.962,282,5,3.87164,4.0028863
4.19042,10,0.02,1,25,6,1,0,0,1.3917306666666667,1.2948007999999978,0.520672,1.9255,3.272309999999981,8.114926000000036,3.87164,3.5214,-0.9086266666666502,-3.7344739999999788,-4.44337,8.38901,0.5090000000000008,0.5018000000000009,0.947,0.02,283,5,1.55712,2.4710517
31.5145,28,0.1475,2,16,15,2,0,0,1.9320506666666664,1.8901343999999978,1.9255,1.72902,2.769006666666648,3.243318000000034,1.55712,4.38817,10.420516666666684,7.435526000000022,4.19042,-2.47293,0.3715000000000008,0.3389000000000009,0.02,0.56,283,5,2.87826,1.6581764
-2.87761,2,0.839,8,0,2,5,0,0,2.2857133333333333,1.8213663999999976,3.34998,0.520672,3.9567633333333148,4.026020000000034,2.87826,3.87164,10.942436666666685,5.182202000000021,31.5145,-4.44337,0.33550000000000074,0.5027000000000009,0.1475,0.947,283,5,7.43491,3.1705525
-2.04412,4,0.005,9,2,3,1,0,0,2.29554,1.8665583999999975,1.58166,1.9255,3.8976766666666482,3.4243580000000344,7.43491,1.55712,8.864256666666684,5.2679640000000205,-2.87761,4.19042,0.33050000000000074,0.3917000000000009,0.839,0.02,284,5,1.37986,2.4533155
1.13546,6,0.3525,5,3,4,2,0,0,2.02702,2.2713079999999977,1.95498,3.34998,3.5226199999999808,3.0006480000000346,1.37986,2.87826,-1.2620899999999822,6.383730000000021,-2.04412,31.5145,0.3988333333333341,0.2728000000000009,0.005,0.1475,284,5,1.75309,2.6713905
-24.3355,0,1.0,4,572,0,5,0,0,1.4997999999999998,1.8862079999999977,2.54442,1.58166,10.123083333333314,8.136484000000035,1.75309,7.43491,-8.414719999999983,0.6785460000000206,1.13546,-2.87761,0.4525000000000008,0.46880000000000094,0.3525,0.839,284,5,27.2363,21.475428
0.792169,6,0.0,2,2,4,1,0,0,1.503073333333333,1.6091719999999978,0.0,1.95498,10.201719999999982,7.883986000000033,27.2363,1.37986,-7.469290333333316,-5.465920199999979,-24.3355,-2.04412,0.45083333333333414,0.43930000000000097,1.0,0.005,285,5,1.61577,2.1130078
2.79137,8,0.0,7,0,5,2,0,0,1.9811733333333332,2.0885839999999978,1.9648,2.54442,10.045183333333314,6.653700000000034,1.61577,1.75309,-6.917320333333315,-4.332124199999979,0.792169,1.13546,0.33333333333333415,0.2715000000000009,0.0,0.3525,285,5,1.28348,2.9706595
-4.44337,2,0.947,2,14,2,5,0,0,2.1547306666666666,1.8017223999999974,3.97872,0.0,2.250916666666648,7.148428000000034,1.28348,27.2363,-0.2866103333333155,-4.8119741999999786,2.79137,-24.3355,0.3156666666666675,0.4599000000000009,0.0,1.0,285,5,3.8535,3.105856
-2.24009,4,0.21,3,126,3,1,0,0,2.0171939999999995,1.6032763999999975,0.520672,1.9648,2.971516666666647,7.553324000000035,3.8535,1.61577,-1.2973633333333154,-5.487084199999979,-4.44337,0.792169,0.3856666666666675,0.4314000000000009,0.947,0.0,286,5,3.77757,4.9123588
-16.1303,26,1.0,2,3,0,2,0,0,0.6909539999999996,1.6032763999999975,1.55219,3.97872,29.313456666666642,18.167924000000035,3.77757,1.28348,-7.604586666666648,-3.846044199999979,-2.24009,2.79137,0.7190000000000007,0.4314000000000009,0.21,0.0,286,5,80.3093,55.209114
-2.87761,2,0.846,7,0,2,5,0,0,1.0216966666666663,1.5128963999999976,0.0,0.520672,30.470719999999975,19.30982800000003,80.3093,3.8535,-7.082666666666648,-4.579999999999979,-16.1303,-4.44337,0.6853333333333341,0.6006000000000009,1.0,0.947,286,5,7.32529,8.075952
-17.8659,0,1.0,3,527,0,1,0,0,0.5042999999999996,0.7171523999999975,1.5129,1.55219,39.87929666666665,25.453792000000036,7.32529,3.77757,-12.291269999999983,-8.711453999999978,-2.87761,-2.24009,0.9486666666666674,0.8006000000000009,0.846,0.21,287,5,32.0033,71.04534
-13.7551,0,1.0,2,46,0,2,0,0,0.5042999999999996,0.6130179999999974,0.0,0.0,28.882029999999986,34.146592000000034,32.0033,80.3093,-11.49953666666665,-10.573799999999979,-17.8659,-16.1303,0.9486666666666674,0.8112000000000009,1.0,1.0,287,5,47.3175,36.08776
-16.4409,0,0.917,5,373,0,5,0,0,0.27179733333333306,0.4656583999999975,0.0,1.5129,35.46149999999999,38.803818000000035,47.3175,7.32529,-16.02063333333332,-13.41396199999998,-13.7551,-2.87761,0.9723333333333342,0.9526000000000009,1.0,0.846,287,5,27.0637,34.086025
-22.188,0,0.875,2,71,0,1,0,0,0.3536639999999997,0.5147783999999975,0.815392,0.0,54.20699999999999,40.38991800000004,27.0637,32.0033,-17.461333333333314,-14.62550199999998,-16.4409,-17.8659,0.9306666666666675,0.9276000000000009,0.917,1.0,288,5,88.2398,74.424095
-5.0936,0,0.83,5,0,1,2,0,0,0.576341333333333,0.34580479999999747,0.2456,0.0,45.428699999999985,43.12138000000004,88.2398,47.3175,-14.574166666666649,-15.068699999999978,-22.188,-13.7551,0.8740000000000009,0.9244000000000009,0.875,1.0,288,5,20.9826,10.528777
-4.44337,2,0.946,3,13,2,5,0,0,0.48137599999999975,0.45190399999999753,0.668032,0.815392,37.68708333333331,37.48849000000004,20.9826,27.0637,-10.574989999999984,-12.38419399999998,-5.0936,-16.4409,0.8836666666666675,0.9136000000000009,0.83,0.917,288,5,3.83885,8.250597
-13.5614,0,0.99,8,91,0,1,0,0,0.40605866666666635,0.4558335999999975,0.530496,0.2456,19.093683333333313,34.51691000000004,3.83885,88.2398,-7.699456666666651,-12.345453999999979,-4.44337,-22.188,0.9220000000000007,0.9116000000000009,0.946,0.875,289,5,32.4596,41.349453
-12.9439,0,0.9875,3,390,0,2,0,0,0.1997546666666664,0.3025791999999975,0.019648,0.668032,17.094849999999983,32.10139000000004,32.4596,20.9826,-10.316223333333317,-11.64605399999998,-13.5614,-5.0936,0.9745000000000008,0.9257000000000009,0.99,0.83,289,5,14.9861,23.084719
12.0848,18,0.495,1,101,10,1,0,0,0.35366399999999976,0.45190399999999753,0.04912,0.530496,25.93856666666665,20.527430000000034,14.9861,3.83885,-4.806833333333317,-4.791493999999981,-12.9439,-4.44337,0.8241666666666676,0.8497000000000009,0.9875,0.946,290,5,30.37,13.869013
-8.32325,0,0.9825,4,64,0,2,0,0,0.37003733333333305,0.33205119999999744,0.992224,0.019648,30.482766666666645,25.549350000000032,30.37,32.4596,-3.0607833333333168,-5.4374239999999805,12.0848,-13.5614,0.8216666666666675,0.8802000000000009,0.495,0.99,290,5,46.0922,24.381245
-7.1112,0,0.82,2,245,0,1,0,0,0.47155199999999975,0.2966847999999975,0.068768,0.04912,34.24156666666665,30.034080000000035,46.0922,14.9861,-1.1165499999999835,-5.970989999999981,-8.32325,-12.9439,0.7658333333333341,0.855000000000001,0.9825,0.9875,291,5,26.2625,35.209946
-27.5533,0,0.8875,4,211,0,2,0,0,0.2881706666666664,0.3811711999999975,0.353664,0.992224,42.15449999999998,34.363920000000036,26.2625,30.37,-14.329249999999982,-8.76936999999998,-7.1112,12.0848,0.8966666666666674,0.8345000000000009,0.82,0.495,291,5,54.1088,52.416622
-6.64775,0,0.92,2,41,0,1,0,0,0.31764266666666635,0.4027839999999975,0.44208,0.068768,40.66023333333331,39.68858000000004,54.1088,46.0922,-13.770749999999984,-7.510139999999981,-27.5533,-8.32325,0.8758333333333342,0.821000000000001,0.8875,0.9825,292,5,41.6094,33.378185
7.57527,12,0.0825,3,6,7,2,0,0,1.4015579999999996,0.9254211999999974,0.157184,0.353664,33.125686666666645,34.34635200000004,41.6094,26.2625,-8.875259999999983,-8.41204599999998,-6.64775,-7.1112,0.6300000000000008,0.7385000000000008,0.92,0.82,292,5,3.65886,3.3669677
-12.54,0,0.85,4,143,0,1,0,0,1.3524379999999996,0.9706115999999974,3.60541,0.44208,42.04698666666664,41.30245200000003,3.65886,54.1088,-3.87082666666665,-9.25539599999998,7.57527,-27.5533,0.6175000000000008,0.7120000000000009,0.0825,0.8875,293,5,80.8727,66.882256
-14.7678,0,0.9975,3,640,0,2,0,0,1.3033179999999998,0.9018435999999974,0.29472,0.157184,30.10199666666664,37.20483800000004,80.8727,41.6094,-6.577509999999982,-10.78671599999998,-12.54,-6.64775,0.6433333333333341,0.7475000000000009,0.85,0.92,293,5,5.77443,16.02321
-15.7728,0,0.98,2,133,0,1,0,0,0.11461333333333303,0.8212867999999975,0.009824,3.60541,45.19627666666664,36.17141800000003,5.77443,3.65886,-14.360199999999983,-8.430615999999981,-14.7678,7.57527,0.9425000000000008,0.7660000000000009,0.9975,0.0825,294,5,48.9417,77.09244
-15.9324,0,0.7675,4,368,0,2,0,0,0.32091733333333305,0.9725763999999973,0.039296,0.29472,25.885543333333306,32.437638000000035,48.9417,80.8727,-15.490999999999984,-10.28754599999998,-15.7728,-12.54,0.9150000000000008,0.7355000000000009,0.98,0.85,294,5,22.9405,15.982744
-0.229903,4,0.08,4,12,3,1,0,0,0.9201826666666664,0.6130183999999974,0.913632,0.009824,24.69687333333331,32.14755000000003,22.9405,5.77443,-10.645034333333316,-11.84858059999998,-15.9324,-14.7678,0.6091666666666674,0.735000000000001,0.7675,0.9975,295,5,2.20842,5.637706
-31.4941,0,1.0,4,491,0,2,0,0,0.9070839999999998,0.5540743999999974,1.80762,0.039296,12.985706666666644,18.734650000000034,2.20842,48.9417,-15.885467666666651,-15.639400599999979,-0.229903,-15.7728,0.6158333333333341,0.7650000000000009,0.08,0.98,295,5,13.8082,28.235676
-11.2525,0,0.915,5,382,0,1,0,0,0.6582093333333331,0.5855111999999975,0.0,0.913632,20.01567333333331,26.38584400000003,13.8082,22.9405,-14.325500999999983,-14.93634059999998,-31.4941,-15.9324,0.6650000000000008,0.7485000000000008,1.0,0.7675,296,5,44.0304,43.049885
6.11051,12,0.095,1,8,7,2,0,0,1.241099333333333,1.2889099999999973,0.167008,1.80762,20.230526666666645,17.168100000000035,44.0304,2.20842,-12.212029999999984,-10.559678599999978,-11.2525,-0.229903,0.6700000000000008,0.5715000000000009,0.915,0.08,296,5,2.85298,-0.5658814
-23.6646,0,1.0,4,155,0,1,0,0,1.241099333333333,1.1061835999999974,3.55629,0.0,45.74849333333331,30.652420000000035,2.85298,13.8082,-9.60219666666665,-12.106118599999979,6.11051,-31.4941,0.6700000000000008,0.6180000000000009,0.095,1.0,297,5,90.3621,69.870705
-11.1583,0,1.0,4,187,0,2,0,0,1.1854299999999998,0.7446595999999974,0.0,0.167008,50.61422666666664,41.936256000000036,90.3621,44.0304,-9.57079666666665,-14.29179799999998,-23.6646,-11.2525,0.6983333333333341,0.8020000000000008,1.0,0.915,297,5,58.6276,49.60294
-11.0043,20,0.76,3,28,0,1,0,0,0.1571839999999997,0.8389699999999974,0.0,3.55629,63.54976666666664,47.50653600000004,58.6276,2.85298,-15.275733333333315,-10.19383799999998,-11.1583,6.11051,0.9200000000000008,0.7540000000000008,1.0,0.095,298,5,41.6596,31.394169
38.3602,28,0.0,2,6,15,2,0,0,1.5325439999999997,1.6307843999999974,0.471552,0.0,34.75919999999997,39.49853600000004,41.6596,90.3621,5.3992000000000155,-0.2712979999999803,-11.0043,-23.6646,0.5866666666666674,0.5710000000000008,0.76,1.0,298,5,3.9904,2.7097166
2.75404,8,0.015,4,6,5,1,0,0,2.177654,1.3065923999999973,4.12608,0.0,16.360563333333307,39.614278000000034,3.9904,58.6276,10.036646666666682,-0.9425919999999806,38.3602,-11.1583,0.25833333333333414,0.5550000000000008,0.0,1.0,299,5,3.43169,3.3662324
2.1158,6,0.4925,7,6,4,2,0,0,2.6852266666666664,1.7054463999999974,1.93533,0.471552,3.8941433333333095,22.393926000000032,3.43169,41.6596,14.410013333333351,4.213488000000019,2.75404,-11.0043,0.1691666666666675,0.4535000000000009,0.015,0.76,299,5,4.26034,3.7256367
4.19042,10,0.0,2,13,6,1,0,0,1.9647999999999997,2.0984063999999973,1.99427,4.12608,3.0848633333333098,10.980918000000035,4.26034,3.9904,3.020086666666682,7.283232000000021,2.1158,38.3602,0.1691666666666675,0.2535000000000009,0.4925,0.0,300,5,1.56256,2.2313297
-1.67129,28,0.8475,2,24,3,2,0,0,1.5194446666666666,2.1239487999999977,1.9648,1.93533,2.903889999999976,3.226752000000034,1.56256,3.43169,1.544976666666682,9.14983400000002,4.19042,2.75404,0.4466666666666675,0.2710000000000009,0.0,0.015,300,5,2.88877,6.1334047
-2.04412,4,0.005,4,1,3,1,0,0,1.5063479999999998,1.6897287999999975,0.599264,1.99427,1.9482099999999758,2.707332000000034,2.88877,4.26034,0.15833666666668197,1.068970000000019,-1.67129,2.1158,0.2841666666666675,0.27200000000000085,0.8475,0.4925,301,5,1.3933,2.7254007
1.13546,6,0.3275,8,0,4,2,0,0,1.7323013333333328,1.8311947999999973,1.95498,1.9648,2.0017733333333094,2.3656440000000343,1.3933,1.56256,-0.859983333333318,0.7452540000000191,-2.04412,4.19042,0.39333333333333415,0.3345000000000009,0.005,0.0,301,5,1.72325,2.286217
0.792169,6,0.0,1,0,4,1,0,0,2.1874799999999994,1.8253007999999973,2.64266,0.599264,1.554549999999976,1.822996000000034,1.72325,2.88877,-0.038830333333317944,0.48052780000001916,1.13546,-1.67129,0.11083333333333412,0.23600000000000088,0.3275,0.8475,302,5,1.5471,2.9084845
2.79137,8,0.0125,3,0,5,2,0,0,2.829313333333333,2.208436799999997,1.9648,1.95498,1.4995566666666427,1.756148000000034,1.5471,1.3933,1.5729996666666821,0.20071780000001924,0.792169,-2.04412,0.11333333333333412,0.23850000000000088,0.0,0.005,302,5,1.22832,1.3571634
-10.0799,0,0.41,6,126,0,1,0,0,2.3348366666666664,2.3204299999999973,3.88048,2.64266,2.3987966666666423,2.062588000000034,1.22832,1.72325,-2.1654536666666515,-1.4810041999999808,2.79137,1.13546,0.14083333333333412,0.15100000000000088,0.0125,0.3275,303,5,4.42097,3.042961
-16.1303,26,1.0,2,0,0,2,0,0,1.6799033333333329,1.929433999999997,1.15923,1.9648,28.652863333333304,17.845788000000034,4.42097,1.5471,-7.80627666666665,-4.298240199999981,-10.0799,0.792169,0.47416666666666746,0.35000000000000087,0.41,0.0,303,5,80.3093,70.032936
-17.8659,0,1.0,8,358,0,1,0,0,0.3864099999999997,1.4009019999999972,0.0,3.88048,38.911189999999976,23.901798000000035,80.3093,1.22832,-14.692033333333319,-8.09851219999998,-16.1303,2.79137,0.8033333333333341,0.4845000000000009,1.0,0.0125,304,5,32.0033,36.941097
-17.1732,0,0.925,3,130,0,2,0,0,0.0982399999999997,1.0668859999999971,0.0,1.15923,55.184633333333316,34.24063800000003,32.0033,4.42097,-17.05646666666665,-11.691585999999981,-17.8659,-10.0799,0.9750000000000009,0.6695000000000009,1.0,0.41,304,5,53.2413,54.585117
-22.188,0,1.0,2,23,0,1,0,0,0.0982399999999997,0.29078999999999733,0.29472,0.0,57.82813333333331,51.64293400000004,53.2413,80.3093,-19.075699999999983,-16.68745999999998,-17.1732,-16.1303,0.9750000000000009,0.8670000000000009,0.925,1.0,305,5,88.2398,65.08094
-7.56044,0,0.6775,5,95,0,2,0,0,0.520673333333333,0.31240399999999735,0.0,0.0,53.35766666666665,54.477120000000035,88.2398,32.0033,-15.640546666666651,-16.183567999999983,-22.188,-17.8659,0.8675000000000007,0.9205000000000009,1.0,1.0,305,5,18.5919,18.421595
-13.5614,0,0.975,4,144,0,1,0,0,0.4388066666666664,0.32222799999999735,1.2673,0.29472,46.680499999999974,45.05722000000003,18.5919,53.2413,-14.436613333333318,-15.66978799999998,-7.56044,-17.1732,0.8841666666666675,0.9155000000000009,0.6775,0.925,306,5,33.2098,60.005005
-12.9439,0,0.9925,2,349,0,2,0,0,0.44863066666666634,0.3281223999999973,0.04912,0.0,22.305966666666638,41.679800000000036,33.2098,88.2398,-11.35524666666665,-14.68538799999998,-13.5614,-22.188,0.8816666666666674,0.9140000000000009,0.975,1.0,306,5,15.1162,29.952423
-9.80159,0,0.97,3,283,0,1,0,0,0.04584533333333296,0.28096719999999736,0.029472,1.2673,26.10403333333331,37.028760000000034,15.1162,18.5919,-12.102296666666652,-13.21106599999998,-12.9439,-7.56044,0.9791666666666675,0.9230000000000009,0.9925,0.6775,307,5,29.9861,34.81091
-15.2211,0,0.8725,10,234,0,2,0,0,0.19647999999999963,0.3811719999999973,0.058944,0.04912,29.51183333333331,28.067440000000033,29.9861,33.2098,-12.655529999999985,-11.81768599999998,-9.80159,-13.5614,0.9450000000000008,0.8975000000000009,0.97,0.975,307,5,43.4332,32.935017
-7.1112,0,0.955,4,142,0,1,0,0,0.21612799999999965,0.1453951999999973,0.501024,0.029472,34.04546666666665,30.092480000000034,43.4332,15.1162,-10.71129666666665,-11.72783799999998,-15.2211,-12.9439,0.9325000000000009,0.9530000000000008,0.8725,0.9925,308,5,28.7171,27.777285
-7.65761,0,0.915,2,128,0,2,0,0,0.3078186666666663,0.20237439999999726,0.088416,0.058944,42.80666666666664,34.70446000000003,28.7171,29.9861,-9.996636666666651,-10.547079999999982,-7.1112,-9.80159,0.9141666666666675,0.941000000000001,0.955,0.97,308,5,56.2697,34.718765
-6.64775,0,0.825,4,69,0,1,0,0,0.2552373333333329,0.26513599999999726,0.334016,0.501024,41.695099999999975,39.70092000000004,56.2697,43.4332,-7.138853333333317,-9.287849999999981,-7.65761,-15.2211,0.8983333333333342,0.907500000000001,0.915,0.8725,309,5,40.0985,34.42912
11.5866,16,0.0,1,9,9,2,0,0,1.6011253333333328,1.0785631999999974,0.34328,0.088416,33.26470999999997,34.388886000000035,40.0985,28.7171,-0.9062533333333166,-5.01021199999998,-6.64775,-7.1112,0.5800000000000008,0.7135000000000009,0.825,0.955,309,5,3.42593,3.96243
-12.54,0,0.97,4,188,0,1,0,0,1.5094346666666663,0.9901471999999973,4.12608,0.334016,42.22927666666664,42.33492600000004,3.42593,56.2697,-2.5337166666666495,-4.47399199999998,11.5866,-7.65761,0.5983333333333342,0.7330000000000009,0.0,0.915,310,5,83.1634,85.45848
-14.7678,0,0.99,3,583,0,2,0,0,1.408106666666666,0.9803231999999973,0.058944,0.34328,30.835339999999974,37.77484400000003,83.1634,40.0985,-5.240399999999982,-6.00531199999998,-12.54,-6.64775,0.6533333333333341,0.7400000000000009,0.97,0.825,310,5,5.91669,17.51329
-15.7728,0,1.0,3,48,0,1,0,0,0.03274666666666607,0.9135199999999972,0.039296,4.12608,46.007263333333306,36.309244000000035,5.91669,3.42593,-14.360199999999983,-7.628349999999981,-14.7678,11.5866,0.9866666666666676,0.7570000000000008,0.99,0.0,311,5,48.9417,65.5272
-30.349,0,0.775,3,314,0,2,0,0,0.3078186666666661,1.0216959999999973,0.0,0.058944,25.728896666666643,32.755204000000035,48.9417,83.1634,-20.29653333333332,-12.368599999999981,-15.7728,-12.54,0.9216666666666674,0.7470000000000009,1.0,0.97,311,5,22.3283,14.198018
11.4855,18,0.055,2,1,10,1,0,0,0.9136333333333327,0.5678279999999973,0.88416,0.039296,24.483599999999978,32.506178000000034,22.3283,5.91669,-11.545433333333316,-12.388819999999981,-30.349,-14.7678,0.6100000000000009,0.7580000000000009,0.775,0.99,312,5,2.1808,3.0803914
-17.3737,0,0.985,2,326,0,2,0,0,0.9332813333333329,0.5678279999999973,1.85674,0.0,15.598166666666643,20.330578000000035,2.1808,48.9417,-12.079066666666648,-13.35555999999998,11.4855,-15.7728,0.6050000000000009,0.7610000000000008,0.055,1.0,312,5,22.2854,26.79777
-9.30219,0,0.83,3,294,0,1,0,0,0.7498999999999993,0.6267719999999973,0.058944,0.88416,22.340166666666644,27.658100000000037,22.2854,22.3283,-5.063463333333316,-12.26243799999998,-17.3737,-30.349,0.6233333333333342,0.7290000000000009,0.985,0.775,313,5,42.5543,39.19906
-4.36003,0,0.4775,7,3,1,2,0,0,0.8153933333333329,1.0374159999999972,0.334016,1.85674,22.706263333333307,18.52557800000003,42.5543,2.1808,-10.34530666666665,-9.97988399999998,-9.30219,11.4855,0.7641666666666674,0.6245000000000009,0.83,0.055,313,5,3.27909,7.7560444
-19.5169,0,0.94,5,136,0,1,0,0,0.835041333333333,0.8841615999999973,2.05322,0.058944,56.92446333333331,39.04791800000003,3.27909,22.2854,-11.05970666666665,-7.81346399999998,-4.36003,-17.3737,0.7491666666666674,0.6575000000000009,0.4775,0.985,314,5,124.94,106.251114
-21.4159,0,0.8725,4,228,0,2,0,0,0.8907106666666662,0.6130183999999973,0.117888,0.334016,62.06619666666665,50.20765800000003,124.94,42.5543,-15.097609999999984,-14.39374399999998,-19.5169,-9.30219,0.7633333333333342,0.8210000000000008,0.94,0.83,314,5,57.9795,46.47295
-11.0043,0,0.965,3,306,0,1,0,0,0.22922666666666625,0.6149831999999973,0.501024,2.05322,75.43229999999997,54.42605800000003,57.9795,3.27909,-17.312366666666648,-13.119863999999982,-21.4159,-4.36003,0.9258333333333342,0.8170000000000008,0.8725,0.4775,315,5,43.3774,52.265934
36.3159,28,0.0175,2,7,15,2,0,0,1.4768739999999996,1.3203459999999974,0.068768,0.117888,35.07302666666664,46.68763400000003,43.3774,124.94,1.2985666666666849,-3.9962459999999824,-11.0043,-19.5169,0.6183333333333342,0.6545000000000009,0.965,0.94,315,5,3.86218,3.794222
33.93,28,0.015,2,7,15,1,0,0,1.9549759999999996,1.2967679999999973,3.86083,0.501024,16.86251999999998,46.70141200000003,3.86218,57.9795,19.747200000000017,3.661760000000018,36.3159,-21.4159,0.3325000000000008,0.5620000000000009,0.0175,0.8725,316,5,3.34798,1.804668
13.3114,20,0.0025,3,12,11,2,0,0,3.2386466666666665,2.057146399999997,1.93533,0.068768,3.682889999999976,22.481114000000034,3.34798,43.3774,27.852433333333355,10.227420000000018,33.93,-11.0043,0.011666666666667483,0.3745000000000009,0.015,0.965,316,5,3.83851,1.8073177
-0.043999,6,0.15,3,13,4,1,0,0,2.508396666666666,2.2909575999999974,3.91978,3.86083,2.950019999999976,11.217928000000034,3.83851,3.86218,15.73246700000002,14.501800200000016,13.3114,36.3159,0.055833333333334144,0.23000000000000087,0.0025,0.0175,317,5,1.66357,4.039914
2.68665,8,0.515,5,12,5,2,0,0,2.498573333333333,2.6583759999999974,1.67008,1.93533,2.917489999999976,3.192526000000034,1.66357,3.34798,5.31801700000002,17.23999020000002,-0.043999,33.93,0.2225000000000008,0.1400000000000009,0.15,0.015,317,5,3.25039,2.9789329
-2.04412,4,0.01,8,0,3,1,0,0,1.8403633333333331,2.2752399999999975,1.90586,3.91978,2.08571333333331,2.6887260000000337,3.25039,3.83851,0.1995103333333524,9.567986200000018,2.68665,13.3114,0.22500000000000084,0.1385000000000009,0.515,0.0025,318,5,1.34318,3.3272374
1.13546,6,0.4875,2,0,4,2,0,0,1.9549766666666664,2.290957999999997,1.94515,1.67008,2.0974633333333093,2.358894000000034,1.34318,1.66357,0.5926633333333524,3.0090782000000185,-2.04412,-0.043999,0.3375000000000008,0.2330000000000009,0.01,0.15,318,5,1.69882,2.505074
0.792169,6,0.0,1,0,4,1,0,0,1.974623333333333,1.8999619999999975,2.01392,1.90586,1.5085533333333097,1.8879240000000341,1.69882,3.25039,-0.03883033333331439,0.5052320000000186,1.13546,2.68665,0.16583333333333414,0.2325000000000009,0.4875,0.515,319,5,1.48366,2.905324
0.0333706,6,0.38,7,11,4,2,0,0,2.1383566666666662,2.0532159999999973,1.9648,1.94515,1.5052399999999764,1.821858000000034,1.48366,1.34318,0.6536665333333523,0.5207059200000186,0.792169,-2.04412,0.28916666666666746,0.2785000000000009,0.0,0.01,319,5,1.33324,2.7788045
-10.0799,0,0.96,4,355,0,1,0,0,1.4932473333333334,1.6877623999999976,2.43635,2.01392,2.5647833333333097,2.147270000000034,1.33324,1.69882,-3.0847867999999807,-2.032604079999982,0.0333706,1.13546,0.44666666666666743,0.36750000000000094,0.38,0.4875,320,5,4.87745,11.303259
-16.1303,0,1.0,4,41,0,2,0,0,0.8383139999999997,1.2987323999999973,0.078592,1.9648,28.83999666666664,17.940494000000033,4.87745,1.48366,-8.72560979999998,-4.849840079999981,-10.0799,0.792169,0.7800000000000008,0.5655000000000009,0.96,0.0,320,5,80.3093,65.232155
-17.8659,0,1.0,10,331,0,1,0,0,0.026197333333333035,0.8959483999999971,0.0,2.43635,39.06334999999998,24.001390000000033,80.3093,1.33324,-14.692033333333313,-8.650112079999982,-16.1303,0.0333706,0.9866666666666676,0.6680000000000009,1.0,0.38,321,5,32.0033,25.926258
-6.01182,0,0.8875,9,144,0,2,0,0,0.14735999999999969,0.5914043999999973,0.0,0.078592,55.15443333333331,34.334798000000035,32.0033,4.87745,-13.336006666666647,-10.010909879999982,-17.8659,-10.0799,0.9625000000000008,0.8455000000000009,1.0,0.96,321,5,53.1507,36.612495
-18.573,0,0.87,8,385,0,1,0,0,0.232501333333333,0.1552191999999973,0.44208,0.0,61.13979999999998,53.721230000000034,53.1507,80.3093,-14.15023999999998,-13.73218399999998,-6.01182,-16.1303,0.9191666666666675,0.9435000000000009,0.8875,1.0,322,5,98.2654,67.15045
-7.56044,0,0.97,4,162,0,2,0,0,0.27179733333333306,0.16307839999999735,0.255424,0.0,56.80806666666664,56.54736000000004,98.2654,32.0033,-10.715086666666645,-13.228291999999982,-18.573,-17.8659,0.9091666666666675,0.9455000000000009,0.87,1.0,322,5,19.0081,30.871042
-13.5614,0,1.0,7,74,0,1,0,0,0.12443733333333303,0.16307839999999735,0.117888,0.44208,50.161099999999976,47.12746000000003,19.0081,53.1507,-13.231613333333314,-12.714511999999981,-7.56044,-6.01182,0.9466666666666675,0.9455000000000009,0.97,0.8875,323,5,33.2098,67.74716
-12.9439,0,0.995,3,472,0,2,0,0,0.04584533333333304,0.16700799999999733,0.0,0.255424,22.50313333333331,43.785100000000035,33.2098,98.2654,-11.355246666666647,-11.73011199999998,-13.5614,-18.573,0.9883333333333341,0.9445000000000009,1.0,0.87,323,5,15.2915,16.654585
-7.29438,0,1.0,4,41,0,1,0,0,0.006549333333333037,0.07859199999999733,0.019648,0.117888,26.162466666666642,39.15218000000003,15.2915,19.0081,-11.266559999999979,-11.986623999999981,-12.9439,-7.56044,0.9983333333333341,0.9670000000000009,0.995,0.97,324,5,29.9861,25.67493
-15.2211,0,0.9925,5,129,0,2,0,0,0.016373333333333035,0.03340159999999734,0.0,0.0,30.93803333333331,29.00640000000003,29.9861,33.2098,-11.819793333333314,-11.316243999999982,-7.29438,-13.5614,0.9958333333333341,0.9915000000000009,1.0,1.0,324,5,47.5365,33.178894
-15.3808,0,0.945,4,349,0,1,0,0,0.04584533333333304,0.031436799999997336,0.029472,0.019648,39.45816666666664,33.37516000000004,47.5365,15.2915,-12.632093333333314,-12.880315999999983,-15.2211,-12.9439,0.9791666666666674,0.9865000000000009,0.9925,0.995,325,5,40.8519,41.8883
-13.236,0,0.9375,4,108,0,2,0,0,0.12771199999999971,0.08055679999999735,0.108064,0.0,48.24253333333331,38.00104000000003,40.8519,29.9861,-14.612633333333314,-12.815235999999981,-15.3808,-7.29438,0.958333333333334,0.9740000000000009,0.945,1.0,325,5,56.3392,49.22074
-9.25186,0,0.865,5,147,0,1,0,0,0.20630399999999968,0.12967679999999732,0.2456,0.029472,59.673666666666634,51.30872000000004,56.3392,47.5365,-12.622886666666647,-12.076827999999981,-13.236,-15.2211,0.915833333333334,0.948000000000001,0.9375,0.9925,326,5,81.8299,42.903664
11.5866,16,0.0,1,0,9,2,0,0,1.480149333333333,0.9155967999999973,0.265248,0.108064,47.111976666666635,45.94486600000003,81.8299,40.8519,-3.633753333333313,-8.300631999999982,-9.25186,-15.3808,0.6008333333333341,0.7480000000000009,0.865,0.945,326,5,3.16683,2.9225743
-15.7728,0,0.985,4,192,0,1,0,0,1.4081066666666662,0.9155967999999973,3.9296,0.2456,46.48667666666663,47.330226000000025,3.16683,56.3392,-4.4793533333333135,-8.410971999999981,11.5866,-13.236,0.6166666666666675,0.7465000000000009,0.0,0.9375,327,5,54.4633,91.86019
-5.82435,0,0.81,2,28,0,2,0,0,1.5685653333333331,1.0433087999999975,0.029472,0.265248,21.380319999999973,40.46201200000003,54.4633,81.8299,-3.336849999999979,-6.499681999999981,-15.7728,-9.25186,0.5983333333333342,0.7195000000000009,0.985,0.865,327,5,6.51083,10.445007
11.4855,18,0.005,1,2,10,1,0,0,0.9103586666666663,1.385184799999997,0.746624,3.9296,21.03847333333331,29.62243000000003,6.51083,3.16683,-3.37054999999998,-1.5553819999999816,-5.82435,11.5866,0.6000000000000008,0.5330000000000009,0.81,0.0,328,5,2.14129,3.8073368
-17.6187,0,1.0,4,111,0,2,0,0,0.9005346666666663,1.3321351999999973,1.95498,0.029472,10.326806666666643,17.722110000000033,2.14129,54.4633,-3.98584999999998,-3.228749999999981,11.4855,-15.7728,0.6050000000000008,0.560000000000001,0.005,0.985,328,5,22.3283,24.28032
-9.30219,0,0.935,8,327,0,1,0,0,0.6940439999999998,0.5716455999999973,0.0,0.746624,22.482163333333308,25.684124000000033,22.3283,6.51083,-5.14512999999998,-7.406507999999983,-17.6187,-5.82435,0.6466666666666674,0.747000000000001,1.0,0.81,329,5,42.9769,45.658867
-23.0377,0,0.99,4,365,0,2,0,0,0.05548266666666637,0.5736103999999973,0.127152,1.95498,29.901299999999978,19.671204000000035,42.9769,2.14129,-16.652863333333315,-8.859487999999981,-9.30219,11.4855,0.9750000000000009,0.7480000000000009,0.935,0.005,329,5,24.3987,30.246199
-14.2289,0,0.91,3,253,0,1,0,0,0.11442666666666636,0.45965199999999734,0.039296,0.0,97.51253333333331,63.40143800000003,24.3987,22.3283,-15.52292999999998,-10.540397999999982,-23.0377,-17.6187,0.9450000000000008,0.768000000000001,0.99,1.0,330,5,225.162,97.00983
-2.82162,2,0.615,10,17,2,2,0,0,0.5763426666666663,0.37123599999999735,0.176832,0.127152,84.29643999999998,63.638904000000025,225.162,42.9769,-13.362739999999981,-13.401821999999981,-14.2289,-9.30219,0.8383333333333342,0.8900000000000009,0.91,0.935,330,5,3.32862,6.856469
-11.0043,0,0.99,2,66,0,1,0,0,0.569793333333333,0.3751655999999973,1.5129,0.039296,91.34083999999997,68.27962400000004,3.32862,24.3987,-9.351606666666646,-12.07894199999998,-2.82162,-23.0377,0.8383333333333342,0.888000000000001,0.615,0.99,331,5,45.5319,152.22076
-21.4159,0,1.0,8,470,0,2,0,0,0.5108493333333329,0.34973519999999736,0.019648,0.176832,35.61333999999999,71.28014400000004,45.5319,225.162,-11.747273333333313,-14.501683999999983,-11.0043,-14.2289,0.8683333333333341,0.9010000000000009,0.99,0.91,331,5,57.9795,59.575092
37.3872,28,0.02,2,4,15,1,0,0,0.6483826666666664,0.7269759999999973,0.0,1.5129,35.59348333333332,67.05421400000003,57.9795,3.32862,1.6556666666666875,-2.4167039999999815,-21.4159,-2.82162,0.6700000000000008,0.707000000000001,1.0,0.615,332,5,3.26905,3.876239
37.5723,28,0.015,2,12,15,2,0,0,1.932053333333333,1.4657415999999972,1.9255,0.019648,21.656343333333314,22.765910000000034,3.26905,45.5319,17.847866666666686,7.943536000000018,37.3872,-11.0043,0.3450000000000007,0.5280000000000009,0.02,0.99,332,5,3.72048,2.9856339
-0.043999,6,0.0,1,11,4,1,0,0,2.6099099999999997,1.5698755999999974,3.87066,0.0,2.926179999999981,22.457988000000036,3.72048,57.9795,24.971833666666683,8.499060200000018,37.5723,-21.4159,0.011666666666667444,0.40500000000000097,0.015,1.0,333,5,1.78901,3.4002478
14.4703,22,0.5875,3,265,12,2,0,0,2.5083966666666666,1.8901379999999972,2.03357,1.9255,3.150419999999981,14.139962000000034,1.78901,3.26905,17.332867000000018,13.593980200000015,-0.043999,37.3872,0.2008333333333341,0.324500000000001,0.0,0.02,333,5,3.94177,4.6002436
-2.04412,4,0.0,3,2,3,1,0,0,1.8731099999999998,2.283097999999997,1.62096,3.87066,2.3792866666666477,2.825478000000034,3.94177,3.72048,4.127393666666686,17.468336200000017,14.4703,37.5723,0.1958333333333341,0.12450000000000097,0.5875,0.015,334,5,1.40708,3.6584048
2.68665,8,0.01,6,9,5,2,0,0,2.4920199999999997,2.676057999999997,1.9648,2.03357,2.797356666666648,2.780312000000034,1.40708,1.78901,5.0376100000000195,10.528226200000017,-2.04412,-0.043999,0.19916666666666746,0.12250000000000097,0.0,0.0,334,5,3.04322,1.2902701
0.792169,6,0.0,1,0,4,1,0,0,2.606633333333333,2.2948859999999973,3.8903,1.62096,1.960219999999981,2.322288000000034,3.04322,3.94177,0.478233000000019,3.172200000000017,2.68665,14.4703,0.0033333333333341107,0.11950000000000097,0.01,0.5875,335,5,1.43036,3.059658
6.20523,12,0.055,5,6,7,2,0,0,3.1895233333333324,2.6308659999999975,1.9648,1.9648,2.039026666666648,2.293186000000034,1.43036,1.40708,3.2280163333333523,4.422045800000017,0.792169,-2.04412,0.021666666666667445,0.13050000000000095,0.0,0.0,335,5,1.6435,1.3313377
5.71931,12,0.3,6,127,7,1,0,0,2.3512099999999996,2.581745999999997,3.71347,3.8903,2.6886299999999808,2.5032380000000343,1.6435,3.04322,4.238903000000019,2.671847800000017,6.20523,2.68665,0.11833333333333411,0.07300000000000095,0.055,0.01,336,5,4.99203,4.361211
0.0333706,6,0.1625,4,10,4,2,0,0,2.7932900000000003,2.8469939999999974,1.37536,1.9648,2.6601499999999807,2.490806000000034,4.99203,1.43036,3.985970200000019,3.087345920000017,5.71931,0.792169,0.17250000000000076,0.10550000000000095,0.3,0.0,336,5,1.34492,3.0667956
-17.8659,0,1.0,1,162,0,1,0,0,1.5554666666666666,2.0689339999999974,3.29104,3.71347,12.780083333333316,8.282822000000035,1.34492,1.6435,-4.037739799999982,-1.023164079999983,0.0333706,6.20523,0.48750000000000077,0.30350000000000094,0.1625,0.055,337,5,32.0033,27.349174
-12.8029,0,0.925,4,56,0,2,0,0,1.1952533333333333,1.7349179999999973,0.0,1.37536,70.65107333333331,43.71775000000004,32.0033,4.99203,-10.211809799999982,-3.742177879999983,-17.8659,5.71931,0.6958333333333341,0.48850000000000093,1.0,0.3,337,5,178.605,99.6767
-18.573,0,1.0,7,227,0,1,0,0,0.0982399999999997,0.9922239999999973,0.29472,3.29104,102.95789999999998,63.04213000000003,178.605,1.34492,-16.413933333333315,-8.697823879999984,-12.8029,0.0333706,0.9750000000000009,0.6775000000000009,0.925,0.1625,338,5,98.2654,40.372787
-6.01182,0,0.7325,8,6,0,2,0,0,0.44763333333333294,0.9267879999999973,0.0,0.0,107.04409999999996,70.89610400000004,98.2654,32.0033,-12.462573333333316,-11.044049879999983,-18.573,-17.8659,0.8858333333333341,0.7640000000000009,1.0,1.0,338,5,44.2619,23.121098
-14.704,24,0.875,2,108,0,1,0,0,0.4312599999999997,0.3176999999999973,1.04818,0.29472,59.75029999999998,77.97184000000003,44.2619,178.605,-13.096273333333315,-13.99152399999998,-6.01182,-12.8029,0.8691666666666675,0.906500000000001,0.7325,0.925,339,5,36.7236,63.551094
-14.5433,0,0.88,3,120,0,2,0,0,0.5884439999999996,0.4120103999999973,0.2456,0.0,33.34433333333331,75.38068000000003,36.7236,98.2654,-11.753039999999983,-13.327003999999983,-14.704,-18.573,0.8291666666666675,0.882500000000001,0.875,1.0,339,5,19.0475,40.064983
-7.29438,0,1.0,2,18,0,1,0,0,0.23905066666666638,0.35306639999999734,0.471552,1.04818,28.585733333333312,45.65690000000003,19.0475,44.2619,-12.18055999999998,-12.225299999999983,-14.5433,-6.01182,0.9183333333333342,0.8975000000000011,0.88,0.7325,340,5,29.9861,21.279957
-12.9439,0,0.9975,3,135,0,2,0,0,0.16045866666666636,0.3550311999999973,0.0,0.2456,21.52509999999998,29.112160000000035,29.9861,36.7236,-11.59385999999998,-11.099479999999982,-7.29438,-14.704,0.9591666666666675,0.8970000000000009,1.0,0.875,340,5,15.5417,25.436617
-15.3808,0,0.97,9,419,0,1,0,0,0.02292266666666637,0.15718399999999735,0.009824,0.471552,28.867133333333314,28.474500000000035,15.5417,19.0475,-11.873026666666647,-12.973275999999984,-12.9439,-14.5433,0.9891666666666675,0.9445000000000011,0.9975,0.88,341,5,41.0736,53.031868
-15.2211,0,0.9925,5,124,0,2,0,0,0.032746666666666376,0.11395839999999732,0.058944,0.0,35.59653333333332,31.16464000000003,41.0736,29.9861,-14.515266666666648,-13.076695999999984,-15.3808,-7.29438,0.9866666666666676,0.9680000000000011,0.97,1.0,341,5,50.1743,33.78088
-9.25186,0,0.91,4,250,0,1,0,0,0.0884159999999997,0.055014399999997333,0.029472,0.009824,57.156866666666645,43.39968000000003,50.1743,15.5417,-13.284586666666648,-12.018407999999983,-15.2211,-12.9439,0.9575000000000008,0.9740000000000011,0.9925,0.9975,342,5,80.2227,48.774612
-13.236,0,0.995,2,118,0,2,0,0,0.07531733333333303,0.05894399999999733,0.176832,0.058944,63.24776666666665,49.27172000000003,80.2227,41.0736,-12.569653333333315,-13.206731999999983,-9.25186,-15.3808,0.9658333333333342,0.9730000000000011,0.91,0.97,342,5,59.3463,47.60445
-15.7728,0,0.985,8,253,0,1,0,0,0.07531733333333303,0.06287359999999734,0.019648,0.029472,66.42306666666666,58.10342000000003,59.3463,50.1743,-12.753553333333315,-13.772511999999983,-13.236,-15.2211,0.9633333333333342,0.9705000000000009,0.995,0.9925,343,5,59.7002,79.16615
9.27315,14,0.17,2,18,8,2,0,0,1.103563333333333,0.7033987999999973,0.029472,0.176832,40.70412666666665,50.50187600000003,59.7002,80.2227,-6.578549999999982,-8.841721999999985,-15.7728,-9.25186,0.7166666666666676,0.8105000000000009,0.985,0.91,343,5,3.06588,4.6500063
-1.75329,4,0.145,3,16,3,1,0,0,1.6569806666666664,1.0334843999999972,3.26157,0.019648,21.641679999999983,40.89880800000004,3.06588,59.3463,-2.750979999999981,-6.148159999999984,9.27315,-13.236,0.43333333333333407,0.641000000000001,0.17,0.995,344,5,2.15896,5.589336
-5.82435,0,0.905,2,3,0,2,0,0,1.7715939999999994,1.0727803999999972,1.6799,0.029472,3.8755999999999857,26.134660000000036,2.15896,59.7002,0.5651700000000188,-5.4626579999999825,-1.75329,-15.7728,0.40666666666666745,0.640000000000001,0.145,0.985,344,5,6.40196,10.991073
-9.30219,0,0.87,3,498,0,1,0,0,0.769545333333333,1.1199355999999974,0.373312,3.26157,16.780439999999984,22.621480000000034,6.40196,3.06588,-5.626609999999981,-4.675895999999983,-5.82435,9.27315,0.6400000000000009,0.615000000000001,0.905,0.17,345,5,41.7804,37.75519
-17.6187,0,1.0,3,290,0,2,0,0,0.20957866666666636,1.1140411999999973,0.255424,1.6799,23.503553333333315,15.147100000000034,41.7804,2.15896,-10.91507999999998,-5.045075999999982,-9.30219,-1.75329,0.9250000000000008,0.618000000000001,0.87,0.145,345,5,22.3283,16.496668
3.49829,8,0.905,4,304,5,1,0,0,0.14735999999999969,0.49905839999999735,0.0,0.373312,112.43723333333331,69.17452400000003,22.3283,6.40196,-7.807533333333314,-6.200047999999982,-17.6187,-5.82435,0.9250000000000008,0.7650000000000009,1.0,0.905,346,5,273.203,65.99832
-23.0377,0,1.0,8,224,0,2,0,0,0.06221866666666637,0.16307839999999732,0.186656,0.255424,106.64333333333332,73.62247200000004,273.203,41.7804,-12.386036666666648,-10.456929999999982,3.49829,-9.30219,0.9683333333333342,0.936000000000001,0.905,0.87,346,5,24.3987,55.738377
-11.0043,0,0.99,10,69,0,1,0,0,0.0687679999999997,0.09234559999999734,0.0,0.0,115.24869999999997,81.97096000000002,24.3987,22.3283,-10.181236666666647,-11.492919999999984,-23.0377,-17.6187,0.9650000000000007,0.953000000000001,1.0,1.0,347,5,48.1444,133.48714
-17.9771,0,0.68,8,149,0,2,0,0,0.42570599999999975,0.2927547999999974,0.019648,0.186656,25.507943333333312,74.41102600000002,48.1444,273.203,-17.339699999999983,-13.227901999999983,-11.0043,3.49829,0.8900000000000009,0.9150000000000009,0.99,0.905,347,5,3.98073,11.486517
14.0255,20,0.02,3,4,11,1,0,0,1.0675393333333332,0.6778547999999974,1.25747,0.0,18.44191333333331,70.58548800000003,3.98073,24.3987,-4.985299999999982,-6.899061999999982,-17.9771,-23.0377,0.5633333333333342,0.719000000000001,0.68,1.0,348,5,3.20061,3.1270344
13.3952,18,0.0225,4,37,10,2,0,0,2.341383333333333,1.4087595999999973,1.9255,0.019648,3.604923333333314,16.67157400000003,3.20061,48.1444,3.1478666666666855,-4.919679999999983,14.0255,-11.0043,0.2408333333333342,0.542500000000001,0.02,0.99,348,5,3.63343,2.2226167
9.25969,16,0.0,4,1,9,1,0,0,2.5771599999999997,1.8017195999999973,3.84118,1.25747,2.8691099999999814,12.146492000000032,3.63343,3.98073,12.226796666666687,1.5397980000000178,13.3952,-17.9771,0.014166666666667516,0.342500000000001,0.0225,0.68,349,5,1.77329,1.0476851
-6.37594,0,0.435,5,20,0,2,0,0,2.6754,2.241833999999997,1.9648,1.9255,3.083123333333314,3.2861420000000345,1.77329,3.20061,5.426316666666686,2.4654700000000176,9.25969,14.0255,0.15250000000000086,0.23150000000000098,0.0,0.02,349,5,3.84265,4.888493
-2.04412,4,0.06,4,0,3,1,0,0,2.0106433333333333,2.359721999999997,2.22022,3.84118,2.332833333333314,2.7665080000000346,3.84265,3.63343,0.2798766666666859,5.652066000000017,-6.37594,13.3952,0.16500000000000084,0.10750000000000097,0.435,0.0225,350,5,1.38256,2.5597417
2.68665,8,0.005,5,0,5,2,0,0,2.659026666666666,2.7566119999999974,1.84691,1.9648,2.6957966666666473,2.698822000000034,1.38256,1.77329,-1.9111366666666474,3.3842960000000177,-2.04412,9.25969,0.16666666666666752,0.10450000000000097,0.06,0.0,350,5,2.86218,1.3443091
4.59005,10,0.02,3,16,6,1,0,0,2.5607866666666665,2.3734759999999975,3.90995,2.22022,1.9075466666666478,2.2677160000000343,2.86218,3.84265,1.7441933333333524,1.6232660000000176,2.68665,-6.37594,0.028333333333334182,0.10400000000000098,0.005,0.435,351,5,1.4779,1.9507742
6.20523,12,0.0,4,0,7,2,0,0,3.2550166666666662,2.7664359999999975,1.9255,1.84691,1.9699099999999812,2.226988000000034,1.4779,1.38256,4.493976666666685,1.0123740000000176,4.59005,-2.04412,0.008333333333334185,0.10400000000000098,0.02,0.06,351,5,1.56965,1.5160742
5.71931,12,0.0,1,0,7,1,0,0,2.6066333333333334,2.715351999999997,3.9296,3.90995,2.552736666666648,2.3805900000000344,1.56965,2.86218,5.504863333333351,3.4314240000000176,6.20523,2.68665,0.006666666666667518,0.017000000000000976,0.0,0.005,352,5,4.61066,2.0891163
-11.4677,0,0.74,10,327,0,2,0,0,2.3053666666666666,2.550309999999997,1.9648,1.9255,2.5437466666666477,2.3942640000000344,4.61066,1.4779,0.15228000000001884,1.5467080000000173,5.71931,4.59005,0.2466666666666675,0.15300000000000097,0.0,0.02,352,5,1.45093,6.1979055
-17.8659,0,1.0,1,85,0,1,0,0,0.9954999999999998,1.768319999999997,1.0217,3.9296,12.68829666666665,8.222488000000036,1.45093,1.56965,-7.8714299999999815,-2.5638019999999826,-11.4677,6.20523,0.5800000000000008,0.352000000000001,0.74,0.0,353,5,32.0033,28.124456
-16.5462,0,0.9175,4,70,0,2,0,0,0.4486306666666664,1.4480583999999974,0.0,1.9648,61.23807666666664,37.97890800000003,32.0033,4.61066,-15.293266666666648,-6.791051999999982,-17.8659,5.71931,0.8858333333333341,0.531500000000001,1.0,0.0,353,5,150.26,77.01499
-18.573,0,1.0,9,211,0,1,0,0,0.1080639999999997,0.6621383999999974,0.324192,1.0217,93.50956666666666,57.31805800000004,150.26,1.45093,-17.661699999999982,-11.746697999999983,-16.5462,-11.4677,0.9725000000000007,0.731500000000001,0.9175,0.74,354,5,98.2654,55.653507
-6.05261,0,0.65,6,178,0,2,0,0,0.566517333333333,0.5442503999999972,0.0,0.0,95.01923333333332,63.70238600000003,98.2654,32.0033,-13.723936666666647,-14.101081999999982,-18.573,-17.8659,0.8558333333333342,0.8615000000000009,1.0,1.0,354,5,36.5323,22.917961
8.69615,16,0.915,1,136,9,1,0,0,0.5141226666666664,0.3733119999999973,1.37536,0.324192,58.18343333333331,71.36272000000004,36.5323,150.26,-5.3098199999999816,-10.068311999999981,-6.05261,-16.5462,0.8550000000000009,0.8965000000000009,0.65,0.9175,355,5,39.7526,57.19737
-14.5433,0,0.9975,2,59,0,2,0,0,0.5173973333333329,0.3752767999999973,0.167008,0.0,31.989299999999982,68.89866000000004,39.7526,98.2654,-3.966586666666648,-9.403791999999983,8.69615,-18.573,0.8541666666666675,0.896000000000001,0.915,1.0,355,5,19.683,42.83047
-7.29438,0,1.0,2,2,0,1,0,0,0.0589439999999997,0.3104383999999973,0.009824,1.37536,29.807233333333315,44.843880000000034,19.683,36.5323,-4.3805099999999815,-7.5534279999999825,-14.5433,-6.05261,0.9708333333333342,0.9125000000000011,0.9975,0.65,356,5,29.9861,32.19047
-12.9439,0,1.0,1,2,0,2,0,0,0.0032746666666663704,0.3104383999999973,0.0,0.167008,21.736933333333315,28.299140000000033,29.9861,39.7526,-11.59385999999998,-6.427607999999983,-7.29438,8.69615,0.9991666666666675,0.9125000000000011,1.0,0.915,356,5,15.5417,15.130079
-15.3808,0,0.965,4,261,0,1,0,0,0.02292266666666637,0.04911999999999733,0.0,0.009824,28.969199999999983,29.26864000000004,15.5417,19.683,-11.873026666666647,-8.293245999999982,-12.9439,-14.5433,0.9883333333333342,0.9755000000000009,1.0,0.9975,357,5,41.3798,48.139286
-10.4347,0,0.7775,4,152,0,2,0,0,0.3143679999999997,0.19058559999999733,0.068768,0.0,34.054033333333315,30.36624000000004,41.3798,29.9861,-12.91979999999998,-12.119415999999983,-15.3808,-7.29438,0.9141666666666675,0.948000000000001,0.965,1.0,357,5,45.2406,20.63178
-7.0343,0,0.87,2,26,0,1,0,0,0.39950933333333305,0.23970559999999735,0.874336,0.0,54.573799999999984,41.84984000000004,45.2406,15.5417,-10.949933333333314,-10.617615999999982,-10.4347,-12.9439,0.8708333333333341,0.9225000000000009,0.7775,1.0,358,5,77.101,34.48289
-13.236,0,1.0,2,13,0,2,0,0,0.3765866666666664,0.23970559999999735,0.255424,0.068768,60.562633333333316,47.721880000000034,77.101,41.3798,-10.23499999999998,-11.805939999999984,-7.0343,-15.3808,0.8825000000000008,0.9225000000000009,0.87,0.965,358,5,59.3463,66.45403
-15.7728,0,0.955,10,350,0,1,0,0,0.11461333333333303,0.2573887999999973,0.0,0.874336,65.37173333333332,56.54712000000004,59.3463,45.2406,-12.014366666666648,-12.371719999999984,-13.236,-10.4347,0.9416666666666674,0.9135000000000009,1.0,0.7775,359,5,59.6679,90.683655
10.671,16,0.0,1,4,9,2,0,0,1.3393386666666665,1.0295551999999975,0.088416,0.255424,40.62903999999998,48.84574400000004,59.6679,77.101,-6.112599999999982,-7.161359999999983,-15.7728,-7.0343,0.6516666666666674,0.720500000000001,0.955,0.87,359,5,2.87292,4.9624166
9.53954,16,0.0,1,2,9,1,0,0,1.9942719999999998,1.2476479999999972,3.9296,0.0,21.539339999999985,40.21306400000003,2.87292,59.3463,1.4792466666666855,-3.166511999999983,10.671,-13.236,0.3183333333333342,0.5650000000000011,0.0,1.0,360,5,2.0772,2.677966
-5.82435,0,0.9075,3,4,0,2,0,0,2.0859626666666666,1.2692607999999974,1.9648,0.088416,3.756179999999986,26.05654800000003,2.0772,59.6679,4.7953966666666865,-2.924521999999983,9.53954,-15.7728,0.3025000000000008,0.5725000000000009,0.0,0.955,360,5,6.31842,9.717778
-9.30219,0,0.925,3,483,0,1,0,0,0.8252159999999997,1.2987327999999974,0.363488,3.9296,16.727039999999985,22.544388000000033,6.31842,2.87292,-1.8623333333333136,-2.1377599999999832,-5.82435,10.671,0.6108333333333342,0.557500000000001,0.9075,0.0,361,5,41.7855,42.05003
-17.6187,0,1.0,3,695,0,2,0,0,0.17028266666666636,1.2810495999999973,0.14736,1.9648,23.477406666666653,15.076468000000034,41.7855,2.0772,-10.91507999999998,-2.5069399999999833,-9.30219,9.53954,0.9441666666666676,0.566500000000001,0.925,0.0,361,5,22.3283,15.962139
-21.3657,0,0.93,4,457,0,1,0,0,0.09496533333333303,0.5226367999999972,0.0,0.363488,101.95426666666664,62.851684000000034,22.3283,6.31842,-16.095529999999982,-8.914279999999982,-17.6187,-5.82435,0.9516666666666675,0.752500000000001,1.0,0.9075,362,5,241.749,114.51793
-23.0377,0,1.0,8,202,0,2,0,0,0.04584533333333304,0.12967679999999723,0.137536,0.14736,96.15866666666665,67.31598400000004,241.749,41.7855,-20.674033333333316,-15.429727999999983,-21.3657,-9.30219,0.9766666666666675,0.9525000000000009,0.93,0.925,362,5,24.3987,50.280235
-17.9376,0,0.85,2,493,0,1,0,0,0.14408533333333304,0.11592319999999723,0.0,0.0,105.4876,76.11532000000003,24.3987,22.3283,-20.780333333333314,-17.852377999999984,-23.0377,-17.6187,0.9266666666666675,0.9410000000000011,1.0,1.0,363,5,50.3151,88.007225
-8.39489,0,0.745,2,101,0,2,0,0,0.43225666666666634,0.28686119999999726,0.29472,0.137536,26.549639999999993,68.74524400000004,50.3151,241.749,-16.456729999999983,-17.670917999999983,-17.9376,-21.3657,0.8650000000000008,0.9050000000000009,0.85,0.93,363,5,4.93512,4.1716013
12.0771,18,0.175,1,2,10,1,0,0,0.9725766666666663,0.6110531999999973,1.00205,0.0,19.45423999999999,64.90208400000003,4.93512,24.3987,-4.751796666666648,-11.731757999999985,-8.39489,-23.0377,0.5900000000000009,0.7400000000000009,0.745,1.0,364,5,3.1125,0.56048465
13.3952,18,0.0,1,0,10,2,0,0,2.184203333333333,1.3694659999999974,1.62096,0.29472,3.8417599999999905,17.247816000000036,3.1125,50.3151,5.692470000000019,-4.779577999999984,12.0771,-17.9376,0.30666666666666753,0.5540000000000009,0.175,0.85,364,5,3.47766,2.0058138
30.2419,28,0.345,2,12,15,1,0,0,2.2791666666666663,1.6268539999999974,3.9296,1.00205,2.788223333333324,12.722978000000035,3.47766,4.93512,18.571400000000022,5.876342000000017,13.3952,-8.39489,0.17333333333333414,0.42300000000000093,0.0,0.745,365,5,1.77451,3.5830555
-6.37594,0,0.91,5,17,0,2,0,0,1.8567346666666664,1.6386427999999973,1.28694,1.62096,3.0764999999999905,3.455424000000034,1.77451,3.1125,12.420386666666687,8.188674000000017,30.2419,12.0771,0.41833333333333417,0.43500000000000094,0.345,0.175,365,5,3.97733,10.253024
-2.04412,4,0.05,3,1,3,1,0,0,1.1690546666666664,1.8115447999999972,0.353664,3.9296,2.372013333333324,2.741240000000034,3.97733,3.47766,7.273946666666686,9.458828000000018,-6.37594,13.3952,0.4350000000000009,0.296000000000001,0.91,0.0,366,5,1.3642,3.3388414
2.68665,8,0.0025,3,0,5,2,0,0,2.046668,2.2713087999999972,1.86656,1.28694,2.683716666666657,2.660664000000034,1.3642,1.77451,-1.9111366666666474,7.580738000000018,-2.04412,30.2419,0.3208333333333342,0.26150000000000095,0.05,0.345,366,5,2.70962,1.46212
4.59005,10,0.0,2,0,6,1,0,0,2.583713333333333,1.8783487999999973,3.91978,0.353664,1.831843333333324,2.249474000000034,2.70962,3.97733,1.7441933333333524,5.819708000000017,2.68665,-6.37594,0.01750000000000085,0.26150000000000095,0.0025,0.91,367,5,1.42171,2.1151903
1.32128,6,0.265,3,12,4,2,0,0,2.9242799999999995,2.198612799999997,1.9648,1.86656,1.8992499999999906,2.2078560000000342,1.42171,1.3642,2.865993333333352,0.03558400000001716,4.59005,-2.04412,0.08916666666666752,0.245500000000001,0.0,0.05,367,5,1.56642,2.5181823
2.58341,6,0.08,3,11,4,1,0,0,2.2202266666666666,2.4894039999999973,2.88826,3.91978,2.4801966666666573,2.3028820000000345,1.56642,2.70962,2.831580000000019,1.8274540000000172,1.32128,2.68665,0.11500000000000087,0.07950000000000099,0.265,0.0025,368,5,4.45246,2.0403345
-11.4677,0,0.97,4,309,0,2,0,0,1.604589333333333,2.1396695999999973,1.80762,1.9648,2.5361599999999904,2.347962000000034,4.45246,1.42171,-2.5210033333333146,-0.05726199999998301,2.58341,4.59005,0.4383333333333342,0.26350000000000096,0.08,0.0,368,5,1.5896,8.8645735
-17.8659,0,1.0,2,207,0,1,0,0,0.6418359999999997,1.3557135999999972,0.117888,2.88826,12.681786666666659,8.206698000000035,1.5896,1.56642,-8.916729999999982,-4.167771999999983,-11.4677,1.32128,0.6833333333333341,0.46300000000000097,0.97,0.265,369,5,32.0033,25.915611
-16.5462,0,1.0,4,101,0,2,0,0,0.039295999999999706,0.9627535999999971,0.0,1.80762,61.284299999999995,37.974356000000036,32.0033,4.45246,-15.293266666666648,-8.395021999999983,-17.8659,2.58341,0.9900000000000008,0.6630000000000009,1.0,0.08,369,5,150.26,83.49384
-13.7813,0,0.87,4,297,0,1,0,0,0.08514133333333303,0.43618639999999714,0.0,0.117888,91.72093333333333,56.240972000000035,150.26,1.5896,-16.064466666666647,-11.415537999999984,-16.5462,-11.4677,0.9566666666666676,0.7840000000000009,1.0,0.97,370,5,92.8995,62.80043
-12.7061,0,0.9575,7,272,0,2,0,0,0.14081066666666636,0.10806399999999713,0.255424,0.0,93.05816666666665,62.553480000000036,92.8995,32.0033,-14.344533333333315,-14.473439999999982,-13.7813,-17.8659,0.9425000000000009,0.9595000000000009,0.87,1.0,370,5,36.015,81.1826
-8.62916,0,0.875,7,247,0,1,0,0,0.22267733333333303,0.13360639999999716,0.167008,0.0,56.04433333333333,70.07926000000003,36.015,150.26,-11.70551999999998,-13.905731999999983,-12.7061,-16.5462,0.9008333333333343,0.940500000000001,0.9575,1.0,371,5,39.2185,46.51077
-14.5433,0,1.0,2,0,0,2,0,0,0.1375359999999997,0.13360639999999716,0.2456,0.255424,31.638833333333324,67.61520000000003,39.2185,92.8995,-11.959519999999982,-13.241211999999981,-8.62916,-13.7813,0.9441666666666676,0.940500000000001,0.875,0.87,371,5,19.683,37.13918
-7.29438,0,1.0,10,22,0,1,0,0,0.08186666666666638,0.13360639999999716,0.0,0.167008,29.629199999999987,43.560420000000036,19.683,36.015,-10.155613333333314,-11.390847999999982,-14.5433,-12.7061,0.9583333333333343,0.940500000000001,1.0,0.9575,372,5,29.9861,31.429367
22.0531,28,1.0,2,4,15,2,0,0,0.0,0.08252159999999716,0.0,0.2456,21.736933333333326,28.088860000000032,29.9861,39.2185,0.07180666666668618,-4.223967999999982,-7.29438,-8.62916,1.0,0.966500000000001,1.0,0.875,372,5,15.5417,11.969892
0.683501,6,0.75,4,359,4,1,0,0,0.16373333333333304,0.1473599999999972,0.0,0.0,28.684066666666656,28.990740000000034,15.5417,19.683,5.14740700000002,-1.5460477999999829,22.0531,-14.5433,0.9166666666666675,0.9250000000000009,1.0,1.0,373,5,40.5244,22.776234
-10.4347,0,0.9825,3,262,0,2,0,0,0.1866559999999997,0.11199359999999717,0.4912,0.0,34.08766666666666,30.386420000000033,40.5244,29.9861,4.100633666666686,-1.9071557999999826,0.683501,-7.29438,0.9108333333333342,0.946500000000001,0.75,1.0,373,5,46.1969,27.055325
-22.978,26,0.87,2,11,0,1,0,0,0.27179733333333306,0.16307839999999715,0.068768,0.0,54.672266666666665,41.90892000000004,46.1969,15.5417,-10.909732999999981,-3.5940957999999825,-10.4347,22.0531,0.8675000000000009,0.9205000000000009,0.9825,1.0,374,5,77.2955,77.11104
-13.236,0,1.0,2,0,0,2,0,0,0.1080639999999997,0.16307839999999715,0.255424,0.4912,60.94623333333333,47.780960000000036,77.2955,40.5244,-15.54956666666665,-4.782419799999983,-22.978,0.683501,0.9508333333333342,0.9205000000000009,0.87,0.75,374,5,59.3463,54.41303
5.28877,12,0.88,6,286,7,1,0,0,0.16373333333333304,0.2102335999999972,0.0,0.068768,65.3162,56.53398000000003,59.3463,46.1969,-10.308409999999983,-8.135285799999982,-13.236,-10.4347,0.9166666666666675,0.8965000000000011,1.0,0.9825,375,5,59.3068,59.24174
10.671,16,0.0,4,0,9,2,0,0,1.3884586666666665,0.8979135999999972,0.235776,0.255424,40.452033333333326,48.96970000000003,59.3068,77.2955,0.9079233333333517,-6.137785999999982,5.28877,-22.978,0.6266666666666675,0.7465000000000009,0.88,0.87,375,5,2.703,7.257498
9.53954,16,0.0,1,0,9,1,0,0,2.043392,1.2771199999999971,3.9296,0.0,21.325249999999997,40.12351000000003,2.703,59.3463,8.49977000000002,-2.1429379999999827,10.671,-13.236,0.2933333333333342,0.5500000000000009,0.0,1.0,376,5,1.96595,2.848971
-4.95119,0,0.8125,3,18,0,2,0,0,2.2103999999999995,1.3733951999999972,1.9648,0.235776,3.6273033333333284,25.907002000000034,1.96595,59.3068,5.086450000000019,1.4624240000000175,9.53954,5.28877,0.2708333333333342,0.538500000000001,0.0,0.88,376,5,6.21296,7.067097
-9.30219,0,0.885,4,503,0,1,0,0,0.9758506666666663,1.4185855999999972,0.7368,3.9296,16.621736666666663,22.375002000000034,6.21296,2.703,-1.571279999999981,2.249186000000018,-4.95119,10.671,0.5658333333333342,0.515500000000001,0.8125,0.0,377,5,41.6863,45.02931
-17.6187,0,1.0,2,459,0,2,0,0,0.32091733333333305,1.3714303999999973,0.225952,1.9648,23.40918666666666,14.979302000000036,41.6863,1.96595,-10.624026666666648,-2.3323079999999825,-9.30219,9.53954,0.8991666666666674,0.539500000000001,0.885,0.0,377,5,22.3283,18.01851
-21.3657,0,1.0,8,482,0,1,0,0,0.07531733333333303,0.5855103999999971,0.0,0.7368,101.9212,62.78850200000004,22.3283,6.21296,-16.095529999999982,-8.739647999999983,-17.6187,-4.95119,0.9616666666666674,0.739500000000001,1.0,0.8125,378,5,241.749,140.88435
-23.0377,0,1.0,2,86,0,2,0,0,0.0,0.19255039999999718,0.0,0.225952,96.15866666666665,67.27505200000003,241.749,41.6863,-20.674033333333316,-15.255095999999984,-21.3657,-9.30219,1.0,0.939500000000001,1.0,0.885,378,5,24.3987,49.228237
-14.2342,0,0.775,4,266,0,1,0,0,0.14735999999999969,0.13360639999999716,0.0,0.0,105.30923333333332,75.98846000000005,24.3987,22.3283,-19.545866666666647,-17.111697999999983,-23.0377,-17.6187,0.925000000000001,0.932000000000001,1.0,1.0,379,5,49.78,86.46704
16.2789,22,0.0075,3,3,12,2,0,0,1.447403333333333,0.868441999999997,0.44208,0.0,25.844729999999995,68.32229800000003,49.78,241.749,-6.997666666666649,-11.995479999999983,-14.2342,-21.3657,0.5941666666666675,0.7565000000000011,0.775,1.0,379,5,3.35549,0.32048234
8.84276,14,0.25,2,5,8,1,0,0,1.938603333333333,1.1631619999999971,3.90013,0.0,18.728083333333323,64.46639000000003,3.35549,24.3987,3.629153333333353,-6.703187999999983,16.2789,-23.0377,0.34416666666666756,0.606500000000001,0.0075,1.0,380,5,3.04876,2.3386981
-3.77807,2,0.5225,4,29,2,2,0,0,2.416703333333333,1.538437999999997,1.4736,0.44208,3.4653966666666576,16.914978000000037,3.04876,49.78,7.11453000000002,-3.1856619999999825,8.84276,-14.2342,0.26000000000000084,0.511000000000001,0.25,0.775,380,5,3.99194,3.9221094
2.97811,8,0.01,2,8,5,1,0,0,1.7650433333333329,1.927467999999997,1.87638,3.90013,2.9321599999999908,12.386394000000035,3.99194,3.35549,2.680933333333353,2.0175000000000174,-3.77807,16.2789,0.2608333333333342,0.313000000000001,0.5225,0.0075,381,5,1.75578,2.2539132
2.68665,8,0.0025,5,0,5,2,0,0,2.580436666666666,2.623007999999997,1.94515,1.4736,2.774926666666657,2.945806000000034,1.75578,3.04876,0.6288966666666863,5.401670000000017,2.97811,8.84276,0.1783333333333342,0.158500000000001,0.01,0.25,381,5,2.57706,2.0250278
-2.04412,4,0.23,3,3,3,1,0,0,2.4592766666666663,2.1455619999999973,3.91978,1.87638,1.9039466666666574,2.550508000000034,2.57706,3.99194,1.2068800000000197,1.737066000000017,2.68665,-3.77807,0.08083333333333423,0.203000000000001,0.0025,0.5225,382,5,1.379,4.690229
31.3898,28,0.2525,2,15,15,2,0,0,2.7900199999999997,2.4383179999999975,1.5129,1.94515,1.8492866666666572,2.259116000000034,1.379,1.75578,10.677443333333352,6.246474000000018,-2.04412,2.97811,0.16166666666666754,0.20350000000000099,0.23,0.01,382,5,1.5918,1.9127617
0.865117,4,0.03,3,8,3,1,0,0,2.1187133333333334,2.444213999999997,2.93738,3.91978,1.4630066666666572,1.744372000000034,1.5918,2.57706,10.070265666666687,7.175111400000017,31.3898,2.68665,0.17083333333333425,0.10500000000000102,0.2525,0.0025,383,5,1.41822,2.6662645
-11.4677,0,0.975,4,328,0,2,0,0,1.6471599999999997,2.074831999999997,1.90586,1.5129,1.5507999999999906,1.721692000000034,1.41822,1.379,6.929072333333354,4.285949400000017,0.865117,-2.04412,0.4191666666666676,0.29800000000000104,0.03,0.23,383,5,1.64238,9.766587
2.58341,6,0.0,7,6,4,1,0,0,1.355713333333333,1.7034839999999973,0.09824,2.93738,2.4330933333333236,2.054016000000034,1.64238,1.5918,-2.6730576666666477,4.265301400000017,-11.4677,31.3898,0.33500000000000085,0.29750000000000104,0.975,0.2525,384,5,4.23868,1.2507418
-16.5462,0,1.0,2,7,0,2,0,0,0.7204266666666664,1.4009039999999973,2.06304,1.90586,52.04701999999998,31.83021600000003,4.23868,1.41822,-8.47682999999998,1.364885400000017,2.58341,0.865117,0.6583333333333342,0.451500000000001,0.0,0.03,384,5,150.26,78.70416
-17.8659,0,1.0,2,152,0,1,0,0,0.6876799999999997,0.8134279999999972,0.0,0.09824,62.167326666666646,37.912516000000025,150.26,1.64238,-10.609563333333314,-8.486254599999985,-16.5462,-11.4677,0.6666666666666675,0.6010000000000011,1.0,0.975,385,5,32.0033,42.47585
-12.7061,0,0.925,6,746,0,2,0,0,0.09786666666666638,0.4909759999999972,0.0,2.06304,72.55073333333333,44.706652000000034,32.0033,4.23868,-15.706066666666645,-11.200497999999982,-17.8659,2.58341,0.9750000000000009,0.7800000000000009,1.0,0.0,385,5,35.3889,64.7707
-19.9154,0,0.85,7,424,0,1,0,0,0.19610666666666635,0.5302719999999972,0.2936,0.0,51.15246666666666,61.59121600000003,35.3889,150.26,-16.829133333333314,-12.890037999999981,-12.7061,-16.5462,0.9250000000000008,0.755000000000001,0.925,1.0,386,5,86.0652,61.758465
-19.0053,0,1.0,2,2,0,2,0,0,0.19610666666666635,0.11766399999999715,0.29472,0.0,47.04569999999999,64.68008000000003,86.0652,32.0033,-17.208933333333313,-17.207779999999982,-19.9154,-17.8659,0.9250000000000008,0.955000000000001,0.85,1.0,386,5,19.683,31.662909
-8.62916,0,0.835,9,281,0,1,0,0,0.20630399999999968,0.18250239999999715,0.0,0.2936,47.92993333333333,42.23640000000004,19.683,35.3889,-15.849953333333312,-15.624371999999983,-19.0053,-12.7061,0.8950000000000009,0.9220000000000009,1.0,0.925,387,5,38.0416,45.048557
-13.1843,0,0.9,1,51,0,2,0,0,0.23905066666666638,0.2610943999999972,0.324192,0.29472,26.933833333333325,40.45112000000004,38.0416,86.0652,-13.606253333333314,-14.688051999999985,-8.62916,-19.9154,0.9116666666666675,0.902000000000001,0.835,0.85,387,5,23.0769,10.884693
-7.29438,0,0.965,7,119,0,1,0,0,0.261973333333333,0.21612799999999713,0.39296,0.0,34.576666666666654,41.895640000000036,23.0769,19.683,-9.702613333333316,-13.605707999999982,-13.1843,-19.0053,0.9000000000000009,0.910000000000001,0.9,1.0,388,5,42.6115,41.075386
-10.4347,0,0.9975,3,45,0,2,0,0,0.15718399999999969,0.15914879999999715,0.068768,0.324192,37.84569999999999,34.25234000000003,42.6115,38.0416,-10.304459999999983,-11.709567999999983,-7.29438,-8.62916,0.9541666666666675,0.939500000000001,0.965,0.835,388,5,47.8487,39.68931
-13.6106,0,0.945,4,360,0,1,0,0,0.06221866666666637,0.18076159999999714,0.009824,0.39296,44.156366666666656,38.717520000000036,47.8487,23.0769,-10.446559999999982,-10.630627999999984,-10.4347,-13.1843,0.9691666666666676,0.9285000000000009,0.9975,0.9,389,5,42.0089,54.62928
-17.4667,0,1.0,2,2,0,2,0,0,0.0392959999999997,0.11592319999999715,0.108064,0.068768,49.73463333333333,42.97846000000003,42.0089,42.6115,-13.837333333333314,-12.398135999999983,-13.6106,-7.29438,0.9808333333333342,0.9615000000000009,0.945,0.965,389,5,59.3463,70.0239
-22.978,26,1.0,2,0,0,1,0,0,0.03602133333333304,0.03733119999999716,0.0,0.009824,59.550233333333324,53.822180000000024,59.3463,47.8487,-18.018433333333316,-14.356875999999982,-17.4667,-10.4347,0.9816666666666675,0.981500000000001,1.0,0.9975,390,5,77.2955,62.682796
33.0774,28,0.0,2,0,15,2,0,0,1.3098666666666665,0.8094975999999973,0.0,0.108064,46.40341666666666,45.81357000000004,77.2955,42.0089,-2.45576666666665,-6.282519999999982,-22.978,-13.6106,0.6666666666666675,0.7885000000000011,1.0,0.945,390,5,2.56845,2.7842083
-20.4739,0,0.94,8,323,0,1,0,0,1.3491626666666665,0.8311103999999971,3.9296,0.0,45.71764999999999,47.70163000000004,2.56845,59.3463,-3.4581666666666506,-8.290359999999982,33.0774,-17.4667,0.6466666666666675,0.777000000000001,0.0,1.0,391,5,57.289,76.85676
-4.95119,0,0.8975,3,0,0,2,0,0,1.4834239999999996,0.8900543999999971,0.117888,0.0,22.04947333333332,40.55804400000003,57.289,77.2955,2.5507700000000164,-6.558477999999982,-20.4739,-22.978,0.6125000000000008,0.767500000000001,0.94,1.0,391,5,6.29097,14.862759
32.1975,28,0.0,2,0,15,1,0,0,0.8284906666666664,1.2830143999999972,0.402784,3.9296,21.815686666666654,29.062202000000035,6.29097,2.56845,2.257470000000017,3.3743620000000156,-4.95119,33.0774,0.6125000000000008,0.567500000000001,0.8975,0.0,392,5,1.86709,3.8589437
-14.7328,0,0.895,3,231,0,2,0,0,0.9267306666666664,1.3655359999999972,1.9648,0.117888,11.359819999999985,18.787382000000033,1.86709,57.289,4.171170000000017,5.023402000000016,32.1975,-20.4739,0.5975000000000009,0.5465000000000011,0.0,0.94,392,5,25.9214,25.022015
-7.11339,0,0.735,4,318,0,1,0,0,0.9660266666666665,0.6837503999999971,0.412608,0.402784,22.410563333333318,26.16233200000003,25.9214,6.29097,3.450436666666684,-3.0147559999999842,-14.7328,-4.95119,0.5433333333333342,0.693500000000001,0.895,0.8975,393,5,39.4432,29.499804
-23.0377,0,1.0,2,56,0,2,0,0,0.31109333333333306,0.660172799999997,0.520672,1.9648,29.92109999999998,19.584272000000034,39.4432,1.86709,-14.96129666666665,-3.5275159999999843,-7.11339,32.1975,0.8766666666666675,0.705500000000001,0.735,0.0,393,5,24.3987,34.187447
-21.3657,0,1.0,10,540,0,1,0,0,0.17355733333333304,0.5796159999999971,0.0,0.412608,101.86363333333331,66.67587800000004,24.3987,25.9214,-17.172263333333316,-6.810417999999984,-23.0377,-14.7328,0.9116666666666675,0.7260000000000011,1.0,0.895,394,5,241.749,151.10468
8.84458,14,0.0125,5,12,8,2,0,0,1.293493333333333,0.962751999999997,0.0,0.520672,89.80492666666665,66.95587600000002,241.749,39.4432,-11.852939999999982,-11.481001999999986,-21.3657,-7.11339,0.6708333333333343,0.728500000000001,1.0,0.735,394,5,3.26708,3.686743
-14.2342,0,1.0,4,113,0,1,0,0,1.293493333333333,0.8802303999999971,3.88048,0.0,98.26535999999999,71.72759600000003,3.26708,24.3987,-8.918439999999983,-11.381281999999985,8.84458,-23.0377,0.6708333333333343,0.7495000000000009,0.0125,1.0,395,5,49.78,131.46423
12.2457,18,0.645,4,27,10,2,0,0,1.7584966666666666,1.055097999999997,0.0,0.0,19.133313333333316,64.70952800000002,49.78,241.749,2.285360000000018,-7.509463999999984,-14.2342,-21.3657,0.5525000000000009,0.731500000000001,1.0,1.0,395,5,4.35286,4.987224
13.5726,18,0.0,4,4,10,1,0,0,1.1428599999999998,1.461811999999997,1.39501,3.88048,19.04308999999998,60.42907000000004,4.35286,3.26708,3.8613666666666844,-0.18740399999998375,12.2457,8.84458,0.5483333333333342,0.531500000000001,0.645,0.0125,396,5,2.99641,5.019931
28.3182,28,0.0725,2,3,15,2,0,0,2.3577599999999994,2.190751999999997,2.03357,0.0,3.2826766666666476,12.579022000000029,2.99641,49.78,18.04550000000002,9.749376000000016,13.5726,-14.2342,0.23916666666666755,0.3460000000000011,0.0,1.0,396,5,2.49876,1.6650102
-0.117959,6,0.015,7,4,4,1,0,0,2.5378666666666665,1.801721999999997,3.6447,1.39501,2.4320133333333143,12.285780000000027,2.49876,4.35286,13.92428033333335,7.956868200000017,28.3182,12.2457,0.029166666666667552,0.34650000000000103,0.0725,0.645,397,5,1.80087,2.7294834
31.7354,28,0.545,2,18,15,2,0,0,2.4559999999999995,2.159315999999997,1.93533,2.03357,1.9812733333333143,2.658618000000028,1.80087,2.99641,19.978547000000017,17.150788200000015,-0.117959,13.5726,0.21083333333333423,0.25550000000000106,0.015,0.0,397,5,1.64419,2.1637022
-2.04412,4,0.31,4,1,3,1,0,0,1.6930033333333332,2.151455999999997,1.78797,3.6447,1.6311199999999808,2.0777060000000285,1.64419,2.49876,9.857773666666684,14.292824200000016,31.7354,28.3182,0.2900000000000009,0.18850000000000108,0.545,0.0725,398,5,1.4483,4.540005
-11.4677,0,0.975,4,399,0,2,0,0,1.0806399999999996,1.764389999999997,1.35571,1.93533,1.595539999999981,1.8172500000000285,1.4483,1.80087,6.074526666666684,9.284764200000016,-2.04412,-0.117959,0.6100000000000009,0.38350000000000106,0.31,0.015,398,5,1.69413,10.614539
-0.338621,4,0.0,8,8,3,1,0,0,1.146133333333333,1.432339999999997,0.09824,1.78797,1.5232433333333144,1.6029580000000283,1.69413,1.64419,-4.616813666666649,3.5534000000000163,-11.4677,31.7354,0.4283333333333343,0.36900000000000105,0.975,0.545,399,5,1.4273,2.6963444
-18.9949,0,1.0,2,2,0,2,0,0,0.6942299999999998,1.045273999999997,1.98445,1.35571,51.127143333333315,31.29478400000003,1.4273,1.4483,-10.267073666666649,-0.2219881999999842,-0.338621,-2.04412,0.6583333333333342,0.5660000000000011,0.0,0.31,399,5,150.26,83.31027
29.5624,28,0.135,2,4,15,1,0,0,1.2279999999999998,1.0275899999999971,0.0,0.09824,51.939059999999984,31.79192200000002,150.26,1.69413,3.409626333333351,-0.6565881999999839,-18.9949,-11.4677,0.37833333333333413,0.48400000000000104,1.0,0.975,400,5,4.12988,2.1149263
-12.7061,0,0.9475,5,740,0,2,0,0,0.6352846666666664,0.797708799999997,1.69955,1.98445,63.186459999999975,38.536162000000026,4.12988,1.4273,-0.712866666666649,-2.788984199999984,29.5624,-0.338621,0.6941666666666676,0.611500000000001,0.135,0.0,400,5,35.1695,87.98338
-17.8659,0,1.0,4,417,0,1,0,0,0.6352846666666664,0.7780607999999971,0.206304,0.0,23.767559999999985,44.59799600000003,35.1695,150.26,-0.3365333333333152,-4.0686241999999835,-12.7061,-18.9949,0.6941666666666676,0.616500000000001,0.9475,1.0,401,5,32.0033,41.583954
-19.0053,0,1.0,2,4,0,2,0,0,0.0687679999999997,0.38117079999999703,0.0,1.69955,28.951933333333315,48.24913600000003,32.0033,4.12988,-16.525766666666648,-7.8019599999999825,-17.8659,29.5624,0.9825000000000008,0.816500000000001,1.0,0.135,401,5,19.683,30.641792
-19.9154,0,1.0,9,426,0,1,0,0,0.0,0.38117079999999703,0.0,0.206304,45.91716666666665,35.41017600000003,19.683,35.1695,-18.92886666666665,-7.986059999999983,-19.0053,-12.7061,1.0,0.816500000000001,1.0,0.9475,402,5,86.0652,66.21516
-13.1843,0,0.99,4,194,0,2,0,0,0.01309866666666637,0.04911999999999707,0.0,0.0,43.799666666666646,39.714360000000035,86.0652,32.0033,-17.368333333333315,-16.53539999999998,-19.9154,-17.8659,0.9966666666666676,0.987500000000001,1.0,1.0,402,5,25.6508,20.693457
12.7062,20,0.76,3,128,11,1,0,0,0.17028266666666636,0.10216959999999706,0.039296,0.0,49.85743333333331,40.25172000000002,25.6508,19.683,-6.797833333333315,-11.452939999999984,-13.1843,-19.0053,0.9166666666666675,0.9500000000000011,0.99,1.0,403,5,37.8563,40.73399
-24.6679,24,0.895,2,30,0,2,0,0,0.3078186666666664,0.18469119999999709,0.471552,0.0,38.864833333333316,44.46854000000003,37.8563,86.0652,-8.381999999999982,-12.813339999999982,12.7062,-19.9154,0.8816666666666674,0.9290000000000009,0.76,1.0,403,5,53.0874,43.50044
-2.51971,2,0.42,7,30,2,1,0,0,0.6745799999999997,0.41260719999999707,0.412608,0.039296,42.48773333333332,47.83584000000003,53.0874,25.6508,-4.8271366666666475,-9.516221999999985,-24.6679,-13.1843,0.6916666666666674,0.8130000000000012,0.895,0.99,404,5,36.5195,14.450247
-19.8338,0,1.0,4,133,0,2,0,0,0.5173959999999997,0.41260719999999707,1.13958,0.471552,49.65106666666665,42.49206000000002,36.5195,37.8563,-15.673803333333316,-9.499901999999983,-2.51971,12.7062,0.7716666666666674,0.8130000000000009,0.42,0.76,404,5,59.3463,60.253887
-13.6106,0,0.93,4,597,0,1,0,0,0.425705333333333,0.43225519999999706,0.0,0.412608,46.23623333333331,45.93048000000003,59.3463,53.0874,-11.98803666666665,-9.585161999999984,-19.8338,-24.6679,0.7833333333333341,0.801000000000001,1.0,0.895,405,5,42.8429,64.669586
2.4371,8,0.12,3,10,5,2,0,0,1.1985286666666664,1.0295547999999972,0.137536,1.13958,34.91138333333331,38.868210000000026,42.8429,36.5195,-10.335766666666649,-11.638981999999984,-13.6106,-2.51971,0.6833333333333341,0.6730000000000012,0.93,0.42,405,5,2.54495,4.448776
-22.978,26,1.0,2,0,0,1,0,0,1.1985286666666664,0.9470331999999972,3.45805,0.0,40.89444999999998,43.70983000000003,2.54495,59.3463,-11.383833333333316,-11.301001999999984,2.4371,-19.8338,0.6833333333333341,0.6940000000000011,0.12,1.0,406,5,77.2955,73.68511
-4.77194,0,0.8,3,8,1,2,0,0,1.4146566666666665,0.8763011999999971,0.0,0.137536,28.703309999999977,37.659826000000024,77.2955,42.8429,-8.437613333333317,-11.751447999999986,-22.978,-13.6106,0.6400000000000008,0.7700000000000011,1.0,0.93,406,5,6.26948,7.7499714
-20.4739,0,1.0,2,214,0,1,0,0,0.261973333333333,0.8763011999999971,0.78592,3.45805,46.95132666666664,37.24836600000003,6.26948,2.54495,-16.074613333333318,-11.879467999999985,-4.77194,2.4371,0.9333333333333341,0.7700000000000011,0.8,0.12,407,5,57.289,60.630413
-8.80489,0,0.9175,4,164,0,2,0,0,0.37003733333333305,0.9136323999999971,0.0,0.0,30.430393333333313,34.22632600000003,57.289,77.2955,-11.350243333333315,-10.918325999999984,-20.4739,-22.978,0.9058333333333342,0.7675000000000011,1.0,1.0,407,5,27.7327,22.052547
7.47291,12,0.015,1,8,7,1,0,0,0.7531739999999997,0.6090883999999972,0.324192,0.78592,28.954173333333312,34.08550000000003,27.7327,6.26948,-7.268626666666649,-9.911163999999985,-8.80489,-4.77194,0.6441666666666674,0.7465000000000012,0.9175,0.8,408,5,1.84082,3.6860614
-23.0377,0,1.0,2,7,0,2,0,0,0.7531739999999997,0.6090883999999972,1.93533,0.0,17.990739999999978,23.50614000000003,1.84082,57.289,-8.12322666666665,-9.923103999999984,7.47291,-20.4739,0.6441666666666674,0.746500000000001,0.015,1.0,408,5,24.3987,30.16564
-13.1901,0,0.935,4,306,0,1,0,0,0.6876806666666663,0.4774467999999971,0.0,0.324192,21.688506666666644,30.01744400000003,24.3987,27.7327,-9.584963333333315,-11.606735999999984,-23.0377,-8.80489,0.6500000000000008,0.7735000000000011,1.0,0.9175,409,5,38.826,43.388332
11.4787,16,0.0125,1,9,9,2,0,0,1.3360639999999997,1.253542799999997,0.127712,1.93533,22.136439999999975,19.196568000000028,38.826,1.84082,-8.249699999999983,-5.216215999999984,-13.1901,7.47291,0.6491666666666674,0.5760000000000011,0.935,0.015,409,5,3.18462,1.6254643
-21.3657,0,1.0,9,97,0,1,0,0,1.3360639999999997,1.188704399999997,3.88048,0.0,94.58653999999997,61.99982800000002,3.18462,24.3987,-7.692366666666648,-7.728377999999983,11.4787,-23.0377,0.6491666666666674,0.5925000000000011,0.0125,1.0,410,5,241.749,160.7359
-3.82262,2,0.695,3,33,2,2,0,0,1.6930033333333332,1.041344399999997,0.0,0.127712,83.17904666666664,62.55236800000002,241.749,38.826,-4.569873333333315,-9.987483999999984,-21.3657,-13.1901,0.5691666666666674,0.728500000000001,1.0,0.935,410,5,4.60352,8.835819
-14.2342,0,0.955,9,365,0,1,0,0,0.42898199999999975,1.0590275999999972,1.19853,3.88048,100.44580666666663,68.66960800000003,4.60352,3.18462,-13.140839999999983,-8.226783999999984,-3.82262,11.4787,0.8833333333333341,0.7195000000000011,0.695,0.0125,411,5,54.9849,143.01183
-0.67337,4,0.675,4,33,3,2,0,0,0.8516019999999997,1.2870571999999971,0.088416,0.0,20.705973333333304,61.41030800000003,54.9849,241.749,-6.243396666666648,-5.723437999999983,-14.2342,-21.3657,0.7750000000000008,0.6675000000000011,0.955,1.0,411,5,2.5295,4.949423
14.2974,20,0.01,3,2,11,1,0,0,1.100475333333333,0.8999911999999972,1.26786,1.19853,20.140403333333303,61.35474600000002,2.5295,4.60352,-0.20338999999998109,-5.159697999999984,-0.67337,-3.82262,0.5466666666666675,0.667000000000001,0.675,0.695,412,5,2.90681,5.9162865
2.21924,6,0.48,4,25,4,2,0,0,1.752133333333333,1.308669199999997,1.94515,0.088416,2.375843333333305,13.343190000000027,2.90681,54.9849,5.281090000000019,-0.44270999999998306,14.2974,-14.2342,0.38833333333333414,0.5630000000000012,0.01,0.955,412,5,1.69122,2.935103
29.5443,28,0.02,2,15,15,1,0,0,1.9713466666666664,1.4540631999999971,2.04339,1.26786,2.144296666666638,12.789458000000028,1.69122,2.5295,15.353646666666686,6.2306740000000165,2.21924,-0.67337,0.17000000000000082,0.428000000000001,0.48,0.675,413,5,1.83486,2.0350838
-5.59508,0,0.88,3,127,0,2,0,0,1.480147333333333,1.530690399999997,1.9255,1.94515,1.8547499999999715,2.2001120000000283,1.83486,2.90681,8.72282000000002,7.958498000000016,29.5443,14.2974,0.46000000000000085,0.41300000000000103,0.02,0.01,413,5,2.03817,7.5587106
1.91314,8,0.02,1,12,5,1,0,0,1.440850666666666,1.6622183999999973,0.471552,2.04339,1.7932199999999714,1.9955380000000282,2.03817,1.69122,8.620786666666685,8.475800000000017,-5.59508,2.21924,0.3066666666666675,0.282000000000001,0.88,0.48,414,5,1.50663,2.607344
-19.087,0,0.9025,5,112,0,2,0,0,0.9267293333333328,1.3498155999999972,1.9255,1.9255,56.78626666666664,34.776976000000026,1.50663,1.83486,-7.589646666666648,1.7989200000000167,1.91314,29.5443,0.6008333333333341,0.46050000000000113,0.02,0.02,414,5,166.814,84.33638
3.41457,8,0.08,3,2,5,1,0,0,1.3720853333333327,1.3026615999999973,0.383136,0.471552,56.57527666666664,34.71977200000003,166.814,2.03817,-4.586429999999981,2.037986000000017,-19.087,-5.59508,0.33416666666666744,0.38050000000000106,0.9025,0.88,415,5,1.4052,-1.2201529
-10.9975,0,0.8625,4,562,0,2,0,0,0.9103586666666662,1.0256255999999973,1.80762,1.9255,67.40776666666663,41.153620000000025,1.4052,1.50663,-8.889976666666648,-6.070373999999984,3.41457,1.91314,0.6150000000000008,0.549000000000001,0.08,0.02,415,5,34.0041,53.756557
-5.09869,0,0.5,8,6,0,1,0,0,1.1101133333333328,1.1277951999999971,0.54032,0.383136,13.163536666666639,41.562248000000025,34.0041,166.814,-4.227206666666649,-5.971095999999983,-10.9975,-19.087,0.48083333333333417,0.4730000000000011,0.8625,0.9025,416,5,4.08131,8.631021
-19.0053,0,1.0,3,21,0,2,0,0,0.5075733333333329,0.7426951999999971,0.9824,1.80762,19.256136666666638,45.19752200000003,4.08131,1.4052,-11.700496666666647,-10.154783999999983,-5.09869,3.41457,0.7875000000000009,0.6690000000000011,0.5,0.08,416,5,19.683,35.979645
-17.8659,0,1.0,6,392,0,1,0,0,0.32746666666666624,0.6660679999999972,0.0,0.54032,18.589203333333305,18.23538200000003,19.683,34.0041,-13.989963333333314,-9.910563999999983,-19.0053,-10.9975,0.8333333333333343,0.688500000000001,1.0,0.8625,417,5,32.0033,31.42383
-7.51927,0,0.7775,4,231,0,2,0,0,0.2914453333333329,0.47941119999999715,0.0,0.9824,25.90846666666664,23.16216200000003,32.0033,4.08131,-14.796823333333315,-12.097331999999984,-17.8659,-5.09869,0.9258333333333342,0.8280000000000012,1.0,0.5,417,5,26.0391,13.063234
-19.9154,0,1.0,2,204,0,1,0,0,0.2914453333333329,0.3713471999999972,0.874336,0.0,48.03586666666664,33.57438200000003,26.0391,19.683,-15.100189999999982,-13.880911999999984,-7.51927,-19.0053,0.9258333333333342,0.855500000000001,0.7775,1.0,418,5,86.0652,58.289616
-24.6679,0,1.0,3,91,0,2,0,0,0.2914453333333329,0.17486719999999717,0.0,0.0,55.06389999999998,43.375600000000034,86.0652,32.0033,-17.367523333333313,-17.794753999999983,-19.9154,-17.8659,0.9258333333333342,0.955500000000001,1.0,1.0,418,5,53.0874,58.540012
-12.6104,0,0.795,9,248,0,1,0,0,0.13426133333333287,0.25542399999999715,0.0,0.874336,58.85659999999998,46.92244000000004,53.0874,26.0391,-19.064566666666646,-16.515773999999983,-24.6679,-7.51927,0.9316666666666675,0.914500000000001,1.0,0.7775,419,5,37.4172,58.769356
-19.8338,0,1.0,2,156,0,2,0,0,0.13426133333333287,0.25542399999999715,0.402784,0.0,49.95029999999998,52.39104000000003,37.4172,86.0652,-19.03736666666665,-16.909353999999986,-12.6104,-19.9154,0.9316666666666675,0.914500000000001,0.795,1.0,419,5,59.3463,59.045094
-8.43042,0,0.945,6,238,0,1,0,0,0.17028266666666622,0.10216959999999715,0.0,0.0,44.21999999999998,54.36252000000003,59.3463,53.0874,-13.624873333333314,-17.091583999999983,-19.8338,-24.6679,0.9133333333333341,0.9480000000000011,1.0,1.0,420,5,35.8965,37.903484
2.4371,8,0.34,3,9,5,2,0,0,0.9005346666666663,0.6208775999999971,0.108064,0.402784,32.578249999999976,37.647870000000026,35.8965,37.4172,-8.609039999999982,-12.62108399999998,-8.43042,-12.6104,0.7616666666666676,0.8160000000000011,0.945,0.795,420,5,2.49195,4.8797903
-13.6106,0,0.96,5,426,0,1,0,0,0.9267319999999996,0.6365959999999972,2.59354,0.0,27.134149999999977,35.63319000000003,2.49195,59.3463,-6.534639999999981,-10.409623999999983,2.4371,-19.8338,0.7483333333333343,0.808000000000001,0.34,1.0,421,5,43.014,53.724277
-5.36399,0,0.795,3,8,0,2,0,0,1.159233333333333,0.7171527999999971,0.078592,0.108064,17.27449333333331,29.41325600000003,43.014,35.8965,-5.512496666666647,-8.960341999999981,-13.6106,-8.43042,0.6983333333333342,0.808000000000001,0.96,0.945,421,5,6.31753,7.820393
-22.978,26,1.0,2,13,0,1,0,0,0.29471999999999954,0.7171527999999971,0.805568,2.59354,42.20900999999998,33.003096000000035,6.31753,2.49195,-13.984196666666648,-9.589181999999983,-5.36399,2.4371,0.9183333333333342,0.808000000000001,0.795,0.34,422,5,77.2955,65.36031
-8.99749,0,0.8875,4,141,0,2,0,0,0.4158826666666662,0.7839559999999972,0.0,0.078592,37.33957666666664,31.504936000000033,77.2955,43.014,-12.446493333333315,-9.702595999999984,-22.978,-13.6106,0.8941666666666676,0.7965000000000011,1.0,0.96,422,5,28.4057,23.116108
-20.4739,0,1.0,9,174,0,1,0,0,0.14735999999999955,0.2652479999999972,0.44208,0.805568,54.330066666666646,42.464346000000035,28.4057,6.31753,-17.48312999999998,-14.284795999999982,-8.99749,-5.36399,0.9625000000000009,0.9285000000000011,0.8875,0.795,423,5,57.289,73.88863
-20.1049,0,1.0,2,37,0,2,0,0,0.14735999999999955,0.24952959999999721,0.0,0.0,36.69779999999998,38.74128600000003,57.289,77.2955,-16.525429999999982,-15.583655999999985,-20.4739,-22.978,0.9625000000000009,0.9365000000000009,1.0,1.0,423,5,24.3987,35.599575
7.30367,14,0.005,1,4,8,1,0,0,0.6516599999999996,0.4794119999999972,0.0,0.44208,27.831756666666646,37.83929400000003,24.3987,28.4057,-11.091709999999983,-13.050123999999983,-20.1049,-8.99749,0.6683333333333342,0.778500000000001,1.0,0.8875,424,5,1.80757,3.7569811
11.6035,18,0.09,4,4,10,2,0,0,1.8436399999999995,1.1945999999999972,1.95498,0.0,9.768099999999977,22.99980000000003,1.80757,57.289,-0.39924333333331435,-6.133823999999985,7.30367,-20.4739,0.36500000000000093,0.596500000000001,0.005,1.0,424,5,3.09803,4.6256943
-13.1901,0,0.975,3,340,0,1,0,0,1.8600133333333329,1.1160079999999972,3.57594,0.0,15.080499999999978,25.38584000000003,3.09803,24.3987,1.9056900000000194,-6.972345999999983,11.6035,-20.1049,0.3566666666666676,0.614000000000001,0.09,1.0,425,5,40.3359,43.43633
-3.82262,2,0.85,2,18,2,2,0,0,1.4048333333333332,1.2338959999999972,0.04912,1.95498,16.020619999999976,14.85362600000003,40.3359,1.80757,-1.8030733333333142,-3.6420899999999827,-13.1901,7.30367,0.6383333333333342,0.5840000000000011,0.975,0.005,425,5,4.62793,8.632
-0.281905,6,1.0,4,291,4,1,0,0,0.2128533333333329,1.2338959999999972,0.58944,3.57594,95.57094333333332,58.32368600000003,4.62793,3.09803,-5.764874999999981,0.3225090000000173,-3.82262,11.6035,0.9416666666666677,0.5840000000000011,0.85,0.09,426,5,241.749,164.2205
-0.67337,4,0.6625,2,3,3,2,0,0,0.6385599999999996,1.1081479999999972,0.0,0.04912,82.9613633333333,58.46360400000003,241.749,40.3359,-1.5926316666666478,-1.272898999999983,-0.281905,-13.1901,0.8375000000000008,0.7155000000000011,1.0,0.975,426,5,2.50716,5.459894
-14.2342,0,0.975,8,195,0,1,0,0,0.45845333333333294,0.40278399999999726,1.32624,0.58944,99.82648666666664,68.88865800000004,2.50716,4.62793,-5.063158333333314,-6.440438999999984,-0.67337,-3.82262,0.8791666666666677,0.892500000000001,0.6625,0.85,427,5,55.2233,188.38731
2.21924,6,0.2475,9,9,4,2,0,0,1.4441266666666663,0.9843639999999972,0.04912,0.0,19.799306666666638,61.15497000000003,55.2233,241.749,-4.229443333333315,-3.3585709999999827,-14.2342,-0.281905,0.6283333333333342,0.747000000000001,0.975,1.0,427,5,1.66746,3.0681689
36.4234,28,0.0,2,0,15,1,0,0,1.6569799999999997,1.2594359999999973,2.95702,1.32624,19.88813666666664,60.784114000000024,1.66746,2.50716,8.136146666666685,4.690633000000018,2.21924,-0.67337,0.4075000000000009,0.5770000000000011,0.2475,0.6625,428,5,2.77365,4.9600368
-5.59508,0,0.8975,3,7,0,2,0,0,1.7748679999999997,1.3399927999999972,1.9648,0.04912,2.168383333333305,12.847122000000027,2.77365,55.2233,11.015853333333352,3.627998000000017,36.4234,-14.2342,0.38166666666666754,0.556500000000001,0.0,0.975,428,5,2.06404,8.007672
-5.83629,0,0.36,8,14,0,1,0,0,1.2083513333333329,1.3262387999999974,0.402784,2.95702,2.247706666666638,12.72677600000003,2.06404,1.66746,8.330676666666685,2.595414000000017,-5.59508,2.21924,0.4191666666666675,0.49600000000000105,0.8975,0.2475,429,5,1.90543,6.2645473
-19.087,0,1.0,4,464,0,2,0,0,0.5534179999999996,1.3164147999999973,1.25747,1.9648,56.9278233333333,35.04491600000003,1.90543,2.77365,-10.172789999999983,1.624854000000017,-5.83629,36.4234,0.7525000000000008,0.501000000000001,0.36,0.0,429,5,166.814,104.59035
1.91314,8,0.0,3,2,5,1,0,0,1.0740899999999998,1.1179707999999973,0.0,0.402784,56.72565666666663,35.00293200000003,166.814,2.06404,-7.670049999999983,1.5636340000000173,-19.087,-5.59508,0.4533333333333342,0.451500000000001,1.0,0.8975,430,5,1.45754,-0.800515
-10.9975,0,0.9525,4,626,0,2,0,0,0.7171519999999996,0.7623419999999973,1.9648,1.25747,67.3544133333333,41.20654200000003,1.45754,1.90543,-9.390453333333316,-7.920545999999983,1.91314,-5.83629,0.6508333333333343,0.642000000000001,0.0,0.36,430,5,33.7917,79.7896
30.7289,28,0.0,2,8,15,1,0,0,1.3982819999999994,1.0904631999999974,0.186656,0.0,12.232279999999973,41.08325400000003,33.7917,166.814,7.214846666666684,-0.655749999999982,-10.9975,-19.087,0.3175000000000009,0.4625000000000011,0.9525,1.0,431,5,1.4476,2.1017761
-8.27585,0,0.9225,4,140,0,2,0,0,0.8448633333333327,0.8998779999999973,2.04339,1.9648,22.43019999999997,47.11242800000003,1.4476,1.45754,3.8185166666666848,-1.1436619999999826,30.7289,1.91314,0.6250000000000009,0.5750000000000011,0.0,0.0,431,5,32.0513,38.541813
-5.09869,0,0.515,8,4,0,1,0,0,1.100287333333333,1.0904635999999972,0.304544,0.186656,12.502239999999972,14.551192000000029,32.0513,33.7917,5.784786666666684,1.654000000000017,-8.27585,-10.9975,0.4791666666666676,0.4780000000000011,0.9225,0.9525,432,5,4.00782,8.99701
-7.3294,0,0.8325,4,255,0,2,0,0,0.6385599999999996,0.8291451999999973,0.952928,2.04339,20.266706666666636,19.20788400000003,4.00782,1.4476,-6.9013133333333165,-0.19450799999998286,-5.09869,30.7289,0.7566666666666676,0.6445000000000011,0.515,0.0,432,5,24.741,19.640257
0.559108,6,1.0,4,149,4,1,0,0,0.5370453333333329,0.7918139999999972,0.658208,0.304544,20.25070666666664,18.850204000000026,24.741,32.0513,-3.9563273333333164,2.1168136000000173,-7.3294,-8.27585,0.782500000000001,0.654000000000001,0.8325,0.9225,433,5,32.0033,32.15702
-8.30979,0,0.895,2,37,0,2,0,0,0.35693866666666624,0.4656575999999973,0.0,0.952928,37.28323333333331,29.58176400000003,32.0033,4.00782,-5.026693999999982,-5.6909243999999815,0.559108,-5.09869,0.9091666666666676,0.8330000000000011,1.0,0.515,433,5,55.1054,28.570219
-19.9154,0,1.0,2,155,0,1,0,0,0.13753599999999955,0.4047487999999973,0.412608,0.658208,57.724633333333315,40.38454400000003,55.1054,24.741,-9.222027333333317,-8.018834399999983,-8.30979,-7.3294,0.9650000000000009,0.848500000000001,0.895,0.8325,434,5,86.0652,74.73581
-21.908,0,1.0,3,41,0,2,0,0,0.13753599999999955,0.21416319999999725,0.0,0.0,66.83896666666665,51.45224000000003,86.0652,32.0033,-16.711063333333318,-11.380696399999982,-19.9154,0.559108,0.9650000000000009,0.9455000000000011,1.0,1.0,434,5,59.3463,72.61055
-20.6273,0,0.8,5,461,0,1,0,0,0.13098666666666622,0.16111359999999725,0.0,0.412608,60.81359999999998,53.90990000000003,59.3463,55.1054,-20.816899999999986,-14.040276399999982,-21.908,-8.30979,0.9333333333333341,0.9390000000000012,1.0,0.895,435,5,37.0293,62.985798
0.420461,6,0.3875,2,8,4,2,0,0,0.9332799999999996,0.6424895999999973,0.39296,0.0,32.945883333333306,48.001650000000026,37.0293,86.0652,-14.038279666666652,-14.068005799999984,-20.6273,-19.9154,0.7291666666666675,0.8165000000000011,0.8,1.0,435,5,2.46205,1.867793
-8.43042,0,0.975,2,128,0,1,0,0,0.9496533333333329,0.5697919999999972,2.40688,0.0,25.325049999999976,44.27733000000003,2.46205,59.3463,-9.545752999999984,-14.092131799999981,0.420461,-21.908,0.7208333333333342,0.832500000000001,0.3875,1.0,436,5,36.4838,42.04288
-5.36399,0,0.9,3,0,0,2,0,0,0.9496533333333329,0.6483839999999972,0.04912,0.39296,15.07420333333331,28.319642000000034,36.4838,37.0293,-4.457982999999984,-11.181849799999982,-8.43042,-20.6273,0.7541666666666677,0.8125000000000011,0.975,0.8,436,5,6.27676,10.7658615
-13.6106,0,0.98,3,463,0,1,0,0,0.16045866666666622,0.6562431999999973,0.39296,2.40688,28.673219999999976,25.102202000000027,6.27676,2.46205,-9.135003333333318,-9.522369799999982,-5.36399,0.420461,0.9516666666666675,0.8085000000000011,0.9,0.3875,437,5,43.2591,49.74288
-20.1049,0,1.0,8,187,0,2,0,0,0.14408533333333287,0.5776511999999973,0.039296,0.04912,24.644853333333312,22.576082000000028,43.2591,36.4838,-13.02649666666665,-9.417889799999982,-13.6106,-8.43042,0.9600000000000009,0.8485000000000011,0.98,0.975,437,5,24.3987,26.922495
-10.0921,0,0.84,4,142,0,1,0,0,0.11788799999999955,0.15914879999999726,0.0,0.39296,53.096066666666644,40.409752000000026,24.3987,6.27676,-14.602533333333318,-11.520401999999983,-20.1049,-5.36399,0.9400000000000008,0.9390000000000012,1.0,0.9,438,5,91.6304,51.32381
37.0378,28,0.0,2,9,15,2,0,0,1.5063459999999995,0.9902587999999973,0.314368,0.039296,39.69240666666664,33.72261600000003,91.6304,43.2591,2.2802666666666815,-2.4267579999999827,-10.0921,-13.6106,0.6133333333333342,0.7440000000000012,0.84,0.98,438,5,3.04812,-0.618568
-20.4739,0,1.0,1,123,0,1,0,0,1.5063459999999995,0.9116667999999974,4.20467,0.0,50.655839999999976,43.925064000000035,3.04812,24.3987,2.1572666666666813,-5.448739999999983,37.0378,-20.1049,0.6133333333333342,0.7640000000000011,0.0,1.0,439,5,57.289,115.74302
-3.82262,2,0.8575,2,1,2,2,0,0,1.588212666666666,1.0158011999999974,0.0,0.314368,21.66315333333331,36.20371200000003,57.289,91.6304,4.247093333333349,-3.491143999999983,-20.4739,-10.0921,0.6191666666666675,0.7395000000000012,1.0,0.84,439,5,4.65234,9.891067
5.90739,12,0.01,3,2,7,1,0,0,0.8350393333333327,1.4048311999999974,0.559968,4.20467,21.240439999999975,31.679968000000024,4.65234,3.04812,-6.129709999999984,1.711314000000017,-3.82262,37.0378,0.6225000000000008,0.5415000000000011,0.8575,0.0,440,5,1.77998,3.3538308
4.72935,10,0.02,3,90,6,2,0,0,2.118709333333333,2.1121595999999974,1.94515,0.0,2.9799533333333095,13.855396000000027,1.77998,57.289,2.2713733333333503,4.675604000000018,5.90739,-20.4739,0.2958333333333342,0.3775000000000011,0.01,1.0,440,5,2.50754,2.689536
15.65,22,0.9,3,129,12,1,0,0,1.9975466666666664,1.3105215999999973,3.85101,0.559968,15.888239999999977,21.92121200000003,2.50754,4.65234,8.762246666666684,0.39804400000001827,4.72935,-3.82262,0.3100000000000009,0.5575000000000012,0.02,0.8575,441,5,43.3772,38.61203
-1.65633,4,0.3525,3,5,3,2,0,0,2.1973033333333327,1.8194055999999974,0.19648,1.94515,15.851096666666644,10.797122000000028,43.3772,1.77998,6.241006666666684,4.161558000000019,15.65,5.90739,0.4241666666666675,0.4280000000000011,0.9,0.01,441,5,1.66855,3.412382
-15.225,0,0.835,8,514,0,1,0,0,1.0216973333333328,1.7722503999999972,2.54442,3.85101,84.27991666666665,51.42545400000004,1.66855,2.50754,-0.4104433333333167,1.8810820000000188,-1.65633,4.72935,0.6958333333333342,0.4235000000000012,0.3525,0.02,442,5,207.794,106.903656
4.77164,10,0.225,5,15,6,2,0,0,1.971350666666666,1.9923083999999975,0.324192,0.19648,70.50567,51.48035000000003,207.794,43.3772,-4.036563333333317,1.6539320000000184,-15.225,15.65,0.47083333333333427,0.4665000000000011,0.835,0.9,442,5,2.05446,5.7006536
-14.2342,0,0.98,4,169,0,1,0,0,1.136309333333333,1.2299655999999974,3.04544,2.54442,88.53755333333332,62.13168200000003,2.05446,1.66855,-8.22918666666665,-2.1387779999999816,4.77164,-1.65633,0.6800000000000009,0.6585000000000011,0.225,0.3525,443,5,55.7642,157.9381
-19.087,0,1.0,5,476,0,2,0,0,1.0282453333333328,1.1906695999999974,0.039296,0.324192,74.87755333333331,86.81904200000002,55.7642,207.794,-9.516519999999984,-9.08617799999998,-14.2342,-15.225,0.7350000000000009,0.6785000000000011,0.98,0.835,443,5,166.814,156.58235
17.9679,24,0.05,2,8,13,1,0,0,0.6352853333333327,1.0550975999999974,0.0,3.04544,75.1044633333333,87.03237000000003,166.814,2.05446,-5.1177666666666495,-5.161331999999981,-19.087,4.77164,0.6766666666666675,0.618000000000001,1.0,0.225,444,5,2.73519,-2.0456
-13.8449,0,0.65,3,213,0,2,0,0,1.0806399999999994,1.2653311999999972,1.86656,0.039296,66.61849666666664,51.53483000000002,2.73519,55.7642,-4.987999999999984,-4.885311999999982,17.9679,-14.2342,0.5666666666666675,0.5810000000000011,0.05,0.98,444,5,30.3063,52.438103
-5.83629,0,0.42,4,0,0,1,0,0,1.4604999999999995,0.8841591999999974,1.37536,0.0,11.649943333333313,51.50560600000002,30.3063,166.814,-0.5710966666666503,-7.006897999999981,-13.8449,-19.087,0.37333333333333424,0.6200000000000011,0.65,1.0,445,5,1.90834,8.015847
-11.7287,0,0.875,4,125,0,2,0,0,1.002046666666666,0.9745399999999973,1.13958,1.86656,21.33977999999998,46.71370600000002,1.90834,2.73519,-10.469963333333316,-6.505797999999982,-5.83629,17.9679,0.6483333333333342,0.5990000000000011,0.42,0.05,445,5,31.8047,37.037216
30.722,28,0.0,2,0,15,1,0,0,1.2017999999999995,1.3694639999999974,0.4912,1.37536,11.710536666666648,13.63462000000003,31.8047,30.3063,4.385670000000016,3.4560020000000184,-11.7287,-13.8449,0.43166666666666753,0.3990000000000011,0.875,0.65,446,5,1.41857,1.0616014
-7.3294,0,0.9825,4,88,0,2,0,0,0.8448626666666662,1.0099055999999975,1.97462,1.13958,19.627423333333315,18.219382000000028,1.41857,1.90834,3.8879666666666837,-1.6034579999999814,30.722,-5.83629,0.6191666666666675,0.5855000000000011,0.0,0.42,446,5,25.659,36.137325
30.0545,28,0.035,2,17,15,1,0,0,1.3131393333333328,1.1140395999999975,0.068768,0.4912,9.533206666666647,12.462532000000028,25.659,31.8047,17.815700000000017,7.176422000000019,-7.3294,-11.7287,0.33916666666666756,0.4625000000000011,0.9825,0.875,447,5,1.52205,1.5182167
-8.30979,0,0.99,4,63,0,2,0,0,0.6680313333333329,0.8939827999999974,1.89603,1.97462,28.612416666666647,23.812104000000026,1.52205,1.41857,4.80510333333335,6.681722000000019,30.0545,30.722,0.6691666666666677,0.5765000000000011,0.035,0.0,447,5,58.6562,45.547195
-5.09869,0,0.615,4,2,0,1,0,0,0.8972579999999994,0.9470323999999973,0.039296,0.068768,21.38292666666665,18.245270000000026,58.6562,25.659,5.54867333333335,8.00772400000002,-8.30979,-7.3294,0.5466666666666676,0.5245000000000012,0.99,0.9825,448,5,3.97053,11.135478
-21.908,0,1.0,2,8,0,2,0,0,0.26524799999999943,0.5521083999999974,0.756448,1.89603,40.657676666666646,29.830816000000027,3.97053,1.52205,-11.772159999999985,-2.5182759999999815,-5.09869,30.0545,0.8683333333333342,0.7245000000000011,0.615,0.035,448,5,59.3463,67.82372
-23.3392,0,0.97,7,166,0,1,0,0,0.2717973333333327,0.5501435999999973,0.0,0.039296,42.85974333333331,37.75149600000003,59.3463,58.6562,-16.78196333333332,-5.720235999999982,-21.908,-8.30979,0.8616666666666676,0.7220000000000011,1.0,0.99,449,5,65.2624,60.21283
1.42458,6,0.4275,3,24,4,2,0,0,0.7695479999999993,0.6208775999999973,0.058944,0.756448,42.35592999999999,37.93890400000002,65.2624,3.97053,-14.607539999999986,-11.446219999999983,-23.3392,-5.09869,0.7991666666666676,0.8005000000000011,0.97,0.615,449,5,2.45909,4.5987744
-13.5563,0,0.855,3,180,0,1,0,0,0.8645133333333326,0.6699975999999973,2.2497,0.0,54.402263333333316,45.30472400000002,2.45909,59.3463,-11.823639999999983,-12.495521999999983,1.42458,-21.908,0.7508333333333342,0.773500000000001,0.4275,1.0,450,5,95.4853,59.046314
-5.36399,0,0.905,2,0,0,2,0,0,0.9693026666666661,0.5933703999999973,0.284896,0.058944,34.71983666666665,45.75364200000003,95.4853,65.2624,-5.831903333333316,-12.548581999999984,-13.5563,-23.3392,0.7291666666666675,0.8315000000000012,0.855,0.97,450,5,6.21512,15.700829
-4.75485,0,0.81,8,224,1,1,0,0,0.3436533333333327,0.6679207999999972,0.373312,2.2497,46.45447333333332,41.41698200000003,6.21512,2.45909,-7.891713333333317,-9.117951999999981,-5.36399,1.42458,0.8566666666666677,0.7935000000000011,0.905,0.4275,451,5,37.663,43.089806
-20.1049,0,1.0,4,180,0,2,0,0,0.24868799999999935,0.6561319999999973,0.372752,0.284896,22.758939999999985,33.24424200000003,37.663,95.4853,-10.074579999999983,-8.471091999999981,-4.75485,-13.5563,0.9050000000000008,0.7995000000000012,0.81,0.855,451,5,24.3987,24.016575
-15.3295,0,0.86,4,160,0,1,0,0,0.21594133333333274,0.2612063999999973,0.0,0.373312,33.41686666666665,40.390204000000026,24.3987,6.21512,-13.396416666666648,-11.821907999999983,-20.1049,-5.36399,0.8900000000000009,0.8860000000000012,1.0,0.905,452,5,38.1889,50.892906
36.1927,28,0.025,2,12,15,2,0,0,1.368810666666666,0.9704991999999972,0.275072,0.372752,21.868963333333316,21.897002000000025,38.1889,37.663,0.25276666666668507,-1.8721079999999817,-15.3295,-4.75485,0.6283333333333342,0.7200000000000011,0.86,0.81,452,5,3.01929,1.3794674
-9.93092,0,0.845,9,316,0,1,0,0,1.4703253333333326,0.9567455999999973,3.83136,0.0,28.210596666666646,29.33869800000003,3.01929,24.3987,3.644093333333352,-2.785493999999982,36.1927,-20.1049,0.5766666666666675,0.7080000000000012,0.025,1.0,453,5,43.4236,55.87313
2.92041,24,0.6525,2,102,5,2,0,0,1.8338146666666661,1.1553031999999974,0.304544,0.275072,17.042453333333317,22.742992000000026,43.4236,38.1889,9.727396666666685,-1.2504419999999818,-9.93092,-15.3295,0.5075000000000008,0.6765000000000011,0.845,0.86,453,5,4.68447,7.0675716
-12.5732,0,0.805,4,432,0,1,0,0,0.684406666666666,1.2319303999999973,1.36554,3.83136,44.67682333333332,35.047732000000025,4.68447,3.01929,-6.527903333333316,0.2558980000000183,2.92041,36.1927,0.767500000000001,0.6375000000000012,0.6525,0.025,454,5,85.9224,64.01921
4.72935,10,0.0425,5,101,6,2,0,0,1.8370886666666661,1.9294339999999974,0.383136,0.304544,31.042003333333316,27.913780000000024,85.9224,43.4236,-1.6411466666666488,4.267668000000018,-12.5732,-9.93092,0.5000000000000009,0.4740000000000011,0.805,0.845,454,5,2.51914,5.304405
-20.4739,0,1.0,1,5,0,1,0,0,1.381908666666666,1.1631619999999974,3.76259,1.36554,48.576846666666654,38.76772200000003,2.51914,4.68447,-9.439249999999982,-7.065651999999983,4.72935,2.92041,0.6158333333333342,0.6690000000000011,0.0425,0.6525,455,5,57.289,92.74375
0.25367,6,0.325,3,10,4,2,0,0,2.1383566666666662,1.632749199999997,0.0,0.383136,20.499589999999987,30.421128000000028,57.289,85.9224,-5.163626666666649,-5.028733999999982,-20.4739,-12.5732,0.4558333333333342,0.5650000000000011,1.0,0.805,455,5,1.69063,2.2931917
6.73505,12,0.03,2,9,7,1,0,0,1.5194466666666662,1.7408131999999974,2.65248,3.76259,20.273986666666655,29.852700000000027,1.69063,2.51914,-4.495059999999982,-4.265805999999982,0.25367,4.72935,0.45166666666666755,0.4405000000000011,0.325,0.0425,456,5,1.84233,4.882633
4.77164,10,0.0,4,58,6,2,0,0,2.884983333333333,2.4835079999999974,1.90586,0.0,1.8747733333333192,13.08649200000003,1.84233,57.289,3.920120000000017,-0.7968379999999824,6.73505,-20.4739,0.11833333333333422,0.2795000000000011,0.03,1.0,456,5,2.09136,2.9080493
-19.1071,0,0.81,2,433,0,1,0,0,2.1252606666666662,1.8056523999999974,4.09661,2.65248,14.976229999999985,20.781664000000028,2.09136,1.69063,-2.533469999999982,-5.564127999999982,4.77164,0.25367,0.2800000000000009,0.43300000000000105,0.0,0.325,457,5,40.995,42.391346
-19.087,0,1.0,2,394,0,2,0,0,1.4899739999999995,1.8056523999999974,0.373312,1.90586,69.96678666666665,42.68666400000003,40.995,1.84233,-11.140819999999982,-5.2867479999999825,-19.1071,6.73505,0.6033333333333343,0.43300000000000105,0.81,0.03,457,5,166.814,159.80685
-15.225,0,0.96,3,367,0,1,0,0,0.15063466666666606,1.2908747999999972,0.0,4.09661,135.70499999999998,82.20973800000003,166.814,2.09136,-17.806366666666648,-8.382481999999982,-19.087,4.77164,0.9233333333333342,0.5600000000000012,1.0,0.0,458,5,199.306,138.53592
-5.93451,0,0.855,7,211,0,2,0,0,0.2161279999999994,1.0236611999999972,0.078592,0.373312,132.14409999999998,87.90373200000002,199.306,40.995,-13.415503333333314,-10.916393999999983,-15.225,-19.1071,0.9383333333333342,0.7250000000000011,0.96,0.81,458,5,30.3123,32.47883
-6.92123,0,0.755,8,98,0,1,0,0,0.3765866666666661,0.30061439999999734,0.569792,0.0,94.93726666666667,98.52416000000002,30.3123,166.814,-9.360246666666649,-13.254967999999982,-5.93451,-19.087,0.8566666666666675,0.876000000000001,0.855,1.0,459,5,55.1935,51.813374
-6.47087,0,0.9375,3,52,0,2,0,0,0.43225599999999936,0.2750719999999974,0.481376,0.078592,39.511199999999995,96.93072000000002,55.1935,199.306,-6.442203333333315,-10.727721999999982,-6.92123,-15.225,0.8491666666666675,0.9015000000000011,0.755,0.96,459,5,33.0278,22.138369
36.922,28,0.0,2,8,15,1,0,0,0.903808666666666,0.6719619999999974,0.2456,0.569792,30.32534999999999,64.11887000000003,33.0278,30.3123,7.843300000000017,0.47407800000001715,-6.47087,-5.93451,0.5641666666666675,0.7015000000000011,0.9375,0.855,460,5,2.75475,2.6307535
-7.3294,0,1.0,2,1,0,2,0,0,0.7433499999999995,0.6562435999999974,1.98445,0.481376,20.480516666666656,29.389470000000028,2.75475,55.1935,7.707243333333351,2.0531980000000174,36.922,-6.92123,0.6458333333333343,0.7095000000000011,0.0,0.755,460,5,25.659,23.377764
30.5699,28,0.24,2,10,15,1,0,0,1.1592333333333327,0.8409351999999973,0.0,0.2456,10.120896666666658,23.71679800000003,25.659,33.0278,20.054166666666685,9.354080000000017,-7.3294,-6.47087,0.4133333333333342,0.5865000000000011,1.0,0.9375,461,5,1.94894,3.9186006
-8.30979,0,0.9975,3,19,0,2,0,0,0.5010246666666661,0.7466247999999973,1.49325,1.98445,28.90221333333332,24.49783800000003,1.94894,2.75475,4.976903333333353,9.076368000000018,30.5699,36.922,0.7458333333333341,0.635000000000001,0.24,0.0,461,5,59.0987,37.072384
-3.00901,2,0.205,7,4,2,1,0,0,1.0216979999999996,1.0099087999999974,0.009824,0.0,20.843933333333325,18.189110000000028,59.0987,25.659,6.417033333333353,9.768740000000017,-8.30979,-7.3294,0.4808333333333343,0.48850000000000104,0.9975,1.0,462,5,1.48416,6.5622077
-13.7906,0,0.9,3,27,0,2,0,0,0.6549346666666661,0.6916107999999974,1.56202,1.49325,44.15851999999999,32.01670000000003,1.48416,1.94894,-8.369799999999982,-0.3737799999999819,-3.00901,30.5699,0.7008333333333342,0.6685000000000011,0.205,0.24,462,5,71.8927,51.514957
-2.11589,4,0.12,4,12,3,1,0,0,1.2279999999999995,1.0374147999999974,0.39296,0.009824,24.979149999999994,27.197018000000032,71.8927,59.0987,-6.305166666666647,0.6689220000000181,-13.7906,-8.30979,0.40833333333333427,0.49250000000000105,0.9,0.9975,463,5,1.56059,4.738216
6.07669,12,0.405,3,6,7,2,0,0,1.486696666666666,1.2063867999999973,1.72902,1.56202,25.290206666666663,27.290696000000032,1.56059,1.48416,-3.2765999999999806,-4.229719999999982,-2.11589,-3.00901,0.4750000000000008,0.5255000000000012,0.12,0.205,463,5,2.41733,6.290109
-10.1064,0,0.715,5,115,0,1,0,0,1.5423659999999992,1.3164155999999974,2.33811,0.39296,2.6687199999999955,16.276604000000027,2.41733,71.8927,-2.048533333333314,-4.589041999999982,6.07669,-13.7906,0.4133333333333342,0.4690000000000011,0.405,0.9,464,5,4.02824,7.454287
-5.36399,0,0.8975,2,0,0,2,0,0,1.1002873333333327,1.084568399999997,0.559968,1.72902,4.207316666666663,17.21504800000003,4.02824,1.56059,-3.131233333333314,-5.060037999999983,-10.1064,-2.11589,0.6725000000000009,0.607500000000001,0.715,0.12,464,5,6.17638,10.042195
-23.3392,0,1.0,2,175,0,1,0,0,0.3209173333333326,1.0059763999999973,0.402784,2.33811,25.15567333333333,15.88898800000003,6.17638,2.41733,-12.936529999999982,-6.969757999999983,-5.36399,6.07669,0.8708333333333341,0.6275000000000011,0.8975,0.405,465,5,65.2624,46.56662
-20.1049,0,1.0,2,6,0,2,0,0,0.1342613333333326,0.6601723999999972,0.0,0.559968,31.945826666666665,20.45661000000003,65.2624,4.02824,-16.269363333333317,-10.567559999999983,-23.3392,-10.1064,0.9658333333333342,0.8035000000000011,1.0,0.715,465,5,24.3987,21.850893
-14.5849,0,0.86,9,175,0,1,0,0,0.09169066666666592,0.24756479999999734,0.0,0.402784,60.1573,38.13530400000003,24.3987,6.17638,-19.342999999999982,-14.69987799999998,-20.1049,-5.36399,0.9533333333333341,0.8945000000000011,1.0,0.8975,466,5,90.8108,75.67676
11.5891,16,0.0,1,6,9,2,0,0,1.4015573333333327,0.9214911999999973,0.275072,0.0,39.379639999999995,37.91554000000003,90.8108,65.2624,-7.7002333333333155,-10.360777999999982,-14.5849,-23.3392,0.6200000000000009,0.7515000000000011,0.86,1.0,466,5,2.92942,-0.47802648
16.5564,24,0.545,2,0,13,1,0,0,1.6993653333333327,1.0196191999999975,3.9296,0.0,42.53113999999999,43.45090400000003,2.92942,24.3987,4.5202000000000195,-5.9766999999999815,11.5891,-20.1049,0.4683333333333342,0.6810000000000012,0.0,1.0,467,5,33.8532,13.687838
2.92041,24,1.0,2,0,5,2,0,0,1.6076746666666661,1.0196191999999975,0.893424,0.275072,13.822363333333328,31.335318000000036,33.8532,90.8108,10.355303333333351,-0.7247779999999822,16.5564,-14.5849,0.5150000000000009,0.6810000000000012,0.545,0.86,467,5,4.68447,15.125777
-7.00061,0,0.87,4,96,0,1,0,0,0.38294933333333264,1.0707039999999974,0.0,3.9296,26.037089999999996,34.37029800000003,4.68447,2.92942,4.158733333333353,1.896080000000018,2.92041,11.5891,0.8050000000000009,0.655000000000001,1.0,0.0,468,5,39.5736,40.700302
4.72935,10,0.0525,3,78,6,2,0,0,1.3262413333333327,1.7603495999999974,0.255424,0.893424,15.586809999999995,16.70861000000003,39.5736,33.8532,0.21638333333335247,5.758930000000018,-7.00061,16.5564,0.6408333333333343,0.4935000000000011,0.87,0.545,468,5,2.50236,3.419132
-9.93092,0,0.965,3,243,0,1,0,0,1.3491639999999994,0.9881831999999975,3.7233,0.0,28.712886666666662,24.93526600000003,2.50236,4.68447,-4.067393333333315,1.4549260000000175,4.72935,2.92041,0.6291666666666677,0.6865000000000011,0.0525,1.0,469,5,44.0627,59.024464
0.25367,6,0.2975,3,6,4,2,0,0,2.184202666666666,1.3616063999999977,0.068768,0.255424,16.079579999999996,18.499362000000026,44.0627,39.5736,-1.6492999999999813,-1.805619999999982,-9.93092,-7.00061,0.4383333333333342,0.6370000000000011,0.965,0.87,469,5,1.67368,3.4690433
-9.13908,0,0.89,4,224,0,1,0,0,1.0151453333333327,1.4048319999999976,2.76054,3.7233,43.39346,34.45126800000003,1.67368,2.50236,-6.272109999999981,-4.217517999999982,0.25367,4.72935,0.7175000000000008,0.6150000000000011,0.2975,0.0525,470,5,84.444,67.91924
-1.37696,4,0.11,3,40,3,2,0,0,2.158002666666666,2.0532151999999977,0.216128,0.068768,29.409899999999993,26.95895200000003,84.444,44.0627,-3.420789999999981,-3.092787999999982,-9.13908,-9.93092,0.43250000000000094,0.4630000000000011,0.89,0.965,470,5,2.11202,2.0781767
-18.9887,0,1.0,1,1,0,1,0,0,1.2378226666666658,1.3085551999999976,3.49734,2.76054,47.948339999999995,37.91628000000003,2.11202,1.67368,-9.834913333333315,-7.836397999999983,-1.37696,0.25367,0.6666666666666675,0.6525000000000011,0.11,0.2975,471,5,57.289,78.5474
-19.087,0,1.0,4,327,0,2,0,0,1.1657799999999992,1.2948015999999973,0.0,0.216128,75.40500666666667,62.46654000000003,57.289,84.444,-13.150886666666649,-9.667613999999983,-18.9887,-9.13908,0.7033333333333344,0.6595000000000011,1.0,0.89,471,5,166.814,146.37961
9.16712,14,0.32,2,4,8,1,0,0,0.4453533333333326,1.0099055999999975,0.0,3.49734,75.30072333333332,62.49163800000002,166.814,2.11202,-9.636193333333315,-7.884923999999982,-19.087,-1.37696,0.7733333333333343,0.6640000000000011,1.0,0.11,472,5,1.79917,-0.6627604
-5.93451,0,0.7175,8,0,0,2,0,0,0.8153899999999993,1.1887019999999973,1.33606,0.0,65.37425666666665,51.104758000000025,1.79917,57.289,-5.284796666666647,-7.244009999999983,9.16712,-18.9887,0.6791666666666676,0.6295000000000013,0.32,1.0,472,5,27.5096,8.025001
-19.1071,0,1.0,3,571,0,1,0,0,0.8153899999999993,0.4892339999999974,1.11011,0.0,23.43459,58.88135400000003,27.5096,166.814,-5.291496666666647,-10.790037999999981,-5.93451,-19.087,0.6791666666666676,0.8075000000000012,0.7175,1.0,473,5,40.995,44.0507
-17.3856,0,0.9475,2,130,0,2,0,0,0.4388046666666659,0.5304947999999974,0.0,1.33606,33.855199999999996,54.03575400000003,40.995,1.79917,-14.142403333333315,-10.469417999999981,-19.1071,9.16712,0.8883333333333342,0.7970000000000012,1.0,0.32,473,5,33.061,45.52834
-11.1086,0,0.91,5,184,0,1,0,0,0.12771199999999924,0.5658611999999974,0.206304,1.11011,87.68866666666666,58.474954000000025,33.061,27.5096,-15.86709999999998,-8.873737999999982,-17.3856,-5.93451,0.9525000000000009,0.7790000000000011,0.9475,0.7175,474,5,189.01,74.8313
-5.45505,0,0.8475,5,23,0,2,0,0,0.3274666666666659,0.4185019999999974,0.176832,0.0,88.01026666666667,66.50708000000002,189.01,40.995,-11.316416666666647,-11.798171999999983,-11.1086,-19.1071,0.9016666666666676,0.8845000000000012,0.91,1.0,474,5,41.9598,19.082253
-26.6845,0,0.815,10,226,0,1,0,0,0.37986133333333255,0.2691775999999974,0.599264,0.206304,94.33876666666664,71.41446000000003,41.9598,33.061,-14.416049999999979,-15.948169999999982,-5.45505,-17.3856,0.8575000000000008,0.9040000000000011,0.8475,0.9475,475,5,52.0465,110.81407
-10.446,0,0.9925,6,47,0,2,0,0,0.3307413333333326,0.27507199999999743,0.363488,0.176832,52.941999999999986,76.17940000000003,52.0465,189.01,-14.195183333333317,-14.215949999999982,-26.6845,-11.1086,0.8850000000000008,0.9025000000000011,0.815,0.91,475,5,64.8197,59.941338
14.2563,20,0.015,3,6,11,1,0,0,0.7760966666666659,0.6208771999999974,0.029472,0.599264,39.865706666666654,70.11338400000002,64.8197,41.9598,-7.624733333333313,-7.887569999999982,-10.446,-5.45505,0.6075000000000009,0.7160000000000012,0.9925,0.8475,476,5,2.73092,5.743515
-13.7906,0,1.0,4,71,0,2,0,0,0.6549339999999992,0.5855107999999973,1.93533,0.363488,46.481106666666655,46.68992400000003,2.73092,52.0465,-3.3267666666666478,-8.423969999999983,14.2563,-26.6845,0.6691666666666677,0.7340000000000011,0.015,0.815,476,5,71.8927,62.504047
3.26368,8,0.03,2,17,5,1,0,0,1.280396666666666,0.8468299999999974,0.0,0.029472,25.541873333333324,38.698364000000026,71.8927,64.8197,1.2431266666666856,-6.680223999999983,-13.7906,-10.446,0.3483333333333342,0.5705000000000011,1.0,0.9925,477,5,2.002,0.67248493
4.98817,10,0.04,2,15,6,2,0,0,1.892759999999999,1.5286163999999975,1.90586,1.93533,25.421483333333327,28.763014000000027,2.002,2.73092,-1.846249999999981,-0.3456899999999822,3.26368,14.2563,0.3566666666666676,0.4155000000000012,0.03,0.015,477,5,2.36975,3.8692431
-3.00901,2,0.39,7,2,2,1,0,0,2.2922699999999994,1.7624279999999974,3.77242,0.0,1.9584499999999903,16.099794000000028,2.36975,71.8927,1.7476133333333521,1.1417080000000177,4.98817,-13.7906,0.15333333333333424,0.29500000000000115,0.04,1.0,478,5,1.5036,4.9232445
-10.5273,0,0.8675,3,387,0,2,0,0,1.830540666666666,1.4794963999999973,1.19853,1.90586,3.4485866666666567,16.84809200000003,1.5036,2.002,-2.849379999999981,-3.8150119999999816,-3.00901,3.26368,0.43250000000000094,0.4655000000000012,0.39,0.03,478,5,6.47241,8.625029
7.60974,14,0.075,2,4,8,1,0,0,1.178880666666666,1.8429843999999975,0.520672,3.77242,3.187126666666657,2.786626000000028,6.47241,2.36975,-1.9755233333333144,0.465056000000018,-10.5273,4.98817,0.44416666666666754,0.2805000000000012,0.8675,0.04,479,5,1.58537,1.9087955
-20.1049,0,1.0,2,3,0,2,0,0,0.779370666666666,1.4618123999999972,1.81744,1.19853,10.818826666666657,7.265966000000029,1.58537,1.5036,-7.674153333333315,-4.208659999999982,7.60974,-3.00901,0.6475000000000009,0.47450000000000114,0.075,0.39,479,5,24.3987,19.264305
-10.1064,0,0.93,4,387,0,1,0,0,0.6516586666666658,0.7348355999999974,0.0,0.520672,10.08427999999999,7.645770000000027,24.3987,6.47241,-7.533853333333315,-7.227573999999981,-20.1049,-10.5273,0.6683333333333342,0.6525000000000012,1.0,0.8675,480,5,4.26877,14.937168
16.636,20,0.0,1,6,11,2,0,0,1.3557119999999994,1.2810495999999976,0.137536,1.81744,10.50709999999999,7.915816000000028,4.26877,1.58537,-4.5250999999999815,-3.2985719999999814,-10.1064,7.60974,0.6433333333333342,0.5745000000000011,0.93,0.075,480,5,2.85383,3.0774355
-23.3392,0,1.0,2,20,0,1,0,0,1.3557119999999994,1.1769151999999974,3.9296,0.0,24.12833333333332,19.67381400000003,2.85383,24.3987,-5.603199999999982,-5.860951999999982,16.636,-20.1049,0.6433333333333343,0.6010000000000012,0.0,1.0,481,5,65.2624,48.405163
2.92041,24,1.0,2,0,5,2,0,0,1.309866666666666,0.8134271999999975,0.0,0.137536,24.266899999999993,20.293634000000033,65.2624,4.26877,-1.260929999999982,-6.798817999999983,-23.3392,-10.1064,0.6666666666666675,0.7860000000000011,1.0,0.93,481,5,4.68447,13.566871
-14.5849,0,0.975,9,187,0,1,0,0,0.01637333333333259,0.8232511999999975,0.0,3.9296,54.460223333333325,34.100654000000034,4.68447,2.85383,-11.667896666666648,-5.694817999999982,2.92041,16.636,0.9916666666666676,0.7810000000000011,1.0,0.0,482,5,93.4338,73.36462
4.72935,10,0.0,8,97,6,2,0,0,1.3688099999999992,1.6072059999999975,0.04912,0.0,33.54516999999999,33.75034800000003,93.4338,65.2624,-2.311713333333314,-2.7276679999999818,-14.5849,-23.3392,0.6583333333333342,0.5950000000000012,0.975,1.0,482,5,2.51724,9.283695
-15.159,0,0.795,4,135,0,1,0,0,1.5030713333333325,0.9018427999999972,4.05731,0.0,43.19174666666666,39.90442200000003,2.51724,4.68447,-8.338183333333314,-9.086667999999982,4.72935,2.92041,0.5900000000000009,0.7540000000000011,0.0,1.0,483,5,33.6242,65.579735
2.41268,8,0.1625,3,8,5,2,0,0,2.5837113333333326,1.5600507999999973,0.402784,0.04912,12.603246666666658,27.185602000000028,33.6242,93.4338,-2.6723233333333147,-3.9362919999999813,-15.159,-14.5849,0.3191666666666676,0.5865000000000011,0.795,0.975,483,5,1.6683,1.6019033
-7.00061,0,0.95,4,73,0,1,0,0,1.2640213333333326,1.5796987999999972,3.29104,4.05731,25.22609999999999,34.325868000000035,1.6683,2.51724,-6.582309999999981,-5.920495999999981,2.41268,4.72935,0.6358333333333342,0.5765000000000011,0.1625,0.0,484,5,40.3858,46.376644
-1.37696,4,0.635,3,10,3,2,0,0,1.6078599999999994,1.8567347999999975,0.09824,0.402784,14.717173333333326,16.05859200000003,40.3858,33.6242,-1.988296666666648,-3.2789079999999813,-7.00061,-15.159,0.5825000000000009,0.5085000000000012,0.95,0.795,484,5,2.09742,4.3875504
-9.93092,0,0.95,4,231,0,1,0,0,0.5435933333333325,1.0649207999999972,1.4343,3.29104,28.76440666666666,24.31714400000003,2.09742,1.6683,-6.10282999999998,-6.210961999999982,-1.37696,2.41268,0.845000000000001,0.6985000000000012,0.635,0.1625,485,5,43.81,58.719753
-23.4382,0,0.8975,4,130,0,2,0,0,0.645107999999999,1.0649207999999974,0.09824,0.09824,65.04180666666666,47.43590400000003,43.81,40.3858,-11.582026666666648,-7.866801999999981,-9.93092,-7.00061,0.8275000000000009,0.7190000000000012,0.95,0.95,485,5,149.218,117.597015
-9.13908,0,0.965,2,129,0,1,0,0,0.18993066666666578,0.42046639999999735,0.402784,1.4343,92.40013333333332,63.93672400000003,149.218,2.09742,-14.169399999999982,-10.177153999999982,-23.4382,-1.37696,0.9375000000000009,0.8795000000000011,0.8975,0.635,486,5,84.1724,51.386032
-5.93451,0,0.705,8,0,0,2,0,0,0.5435939999999991,0.6326643999999974,0.068768,0.09824,86.15893333333332,60.87684400000003,84.1724,43.81,-12.837263333333317,-9.96393399999998,-9.13908,-9.93092,0.8558333333333342,0.830500000000001,0.965,0.95,486,5,25.0864,21.16189
-18.9887,0,1.0,1,12,0,1,0,0,0.40933266666666573,0.34580439999999735,1.15923,0.402784,55.51593333333332,71.91516000000003,25.0864,149.218,-11.35409666666665,-13.486281999999983,-5.93451,-23.4382,0.8900000000000009,0.9035000000000011,0.705,0.8975,487,5,57.289,71.28979
-13.1888,0,0.9975,3,74,0,2,0,0,0.3896846666666658,0.32812119999999734,0.0,0.068768,39.06873333333332,70.11932000000003,57.289,84.1724,-12.704003333333313,-14.137857999999984,-18.9887,-9.13908,0.9008333333333343,0.9130000000000011,1.0,0.965,487,5,34.8308,49.746166
6.32201,12,0.945,1,6,7,1,0,0,0.03929599999999911,0.26917719999999734,0.009824,1.15923,31.305096666666657,40.63481800000003,34.8308,25.0864,-8.618496666666648,-8.185815999999981,-13.1888,-5.93451,0.9808333333333342,0.922500000000001,0.9975,0.705,488,5,1.79549,26.316334
-5.45505,0,0.8675,2,0,0,2,0,0,0.2127919999999991,0.3595211999999973,0.108064,0.0,25.513963333333322,31.78345800000003,1.79549,57.289,-4.107279999999982,-7.449009999999982,6.32201,-18.9887,0.9366666666666675,0.9030000000000011,0.945,1.0,488,5,39.9156,15.91496
-19.1071,0,1.0,4,618,0,1,0,0,0.20951733333333245,0.12767519999999738,0.520488,0.009824,27.568696666666654,34.96517800000002,39.9156,34.8308,-6.0800466666666475,-10.083527999999982,-5.45505,-13.1888,0.9375000000000009,0.9620000000000012,0.8675,0.9975,489,5,40.995,33.751766
-10.446,0,1.0,2,13,0,2,0,0,0.1734959999999991,0.12767519999999738,0.0,0.108064,48.57676666666666,36.47131800000003,40.995,1.79549,-11.669383333333315,-8.37498799999998,-19.1071,6.32201,0.9558333333333343,0.9620000000000012,1.0,0.945,489,5,64.8197,53.81994
-11.1086,0,0.955,9,299,0,1,0,0,0.02947199999999911,0.1433935999999974,0.0,0.520488,97.06456666666666,66.58095800000002,64.8197,39.9156,-13.55389999999998,-7.958947999999981,-10.446,-5.45505,0.9850000000000009,0.9535000000000012,1.0,0.8675,490,5,185.379,64.41538
-10.9545,0,0.97,3,109,0,2,0,0,0.06876799999999911,0.1453583999999974,0.088416,0.0,110.43459999999997,82.44288000000003,185.379,40.995,-10.836366666666647,-11.41424999999998,-11.1086,-19.1071,0.9750000000000009,0.9585000000000011,0.955,1.0,490,5,81.1051,31.822525
-15.7716,0,0.915,5,270,0,1,0,0,0.12443733333333244,0.07466239999999738,0.117888,0.0,107.31976666666664,85.55480000000003,81.1051,64.8197,-12.611566666666647,-13.47755999999998,-10.9545,-10.446,0.9466666666666675,0.9680000000000012,0.97,1.0,491,5,55.4752,104.560936
-7.02639,0,0.065,4,41,0,2,0,0,1.319691999999999,0.8094983999999974,0.167008,0.088416,46.29509999999999,77.81680000000001,55.4752,185.379,-11.25082999999998,-11.061417999999978,-15.7716,-11.1086,0.6500000000000009,0.7810000000000012,0.915,0.955,491,5,2.305,12.619537
15.1228,20,0.045,3,6,11,1,0,0,1.9058559999999989,1.1847743999999973,3.67418,0.117888,20.150816666666657,65.38731000000003,2.305,81.1051,-2.558396666666648,-5.94765799999998,-7.02639,-10.9545,0.3416666666666676,0.5900000000000011,0.065,0.97,492,5,2.67225,4.8578076
-15.4921,0,0.875,3,593,0,2,0,0,2.013919999999999,1.2653311999999974,1.87638,0.167008,4.01763999999999,29.72664400000002,2.67225,55.4752,-2.465229999999981,-6.824357999999981,15.1228,-15.7716,0.3283333333333342,0.5740000000000012,0.045,0.915,492,5,7.07567,13.064595
3.6351,8,0.02,2,8,5,1,0,0,1.4310266666666658,1.6268535999999973,0.4912,3.67418,3.919776666666657,13.907906000000022,7.07567,2.305,1.0886000000000189,-3.90643799999998,-15.4921,-7.02639,0.3133333333333342,0.3840000000000011,0.875,0.065,493,5,2.01141,2.2088332
-20.1049,0,1.0,2,69,0,2,0,0,0.8055666666666657,1.5934519999999972,1.9255,1.87638,11.161926666666659,7.692606000000024,2.01141,2.67225,-10.653966666666648,-4.7730979999999805,3.6351,15.1228,0.6316666666666676,0.40100000000000113,0.02,0.045,493,5,24.3987,21.140999
29.2913,28,0.38,2,4,15,1,0,0,1.0478933333333325,1.1022519999999976,0.0,0.4912,9.307916666666657,7.534334000000024,24.3987,7.07567,4.273833333333353,2.4904400000000195,-20.1049,-15.4921,0.4666666666666675,0.46400000000000113,1.0,0.875,494,5,1.51364,4.037116
36.7057,28,0.0075,2,3,15,2,0,0,1.7061033333333324,1.5070019999999975,1.21818,1.9255,9.566373333333324,7.557240000000024,1.51364,2.01141,15.297366666666685,6.80702000000002,29.2913,3.6351,0.46250000000000085,0.4565000000000012,0.38,0.02,494,5,2.78678,2.8214557
1.52853,6,0.085,2,54,4,1,0,0,2.3053666666666657,1.7683199999999974,3.90013,0.0,1.9840333333333238,6.472442000000024,2.78678,24.3987,22.50851000000002,10.211146000000019,36.7057,-20.1049,0.1575000000000009,0.29850000000000115,0.0075,1.0,495,5,1.65168,4.1975503
-4.61333,0,0.4725,4,26,1,2,0,0,2.590259999999999,1.7977919999999972,1.79779,1.21818,3.4014866666666568,7.223360000000023,1.65168,1.51364,11.206966666666686,8.56146000000002,1.52853,29.2913,0.1883333333333342,0.3890000000000011,0.085,0.38,495,5,5.766,4.3269043
-10.1064,0,0.93,6,273,0,1,0,0,1.336061999999999,1.8252991999999975,2.07286,3.90013,3.974059999999991,3.2445200000000227,5.766,2.78678,-4.397066666666649,10.561160000000019,-4.61333,36.7057,0.49583333333333424,0.37500000000000117,0.4725,0.0075,496,5,4.5045,10.375037
2.18989,8,0.095,5,62,5,2,0,0,1.9222286666666655,2.292921199999997,0.137536,1.79779,4.276876666666657,3.4538180000000223,4.5045,1.65168,-4.176613333333315,5.140878000000019,-10.1064,1.52853,0.4991666666666676,0.31800000000000117,0.93,0.085,496,5,2.56013,3.1598516
-28.5179,0,0.975,3,97,0,1,0,0,1.2476486666666655,1.5227191999999976,3.55629,2.07286,35.582376666666654,22.832962000000023,2.56013,5.766,-12.144803333333314,-7.9038419999999805,2.18989,-4.61333,0.6666666666666675,0.5115000000000012,0.095,0.4725,497,5,99.6825,65.57808
30.6746,28,0.175,2,0,15,2,0,0,2.2824433333333323,1.8115451999999976,0.04912,0.137536,34.62937999999999,22.831728000000023,99.6825,4.5045,1.448863333333352,-2.0746279999999806,-28.5179,-10.1064,0.41500000000000087,0.5295000000000012,0.975,0.93,497,5,1.64551,0.76920915
-14.5849,0,0.965,3,194,0,1,0,0,1.119935999999999,1.4107267999999975,3.24192,3.55629,64.61753666666665,40.18344800000002,1.64551,2.56013,-4.1427333333333145,-4.06894199999998,30.6746,2.18989,0.705000000000001,0.6280000000000012,0.175,0.095,498,5,92.5246,100.74936
-1.37696,4,0.6,3,2,3,2,0,0,1.6275093333333324,1.6975875999999974,0.068768,0.04912,32.08202666666666,39.69774200000002,92.5246,99.6825,4.904246666666686,-2.3230539999999795,-14.5849,-28.5179,0.5800000000000008,0.5620000000000012,0.965,0.975,498,5,2.07597,4.0038652
-15.159,0,0.975,7,290,0,1,0,0,0.5632426666666656,0.9961535999999972,1.57184,3.24192,42.99535666666666,46.062816000000026,2.07597,1.64551,-10.373619999999981,-5.79283199999998,-1.37696,30.6746,0.8466666666666676,0.7380000000000011,0.6,0.175,499,5,34.3855,87.292595
-23.4382,0,1.0,4,258,0,2,0,0,0.5403199999999989,0.9863295999999974,0.04912,0.068768,61.89315666666666,55.969916000000026,34.3855,92.5246,-13.324719999999983,-4.776891999999979,-15.159,-14.5849,0.8583333333333343,0.7430000000000011,0.975,0.965,499,5,149.218,127.893005
-20.2371,0,0.875,4,77,0,1,0,0,0.09823999999999895,0.3870655999999974,0.0,1.57184,74.63763333333331,63.70269400000002,149.218,2.07597,-19.611433333333313,-14.95923199999998,-23.4382,-1.37696,0.9500000000000007,0.8830000000000012,1.0,0.6,500,5,40.3094,54.0398
-5.93451,0,0.7175,8,0,0,2,0,0,0.45190333333333227,0.5953339999999974,0.2456,0.04912,70.89836666666666,49.83131400000002,40.3094,34.3855,-16.536603333333314,-13.22915399999998,-20.2371,-15.159,0.8641666666666676,0.8335000000000011,0.875,0.975,500,5,23.1677,15.235095
-9.93092,0,0.945,5,188,0,1,0,0,0.4879246666666656,0.3025787999999974,1.11011,0.0,35.67906666666666,58.128140000000016,23.1677,149.218,-12.034176666666648,-14.939945999999981,-5.93451,-23.4382,0.8458333333333342,0.9025000000000011,0.7175,1.0,501,5,43.5601,49.883232
-13.1888,0,0.995,4,154,0,2,0,0,0.41260733333333227,0.2966843999999974,0.108064,0.2456,34.02289999999999,58.31922000000003,43.5601,40.3094,-9.684743333333316,-14.54590599999998,-9.93092,-20.2371,0.8858333333333341,0.9065000000000012,0.945,0.875,501,5,35.3409,46.70223
-22.6622,0,0.67,7,605,0,1,0,0,0.2586986666666656,0.42636119999999733,0.019648,1.11011,51.70293333333333,43.71718000000003,35.3409,23.1677,-15.26063999999998,-14.39070599999998,-13.1888,-5.93451,0.8700000000000009,0.8405000000000011,0.995,0.7175,502,5,76.2078,59.02293
-5.45505,0,0.88,3,0,0,2,0,0,0.3798613333333323,0.4715515999999974,0.648384,0.108064,49.93179999999999,43.30464000000002,76.2078,43.5601,-13.768683333333314,-11.434295999999978,-22.6622,-9.93092,0.8483333333333342,0.8415000000000011,0.67,0.945,502,5,38.2467,19.630983
2.61716,8,1.0,2,101,5,1,0,0,0.3733119999999989,0.2495295999999974,0.471552,0.019648,57.24783333333332,50.12890000000002,38.2467,35.3409,-8.500029999999981,-9.723961999999979,-5.45505,-13.1888,0.8500000000000009,0.8980000000000011,0.88,0.995,503,5,57.289,83.46903
-10.446,0,1.0,2,0,0,2,0,0,0.15718399999999896,0.22791679999999742,0.0,0.648384,53.45179999999999,54.38082000000003,57.289,76.2078,-4.427963333333316,-9.82697799999998,2.61716,-22.6622,0.9600000000000009,0.909000000000001,1.0,0.67,503,5,64.8197,38.345673
33.5451,28,0.0,2,10,15,1,0,0,0.6778566666666657,0.6307011999999974,0.0,0.471552,41.30678666666666,47.674972000000025,64.8197,38.2467,8.572086666666683,-0.48019799999998014,-10.446,-5.45505,0.6666666666666675,0.7100000000000011,1.0,0.88,504,5,1.81166,3.8494549
-10.9545,0,0.9775,4,319,0,2,0,0,0.7073286666666657,0.5187075999999974,2.03357,0.0,49.79668666666666,48.98515200000003,1.81166,57.289,4.0482000000000165,1.8613420000000205,33.5451,2.61716,0.6591666666666676,0.7715000000000012,0.0,1.0,504,5,82.7587,79.6325
-16.3984,0,0.87,4,171,0,1,0,0,0.792469999999999,0.4754819999999974,0.088416,0.0,42.600653333333334,49.98213200000002,82.7587,64.8197,2.0640666666666845,-0.32732799999997936,-10.9545,-10.446,0.6158333333333342,0.7695000000000012,0.9775,1.0,505,5,43.2316,49.80366
10.8072,16,0.305,1,132,9,2,0,0,1.024969999999999,1.0216959999999973,0.255424,2.03357,42.77435,38.99088200000003,43.2316,1.81166,-5.515233333333316,1.3106800000000205,-16.3984,33.5451,0.7175000000000008,0.6305000000000012,0.87,0.0,505,5,2.33275,19.26191
-11.1086,0,0.965,8,141,0,1,0,0,1.0184206666666655,1.0354495999999975,2.73107,0.088416,75.35311666666666,62.12594200000003,2.33275,82.7587,-5.5665999999999825,1.1781600000000203,10.8072,-10.9545,0.7133333333333342,0.6235000000000012,0.305,0.9775,506,5,180.495,107.301926
-5.60871,0,0.875,2,536,0,2,0,0,1.0970126666666655,0.7269755999999974,0.068768,0.255424,63.44449333333333,63.26475600000002,180.495,43.2316,-1.9700366666666487,-6.652601999999979,-11.1086,-16.3984,0.7150000000000007,0.7985000000000012,0.965,0.87,506,5,7.50573,24.893131
-15.7716,0,0.98,2,233,0,1,0,0,0.19975466666666564,0.7171515999999973,0.4912,2.73107,81.43064333333334,57.971256000000025,7.50573,2.33275,-10.82963666666665,-7.61602199999998,-5.60871,10.8072,0.9400000000000008,0.799000000000001,0.875,0.305,507,5,56.2912,147.72324
-20.1049,0,1.0,8,133,0,2,0,0,0.176831999999999,0.6660667999999973,0.039296,0.068768,29.398543333333336,54.20467600000003,56.2912,180.495,-13.828403333333315,-8.357321999999979,-15.7716,-11.1086,0.9516666666666675,0.8250000000000011,0.98,0.965,507,5,24.3987,33.044415
15.1228,20,0.0,3,0,11,1,0,0,0.6844053333333324,0.5226367999999975,0.0,0.4912,27.766986666666668,54.26033800000003,24.3987,7.50573,-6.917899999999984,-7.49420199999998,-20.1049,-5.60871,0.6600000000000009,0.7640000000000011,1.0,0.875,508,5,2.61106,5.3111634
36.0429,28,0.015,2,6,15,2,0,0,1.9615266666666653,1.2830151999999972,2.01392,0.039296,9.916563333333334,18.709324000000024,2.61106,56.2912,10.353600000000018,1.9360980000000212,15.1228,-15.7716,0.3383333333333342,0.5740000000000012,0.0,0.98,508,5,2.73993,2.1382236
5.34216,10,0.01,5,11,6,1,0,0,2.609909999999999,1.5738051999999976,3.87066,0.0,2.4463733333333333,17.605804000000024,2.73993,24.3987,18.835953333333354,4.126272000000021,36.0429,-20.1049,0.008333333333334221,0.40100000000000113,0.015,1.0,509,5,1.98813,1.7071723
-4.76081,0,0.6975,4,6,1,2,0,0,2.3344433333333323,1.8034499999999973,1.94515,2.01392,3.6240966666666665,7.576410000000022,1.98813,2.61106,12.20808333333335,6.328430000000021,5.34216,15.1228,0.24083333333333423,0.3445000000000012,0.01,0.0,509,5,6.14423,6.1478066
1.37638,6,0.205,9,97,4,1,0,0,1.5648966666666657,2.1158539999999975,1.18752,3.87066,3.255406666666666,3.023442000000023,6.14423,2.73993,0.6525766666666831,10.62468600000002,-4.76081,36.0429,0.30416666666666753,0.18550000000000116,0.6975,0.015,510,5,1.63386,3.9783134
3.37874,6,0.3,5,12,4,2,0,0,1.8334199999999987,2.2632139999999974,1.56202,1.94515,3.142606666666667,2.831176000000023,1.63386,1.98813,-0.0018966666666500782,8.27587400000002,1.37638,5.34216,0.40083333333333426,0.24550000000000116,0.205,0.01,510,5,1.64973,2.478325
1.52853,6,0.365,6,0,4,1,0,0,1.8534633333333321,1.7386119999999974,2.75072,1.18752,1.6365100000000001,2.6083780000000223,1.64973,6.14423,2.0945500000000163,1.3730000000000198,3.37874,-4.76081,0.29000000000000087,0.31550000000000117,0.3,0.6975,511,5,1.62594,3.7361927
-1.37696,4,0.6,4,0,3,2,0,0,1.8567366666666656,1.6639499999999974,1.24765,1.56202,1.77693,2.6217760000000228,1.62594,1.63386,1.1767700000000167,0.029176000000019808,1.52853,1.37638,0.4216666666666676,0.43350000000000116,0.365,0.205,511,5,2.05512,3.4013677
-10.1064,0,0.945,8,232,0,1,0,0,0.9758513333333321,1.4480587999999972,1.57184,2.75072,2.8080233333333333,2.341532000000023,2.05512,1.64973,-3.31827666666665,-1.0399419999999804,-1.37696,3.37874,0.6366666666666675,0.4830000000000011,0.6,0.3,512,5,4.74301,11.499307
-23.4382,0,1.0,4,429,0,2,0,0,0.5599679999999988,1.1356547999999973,0.108064,1.24765,52.005376666666656,31.858360000000022,4.74301,1.62594,-11.640519999999983,-6.00285799999998,-10.1064,1.52853,0.8483333333333342,0.642000000000001,0.945,0.365,512,5,149.218,126.97019
-28.5179,0,1.0,9,164,0,1,0,0,0.03602133333333215,0.5855107999999973,0.0,1.57184,84.54783666666667,51.46491400000002,149.218,2.05512,-20.687499999999982,-12.38218599999998,-23.4382,-1.37696,0.9816666666666675,0.7820000000000011,1.0,0.6,513,5,99.6825,59.22493
-10.1113,0,0.6275,9,8,0,2,0,0,0.4879266666666655,0.6287367999999973,0.0,0.108064,89.99266666666666,55.35522600000003,99.6825,4.74301,-20.689133333333317,-14.71015199999998,-28.5179,-10.1064,0.8758333333333342,0.8345000000000011,1.0,0.945,513,5,21.0775,18.00224
-14.5849,0,1.0,2,1,0,1,0,0,0.4879266666666655,0.31436879999999734,1.46378,0.0,71.09486666666668,73.44912200000003,21.0775,149.218,-17.738033333333316,-17.35173999999998,-10.1113,-23.4382,0.8758333333333342,0.9145000000000012,0.6275,1.0,514,5,92.5246,80.236015
-13.1888,0,1.0,3,15,0,2,0,0,0.4879266666666655,0.29275599999999735,0.0,0.0,49.64766666666668,79.56870000000002,92.5246,99.6825,-12.628333333333316,-17.96821999999998,-14.5849,-28.5179,0.8758333333333342,0.9255000000000011,1.0,1.0,514,5,35.3409,42.50813
-15.159,0,0.98,4,225,0,1,0,0,0.013098666666665482,0.30061519999999736,0.0,1.46378,54.23786666666668,56.69472000000003,35.3409,21.0775,-14.310899999999982,-16.31237999999998,-13.1888,-10.1113,0.9933333333333342,0.9215000000000011,1.0,0.6275,515,5,34.8481,66.20962
20.2841,28,0.7775,2,218,15,2,0,0,0.3045439999999988,0.47548239999999736,0.039296,0.0,35.49783333333334,44.01912000000002,34.8481,92.5246,-2.6878999999999835,-6.551979999999981,-15.159,-14.5849,0.9191666666666675,0.877000000000001,0.98,1.0,515,5,36.3045,23.633917
-20.2371,0,1.0,4,124,0,1,0,0,0.3045439999999988,0.18272639999999735,0.874336,0.0,37.15400000000001,47.865500000000026,36.3045,35.3409,-5.037333333333317,-8.57713999999998,20.2841,-13.1888,0.9191666666666675,0.9515000000000011,0.7775,1.0,516,5,40.3094,51.560196
-10.446,0,1.0,2,0,0,2,0,0,0.29144533333333217,0.18272639999999735,0.0,0.039296,47.144533333333335,42.32452000000002,40.3094,34.8481,-3.4663333333333166,-7.749359999999982,-20.2371,-15.159,0.9258333333333342,0.9515000000000011,1.0,0.98,516,5,64.8197,61.21875
-9.93092,0,0.98,1,90,0,1,0,0,0.013098666666665482,0.19058559999999733,0.0,0.874336,49.73030000000001,44.06870000000002,64.8197,36.3045,-13.538006666666648,-7.097783999999981,-10.446,20.2841,0.9933333333333342,0.9475000000000012,1.0,0.7775,517,5,44.0618,34.965294
-10.9545,0,0.985,4,204,0,2,0,0,0.03274666666666548,0.19451519999999733,0.039296,0.0,63.743500000000004,53.56888000000002,44.0618,40.3094,-10.44380666666665,-6.256883999999981,-9.93092,-20.2371,0.9883333333333342,0.9485000000000012,0.98,1.0,517,5,82.349,67.48365
-22.6622,0,1.0,5,956,0,1,0,0,0.03274666666666548,0.019647999999997334,0.058944,0.0,67.53953333333334,61.54954000000002,82.349,64.8197,-14.515873333333316,-14.846143999999981,-10.9545,-10.446,0.9883333333333342,0.9930000000000012,0.985,1.0,518,5,76.2078,54.50232
10.8072,16,0.0,2,0,9,2,0,0,1.3295146666666655,0.8055679999999974,0.0,0.039296,53.60204000000001,53.93752400000003,76.2078,44.0618,-7.603166666666648,-8.63728399999998,-22.6622,-9.93092,0.6616666666666675,0.7930000000000011,1.0,0.98,518,5,2.24932,7.357979
-14.8167,0,0.87,5,641,0,1,0,0,1.395007999999999,0.8566527999999973,3.9296,0.058944,44.42980666666668,51.94004400000002,2.24932,82.349,-8.890566666666649,-9.51142399999998,10.8072,-10.9545,0.6233333333333343,0.7670000000000011,0.0,0.985,519,5,54.8323,65.75271
-4.4271,2,0.785,3,8,2,2,0,0,1.676629333333332,1.0177663999999973,0.255424,0.0,21.539806666666674,44.63524400000003,54.8323,76.2078,-2.812199999999983,-8.41065999999998,-14.8167,-22.6622,0.5516666666666675,0.7280000000000012,0.87,1.0,519,5,7.5378,6.3439713
31.6164,28,0.01,2,12,15,1,0,0,1.0151459999999988,1.3950075999999973,0.844864,3.9296,21.38825000000001,28.524374000000023,7.5378,2.24932,4.124200000000016,0.10352000000001951,-4.4271,10.8072,0.5550000000000009,0.5330000000000011,0.785,0.0,520,5,1.79465,3.7982118
-20.1049,0,1.0,9,199,0,2,0,0,0.9300046666666654,1.3950075999999973,1.94515,0.255424,11.243716666666677,18.16255400000002,1.79465,54.8323,2.361466666666684,0.6149800000000191,31.6164,-14.8167,0.5983333333333342,0.5330000000000011,0.01,0.87,520,5,24.3987,27.96878
12.0301,18,0.87,2,188,10,1,0,0,0.7335246666666655,0.6601723999999973,0.0,0.844864,23.718683333333342,26.70523000000002,24.3987,7.5378,7.847200000000018,0.859560000000019,-20.1049,-4.4271,0.6266666666666675,0.7070000000000012,1.0,0.785,521,5,44.9627,40.13952
12.6157,16,0.045,1,13,9,2,0,0,1.3360646666666653,1.3596415999999973,0.255424,1.94515,24.014910000000004,16.27543600000002,44.9627,1.79465,1.5136333333333507,6.346040000000019,12.0301,31.6164,0.6383333333333342,0.5420000000000011,0.87,0.01,521,5,2.68333,1.7765206
-15.643,0,0.92,4,169,0,1,0,0,1.3884593333333324,1.2221055999999975,3.75277,0.0,73.31634333333334,49.22847600000002,2.68333,24.3987,3.00093333333335,4.102860000000019,12.6157,-20.1049,0.6116666666666676,0.5690000000000012,0.045,1.0,522,5,172.303,127.12426
5.43394,12,0.4825,6,4,7,2,0,0,1.9811746666666654,1.2397895999999973,0.157184,0.255424,60.31228333333334,50.059650000000026,172.303,44.9627,0.8022133333333503,-1.1336319999999809,-15.643,12.0301,0.482500000000001,0.6635000000000012,0.92,0.87,522,5,5.95052,4.9717627
-15.7716,0,0.95,6,361,0,1,0,0,0.7629979999999988,1.2594375999999974,2.03357,3.75277,78.73267333333334,56.768810000000016,5.95052,2.68333,-8.660219999999983,-0.2669719999999806,5.43394,12.6157,0.7841666666666676,0.6535000000000013,0.4825,0.045,523,5,57.9445,135.66705
3.37874,6,0.37,3,0,4,2,0,0,1.5358199999999986,1.7034827999999973,0.09824,0.157184,21.84384333333334,48.10357200000003,57.9445,172.303,-2.3196399999999824,-1.9972439999999803,-15.7716,-15.643,0.6008333333333343,0.5535000000000012,0.95,0.92,523,5,1.63651,2.178077
9.18573,14,0.04,1,4,8,1,0,0,1.4866999999999988,1.3301707999999972,2.47565,2.03357,20.713186666666676,48.078616000000025,1.63651,5.95052,-1.069043333333316,-2.6832379999999803,3.37874,5.43394,0.45333333333333425,0.5525000000000012,0.37,0.4825,524,5,2.55855,2.7768319
29.2588,28,0.5175,2,0,15,2,0,0,2.0859633333333325,1.6779399999999973,1.88621,0.09824,2.078063333333343,14.025842000000022,2.55855,57.9445,13.941090000000017,6.29712200000002,9.18573,-15.7716,0.30916666666666764,0.47200000000000114,0.04,0.95,524,5,2.03913,2.303473
1.45095,6,0.0,7,4,4,1,0,0,1.915679999999999,1.6641859999999973,1.89603,2.47565,2.179543333333343,13.223928000000024,2.03913,1.63651,13.298493333333349,5.50052400000002,29.2588,3.37874,0.1858333333333343,0.37550000000000117,0.5175,0.37,525,5,1.94095,2.462805
-23.4382,0,1.0,4,379,0,2,0,0,1.2869433333333322,1.6445379999999972,1.9648,1.88621,51.066026666666666,31.478628000000022,1.94095,2.55855,2.423850000000017,3.96720400000002,1.45095,9.18573,0.5058333333333342,0.3855000000000012,0.0,0.04,525,5,149.218,129.02408
3.32819,8,0.13,6,10,5,1,0,0,1.2247266666666654,1.4912839999999972,0.0,1.89603,51.011316666666666,31.526326000000022,149.218,2.03913,-6.21968666666665,3.95709400000002,-23.4382,29.2588,0.3766666666666676,0.33750000000000113,1.0,0.5175,526,5,1.875,2.3287137
-16.5471,0,0.7575,4,310,0,2,0,0,0.8874359999999988,1.3046275999999974,1.70938,1.9648,57.22096666666667,35.128596000000016,1.875,1.94095,-12.219036666666648,-1.18947199999998,3.32819,1.45095,0.6291666666666677,0.4810000000000011,0.13,0.0,526,5,20.5699,48.08971
1.52853,6,0.0,6,0,4,1,0,0,1.5423693333333321,1.3183815999999973,0.952928,0.0,8.010793333333343,35.038266000000014,20.5699,149.218,-3.896793333333317,-6.735525999999979,-16.5471,-23.4382,0.29583333333333434,0.37750000000000117,0.7575,1.0,527,5,1.58748,3.3065312
-10.6908,0,0.965,4,71,0,2,0,0,1.0184213333333323,0.9529287999999975,1.9648,1.70938,20.849460000000008,42.72827600000002,1.58748,1.875,-8.569789999999983,-9.16387599999998,1.52853,3.32819,0.5741666666666676,0.5705000000000011,0.0,0.13,527,5,40.391,42.110935
-10.1064,0,0.925,4,228,0,1,0,0,0.7498986666666655,0.9824007999999973,0.137536,0.952928,15.613470000000008,13.857062000000022,40.391,20.5699,-6.422889999999984,-6.4975159999999805,-10.6908,-16.5471,0.630000000000001,0.5555000000000011,0.965,0.7575,528,5,4.86193,20.93904
-3.77961,2,0.79,2,15,2,2,0,0,0.37003733333333216,0.8055679999999974,0.14736,1.9648,26.426976666666675,20.287662000000022,4.86193,1.58748,-8.192269999999985,-7.91907599999998,-10.1064,1.52853,0.8933333333333344,0.6875000000000011,0.925,0.0,528,5,34.028,10.141223
-28.5179,0,1.0,7,197,0,1,0,0,0.3241919999999988,0.6149823999999974,0.825216,0.137536,46.190810000000006,36.11018200000002,34.028,40.391,-14.134636666666651,-10.31323599999998,-3.77961,-10.6908,0.9050000000000011,0.7360000000000012,0.79,0.965,529,5,99.6825,67.9254
-6.16505,0,0.9275,3,2,0,2,0,0,0.37003733333333216,0.27900159999999735,0.0,0.14736,72.04403333333335,52.27700600000003,99.6825,4.86193,-12.820853333333316,-11.851951999999981,-28.5179,-10.1064,0.9058333333333343,0.9215000000000012,1.0,0.925,529,5,82.4216,34.35396
-14.5849,0,1.0,2,20,0,1,0,0,0.09496533333333214,0.25149439999999734,0.284896,0.825216,91.54290000000002,62.70372600000003,82.4216,34.028,-16.422616666666652,-12.63077199999998,-6.16505,-3.77961,0.9758333333333343,0.9285000000000011,0.9275,0.79,530,5,92.5246,59.109062
-10.9545,0,0.98,4,238,0,2,0,0,0.12116266666666548,0.23774079999999734,0.0,0.0,85.40400000000001,77.98450000000003,92.5246,99.6825,-10.568149999999982,-12.80039199999998,-14.5849,-28.5179,0.9691666666666676,0.9395000000000012,1.0,1.0,530,5,81.2658,76.36525
-15.159,0,0.98,7,364,0,1,0,0,0.03929599999999881,0.08055679999999733,0.078592,0.284896,69.72456666666668,78.25556000000003,81.2658,82.4216,-13.566133333333314,-15.07626999999998,-10.9545,-6.16505,0.9866666666666677,0.9775000000000011,0.98,0.9275,531,5,35.3833,63.644836
6.89211,12,0.045,3,16,7,2,0,0,1.290219333333332,0.8311107999999973,0.039296,0.0,39.61655333333334,58.75917200000002,35.3833,92.5246,-6.407129999999982,-7.9942679999999795,-15.159,-14.5849,0.6683333333333343,0.7865000000000012,0.98,1.0,531,5,2.20056,7.38279
-6.87096,0,0.655,2,67,0,1,0,0,1.4899739999999986,0.9097027999999974,3.75277,0.078592,26.547186666666676,50.686392000000026,2.20056,81.2658,-5.045949999999983,-8.135449999999981,6.89211,-10.9545,0.560000000000001,0.7320000000000012,0.045,0.98,532,5,42.0577,21.249847
-4.00486,2,0.7525,3,12,2,2,0,0,1.801067333333332,1.1042179999999973,0.677856,0.039296,17.209340000000008,33.655424000000025,42.0577,35.3833,-1.3279033333333157,-6.01944199999998,-6.87096,-15.159,0.48416666666666774,0.6825000000000011,0.655,0.98,532,5,7.36976,7.112542
-12.6808,0,1.0,1,10,0,1,0,0,0.5501439999999986,1.0884995999999973,0.972576,3.75277,31.163086666666675,26.214624000000022,7.36976,2.20056,-7.852206666666649,-6.36470199999998,-4.00486,6.89211,0.8025000000000011,0.6865000000000011,0.7525,0.045,533,5,44.0618,56.62047
-20.1049,0,1.0,3,201,0,2,0,0,0.32419199999999865,1.0806403999999974,0.0,0.677856,25.276753333333343,24.017704000000023,44.0618,42.0577,-12.26351999999998,-7.35388199999998,-12.6808,-6.87096,0.917500000000001,0.6905000000000012,1.0,0.655,533,5,24.3987,24.598707
-16.24,0,0.87,4,741,0,1,0,0,0.085141333333332,0.3811711999999973,0.0,0.972576,47.58036666666667,38.43371200000003,24.3987,7.36976,-16.34189999999998,-11.980303999999979,-20.1049,-4.00486,0.9566666666666676,0.855500000000001,1.0,0.7525,534,5,74.2806,63.45028
31.8544,28,0.0,2,17,15,2,0,0,1.424481333333332,1.0492039999999974,0.255424,0.0,33.78992333333334,30.56026600000002,74.2806,44.0618,-1.496833333333316,-4.23523199999998,-16.24,-12.6808,0.6233333333333343,0.7245000000000011,0.87,1.0,534,5,2.69047,1.5346495
-14.8167,0,0.985,4,164,0,1,0,0,1.434305333333332,0.8605831999999973,4.01802,0.0,44.80799000000001,40.576894000000024,2.69047,24.3987,0.2659000000000174,-6.39759999999998,31.8544,-20.1049,0.6183333333333344,0.7710000000000011,0.0,1.0,535,5,57.4529,92.885704
-8.39261,0,0.535,4,330,0,2,0,0,1.9582506666666655,1.2260351999999972,0.029472,0.255424,21.995376666666676,32.93308600000002,57.4529,74.2806,2.881696666666684,-5.53996199999998,-14.8167,-16.24,0.5066666666666677,0.6780000000000012,0.985,0.87,535,5,5.84276,7.4709373
10.8031,16,0.0,1,4,9,1,0,0,1.2738439999999989,1.6189951999999974,1.82726,4.01802,21.679053333333343,28.40164600000002,5.84276,2.69047,-4.135403333333315,0.6416380000000199,-8.39261,31.8544,0.5066666666666677,0.4780000000000012,0.535,0.0,536,5,1.7415,3.9762235
30.2526,28,0.15,2,24,15,2,0,0,2.3774066666666656,2.2359423999999977,1.9648,0.029472,3.0765866666666764,13.874626000000024,1.7415,57.4529,10.887696666666685,9.94015800000002,10.8031,-14.8167,0.2283333333333344,0.33400000000000113,0.0,0.985,536,5,1.6455,1.869456
-12.3771,0,0.51,5,250,0,1,0,0,2.0892373333333323,1.6248887999999972,3.34016,1.82726,15.024466666666676,21.67381200000002,1.6455,5.84276,9.55953333333335,1.0938580000000204,30.2526,-8.39261,0.22000000000000106,0.43600000000000116,0.15,0.535,537,5,41.6864,26.995424
-0.759643,4,0.6125,2,12,3,2,0,0,1.941643999999999,1.9233983999999975,0.962752,1.9648,15.12376000000001,10.591108000000023,41.6864,1.7415,5.705285666666685,3.9052694000000208,-12.3771,10.8031,0.4241666666666677,0.36150000000000115,0.51,0.0,537,5,2.03938,4.671015
-15.643,0,0.975,6,321,0,1,0,0,0.8446306666666654,1.5677703999999975,1.52202,3.34016,72.37892666666669,44.10475600000002,2.03938,1.6455,-9.593247666666649,2.4551914000000203,-0.759643,30.2526,0.6991666666666677,0.4495000000000012,0.6125,0.15,538,5,173.411,176.60153
-23.4382,0,1.0,4,290,0,2,0,0,0.5237133333333321,1.1748103999999973,0.04912,0.962752,108.22279333333336,73.60005600000002,173.411,41.6864,-13.280280999999983,-4.39306859999998,-15.643,-12.3771,0.862500000000001,0.6495000000000012,0.975,0.51,538,5,149.218,124.423836
-15.7716,0,0.955,10,273,0,1,0,0,0.04584533333333215,0.5244615999999973,0.0,1.52202,126.98670000000003,84.93717600000001,149.218,2.03938,-18.28426666666665,-13.597908599999979,-23.4382,-0.759643,0.9766666666666678,0.8105000000000011,1.0,0.6125,539,5,58.3311,130.02844
-16.5471,0,1.0,4,350,0,2,0,0,0.029471999999998815,0.3319111999999973,0.088416,0.04912,76.03966666666669,80.71387600000001,58.3311,173.411,-18.585633333333316,-14.43190859999998,-15.7716,-15.643,0.9850000000000011,0.9085000000000012,0.955,0.975,539,5,20.5699,76.418686
15.9883,22,0.01,3,11,12,1,0,0,0.6778553333333321,0.4165371999999973,0.0,0.0,27.171470000000017,80.82868200000001,20.5699,149.218,-5.443466666666649,-11.08231999999998,-16.5471,-23.4382,0.655000000000001,0.7880000000000011,1.0,1.0,540,5,2.61341,5.769024
-9.68488,0,0.765,4,178,0,2,0,0,0.9562019999999988,0.5914043999999974,1.94515,0.088416,20.396603333333353,53.747782000000015,2.61341,58.3311,-3.4145599999999834,-9.890695999999979,15.9883,-15.7716,0.5916666666666677,0.7460000000000011,0.01,0.955,540,5,38.0065,26.056185
4.55513,8,0.02,3,7,5,1,0,0,1.5980353333333321,0.9765043999999973,0.923456,0.0,14.204870000000021,24.303122000000023,38.0065,20.5699,3.6195166666666836,-4.29202999999998,-9.68488,-16.5471,0.26500000000000107,0.5500000000000012,0.765,1.0,541,5,1.9947,2.1111434
20.5253,28,0.7325,2,0,15,2,0,0,1.3000419999999988,1.1690551999999972,1.9255,1.94515,23.80410000000002,18.919122000000023,1.9947,2.61341,5.131850000000017,2.96735000000002,4.55513,15.9883,0.5058333333333344,0.5055000000000012,0.02,0.01,541,5,31.4111,10.804422
-2.9783,2,0.63,5,10,2,1,0,0,1.2345486666666654,1.3144503999999972,1.05117,0.923456,11.831696666666685,15.223000000000022,31.4111,38.0065,7.367376666666683,5.68111000000002,20.5253,-9.68488,0.46083333333333437,0.4315000000000012,0.7325,0.765,542,5,2.08929,9.127265
-19.633,26,0.6075,2,173,0,2,0,0,1.1068386666666654,1.2338943999999974,0.726976,1.9255,31.69676333333335,27.018298000000023,2.08929,1.9947,-0.6953333333333163,-1.4431499999999797,-2.9783,4.55513,0.6566666666666677,0.5510000000000013,0.63,0.02,542,5,61.5899,47.919785
1.52853,6,0.0,4,0,4,1,0,0,1.4113819999999988,1.4421631999999973,1.54237,1.05117,21.74405000000002,19.727590000000024,61.5899,31.4111,-7.027589999999983,0.7995320000000202,-19.633,20.5253,0.41250000000000114,0.3980000000000012,0.6075,0.7325,543,5,1.55296,3.9063315
-22.0253,0,0.825,5,141,0,2,0,0,1.398283333333332,1.1945991999999974,1.9648,0.726976,44.91445333333335,33.64875000000002,1.55296,2.08929,-13.376589999999984,-4.51655399999998,1.52853,-2.9783,0.4775000000000011,0.5590000000000013,0.0,0.63,543,5,71.6005,57.343292
-10.1064,0,0.96,3,162,0,1,0,0,0.910357333333332,1.0000835999999973,0.68768,1.54237,26.059793333333356,28.37171400000002,71.6005,61.5899,-10.20105666666665,-10.64289399999998,-22.0253,-19.633,0.595000000000001,0.6045000000000013,0.825,0.6075,544,5,5.02592,22.156452
2.8708,8,0.06,2,6,5,2,0,0,1.486697333333332,1.5934523999999972,0.078592,1.9648,26.258860000000023,28.38388800000002,5.02592,1.55296,-9.753633333333317,-9.47307399999998,-10.1064,1.52853,0.615000000000001,0.4905000000000011,0.96,0.0,544,5,2.15016,4.4696636
-28.5179,0,1.0,4,135,0,1,0,0,1.2574706666666655,1.2849783999999975,3.69382,0.68768,35.619526666666694,36.002408000000024,2.15016,71.6005,-11.917833333333318,-11.250053999999981,2.8708,-22.0253,0.6733333333333343,0.5690000000000012,0.06,0.825,545,5,99.6825,64.27905
-4.00486,2,0.85,3,0,2,2,0,0,1.4277533333333323,1.0099063999999973,0.0,0.078592,36.35461000000003,37.13805000000002,99.6825,5.02592,-9.883986666666651,-12.356731999999981,-28.5179,-10.1064,0.6366666666666677,0.7390000000000011,1.0,0.96,545,5,7.23117,10.23253
-14.5849,0,1.0,3,52,0,1,0,0,0.1964799999999988,0.8723703999999973,0.58944,3.69382,66.47942333333337,41.32287000000002,7.23117,2.15016,-15.702553333333318,-10.86865199999998,-4.00486,2.8708,0.9500000000000011,0.7740000000000011,0.85,0.06,546,5,92.5246,79.92123
-25.2947,0,0.94,8,471,0,2,0,0,0.2750719999999988,0.9038071999999975,0.0,0.0,41.834490000000024,45.467226000000025,92.5246,99.6825,-14.628153333333316,-13.90631199999998,-14.5849,-28.5179,0.930000000000001,0.7700000000000011,1.0,1.0,546,5,25.7477,31.151264
-9.97035,0,0.8,6,447,0,1,0,0,0.20957866666666547,0.24363519999999733,0.235776,0.58944,51.069066666666686,52.024174000000016,25.7477,7.23117,-16.616649999999982,-16.47454199999998,-25.2947,-4.00486,0.9133333333333343,0.9180000000000013,0.94,0.85,547,5,34.9349,44.162064
15.2645,20,0.0075,1,3,11,2,0,0,1.5096219999999987,1.0236611999999972,0.39296,0.0,21.10687666666669,32.61528000000002,34.9349,92.5246,-6.666849999999982,-7.718061999999979,-9.97035,-14.5849,0.582500000000001,0.7195000000000011,0.8,1.0,547,5,2.63803,1.980392
-6.87096,0,0.94,3,29,0,1,0,0,1.4703259999999985,0.9293507999999973,3.90013,0.235776,26.657810000000023,39.64914600000002,2.63803,25.7477,-0.5256033333333168,-8.29128199999998,15.2645,-25.2947,0.582500000000001,0.7375000000000012,0.0075,0.94,548,5,42.4005,40.822014
-6.36387,0,0.695,5,164,0,2,0,0,1.738849333333332,1.1690567999999975,0.117888,0.39296,16.983096666666693,22.326378000000023,42.4005,34.9349,0.676556666666683,-6.64707599999998,-6.87096,-9.97035,0.547500000000001,0.6765000000000011,0.94,0.8,548,5,5.91076,9.163345
-12.8477,0,0.88,2,322,0,1,0,0,0.5173979999999988,1.1690567999999972,1.19853,3.90013,32.55808666666669,27.04943800000002,5.91076,2.63803,-8.69417666666665,-4.15767599999998,-6.36387,15.2645,0.8383333333333343,0.6645000000000011,0.695,0.0075,549,5,49.363,54.362484
4.49662,28,0.72,2,67,5,2,0,0,0.8448653333333321,1.3105227999999973,0.235776,0.117888,18.994500000000027,20.404406000000023,49.363,42.4005,-4.904983333333317,-1.2642819999999801,-12.8477,-6.87096,0.765000000000001,0.6485000000000011,0.88,0.94,549,5,1.70974,6.88804
-16.24,0,0.98,4,492,0,1,0,0,0.4584539999999988,0.5383559999999974,1.10029,1.19853,42.11654666666669,34.932180000000024,1.70974,5.91076,-8.19702666666665,-7.565181999999979,4.49662,-6.36387,0.8600000000000011,0.8430000000000011,0.72,0.695,550,5,75.2769,78.38411
-1.66087,4,0.5525,3,3,3,2,0,0,0.9660286666666655,0.8664783999999972,0.039296,0.235776,26.341783333333357,26.859822000000026,75.2769,49.363,-4.468083333333316,-6.52316399999998,-16.24,-12.8477,0.7508333333333344,0.7655000000000011,0.98,0.88,550,5,2.03871,3.573621
-14.8167,0,0.97,4,250,0,1,0,0,0.6189133333333322,0.6385611999999974,1.7585,1.10029,45.21743666666669,37.34501000000002,2.03871,1.70974,-10.90585666666665,-8.21372999999998,-1.66087,4.49662,0.8341666666666677,0.8205000000000011,0.5525,0.72,551,5,58.3367,86.047554
-23.4382,0,1.0,10,497,0,2,0,0,0.6058146666666655,0.5914059999999973,0.058944,0.039296,69.86447000000003,57.31601000000002,58.3367,75.2769,-13.30525666666665,-10.331829999999979,-14.8167,-16.24,0.8408333333333343,0.8445000000000011,0.97,0.98,551,5,149.218,124.45262
7.87016,14,0.01,2,12,8,1,0,0,0.6680313333333322,0.7603779999999973,0.0,1.7585,69.76385333333336,57.32143400000001,149.218,2.03871,-10.128246666666648,-9.65712199999998,-23.4382,-1.66087,0.660000000000001,0.7025000000000011,1.0,0.5525,552,5,1.73686,-0.6194662
-16.5471,0,1.0,6,420,0,2,0,0,0.6483833333333321,0.7525187999999974,1.94515,0.058944,57.174920000000036,46.380034000000016,1.73686,58.3367,-10.705046666666648,-9.71854199999998,7.87016,-14.8167,0.6700000000000009,0.7065000000000012,0.01,0.97,552,5,20.5699,73.54157
-12.3771,0,0.995,3,320,0,1,0,0,0.6516579999999988,0.4027835999999973,0.0,0.0,21.389186666666692,54.34445200000001,20.5699,149.218,-7.018013333333317,-11.86178799999998,-16.5471,-23.4382,0.6683333333333343,0.7950000000000012,1.0,1.0,553,5,41.8608,48.23645
-17.4394,0,0.8725,4,231,0,2,0,0,0.17028266666666547,0.49119959999999735,0.009824,1.94515,33.097033333333364,50.04919200000002,41.8608,1.73686,-15.454533333333316,-12.38632799999998,-12.3771,7.87016,0.9558333333333344,0.7755000000000012,0.995,0.01,553,5,36.8604,31.56973
-15.643,0,0.935,6,351,0,1,0,0,0.21285333333333215,0.5167419999999974,0.501024,0.0,81.85340000000002,53.57339200000003,36.8604,20.5699,-15.15316666666665,-10.82728799999998,-17.4394,-16.5471,0.9341666666666678,0.7625000000000012,0.8725,1.0,554,5,166.839,106.18662
-9.81065,0,0.9225,3,186,0,2,0,0,0.3110933333333321,0.1886207999999973,0.127712,0.009824,78.30913333333336,59.47162000000003,166.839,41.8608,-14.297683333333318,-14.36344999999998,-15.643,-12.3771,0.910000000000001,0.9450000000000012,0.935,0.995,554,5,31.228,30.797878
-15.7716,0,0.95,6,296,0,1,0,0,0.1768319999999988,0.20826879999999734,0.304544,0.501024,85.42250000000001,66.99774000000002,31.228,36.8604,-13.741749999999984,-14.208349999999978,-9.81065,-17.4394,0.9358333333333343,0.9350000000000012,0.9225,0.8725,555,5,58.2005,115.35375
-19.633,0,1.0,3,83,0,2,0,0,0.13426133333333215,0.20630399999999732,0.09824,0.127712,50.33946666666668,70.94356000000002,58.2005,166.839,-15.071749999999982,-15.659529999999979,-15.7716,-15.643,0.957500000000001,0.9360000000000012,0.95,0.935,555,5,61.5899,66.6818
13.6699,18,0.0,4,2,10,1,0,0,0.6876799999999988,0.49905919999999726,0.0,0.304544,40.781360000000014,64.08221600000002,61.5899,31.228,-7.244899999999983,-9.43766999999998,-19.633,-9.81065,0.650000000000001,0.7615000000000012,1.0,0.9225,556,5,2.55368,7.460233
-23.5509,0,0.955,7,256,0,2,0,0,0.7138773333333321,0.5088831999999973,1.9648,0.09824,45.583726666666685,45.235936000000024,2.55368,58.2005,-9.837999999999981,-11.01924999999998,13.6699,-15.7716,0.6516666666666677,0.7655000000000012,0.0,0.95,556,5,72.6076,70.26827
3.44653,8,0.0,2,5,5,1,0,0,1.372083999999999,0.8428983999999975,0.176832,0.0,25.700390000000024,39.378314000000024,72.6076,61.5899,-2.1448233333333158,-8.367813999999978,-23.5509,-19.633,0.31833333333333436,0.5810000000000012,0.955,1.0,557,5,1.93989,1.5214642
5.9276,10,0.2625,2,9,6,2,0,0,1.6831773333333324,1.4028663999999975,1.97462,1.9648,25.55556666666669,28.162056000000025,1.93989,2.55368,-4.725589999999982,-4.027973999999979,3.44653,13.6699,0.4058333333333344,0.4435000000000012,0.0,0.0,557,5,2.11921,4.515932
-2.9783,2,0.405,7,2,2,1,0,0,2.013919999999999,1.6366783999999974,2.89808,0.176832,2.048970000000019,16.261638000000026,2.11921,72.6076,2.131943333333351,-0.6970339999999802,5.9276,-23.5509,0.22250000000000103,0.32450000000000123,0.2625,0.955,558,5,2.08781,4.376121
-4.00486,2,0.835,2,0,2,2,0,0,1.5718413333333323,1.3733951999999972,1.16906,1.97462,3.7672166666666858,17.169828000000024,2.08781,1.93989,-0.3518533333333158,-4.2319859999999805,-2.9783,3.44653,0.5008333333333344,0.49150000000000116,0.405,0.0,558,5,7.09463,6.936411
6.51398,12,0.035,1,2,7,1,0,0,1.2378246666666657,1.7172347999999975,0.648384,2.89808,3.567383333333352,2.952250000000023,7.09463,2.11921,-0.15639333333331576,1.7809900000000192,-4.00486,5.9276,0.425000000000001,0.30750000000000116,0.835,0.2625,559,5,1.51971,1.8029023
-25.2947,0,1.0,7,707,0,2,0,0,0.8481379999999991,1.3223107999999975,1.89603,1.16906,11.454013333333352,7.713812000000023,1.51971,2.08781,-7.595193333333316,-3.9672559999999804,6.51398,-2.9783,0.6233333333333343,0.5075000000000012,0.035,0.405,559,5,25.7477,23.27509
-10.1064,0,0.97,4,107,0,1,0,0,0.6516579999999991,0.7544835999999974,0.0,0.648384,10.845660000000017,8.34388400000002,25.7477,7.09463,-9.629039999999982,-7.174055999999981,-25.2947,-4.00486,0.6683333333333343,0.6490000000000012,1.0,0.835,560,5,5.26957,13.80177
10.6215,16,0.015,2,6,9,2,0,0,1.309867999999999,1.2948035999999974,0.058944,1.89603,11.206613333333351,8.446836000000022,5.26957,1.51971,-8.259866666666651,-4.454095999999981,-10.1064,6.51398,0.6616666666666676,0.5710000000000012,0.97,0.035,560,5,2.60257,2.2683132
1.33259,8,1.0,4,146,5,1,0,0,1.309867999999999,1.1651267999999972,3.87066,0.0,35.851546666666685,26.964410000000022,2.60257,25.7477,0.615896666666684,-3.3866059999999805,10.6215,-25.2947,0.6616666666666676,0.6040000000000012,0.015,1.0,561,5,99.6825,57.93499
3.99129,8,0.99,3,19,5,2,0,0,1.3033186666666656,0.7937799999999973,0.0,0.058944,36.06537666666669,27.84268000000002,99.6825,5.26957,5.315126666666684,-3.8911439999999806,1.33259,-10.1064,0.6683333333333343,0.7950000000000012,1.0,0.97,561,5,5.91106,16.819643
-14.5849,0,0.975,3,178,0,1,0,0,0.02947199999999896,0.8036039999999973,0.039296,3.87066,68.75352000000002,42.82654000000002,5.91106,2.60257,-3.087006666666649,-1.7491839999999812,3.99129,10.6215,0.9883333333333343,0.7900000000000011,0.99,0.015,562,5,100.667,80.64543
4.49662,8,0.41,4,21,5,2,0,0,0.802291999999999,1.2555071999999974,0.04912,0.0,36.14620000000002,42.14473400000002,100.667,99.6825,-2.032329999999982,1.171420000000019,-14.5849,1.33259,0.7916666666666677,0.6780000000000012,0.975,1.0,562,5,1.86054,4.628622
-6.93601,0,1.0,3,284,0,1,0,0,0.7891933333333322,0.48137519999999734,2.31846,0.039296,45.820813333333355,48.61120000000002,1.86054,5.91106,-5.674763333333316,-2.3400819999999807,4.49662,3.99129,0.7950000000000012,0.8750000000000011,0.41,0.99,563,5,34.9349,67.38288
-1.66087,4,0.82,5,9,3,2,0,0,1.008595999999999,0.6228407999999973,0.0,0.04912,12.943670000000019,29.08181400000002,34.9349,100.667,-1.3667533333333155,-2.938773999999981,-6.93601,-14.5849,0.7433333333333344,0.8390000000000011,1.0,0.975,563,5,2.03557,6.615518
-6.87096,0,0.935,3,27,0,1,0,0,0.27834666666666563,0.6405239999999972,0.707328,2.31846,26.414523333333353,36.35422200000002,2.03557,1.86054,-5.155946666666648,-5.1112239999999804,-1.66087,4.49662,0.9183333333333343,0.8280000000000012,0.82,0.41,564,5,42.2731,38.310516
-13.2046,0,0.8275,6,668,0,2,0,0,0.5042986666666657,0.7662711999999974,0.127712,0.0,55.27622333333335,40.524822000000015,42.2731,34.9349,-7.245476666666648,-4.835163999999981,-6.87096,-6.93601,0.8608333333333343,0.7985000000000012,0.935,1.0,564,5,121.52,57.60998
-12.8477,0,0.975,3,599,0,1,0,0,0.284895999999999,0.3124031999999973,0.677856,0.707328,71.31290000000001,50.18183400000002,121.52,2.03557,-10.97441999999998,-8.304027999999981,-13.2046,-1.66087,0.9125000000000011,0.9115000000000011,0.8275,0.82,565,5,50.1456,56.510414
-16.5471,0,0.99,3,357,0,2,0,0,0.255423999999999,0.32026239999999734,0.04912,0.127712,64.35456666666668,47.47447400000002,50.1456,42.2731,-14.199799999999982,-10.22624599999998,-12.8477,-6.87096,0.9308333333333344,0.9095000000000011,0.975,0.935,565,5,21.3981,87.91501
-16.24,0,0.965,4,346,0,1,0,0,0.052394666666665625,0.19255039999999735,0.039296,0.677856,48.87806666666669,62.085460000000026,21.3981,121.52,-15.211599999999981,-13.142071999999981,-16.5471,-13.2046,0.9766666666666678,0.9385000000000012,0.99,0.8275,566,5,75.0905,66.503624
-7.44004,0,0.9175,5,227,0,2,0,0,0.1440853333333323,0.23184639999999734,0.068768,0.04912,44.88463333333336,61.26390000000002,75.0905,50.1456,-13.409046666666647,-13.255887999999981,-16.24,-12.8477,0.957500000000001,0.9350000000000012,0.965,0.975,566,5,38.1653,23.495996
-13.5069,0,0.845,3,367,0,1,0,0,0.23250133333333226,0.15718399999999733,0.324192,0.039296,57.419400000000024,48.76038000000002,38.1653,21.3981,-12.395646666666648,-13.31634799999998,-7.44004,-16.5471,0.9091666666666677,0.9385000000000012,0.9175,0.99,567,5,59.0024,62.278988
-3.67905,2,0.855,3,225,2,2,0,0,0.39950933333333233,0.2613183999999973,0.304544,0.068768,42.66210000000002,44.89498000000002,59.0024,75.0905,-8.208663333333314,-11.482617999999981,-13.5069,-16.24,0.872500000000001,0.914500000000001,0.845,0.965,567,5,30.8186,25.823364
12.0821,18,0.14,4,3,10,1,0,0,0.8546886666666657,0.5914051999999973,0.569792,0.324192,30.509593333333353,40.95691600000002,30.8186,38.1653,-1.7012833333333155,-5.756777999999981,-3.67905,-7.44004,0.6133333333333343,0.7445000000000012,0.855,0.9175,568,5,1.70778,6.248239
-19.633,0,1.0,3,0,0,2,0,0,0.753173999999999,0.5776515999999973,1.68973,0.304544,31.372093333333353,38.25679600000002,1.70778,59.0024,-3.7433166666666486,-6.4353779999999805,12.0821,-13.5069,0.665000000000001,0.7515000000000012,0.14,0.845,568,5,61.5899,55.76223
-12.3771,0,0.99,3,316,0,1,0,0,0.5697926666666656,0.5167427999999973,0.0,0.569792,35.61479333333335,39.33307600000002,61.5899,30.8186,-6.642666666666649,-7.4227899999999805,-19.633,-3.67905,0.710000000000001,0.7660000000000011,1.0,0.855,569,5,43.5467,44.980488
-19.7847,0,0.9125,4,284,0,2,0,0,0.12116266666666563,0.5246019999999973,0.019648,1.68973,58.44533333333336,41.572476000000016,43.5467,1.70778,-17.264933333333317,-8.67834999999998,-12.3771,12.0821,0.967500000000001,0.7795000000000012,0.99,0.14,569,5,70.1994,65.99509
-15.643,0,0.98,8,136,0,1,0,0,0.1342613333333323,0.41850279999999723,0.34384,0.0,93.17003333333336,68.56155600000002,70.1994,61.5899,-15.934933333333317,-11.071139999999982,-19.7847,-19.633,0.9608333333333343,0.8045000000000012,0.9125,1.0,570,5,165.764,115.50369
32.0158,28,0.0475,2,4,15,2,0,0,1.3753586666666655,0.8291447999999972,0.039296,0.019648,79.34933000000002,68.63691800000001,165.764,43.5467,-1.1372999999999844,-7.084399999999983,-15.643,-12.3771,0.6466666666666677,0.7860000000000011,0.98,0.99,570,5,2.08459,3.1455002
-15.7716,0,0.985,3,154,0,1,0,0,1.2705693333333323,0.8350391999999973,3.74294,0.34384,75.28409666666668,67.91967800000002,2.08459,70.1994,0.20040000000001612,-6.3121199999999815,32.0158,-19.7847,0.6708333333333343,0.783000000000001,0.0475,0.9125,571,5,58.0037,117.724976
-5.12789,0,0.8025,3,12,0,2,0,0,1.5161693333333321,0.9863287999999972,0.029472,0.039296,22.392553333333353,60.62821200000002,58.0037,165.764,3.705436666666683,-4.862277999999982,-15.7716,-15.643,0.6116666666666677,0.7455000000000012,0.985,0.98,571,5,7.08937,7.870419
13.6699,18,0.0,4,0,10,1,0,0,0.9234559999999989,1.3105207999999973,0.776096,3.74294,22.524646666666683,47.08450600000002,7.08937,2.08459,-2.409863333333316,1.8286420000000185,-5.12789,32.0158,0.5958333333333342,0.5630000000000012,0.8025,0.0475,572,5,2.48087,5.226732
-25.2947,0,1.0,9,587,0,2,0,0,0.9136319999999989,1.3026615999999973,1.9648,0.029472,11.772646666666683,19.081246000000014,2.48087,58.0037,-5.584229999999983,-0.10169799999998119,13.6699,-15.7716,0.6008333333333343,0.5670000000000012,0.0,0.985,572,5,25.7477,25.43772
5.22911,12,0.025,2,11,7,1,0,0,1.2934933333333323,0.9372095999999972,0.0,0.776096,10.061383333333351,19.055444000000016,25.7477,7.08937,-2.131896666666649,-5.459035999999982,-25.2947,-5.12789,0.3416666666666676,0.5625000000000011,1.0,0.8025,573,5,1.95558,1.677039
10.8771,16,0.0,1,6,9,2,0,0,1.958249999999999,1.7231291999999976,1.91568,1.9648,10.141080000000018,7.998696000000017,1.95558,2.48087,-3.0628299999999835,-0.1292959999999816,5.22911,13.6699,0.3416666666666676,0.36550000000000116,0.025,0.0,573,5,2.71996,3.1242867
5.22206,10,0.06,2,8,6,1,0,0,2.5738866666666658,1.9372919999999971,3.95907,0.0,2.254983333333352,6.998704000000016,2.71996,25.7477,7.109423333333349,1.9406940000000183,10.8771,-25.2947,0.028333333333334293,0.21700000000000114,0.0,1.0,574,5,2.08941,1.6767116
3.99129,8,0.0,4,1,5,2,0,0,3.4285733333333326,2.440279999999997,1.84691,1.91568,3.440056666666685,7.604690000000017,2.08941,1.95558,6.696816666666682,0.004972000000018273,5.22206,5.22911,0.02000000000000096,0.21700000000000114,0.06,0.025,574,5,5.5108,2.158057
-1.01892,4,0.01,8,4,3,1,0,0,2.757266666666665,2.8293099999999973,4.47974,3.95907,3.0388833333333523,2.758438000000017,5.5108,2.71996,2.731476666666682,4.860128000000018,3.99129,10.8771,0.023333333333334292,0.019000000000001155,0.0,0.0,575,5,1.51644,3.186392
2.62677,8,0.34,3,15,5,2,0,0,3.0061433333333323,2.964881999999997,1.94515,1.84691,2.9610500000000193,2.738504000000017,1.51644,2.08941,1.8663800000000155,4.339660000000018,-1.01892,5.22206,0.11666666666666764,0.08200000000000116,0.01,0.06,575,5,1.85591,2.46623
0.999562,6,0.675,2,140,4,1,0,0,1.725749999999999,2.300779999999997,2.59354,4.47974,2.9480333333333526,3.2888620000000173,1.85591,5.5108,0.8691373333333487,2.3641524000000183,2.62677,3.99129,0.3416666666666677,0.21700000000000114,0.34,0.0,576,5,5.47175,9.72457
-1.66087,4,0.58,3,0,3,2,0,0,1.6275099999999991,2.261483999999997,0.63856,1.94515,3.1154233333333523,3.274702000000017,5.47175,1.51644,0.6551540000000154,0.9875664000000182,0.999562,-1.01892,0.5316666666666676,0.3210000000000012,0.675,0.01,576,5,2.01861,3.317859
-21.8004,0,0.975,2,96,0,1,0,0,0.7793699999999991,1.3753599999999975,1.65043,2.59354,40.18212000000002,24.783742000000018,2.01861,1.85591,-7.487235999999984,-4.170771599999982,-1.66087,2.62677,0.7433333333333344,0.5160000000000011,0.58,0.34,577,5,113.056,90.44626
-13.2046,0,0.9275,6,750,0,2,0,0,0.6614819999999991,1.0433091999999973,0.04912,0.63856,75.63520333333335,46.846654000000015,113.056,5.47175,-12.221956666666651,-6.607907599999981,-21.8004,0.999562,0.8275000000000009,0.6995000000000011,0.975,0.675,577,5,111.831,71.570076
-14.5849,0,0.985,8,176,0,1,0,0,0.12116266666666577,0.5304955999999973,0.284896,1.65043,111.22766666666668,68.23467200000002,111.831,2.01861,-16.52996666666665,-10.050241599999982,-13.2046,-1.66087,0.9625000000000009,0.8285000000000011,0.9275,0.58,578,5,108.796,99.723434
-12.7155,0,0.89,5,243,0,2,0,0,0.24887466666666577,0.48923479999999736,0.029472,0.04912,80.63513333333336,71.39600200000002,108.796,113.056,-13.501666666666651,-12.793253999999981,-14.5849,-21.8004,0.9341666666666676,0.8715000000000013,0.985,0.975,578,5,21.2784,63.518963
-2.7178,2,0.48,4,126,2,1,0,0,0.4944759999999991,0.36348879999999734,0.432256,0.284896,54.191333333333354,77.49220000000001,21.2784,111.831,-10.006066666666653,-13.00463999999998,-12.7155,-13.2046,0.785000000000001,0.8515000000000011,0.89,0.9275,579,5,32.4996,23.651638
-7.44004,0,0.9725,5,143,0,2,0,0,0.5206733333333324,0.3752775999999973,1.0217,0.029472,30.754733333333352,62.578240000000015,32.4996,108.796,-7.624446666666652,-10.132567999999983,-2.7178,-14.5849,0.7808333333333343,0.8510000000000012,0.48,0.985,579,5,38.4862,26.281857
-6.33707,0,0.79,3,22,0,1,0,0,0.5141239999999991,0.4008199999999974,0.108064,0.432256,37.438200000000016,48.477800000000016,38.4862,21.2784,-5.498303333333319,-8.759061999999982,-7.44004,-12.7155,0.7475000000000009,0.8235000000000012,0.9725,0.89,580,5,41.3288,31.547403
-7.07605,0,0.545,4,43,0,2,0,0,0.7695473333333324,0.7525195999999974,0.412608,1.0217,35.810400000000016,32.24184000000002,41.3288,32.4996,-6.951053333333319,-7.257291999999983,-6.33707,-2.7178,0.7691666666666676,0.7355000000000012,0.79,0.48,580,5,27.6162,12.68894
-18.5717,0,0.78,5,468,0,1,0,0,0.8776113333333324,0.7525195999999974,1.78797,0.108064,39.08380000000002,37.64744000000002,27.6162,38.4862,-10.661606666666652,-8.428531999999981,-7.07605,-7.44004,0.705000000000001,0.7135000000000012,0.545,0.9725,581,5,48.3064,65.22042
-19.633,0,1.0,3,0,0,2,0,0,0.7400753333333325,0.5481795999999974,0.432256,0.412608,45.83750000000001,43.46550000000002,48.3064,41.3288,-15.093583333333319,-11.811571999999982,-18.5717,-6.33707,0.7750000000000009,0.8175000000000011,0.78,0.79,581,5,61.5899,70.861015
-16.24,0,1.0,4,175,0,1,0,0,0.14408533333333243,0.5265667999999973,0.0,1.78797,61.66226666666669,50.786360000000016,61.5899,27.6162,-18.14823333333332,-13.57156399999998,-19.633,-7.07605,0.9266666666666676,0.8230000000000011,1.0,0.545,582,5,75.0905,71.93056
-19.7847,0,1.0,3,177,0,2,0,0,0.0,0.44404519999999736,0.0,0.432256,68.95993333333335,56.560480000000005,75.0905,48.3064,-18.552566666666653,-16.26108999999998,-16.24,-18.5717,1.0,0.8650000000000013,1.0,0.78,582,5,70.1994,63.428585
-13.5069,0,0.945,4,532,0,1,0,0,0.03602133333333244,0.10806399999999731,0.0,0.0,68.00463333333336,62.782040000000016,70.1994,61.5899,-16.510533333333317,-17.54725999999998,-19.7847,-19.633,0.9816666666666675,0.9450000000000012,1.0,1.0,583,5,58.724,67.38111
0.713603,6,0.585,3,36,4,2,0,0,0.5796146666666657,0.3477687999999973,0.108064,0.0,43.68257000000002,53.545622000000016,58.724,75.0905,-10.85933233333332,-13.690199399999983,-13.5069,-16.24,0.8433333333333343,0.9060000000000011,0.945,1.0,583,5,2.12431,9.085499
8.13569,14,0.0,2,4,8,1,0,0,1.2902179999999992,0.7741307999999973,1.63078,0.0,20.854156666666686,41.57047400000001,2.12431,70.1994,-1.552535666666652,-8.136461399999982,0.713603,-19.7847,0.510000000000001,0.7060000000000011,0.585,1.0,584,5,1.71416,3.9119155
-2.75229,2,0.795,2,12,2,2,0,0,1.5227193333333322,0.9352443999999973,2.13181,0.108064,3.623600000000019,27.958840000000016,1.71416,58.724,2.0323343333333477,-5.438919399999982,8.13569,-13.5069,0.460000000000001,0.6650000000000011,0.0,0.945,584,5,7.03233,5.3993063
-12.3771,0,0.99,3,286,0,1,0,0,0.9856753333333325,0.9391739999999974,0.805568,1.63078,17.479830000000018,22.657560000000018,7.03233,2.12431,-2.331233333333319,-3.957399399999982,-2.75229,0.713603,0.595000000000001,0.6630000000000011,0.795,0.585,585,5,43.693,45.13401
-19.1885,0,0.9075,8,344,0,2,0,0,0.3962346666666658,0.9902587999999973,0.019648,2.13181,25.683910000000015,16.178040000000017,43.693,1.71416,-11.439296666666655,-5.093719399999982,-12.3771,8.13569,0.897500000000001,0.6555000000000012,0.99,0.0,585,5,26.3264,29.048443
-15.643,0,0.98,8,113,0,1,0,0,0.14081066666666578,0.6719619999999973,0.363488,0.805568,78.92346666666668,49.10337800000002,26.3264,7.03233,-15.736199999999988,-8.365039999999983,-19.1885,-2.75229,0.9591666666666677,0.7345000000000012,0.9075,0.795,586,5,166.751,130.58455
37.6356,28,0.125,2,9,15,2,0,0,1.280394666666666,0.9332799999999974,0.039296,0.019648,65.25433666666669,49.297668000000016,166.751,43.693,0.9347000000000113,-2.465057999999982,-15.643,-12.3771,0.6708333333333343,0.7595000000000012,0.98,0.99,586,5,2.68561,1.6679839
-16.2149,22,0.85,3,111,0,1,0,0,1.2574719999999993,0.8311103999999974,3.4384,0.363488,76.48320333333335,59.893802000000015,2.68561,26.3264,1.9259000000000128,-5.157579999999983,37.6356,-19.1885,0.6516666666666676,0.7705000000000012,0.125,0.9075,587,5,60.013,75.59408
-2.34773,4,0.05,7,12,3,2,0,0,2.4887466666666658,1.5738047999999973,0.29472,0.039296,22.64100000000002,52.200080000000014,60.013,166.751,6.3576566666666805,-3.151705999999983,-16.2149,-15.643,0.3416666666666676,0.5825000000000011,0.85,0.98,587,5,5.22439,4.6935925
8.54246,16,0.01,1,4,9,1,0,0,1.9909966666666659,1.8901371999999974,3.73312,3.4384,22.56032000000002,47.42351400000001,5.22439,2.68561,-3.3400566666666527,2.3944860000000174,-2.34773,37.6356,0.3033333333333343,0.4030000000000012,0.05,0.125,588,5,2.44357,2.608558
4.25246,8,0.0,5,15,5,2,0,0,3.2451933333333325,2.6937399999999974,1.94515,0.29472,3.1700800000000187,14.44177000000001,2.44357,60.013,3.4823966666666806,6.373578000000018,8.54246,-16.2149,0.020000000000000965,0.20700000000000118,0.01,0.85,588,5,1.84228,2.0341825
5.22911,12,0.22,2,0,7,1,0,0,2.511666666666666,2.3125679999999975,4.05731,3.73312,2.068160000000019,14.28837400000001,1.84228,5.22439,6.008010000000014,-0.10771999999998147,4.25246,-2.34773,0.07666666666666763,0.22600000000000117,0.0,0.05,589,5,1.91863,3.8472984
-1.66087,4,0.515,4,0,3,2,0,0,2.498569999999999,2.6347959999999975,1.53254,1.94515,1.9201366666666857,2.685674000000011,1.91863,2.44357,2.606900000000014,2.803086000000019,5.22911,8.54246,0.24500000000000097,0.1590000000000012,0.22,0.01,589,5,1.9995,3.2025568
-0.0682645,4,0.015,2,8,3,1,0,0,1.7912433333333324,2.275237999999997,1.90586,4.05731,1.996050000000019,2.0548000000000117,1.9995,1.84228,1.1666585000000143,3.258979100000018,-1.66087,4.25246,0.25000000000000094,0.1520000000000012,0.515,0.0,590,5,2.07002,3.315468
-14.9476,0,0.8775,5,311,0,2,0,0,1.4408553333333325,1.9824831999999977,1.93533,1.53254,34.36024000000002,21.368326000000014,2.07002,1.91863,-5.558911499999986,-1.4390328999999813,-0.0682645,5.22911,0.4691666666666676,0.3255000000000011,0.015,0.22,590,5,99.0112,68.03778
31.254,28,0.0,2,14,15,1,0,0,1.473601999999999,1.5718411999999975,0.481376,1.90586,34.20936000000002,21.309242000000012,99.0112,1.9995,5.412711833333347,3.9612751000000186,-14.9476,-1.66087,0.29750000000000093,0.3255000000000011,0.8775,0.515,591,5,1.54686,-0.29942822
-12.7155,0,0.9725,4,384,0,2,0,0,0.8645133333333326,1.2869459999999973,2.0041,1.93533,40.84885333333335,25.323216000000013,1.54686,2.07002,1.1969666666666807,0.372353100000019,31.254,-0.0682645,0.6166666666666676,0.4760000000000012,0.0,0.015,591,5,21.9885,88.28482
-0.127497,4,0.025,4,16,3,1,0,0,1.3426146666666658,1.2889099999999973,0.108064,0.481376,9.614900000000018,25.98518400000001,21.9885,99.0112,6.137001000000013,0.6790277000000188,-12.7155,-14.9476,0.33250000000000096,0.3780000000000011,0.9725,0.8775,592,5,5.30934,3.499713
-7.44004,0,0.9775,2,222,0,2,0,0,0.7040533333333324,0.9195271999999974,1.91568,2.0041,21.904780000000017,33.254480000000015,5.30934,1.54686,-6.761012333333319,-0.7953273999999811,-0.127497,31.254,0.6583333333333343,0.5705000000000011,0.025,0.0,592,5,38.4165,27.79584
-21.8004,0,1.0,3,24,0,1,0,0,0.668031999999999,0.8232519999999974,0.088416,0.108064,52.260613333333346,36.06344000000001,38.4165,21.9885,-9.78931233333332,-2.1658873999999813,-7.44004,-12.7155,0.667500000000001,0.5950000000000012,0.9775,0.9725,593,5,113.056,107.18091
-3.15354,24,0.83,1,203,2,2,0,0,0.25214933333333245,0.5560383999999974,0.0,1.91568,59.52263333333335,41.17314800000001,113.056,5.30934,-10.797993333333322,-9.047395399999981,-21.8004,-0.127497,0.9358333333333343,0.7610000000000012,1.0,0.025,593,5,27.0954,14.021518
-10.4032,0,0.845,5,145,0,1,0,0,0.3241919999999991,0.5953343999999973,0.668032,0.088416,81.35180000000001,57.556248000000004,27.0954,38.4165,-11.785713333333321,-8.584935399999981,-3.15354,-7.44004,0.8916666666666676,0.7355000000000012,0.83,0.9775,594,5,103.904,60.75046
-19.633,0,1.0,3,0,0,2,0,0,0.3241919999999991,0.21219839999999732,0.304544,0.0,64.19643333333335,68.81236,103.904,113.056,-11.063246666666652,-12.48603599999998,-10.4032,-21.8004,0.8916666666666676,0.930500000000001,0.845,1.0,594,5,61.5899,66.924385
-2.7178,2,0.35,4,0,2,1,0,0,0.5266013333333325,0.44956719999999734,0.0,0.668032,64.88343333333334,66.96034,61.5899,27.0954,-10.917999999999985,-11.541587999999981,-19.633,-3.15354,0.7316666666666677,0.8050000000000012,1.0,0.83,595,5,29.1564,16.702442
-13.1257,0,0.8925,5,257,0,2,0,0,0.5658973333333325,0.5340535999999974,1.27526,0.304544,53.79386666666668,58.47620000000002,29.1564,103.904,-11.825499999999986,-9.806647999999981,-2.7178,-10.4032,0.7475000000000009,0.7835000000000012,0.35,0.845,595,5,70.6353,38.81011
-16.4193,18,0.75,3,53,0,1,0,0,0.7296306666666658,0.49868719999999733,0.422432,0.0,46.95380000000002,61.27106000000001,70.6353,61.5899,-10.754266666666652,-12.459799999999982,-13.1257,-19.633,0.6641666666666676,0.7675000000000012,0.8925,1.0,596,5,41.0697,51.788754
0.713603,6,0.535,5,0,4,2,0,0,0.9136306666666658,0.8032303999999973,0.4912,1.27526,37.937120000000014,40.911532000000015,41.0697,29.1564,-9.610465666666652,-10.236439399999982,-16.4193,-2.7178,0.7258333333333343,0.7055000000000011,0.75,0.35,596,5,2.10636,6.6864257
-18.5717,0,1.0,3,425,0,1,0,0,0.7728199999999991,0.8032303999999973,1.82726,0.422432,30.494153333333355,38.25483200000001,2.10636,70.6353,-11.425798999999985,-10.024179399999982,0.713603,-13.1257,0.7616666666666676,0.7055000000000011,0.535,0.8925,597,5,48.3064,59.024567
-2.75229,2,0.855,2,0,2,2,0,0,0.7990173333333325,0.6621367999999974,0.0,0.4912,19.115306666666687,33.81018400000001,48.3064,41.0697,-6.870128999999985,-10.031077399999983,-18.5717,-16.4193,0.7966666666666677,0.8065000000000012,1.0,0.75,597,5,6.93316,5.7991257
-16.24,0,0.99,3,218,0,1,0,0,0.1964799999999991,0.5815799999999973,0.569792,1.82726,43.623186666666676,34.80912400000001,6.93316,2.10636,-12.521329999999985,-10.65393739999998,-2.75229,0.713603,0.9483333333333342,0.8260000000000011,0.855,0.535,598,5,75.63,61.029343
-19.1885,0,1.0,3,338,0,2,0,0,0.1964799999999991,0.48333999999999727,0.019648,0.0,36.296520000000015,31.860464000000007,75.63,48.3064,-12.726929999999987,-11.20777739999998,-16.24,-18.5717,0.9483333333333342,0.876000000000001,0.99,1.0,598,5,26.3264,24.162848
-13.5069,0,0.925,4,616,0,1,0,0,0.05566933333333244,0.14735999999999733,0.0,0.569792,53.15940000000001,42.943552000000004,26.3264,6.93316,-16.311799999999984,-14.051877999999983,-19.1885,-2.75229,0.9716666666666676,0.9540000000000012,1.0,0.855,599,5,57.5218,65.12033
8.21643,14,0.0,5,8,8,2,0,0,1.470326666666666,1.0000839999999973,0.14736,0.019648,28.841646666666687,33.817620000000005,57.5218,75.63,-8.159656666666653,-8.694251999999981,-13.5069,-16.24,0.6416666666666677,0.7540000000000011,0.925,0.99,599,5,2.67674,4.3639336
2.44212,6,0.005,5,10,4,1,0,0,2.121986666666666,1.2771215999999974,4.26362,0.0,20.642116666666684,32.77655000000001,2.67674,26.3264,-0.9494499999999855,-7.655369999999981,8.21643,-19.1885,0.31000000000000105,0.5840000000000012,0.0,1.0,600,5,1.72781,4.444875
-2.34773,4,0.34,9,2,3,2,0,0,2.937379999999999,1.7918999999999976,1.95498,0.14736,3.170216666666686,18.671770000000013,1.72781,57.5218,2.770273333333348,-4.876915999999982,2.44212,-13.5069,0.11500000000000105,0.4540000000000012,0.005,0.925,600,5,5.1061,4.075301
-12.1623,0,0.855,3,215,0,1,0,0,1.6111386666666656,1.8488791999999976,2.59354,4.26362,17.26127000000002,22.39647000000001,5.1061,2.67674,-4.022636666666653,-3.471675999999981,-2.34773,8.21643,0.400000000000001,0.42500000000000115,0.34,0.0,601,5,44.9499,43.18679
-4.9112,0,0.7075,2,18,0,2,0,0,1.3426153333333326,2.0492891999999974,0.284896,1.95498,17.30284000000002,11.26261400000001,44.9499,1.72781,-6.47374333333332,-1.7525359999999814,-12.1623,2.44212,0.6341666666666678,0.38150000000000117,0.855,0.005,601,5,1.85252,5.1687613
-0.826867,4,0.955,8,83,3,1,0,0,0.5075739999999992,1.2142483999999973,1.14941,2.59354,71.25947333333335,44.12246600000001,1.85252,5.1061,-5.966788999999987,-3.5611953999999812,-4.9112,-2.34773,0.8391666666666677,0.5725000000000011,0.7075,0.34,602,5,166.976,105.816216
4.51259,8,0.015,5,3,5,2,0,0,1.7028286666666659,1.5973843999999973,0.088416,0.284896,56.927423333333344,44.16765400000001,166.976,44.9499,-0.40849233333331963,-3.1471013999999817,-0.826867,-12.1623,0.5591666666666677,0.5745000000000011,0.955,0.855,602,5,1.95375,4.9624867
-16.7767,0,0.87,4,186,0,1,0,0,1.4048333333333325,1.1297611999999972,3.87066,1.14941,75.99365000000002,54.95667400000001,1.95375,1.85252,-4.363658999999987,-6.0328953999999815,4.51259,-4.9112,0.6133333333333343,0.6805000000000011,0.015,0.7075,603,5,59.0512,113.111336
-14.9476,0,1.0,4,280,0,2,0,0,1.3753613333333325,1.0727819999999972,0.255424,0.088416,53.33871666666668,65.76893400000002,59.0512,166.976,-9.070569999999988,-6.589955399999982,-16.7767,-0.826867,0.6283333333333343,0.7095000000000011,0.87,0.955,603,5,99.0112,97.8849
15.0092,20,0.03,3,8,11,1,0,0,0.7204279999999992,1.2240719999999974,0.0,3.87066,53.49613333333334,65.88363000000001,99.0112,1.95375,-5.571699999999986,-2.6058753999999817,-14.9476,4.51259,0.6333333333333343,0.5740000000000012,1.0,0.015,604,5,2.426,4.0298777
-12.7155,0,0.9925,2,209,0,2,0,0,0.6451106666666658,1.2122831999999975,1.90586,0.255424,41.17180000000001,36.90407000000001,2.426,59.0512,-4.217966666666652,-4.983601999999982,15.0092,-16.7767,0.6741666666666677,0.5815000000000012,0.03,0.87,604,5,22.0782,62.243015
-3.26165,2,0.525,4,10,2,1,0,0,0.9562039999999993,0.6248071999999973,0.029472,0.0,8.812286666666674,36.89985200000001,22.0782,99.0112,-0.32264999999998595,-6.538449999999981,-12.7155,-14.9476,0.5158333333333344,0.6835000000000011,0.9925,1.0,605,5,1.93266,6.8352427
-5.70614,24,0.9975,1,3,0,2,0,0,0.3241919999999992,0.5756871999999974,0.93328,1.90586,17.318820000000006,30.678732000000014,1.93266,2.426,-7.227763333333319,-4.324337999999981,-3.26165,15.0092,0.8383333333333344,0.7090000000000012,0.525,0.03,605,5,27.9456,28.897566
8.0741,14,0.0,5,4,8,1,0,0,0.9693013333333326,0.9686471999999974,0.009824,0.029472,10.641980000000009,11.28602800000001,27.9456,22.0782,-0.2978966666666529,0.28000200000001846,-5.70614,-12.7155,0.5075000000000011,0.5090000000000011,0.9975,0.9925,606,5,2.04768,1.9688374
19.011,26,1.0,4,1,14,2,0,0,0.6582079999999993,0.5874751999999974,1.9648,0.93328,30.527726666666677,23.11880800000001,2.04768,1.93266,7.126320000000014,1.0803620000000183,8.0741,-3.26165,0.6658333333333344,0.7030000000000012,0.0,0.525,606,5,61.5899,23.570288
-0.773652,4,0.015,7,8,3,1,0,0,1.3000433333333328,0.9686467999999973,0.0,0.009824,21.728950000000008,19.013022000000014,61.5899,27.9456,8.770482666666682,3.4687316000000186,19.011,-5.70614,0.3383333333333343,0.5075000000000012,1.0,0.9975,607,5,1.54927,5.789947
-13.1257,0,0.99,8,216,0,2,0,0,0.6582086666666659,0.7898499999999974,1.93533,1.9648,44.948490000000014,32.96775000000001,1.54927,2.04768,1.7038826666666804,1.4959216000000182,-0.773652,8.0741,0.6683333333333343,0.6005000000000011,0.015,0.0,607,5,71.7063,83.06963
-0.127497,4,0.0,6,0,3,1,0,0,1.3131419999999994,1.1808451999999974,0.039296,0.0,26.111186666666672,28.39422800000001,71.7063,61.5899,-4.675616333333319,2.6116502000000184,-13.1257,19.011,0.335000000000001,0.40100000000000113,0.99,1.0,608,5,5.07799,4.8455462
8.83396,14,0.3275,2,6,8,2,0,0,1.548918666666666,1.3164171999999972,1.9648,1.93533,26.288236666666677,28.400776000000015,5.07799,1.54927,-1.473078999999986,2.7636222000000186,-0.127497,-0.773652,0.43916666666666765,0.46650000000000114,0.0,0.015,608,5,2.08042,5.885539
-21.8004,0,1.0,5,50,0,1,0,0,1.5358199999999993,1.3164171999999972,2.64266,0.039296,40.07147000000001,38.69399600000001,2.08042,71.7063,-4.364645666666653,-5.398657799999981,8.83396,-13.1257,0.442500000000001,0.46650000000000114,0.3275,0.99,609,5,113.056,99.4197
-2.75229,2,0.8625,3,0,2,2,0,0,1.0609933333333326,1.0374151999999974,0.0,1.9648,40.65134000000001,39.74766200000001,113.056,5.07799,-5.239576666666653,-5.794385399999982,-21.8004,-0.127497,0.730000000000001,0.6360000000000012,1.0,0.0,609,5,6.8176,10.607881
-24.1734,0,0.835,4,170,0,1,0,0,0.2881706666666659,1.0943943999999974,0.54032,2.64266,72.57710000000002,44.977942000000006,6.8176,2.08042,-16.242029999999986,-8.003925399999982,-2.75229,8.83396,0.8991666666666677,0.6050000000000011,0.8625,0.3275,610,5,97.8577,99.530396
-19.1885,0,1.0,4,20,0,2,0,0,0.2881706666666659,0.7014343999999972,0.324192,0.0,43.66723333333334,49.227624000000006,97.8577,113.056,-15.371396666666655,-11.816125999999983,-24.1734,-21.8004,0.8991666666666677,0.8050000000000012,0.835,1.0,610,5,26.3264,29.540468
-11.5768,0,0.35,4,32,0,1,0,0,0.533770666666666,0.42832639999999733,0.0,0.54032,50.217600000000004,54.10528000000001,26.3264,6.8176,-18.31289999999999,-15.898277999999982,-19.1885,-2.75229,0.7283333333333344,0.8095000000000011,1.0,0.8625,611,5,26.4687,26.443169
8.90182,14,0.06,2,12,8,2,0,0,1.6569799999999992,1.1670903999999973,1.27712,0.324192,18.555086666666675,32.06811200000001,26.4687,97.8577,-7.287826666666653,-9.757833999999981,-11.5768,-24.1734,0.47000000000000103,0.6215000000000012,0.35,0.835,611,5,2.87016,1.3182956
-16.4193,0,1.0,4,113,0,1,0,0,1.6569799999999992,1.0590263999999974,3.69382,0.0,23.469520000000006,38.918532000000006,2.87016,26.3264,-6.364759999999986,-12.491235999999983,8.90182,-19.1885,0.47000000000000103,0.6490000000000011,0.06,1.0,612,5,41.0697,58.024143
-9.89816,0,0.1275,4,21,0,2,0,0,2.3741333333333325,1.6799039999999974,0.0,1.27712,16.28930333333334,20.332602000000012,41.0697,26.4687,-5.80521333333332,-9.636187999999981,-16.4193,-11.5768,0.39583333333333437,0.5075000000000011,1.0,0.35,612,5,4.92805,4.3199906
7.35213,14,1.0,1,211,8,1,0,0,1.1428599999999993,1.6799039999999974,3.42858,3.69382,31.434716666666674,24.728602000000013,4.92805,2.87016,-6.321776666666653,-4.328061999999982,-9.89816,8.90182,0.7091666666666677,0.5075000000000012,0.1275,0.06,613,5,48.3064,48.136066
30.6588,28,0.7525,2,0,15,2,0,0,1.4670519999999991,1.6189951999999974,0.0,0.0,18.36585000000001,19.807482000000007,48.3064,41.0697,9.370923333333346,4.1190580000000185,7.35213,-16.4193,0.6266666666666677,0.5880000000000012,1.0,1.0,613,5,1.8631,3.3990657
-16.24,0,0.98,3,376,0,1,0,0,0.3372906666666659,0.8880903999999974,0.972576,3.42858,42.08203333333334,34.44877000000001,1.8631,4.92805,7.256976666666682,-0.9093059999999816,30.6588,-9.89816,0.9108333333333344,0.7720000000000011,0.7525,0.1275,614,5,76.0766,77.02001
3.85692,10,0.0075,1,17,6,2,0,0,1.6373339999999992,1.6681163999999975,0.039296,0.0,26.618403333333344,26.617932000000014,76.0766,48.3064,6.091906666666681,3.1459380000000183,-16.24,7.35213,0.5800000000000011,0.5735000000000011,0.98,1.0,614,5,1.91551,1.0288155
9.09522,16,0.79,4,605,9,1,0,0,1.450677999999999,1.0649219999999973,3.90013,0.972576,44.09510333333335,36.49096200000001,1.91551,1.8631,-1.0959533333333187,6.944614000000018,3.85692,30.6588,0.592500000000001,0.7060000000000011,0.0075,0.7525,615,5,54.2932,50.128487
-19.4513,0,1.0,8,159,0,2,0,0,1.4375793333333322,1.0649219999999973,0.412608,0.039296,51.73997000000001,46.63192200000001,54.2932,76.0766,-2.1663866666666522,1.5839280000000187,9.09522,-16.24,0.5991666666666676,0.7060000000000011,0.79,0.98,615,5,99.0112,107.2459
-1.59041,4,0.065,3,12,3,1,0,0,0.7498993333333326,1.2378247999999972,0.0,3.90013,51.692416666666674,46.61387200000001,99.0112,1.91551,-3.9821633333333195,-4.8659139999999805,-19.4513,3.85692,0.6183333333333343,0.5685000000000012,1.0,0.0075,616,5,1.77285,4.6897426
-5.29545,0,0.7875,8,36,0,2,0,0,0.8907099999999991,1.3969735999999973,1.83709,0.412608,41.03591666666668,35.863292000000015,1.77285,54.2932,-8.77905333333332,-2.6770039999999815,-1.59041,9.09522,0.617500000000001,0.5300000000000011,0.065,0.79,616,5,22.3237,14.41126
-12.1623,0,1.0,2,81,0,1,0,0,0.8907099999999991,0.6169475999999973,0.83504,0.0,23.01548333333334,44.47017000000001,22.3237,99.0112,-6.3493866666666525,-5.880847999999981,-5.29545,-19.4513,0.617500000000001,0.7285000000000011,0.7875,1.0,617,5,44.9499,48.730125
-7.65783,0,0.9925,4,98,0,2,0,0,0.28817066666666596,0.5403203999999973,0.0,1.83709,31.82280000000001,39.25049000000001,44.9499,1.77285,-8.371859999999986,-9.23145799999998,-12.1623,-1.59041,0.9266666666666677,0.7690000000000012,1.0,0.065,617,5,28.1948,31.543095
-21.7718,0,0.955,3,107,0,1,0,0,0.039295999999999255,0.5580035999999973,0.029472,0.83504,79.35723333333334,52.433650000000014,28.1948,22.3237,-13.863976666666652,-9.69555799999998,-7.65783,-5.29545,0.9825000000000012,0.7600000000000012,0.9925,0.7875,618,5,164.927,116.62524
-10.1316,0,1.0,2,57,0,2,0,0,0.039295999999999255,0.19058559999999733,0.088416,0.0,84.90390000000001,64.39706000000001,164.927,44.9499,-13.187076666666654,-11.403795999999982,-21.7718,-12.1623,0.9825000000000012,0.9470000000000012,0.955,1.0,618,5,61.5899,23.995134
-14.0134,0,1.0,4,205,0,1,0,0,0.02947199999999926,0.023577599999997333,0.0,0.029472,95.18936666666667,71.74256000000001,61.5899,28.1948,-15.305599999999986,-13.14738599999998,-10.1316,-7.65783,0.9850000000000009,0.9895000000000012,1.0,0.9925,619,5,59.0512,118.87047
-13.1257,0,0.99,9,146,0,2,0,0,0.013098666666665926,0.031436799999997336,0.0,0.088416,64.35050000000001,77.23466,59.0512,164.927,-12.423566666666654,-13.340065999999982,-14.0134,-21.7718,0.9966666666666676,0.987500000000001,1.0,0.955,619,5,72.4104,67.785164
18.4775,24,0.01,2,8,13,1,0,0,0.6614819999999992,0.4145723999999973,0.039296,0.0,44.639886666666676,72.08731200000003,72.4104,61.5899,-2.887199999999987,-8.112999999999982,-13.1257,-10.1316,0.6666666666666677,0.791000000000001,0.99,1.0,620,5,2.45806,4.0846705
4.66214,8,0.16,3,12,5,2,0,0,1.7617686666666659,1.0570611999999973,1.94515,0.0,25.642176666666682,39.51352600000001,2.45806,59.0512,3.3379800000000137,-2.8262119999999817,18.4775,-14.0134,0.38666666666666766,0.6320000000000011,0.01,1.0,620,5,2.05807,4.4479
-3.26165,2,0.365,8,6,2,1,0,0,2.1645533333333327,1.3065911999999973,3.30086,0.039296,2.152743333333343,27.58396600000001,2.05807,72.4104,6.625996666666681,-1.452221999999982,4.66214,-13.1257,0.17833333333333437,0.5050000000000011,0.16,0.99,621,5,1.9421,4.594261
-9.01961,0,0.8475,4,365,0,2,0,0,1.7159246666666659,1.4264439999999972,1.24765,1.94515,3.6824000000000097,17.18313200000001,1.9421,2.45806,-2.539706666666652,-0.4534639999999818,-3.26165,18.4775,0.4575000000000011,0.47450000000000114,0.365,0.01,621,5,7.04703,10.096542
8.0741,14,0.0,5,0,8,1,0,0,1.2705713333333326,1.8115447999999972,0.599264,3.30086,3.661006666666676,3.0998300000000114,7.04703,2.05807,-1.4023866666666525,3.7864960000000183,-9.01961,4.66214,0.40416666666666773,0.2765000000000012,0.8475,0.16,622,5,1.99389,1.387719
-19.9725,0,0.9725,8,158,0,2,0,0,0.8907093333333324,1.4441275999999974,1.9648,1.24765,16.403973333333344,10.642418000000012,1.99389,1.9421,-6.972669999999986,-3.9035039999999817,8.0741,-3.26165,0.6066666666666677,0.4690000000000012,0.0,0.365,622,5,40.171,37.16523
-0.773652,4,0.005,3,0,3,1,0,0,1.3426146666666658,1.174951599999997,0.108064,0.599264,14.563703333333343,10.536048000000012,40.171,7.04703,-4.224017333333319,-4.990662399999982,-19.9725,-9.01961,0.32583333333333436,0.43800000000000117,0.9725,0.8475,623,5,1.52622,3.8353271
-4.59485,0,0.83,3,333,1,2,0,0,0.9103586666666658,1.0590279999999972,1.95498,1.9648,15.578433333333342,11.15524400000001,1.52622,1.99389,-8.447000666666652,-5.257302399999982,-0.773652,8.0741,0.602500000000001,0.5310000000000012,0.005,0.0,623,5,5.03808,16.863634
-4.63167,0,0.04,5,21,1,1,0,0,1.5030739999999991,1.3164171999999972,0.668032,0.108064,3.841756666666676,10.73803200000001,5.03808,40.171,-3.333390666666652,-4.3797143999999815,-4.59485,-19.9725,0.2916666666666677,0.36950000000000116,0.83,0.9725,624,5,4.96097,5.200312
5.90293,12,0.01,2,7,7,2,0,0,2.1481806666666654,1.7015171999999972,1.88621,1.95498,3.949090000000009,10.70889800000001,4.96097,1.52622,-1.1078633333333185,-4.8139483999999815,-4.63167,-0.773652,0.2933333333333344,0.37150000000000116,0.04,0.005,624,5,1.84822,1.3417084
-18.0551,0,0.93,8,184,0,1,0,0,1.9713486666666657,1.7074115999999973,3.8903,0.668032,59.252730000000014,36.86449800000001,1.84822,5.03808,-5.594613333333318,-4.430468399999982,5.90293,-4.59485,0.3266666666666677,0.36300000000000116,0.01,0.83,625,5,170.949,121.21492
-5.56463,0,0.04,7,40,0,2,0,0,2.600085333333332,2.070899599999997,0.137536,1.88621,58.23665333333335,36.94180200000002,170.949,4.96097,-5.9055999999999855,-5.388663999999983,-18.0551,-4.63167,0.3266666666666677,0.37000000000000116,0.93,0.04,625,5,1.91274,15.519655
20.5412,28,0.895,2,60,15,1,0,0,1.3720866666666656,1.9785539999999973,3.77242,3.8903,90.12824666666667,55.438786000000015,1.91274,1.84822,-1.0261766666666514,-0.36145399999998207,-5.56463,5.90293,0.6216666666666678,0.3830000000000012,0.04,0.01,626,5,97.523,91.27112
19.2109,26,1.0,2,261,14,2,0,0,1.3262413333333323,1.6013119999999972,0.206304,0.137536,66.14898000000001,74.24883200000002,97.523,170.949,11.395823333333347,4.407060000000017,20.5412,-18.0551,0.645000000000001,0.5750000000000012,0.895,0.93,626,5,99.0112,70.43123
-11.5768,0,0.95,3,311,0,1,0,0,0.10151466666666577,0.8428999999999972,0.0,3.77242,74.37150000000001,79.19524800000002,99.0112,1.91274,9.391766666666681,0.9111140000000173,19.2109,-5.56463,0.9483333333333345,0.7630000000000011,1.0,0.04,627,5,26.5803,47.991066
-5.29545,0,0.73,8,0,0,2,0,0,0.3864099999999991,1.0275907999999971,0.09824,0.206304,48.91196666666668,49.23432800000001,26.5803,97.523,0.7795500000000137,3.4630440000000187,-11.5768,20.5412,0.8933333333333344,0.7230000000000011,0.95,0.895,627,5,21.1444,24.761429
-16.5489,0,0.775,4,122,0,1,0,0,0.5337699999999992,0.36152279999999726,1.06099,0.0,30.105866666666675,57.370360000000005,21.1444,99.0112,-11.140383333333318,1.2661900000000188,-5.29545,19.2109,0.8183333333333344,0.8700000000000012,0.73,1.0,628,5,42.5929,51.536858
-7.65783,0,0.9025,4,401,0,2,0,0,0.6287353333333324,0.3968891999999972,0.44208,0.09824,30.868833333333342,43.639600000000016,42.5929,26.5803,-9.834059999999987,-4.3736159999999815,-16.5489,-11.5768,0.8025000000000011,0.871500000000001,0.775,0.95,628,5,28.8692,27.021217
-10.9526,0,0.85,4,262,0,1,0,0,0.37331199999999914,0.4558331999999973,0.383136,1.06099,41.35273333333334,34.35658000000001,28.8692,21.1444,-11.719776666666652,-10.40631599999998,-7.65783,-5.29545,0.842500000000001,0.8415000000000011,0.9025,0.73,629,5,52.5961,48.144203
-10.1316,0,1.0,2,0,0,2,0,0,0.22595199999999915,0.4361851999999972,0.29472,0.44208,47.68506666666667,41.358500000000014,52.5961,42.5929,-9.580676666666653,-10.11727599999998,-10.9526,-16.5489,0.917500000000001,0.8515000000000011,0.85,0.775,629,5,61.5899,46.649883
-16.24,0,0.97,4,288,0,1,0,0,0.11788799999999917,0.23577599999999724,0.0,0.383136,63.353633333333335,52.30460000000001,61.5899,28.8692,-12.441399999999987,-12.30618599999998,-10.1316,-7.65783,0.940000000000001,0.8995000000000012,1.0,0.9025,630,5,75.8749,83.41
-13.1257,0,0.995,3,77,0,2,0,0,0.026197333333332518,0.15128959999999722,0.058944,0.29472,69.95846666666667,58.26814000000002,75.8749,52.5961,-13.165766666666654,-11.62154599999998,-16.24,-10.9526,0.9883333333333343,0.9435000000000011,0.97,0.85,630,5,72.4106,56.72999
-11.0826,0,0.91,4,631,0,1,0,0,0.08514133333333251,0.11002879999999723,0.019648,0.0,67.2489,63.186540000000015,72.4106,61.5899,-13.482766666666654,-12.306499999999982,-13.1257,-10.1316,0.9583333333333343,0.9450000000000012,0.995,1.0,631,5,53.4612,45.5905
-0.323006,6,0.3125,3,25,4,2,0,0,0.9660266666666658,0.5914047999999973,0.176832,0.058944,42.642070000000004,53.07820200000001,53.4612,75.8749,-8.177101999999985,-10.180581199999981,-11.0826,-16.24,0.7391666666666676,0.837500000000001,0.91,0.97,631,5,2.05441,8.905815
36.9439,28,0.055,2,6,15,1,0,0,1.5783906666666658,0.9627527999999973,2.7016,0.019648,19.09235333333334,41.11251200000001,2.05441,72.4106,8.512764666666682,-0.7654811999999808,-0.323006,-13.1257,0.42583333333333434,0.6485000000000011,0.3125,0.995,632,5,1.76145,2.903874
-9.01961,0,0.9625,2,394,0,2,0,0,1.5685666666666658,0.9804359999999972,1.85674,0.176832,3.683023333333338,27.38417400000001,1.76145,53.4612,9.200428000000015,0.6785968000000195,36.9439,-11.0826,0.4433333333333344,0.6470000000000012,0.055,0.91,632,5,7.23321,11.9821615
-12.1623,0,1.0,2,0,0,1,0,0,0.6680333333333325,0.9765063999999972,0.14736,2.7016,17.981520000000003,21.892034000000013,7.23321,2.05441,5.253996666666681,0.87127680000002,-9.01961,-0.323006,0.6725000000000011,0.6480000000000012,0.9625,0.3125,633,5,44.9499,39.834877
-19.9725,0,1.0,8,200,0,2,0,0,0.04911999999999911,0.9411399999999974,0.0,1.85674,30.78470333333334,19.233994000000013,44.9499,1.76145,-13.718136666666652,-0.9067031999999806,-12.1623,36.9439,0.987500000000001,0.6660000000000011,1.0,0.055,633,5,40.171,35.49745
-21.7718,0,1.0,3,132,0,1,0,0,0.0,0.4008199999999973,0.0,0.14736,83.34930000000001,51.80851200000001,40.171,7.23321,-17.968866666666653,-5.196461999999981,-19.9725,-9.01961,1.0,0.8035000000000011,1.0,0.9625,634,5,164.927,121.74126
5.51817,10,0.3675,3,16,6,2,0,0,0.8284899999999991,0.5265659999999972,0.0,0.0,70.00582666666666,52.44011800000002,164.927,44.9499,-12.075376666666651,-11.48160799999998,-21.7718,-12.1623,0.7891666666666676,0.8660000000000012,1.0,1.0,634,5,4.91948,1.9632815
17.964,26,1.0,2,108,14,1,0,0,0.8284899999999991,0.4970939999999973,2.48547,0.0,76.29922666666666,62.80371600000002,4.91948,40.171,0.5701233333333467,-6.0848859999999805,5.51817,-19.9725,0.7891666666666676,0.8735000000000012,0.3675,1.0,635,5,59.0512,108.24584
-0.705368,4,0.5,3,5,3,2,0,0,1.4834233333333324,0.8900539999999972,0.0,0.0,21.932019999999998,54.178812000000015,59.0512,164.927,7.592267333333346,-3.79349959999998,17.964,-21.7718,0.6225000000000009,0.7735000000000012,1.0,1.0,635,5,1.82538,5.187846
11.0545,18,0.02,1,9,10,1,0,0,1.2967666666666657,1.2751539999999975,1.9648,2.48547,21.11392,46.63764800000002,1.82538,4.91948,9.43771066666668,2.4119004000000195,-0.705368,5.51817,0.5066666666666676,0.5775000000000011,0.5,0.3675,636,5,2.46518,3.563822
-3.02718,2,0.68,4,3,2,2,0,0,1.7159233333333326,1.5266479999999973,1.9255,0.0,2.0775900000000003,14.040690000000017,2.46518,59.0512,2.440650666666681,6.160824400000019,11.0545,17.964,0.40000000000000097,0.5135000000000012,0.02,1.0,636,5,1.94221,4.4015493
6.90319,10,0.14,4,0,6,1,0,0,1.6242333333333325,1.3674999999999975,1.25747,1.9648,2.1130333333333335,13.443136000000019,1.94221,1.82538,4.9768366666666815,6.437828400000019,-3.02718,-0.705368,0.28000000000000097,0.4680000000000012,0.68,0.5,637,5,1.93171,2.1154213
-17.0393,26,1.0,2,6,0,2,0,0,0.9823999999999993,1.3674999999999973,1.68973,1.9255,34.29504,21.435136000000018,1.93171,2.46518,-4.387763333333319,-0.5628315999999807,6.90319,11.0545,0.6066666666666677,0.4680000000000012,0.14,0.02,637,5,99.0112,70.70657
0.511654,6,0.015,7,8,4,1,0,0,1.2083533333333325,1.3616059999999974,0.0,1.25747,34.30585,21.464988000000016,99.0112,1.94221,-3.208151999999986,-0.3194271999999806,-17.0393,-3.02718,0.3850000000000009,0.37100000000000116,1.0,0.68,638,5,1.97464,4.613357
-5.29545,0,0.7125,4,0,0,2,0,0,1.0216966666666658,1.2024579999999974,1.93533,1.68973,40.33141333333334,24.973632000000016,1.97464,1.93171,-7.274365333333319,-3.5894171999999807,0.511654,6.90319,0.5758333333333343,0.5095000000000012,0.015,0.14,638,5,20.0084,13.017745
-1.39012,4,0.005,3,8,3,1,0,0,1.6733566666666657,1.3419599999999974,1.12976,0.0,7.836843333333334,24.89068800000002,20.0084,99.0112,-2.0579719999999857,-3.262005199999981,-5.29545,-17.0393,0.24416666666666764,0.3745000000000011,0.7125,1.0,639,5,1.52749,3.4482636
-7.65783,0,0.91,4,433,0,2,0,0,1.1461346666666659,1.0747467999999973,1.95498,1.93533,16.738163333333333,30.24006600000002,1.52749,1.97464,-4.781133333333319,-6.17420919999998,-1.39012,0.511654,0.542500000000001,0.5285000000000012,0.005,0.015,639,5,28.6786,35.2454
5.17911,12,0.335,6,6,7,1,0,0,1.2050779999999992,1.3360647999999973,0.353664,1.12976,11.716743333333334,11.426654000000017,28.6786,20.0084,-1.2896133333333193,-1.730527199999981,-7.65783,-5.29545,0.41666666666666763,0.3955000000000012,0.91,0.7125,640,5,4.94414,4.4981346
-10.1316,0,1.0,8,41,0,2,0,0,0.5534179999999991,0.9489987999999971,1.30659,1.95498,31.737546666666663,23.34970600000002,4.94414,1.52749,-4.203439999999985,-3.8591779999999813,5.17911,-1.39012,0.7483333333333343,0.5925000000000011,0.335,0.005,640,5,61.5899,47.080917
-18.0551,0,1.0,9,371,0,1,0,0,0.4355299999999991,0.7230467999999972,0.0,0.353664,79.16101333333334,53.53782600000002,61.5899,28.6786,-7.669196666666653,-6.411107999999982,-10.1316,-7.65783,0.7783333333333342,0.650000000000001,1.0,0.91,641,5,170.949,165.1855
-13.1257,0,0.9975,2,44,0,2,0,0,0.0032746666666657784,0.3340155999999973,0.0,1.30659,102.03993333333334,67.94850800000002,170.949,4.94414,-13.770799999999987,-8.75822399999998,-18.0551,5.17911,0.9991666666666678,0.8485000000000011,1.0,0.335,641,5,73.5809,55.955315
-14.2613,0,0.765,8,91,0,1,0,0,0.15718399999999913,0.3556283999999973,0.009824,0.0,111.5485,80.23590800000002,73.5809,61.5899,-15.14736666666665,-10.07891799999998,-13.1257,-10.1316,0.9208333333333343,0.8195000000000011,0.9975,1.0,642,5,90.1156,91.97332
8.59825,16,0.2475,2,22,9,2,0,0,1.1428573333333325,0.6857143999999973,0.461728,0.0,55.25849,79.66287400000002,90.1156,170.949,-6.262916666666652,-9.39508999999998,-14.2613,-18.0551,0.6700000000000009,0.8020000000000012,0.765,1.0,642,5,2.07897,6.2268534
-11.5768,0,0.95,9,360,0,1,0,0,1.1723293333333324,0.7053623999999974,2.95702,0.009824,39.88709,72.83823400000003,2.07897,73.5809,-5.746616666666653,-9.68412999999998,8.59825,-13.1257,0.6541666666666676,0.792000000000001,0.2475,0.9975,643,5,27.4667,61.020702
-9.01961,0,0.99,2,287,0,2,0,0,1.0315186666666658,0.7132215999999973,0.09824,0.461728,12.278086666666667,40.10615200000002,27.4667,90.1156,-3.9993866666666524,-7.877031999999981,-11.5768,-14.2613,0.7291666666666675,0.7900000000000011,0.95,0.765,643,5,7.28859,18.36744
-12.9372,0,1.0,5,177,0,1,0,0,0.04584533333333244,0.7112567999999972,0.039296,2.95702,25.78273,33.90855200000002,7.28859,2.07897,-11.177869999999984,-7.83933199999998,-9.01961,8.59825,0.980000000000001,0.7905000000000012,0.99,0.2475,644,5,42.5929,44.48423
-19.9725,0,1.0,8,229,0,2,0,0,0.013098666666665778,0.6189111999999973,0.0,0.09824,30.01749666666667,23.919632000000018,42.5929,27.4667,-13.976436666666652,-8.981571999999982,-12.9372,-11.5768,0.9966666666666676,0.837500000000001,1.0,0.95,644,5,40.171,33.915844
-11.14,0,0.885,4,453,0,1,0,0,0.07531733333333245,0.07269759999999734,0.0,0.039296,45.044333333333334,33.97765800000002,40.171,7.28859,-14.68323333333332,-12.929221999999982,-19.9725,-9.01961,0.9616666666666674,0.9650000000000011,1.0,0.99,645,5,52.3691,45.58177
7.91798,14,0.0375,2,7,8,2,0,0,1.3360639999999993,0.8094975999999973,0.225952,0.0,32.41193666666667,29.423460000000016,52.3691,42.5929,-7.731506666666653,-9.030265999999981,-11.14,-12.9372,0.6408333333333344,0.7825000000000011,0.885,1.0,645,5,4.69571,2.7493706
-16.24,0,0.945,3,484,0,1,0,0,1.3720853333333325,0.8232511999999973,3.78224,0.0,44.10980333333333,43.01866200000002,4.69571,40.171,-6.4873399999999855,-10.474343999999983,7.91798,-19.9725,0.6225000000000009,0.7735000000000012,0.0375,1.0,646,5,75.2646,77.75216
29.9275,28,0.18,2,26,15,2,0,0,2.370857999999999,1.4677051999999973,0.108064,0.225952,27.26686666666666,34.868140000000025,75.2646,52.3691,7.201826666666681,-1.901403999999981,-16.24,-11.14,0.3875000000000009,0.6095000000000012,0.945,0.885,646,5,1.84029,0.85707545
-11.0826,0,0.92,4,595,0,1,0,0,1.1625059999999992,1.4991419999999973,3.22227,3.78224,43.132396666666665,37.292400000000015,1.84029,4.69571,0.8683000000000144,-0.1234239999999815,29.9275,7.91798,0.6816666666666675,0.5935000000000011,0.18,0.0375,647,5,52.2923,62.906425
-6.23779,0,0.785,4,17,0,2,0,0,1.4081059999999992,1.6229243999999974,0.157184,0.108064,18.70597666666666,27.215648000000016,52.2923,75.2646,4.2023700000000135,0.8570180000000185,-11.0826,-16.24,0.6283333333333343,0.5735000000000012,0.92,0.945,647,5,1.98534,7.1386995
33.9772,28,0.005,2,6,15,1,0,0,0.985675999999999,1.2574723999999975,0.844864,3.22227,18.67632333333333,26.626772000000017,1.98534,1.84029,5.552270000000015,6.068862000000019,-6.23779,29.9275,0.5700000000000011,0.5670000000000012,0.785,0.18,648,5,1.75133,3.7241876
-23.2278,0,1.0,4,51,0,2,0,0,0.9332813333333324,1.2358595999999973,1.95498,0.157184,34.249289999999995,31.376092000000018,1.75133,52.2923,1.5038700000000158,4.671302000000019,33.9772,-11.0826,0.5966666666666677,0.5780000000000012,0.005,0.92,648,5,99.0112,75.94699
-12.1623,0,1.0,2,0,0,1,0,0,0.6516599999999991,0.5914055999999973,0.0,0.844864,48.570809999999994,39.99801400000001,99.0112,1.98534,-0.4709666666666508,-3.746657999999981,-23.2278,-6.23779,0.6683333333333343,0.7420000000000011,1.0,0.785,649,5,44.9499,35.90423
-9.54339,0,0.6575,5,188,0,2,0,0,0.44862999999999914,0.8291467999999973,0.0,1.95498,54.409866666666666,33.39325400000002,44.9499,1.75133,-14.977829999999985,-3.4388159999999806,-12.1623,33.9772,0.8858333333333345,0.6895000000000012,1.0,0.005,649,5,19.2685,29.659378
-21.7718,0,1.0,3,46,0,1,0,0,0.44862999999999914,0.6601739999999973,1.34589,0.0,76.3818,65.98158600000002,19.2685,99.0112,-14.492496666666653,-6.545617999999981,-9.54339,-23.2278,0.8858333333333342,0.7325000000000012,0.6575,1.0,650,5,164.927,135.23651
-7.65783,0,0.9725,4,152,0,2,0,0,0.48465133333333243,0.29079079999999735,0.0,0.0,70.98623333333332,71.38396000000002,164.927,44.9499,-12.991006666666651,-14.872623999999982,-21.7718,-12.1623,0.8766666666666677,0.9260000000000013,1.0,1.0,650,5,28.7632,33.966805
-14.0889,0,1.0,2,14,0,1,0,0,0.03602133333333244,0.29079079999999735,0.108064,1.34589,84.24713333333332,63.39196000000002,28.7632,19.2685,-14.506176666666653,-13.04484399999998,-7.65783,-9.54339,0.9908333333333342,0.9260000000000013,0.9725,0.6575,651,5,59.0512,87.8459
-10.1316,0,0.975,5,247,0,2,0,0,0.06876799999999911,0.31043879999999735,0.0,0.0,52.79229999999999,68.51448000000002,59.0512,164.927,-10.626109999999985,-12.638703999999981,-14.0889,-21.7718,0.9825000000000009,0.9210000000000012,1.0,1.0,651,5,70.5625,53.233948
36.6121,28,0.025,2,7,15,1,0,0,0.6713066666666658,0.4243967999999974,0.09824,0.108064,44.03417333333332,65.15854400000002,70.5625,28.7632,4.130533333333347,-3.4076059999999813,-10.1316,-7.65783,0.6666666666666675,0.7945000000000012,0.975,0.9725,652,5,2.48882,3.8614411
-13.1257,0,0.9975,9,96,0,2,0,0,0.6745813333333325,0.42636159999999734,1.91568,0.0,49.49330666666666,47.25886400000002,2.48882,59.0512,4.451600000000014,-1.6783859999999815,36.6121,-14.0889,0.6658333333333343,0.7940000000000011,0.025,1.0,652,5,75.4286,83.876755
3.72664,8,0.01,3,6,5,1,0,0,1.2902179999999992,0.7937787999999972,0.009824,0.09824,26.611069999999994,41.88938200000002,75.4286,70.5625,9.071013333333347,0.5985080000000184,-13.1257,-10.1316,0.3441666666666676,0.6015000000000013,0.9975,0.975,653,5,1.91579,1.2825748
6.33839,12,0.0,2,7,7,2,0,0,2.0488679999999992,1.6321047999999974,1.94515,1.91568,26.479843333333324,30.498170000000016,1.91579,2.48882,-1.0202233333333186,4.6839660000000185,3.72664,36.6121,0.3358333333333343,0.4015000000000012,0.01,0.025,653,5,2.09514,4.268612
1.01882,6,0.025,4,5,4,1,0,0,2.6841533333333323,1.9955927999999972,4.19163,0.009824,1.990663333333324,16.77788200000002,2.09514,75.4286,3.6946166666666813,6.914050000000019,6.33839,-13.1257,0.01166666666666763,0.2115000000000012,0.0,0.9975,654,5,1.96106,2.093481
-9.01961,0,0.995,3,138,0,2,0,0,2.0423193333333325,1.6163863999999972,1.91568,1.94515,3.934433333333324,17.829538000000017,1.96106,1.91579,-0.5541333333333185,-2.2122919999999806,1.01882,3.72664,0.34000000000000097,0.4055000000000012,0.025,0.01,654,5,7.7471,14.220031
5.41059,10,0.01,1,8,6,1,0,0,1.2934926666666657,2.0034515999999973,0.019648,4.19163,3.74522999999999,3.0493240000000172,7.7471,2.09514,-0.8633999999999853,1.4949660000000196,-9.01961,6.33839,0.3433333333333343,0.20800000000000116,0.995,0.0,655,5,1.52753,1.920424
-19.9725,0,1.0,1,276,0,2,0,0,0.6549326666666658,1.6144215999999971,1.94515,1.91568,16.481876666666654,10.700366000000017,1.52753,1.96106,-7.860506666666652,-3.244861999999981,5.41059,1.01882,0.6683333333333343,0.40600000000000114,0.01,0.025,655,5,40.171,29.637356
3.81653,8,0.995,6,5,5,1,0,0,0.6516579999999991,0.7780603999999973,0.0,0.019648,15.92836666666666,11.498652000000018,40.171,7.7471,-3.581793333333318,-3.749233999999981,-19.9725,-9.01961,0.6683333333333343,0.6050000000000011,1.0,0.995,656,5,6.08657,20.77509
-6.9157,0,0.825,2,81,0,2,0,0,0.23250133333333242,0.5324603999999973,0.009824,1.94515,16.97106666666666,12.037566000000016,6.08657,1.52753,-7.690556666666652,-5.336137999999981,3.81653,5.41059,0.940000000000001,0.7650000000000012,0.995,0.01,656,5,4.65563,10.569493
-18.0551,0,1.0,5,147,0,1,0,0,0.23250133333333242,0.5285307999999973,0.68768,0.0,60.563733333333325,44.67794600000002,4.65563,40.171,-7.051423333333318,-7.143235999999982,-6.9157,-19.9725,0.940000000000001,0.7660000000000011,0.825,1.0,657,5,170.949,96.577446
7.75996,12,0.0,3,6,7,2,0,0,1.5390933333333325,0.9254207999999974,0.0,0.009824,59.13717666666667,44.73382000000002,170.949,6.08657,-5.736946666666651,-6.6733619999999805,-18.0551,3.81653,0.6083333333333343,0.7640000000000012,1.0,0.995,657,5,1.8069,0.2093189
-16.8574,26,0.68,2,9,0,1,0,0,1.5194453333333324,1.0511679999999974,3.9296,0.68768,85.40673333333332,53.39248000000002,1.8069,4.65563,-9.05084666666665,-6.050341999999981,7.75996,-6.9157,0.560000000000001,0.7000000000000011,0.0,0.825,658,5,83.4643,61.88274
-6.23779,0,0.9375,4,31,0,2,0,0,1.6013119999999992,1.0983231999999972,0.628736,0.0,29.106853333333323,52.58503800000002,83.4643,170.949,-5.111743333333318,-8.06120599999998,-16.8574,-18.0551,0.5391666666666677,0.6885000000000012,0.68,1.0,658,5,2.04936,27.737173
-16.0008,0,0.63,4,277,0,1,0,0,0.5337706666666658,1.1061823999999973,0.2456,3.9296,37.35735333333332,56.96559200000003,2.04936,1.8069,-13.031996666666652,-9.87822599999998,-6.23779,7.75996,0.7491666666666678,0.6495000000000012,0.9375,0.0,659,5,26.5584,54.66039
-23.2278,0,1.0,8,145,0,2,0,0,0.3241919999999991,1.1061823999999973,0.726976,0.628736,42.53965333333333,42.57803200000002,26.5584,83.4643,-15.155463333333318,-10.91276599999998,-16.0008,-16.8574,0.8558333333333343,0.6495000000000012,0.63,0.68,659,5,99.0112,66.60092
-2.50155,4,0.435,3,76,3,1,0,0,0.6123619999999991,0.5422843999999973,0.0,0.2456,55.14626666666666,50.19049200000001,99.0112,2.04936,-13.910049999999986,-12.96506799999998,-23.2278,-6.23779,0.6883333333333344,0.7365000000000012,1.0,0.9375,660,5,39.8692,14.234457
-16.2123,0,0.7425,4,202,0,2,0,0,0.7073266666666657,0.6189111999999973,1.11011,0.726976,52.61946666666665,37.29323200000002,39.8692,26.5584,-13.980549999999985,-12.836047999999982,-2.50155,-16.0008,0.7258333333333343,0.7490000000000011,0.435,0.63,660,5,18.978,32.20865
-18.9929,0,0.855,5,492,0,1,0,0,0.8022919999999991,0.6267703999999973,1.01187,0.0,43.930433333333326,51.472180000000016,18.978,99.0112,-12.568916666666652,-15.38706999999998,-16.2123,-23.2278,0.6775000000000011,0.7325000000000012,0.7425,1.0,661,5,72.9441,78.73578
-9.74561,0,0.88,3,121,0,2,0,0,0.5894393333333325,0.5756855999999972,0.284896,1.11011,40.295533333333324,51.95340000000001,72.9441,39.8692,-14.983603333333315,-14.13603199999998,-18.9929,-2.50155,0.8258333333333344,0.7825000000000012,0.855,0.435,661,5,28.9645,22.994207
-17.6704,0,0.825,4,439,0,1,0,0,0.36676266666666585,0.6444535999999973,0.471552,1.01187,50.82929999999999,42.267020000000024,28.9645,18.978,-15.46963666666665,-13.02455199999998,-9.74561,-16.2123,0.8533333333333344,0.7475000000000012,0.88,0.7425,662,5,50.5793,61.40405
-10.1316,0,0.9375,3,400,0,2,0,0,0.35366399999999915,0.47155159999999735,0.34384,0.284896,49.46333333333333,48.06242000000002,50.5793,72.9441,-12.515869999999985,-14.550561999999982,-17.6704,-18.9929,0.8808333333333344,0.8480000000000011,0.825,0.855,662,5,68.8462,45.51772
3.48481,8,0.055,2,12,5,1,0,0,0.8153933333333324,0.6405255999999973,0.2456,0.471552,40.39687999999999,44.61984800000002,68.8462,28.9645,-8.105729999999985,-10.611139999999981,-10.1316,-9.74561,0.6058333333333344,0.7105000000000012,0.9375,0.88,663,5,1.76514,3.6126652
-13.5265,0,0.9225,4,133,0,2,0,0,0.8022946666666658,0.6444551999999975,1.85674,0.34384,49.206679999999984,45.43276800000002,1.76514,50.5793,-6.724429999999985,-9.517859999999981,3.48481,-17.6704,0.6383333333333344,0.7240000000000012,0.055,0.825,663,5,77.0087,68.98872
-10.7217,0,1.0,4,58,0,1,0,0,0.7204279999999992,0.5501447999999973,0.304544,0.2456,41.24124666666666,48.62984800000002,77.0087,68.8462,-6.921129999999985,-9.713077999999982,-13.5265,-10.1316,0.6591666666666677,0.7480000000000011,0.9225,0.9375,664,5,44.9499,42.56063
8.54726,16,0.0,1,6,9,2,0,0,1.421204666666666,1.2731907999999974,0.0,1.85674,41.33539333333332,38.92350400000002,44.9499,1.76514,-5.233646666666652,-4.469545999999982,-10.7217,3.48481,0.6408333333333344,0.5830000000000012,1.0,0.055,664,5,2.04758,6.6006517
-21.7718,0,1.0,6,122,0,1,0,0,1.3196899999999994,1.2240707999999973,3.95907,0.304544,70.64149333333332,58.13966400000002,2.04758,77.0087,-7.982079999999985,-6.797585999999981,8.54726,-13.5265,0.6666666666666677,0.5955000000000011,0.0,0.9225,665,5,164.927,136.50414
-4.27398,0,0.7,3,89,1,2,0,0,1.7126499999999993,1.0884987999999975,0.0,0.0,58.38944666666665,59.42538800000002,164.927,44.9499,-5.832839999999984,-8.349343999999983,-21.7718,-10.7217,0.5666666666666677,0.7245000000000011,1.0,1.0,665,5,8.19376,14.623582
13.8404,20,1.0,3,54,11,1,0,0,0.39295999999999925,1.0275899999999976,1.17888,3.95907,77.39065333333332,55.833888000000016,8.19376,2.04758,-4.068459999999983,-2.8759639999999806,-4.27398,8.54726,0.9000000000000009,0.7400000000000011,0.7,0.0,666,5,59.0512,118.34606
-19.9725,0,1.0,4,139,0,2,0,0,0.39295999999999925,1.0275899999999976,0.0,0.0,35.80531999999999,54.87810800000001,59.0512,164.927,-3.468693333333317,-4.726123999999981,13.8404,-21.7718,0.9000000000000009,0.7400000000000011,1.0,1.0,666,5,40.171,51.7861
11.3384,28,0.03,2,6,9,1,0,0,0.635286666666666,0.6169479999999974,0.0,1.17888,33.90031333333332,54.964340000000014,40.171,8.19376,1.7354333333333496,-4.16789599999998,-19.9725,-4.27398,0.6766666666666676,0.7460000000000011,1.0,0.7,667,5,2.47874,3.7258968
-9.46551,0,0.535,2,196,0,2,0,0,1.2443733333333327,0.9823999999999973,1.90586,0.0,15.83426999999999,22.949554000000017,2.47874,59.0512,-6.033203333333318,-1.7066379999999808,11.3384,13.8404,0.5216666666666677,0.6530000000000011,0.03,1.0,667,5,4.85307,16.660265
10.0065,16,0.01,4,4,9,1,0,0,1.892756666666666,1.1356539999999975,1.82726,0.0,3.076543333333324,21.69036600000002,4.85307,40.171,3.959796666666683,1.1494580000000194,-9.46551,-19.9725,0.19166666666666773,0.5150000000000011,0.535,1.0,668,5,1.89782,1.6643004
7.75996,12,0.0,2,0,7,2,0,0,2.567336666666666,1.9215739999999975,1.94515,1.90586,2.8395833333333242,10.233698000000016,1.89782,2.47874,2.76698333333335,-0.06662999999998061,10.0065,11.3384,0.18166666666666773,0.31500000000000117,0.01,0.03,668,5,1.76786,1.7688235
1.01882,6,0.0,3,4,4,1,0,0,2.619733333333333,2.3184639999999974,3.9296,1.82726,1.8709666666666571,2.588942000000017,1.76786,4.85307,6.261760000000017,4.13163400000002,7.75996,-9.46551,0.0033333333333343696,0.11500000000000117,0.0,0.535,669,5,1.94722,2.4374664
0.0919764,6,0.2375,3,22,4,2,0,0,2.970123333333333,2.5365559999999974,1.98445,1.94515,1.9349266666666571,2.511134000000017,1.94722,1.89782,2.9569188000000164,1.8823492800000192,1.01882,10.0065,0.0791666666666677,0.15650000000000114,0.0,0.01,669,5,2.0897,2.9182124
29.7682,28,0.0,2,4,15,1,0,0,2.3184633333333324,2.5660279999999975,2.99632,3.9296,1.8501466666666573,1.843224000000017,2.0897,1.76786,10.292998800000015,9.72909128000002,0.0919764,7.75996,0.0791666666666677,0.049500000000001154,0.2375,0.0,670,5,1.51352,1.6831862
-11.593,0,1.0,7,98,0,2,0,0,1.6569799999999992,2.1769979999999975,1.97462,1.98445,34.204806666666656,21.265900000000016,1.51352,1.94722,6.089058800000015,5.409191280000019,29.7682,1.01882,0.41250000000000103,0.24750000000000116,0.0,0.0,670,5,99.0112,78.320694
-1.41657,4,0.39,5,24,3,1,0,0,1.0577166666666662,1.6307839999999973,0.0,2.99632,35.88380666666666,22.337668000000015,99.0112,2.0897,5.586210000000015,3.573885280000019,-11.593,0.0919764,0.46333333333333443,0.3255000000000011,1.0,0.2375,671,5,7.1267,6.970065
-16.2123,0,0.995,5,173,0,2,0,0,0.4060593333333327,1.2378235999999974,1.19853,1.97462,41.835266666666655,25.821804000000014,7.1267,1.51352,-9.740623333333318,0.12766128000001942,-1.41657,29.7682,0.7950000000000012,0.5245000000000012,0.39,0.0,671,5,19.3679,77.9311
-15.8603,0,0.985,8,146,0,1,0,0,0.41588333333333277,0.6444539999999973,0.019648,0.0,72.73353333333331,63.74506400000001,19.3679,99.0112,-11.16305666666665,-3.062793999999981,-16.2123,-11.593,0.790000000000001,0.6740000000000012,0.995,1.0,672,5,191.706,165.70049
-9.74561,0,0.98,2,116,0,2,0,0,0.04257066666666607,0.2652483999999974,0.029472,1.19853,80.09186666666665,69.2827,191.706,7.1267,-13.939403333333317,-10.965555999999982,-15.8603,-1.41657,0.9866666666666677,0.8700000000000012,0.985,0.39,672,5,29.2017,6.0878844
-16.8574,0,0.995,10,126,0,1,0,0,0.03929599999999941,0.2672131999999974,0.078592,0.019648,102.06566666666664,66.53832000000001,29.2017,19.3679,-14.15443666666665,-12.01843599999998,-9.74561,-16.2123,0.9866666666666677,0.8690000000000012,0.98,0.995,673,5,85.2893,113.63521
-6.99359,0,0.8875,3,104,0,2,0,0,0.1768319999999994,0.11592319999999731,0.009824,0.029472,60.12969999999999,78.29260000000002,85.2893,191.706,-11.198866666666648,-13.133839999999982,-16.8574,-15.8603,0.9541666666666678,0.9685000000000011,0.995,0.985,673,5,65.8981,27.45027
-16.0008,0,0.95,3,462,0,1,0,0,0.18338133333333273,0.1316415999999973,0.44208,0.078592,59.37929999999999,79.80912000000002,65.8981,29.2017,-13.283929999999984,-13.09153999999998,-6.99359,-9.74561,0.9441666666666677,0.9595000000000011,0.8875,0.98,674,5,26.9505,54.387054
-13.5265,0,0.995,9,152,0,2,0,0,0.18665599999999938,0.12967679999999732,0.09824,0.009824,57.18019999999999,57.20632000000002,26.9505,85.2893,-12.173629999999983,-12.624779999999982,-16.0008,-16.8574,0.9441666666666677,0.9615000000000011,0.95,0.995,674,5,78.692,84.62132
-6.69913,0,0.51,5,50,0,1,0,0,0.3602133333333328,0.3065087999999973,0.019648,0.44208,47.56419999999999,58.77600000000001,78.692,65.8981,-12.07547666666665,-12.015483999999983,-13.5265,-6.99359,0.8183333333333344,0.8675000000000012,0.995,0.8875,675,5,37.0501,16.254196
1.26837,6,0.355,3,12,4,2,0,0,1.1723299999999994,0.8114619999999974,0.962752,0.09824,39.25776333333332,42.12437800000002,37.0501,26.9505,-6.31908666666665,-8.390329999999981,-6.69913,-16.0008,0.620000000000001,0.7395000000000012,0.51,0.95,675,5,2.03119,7.1702423
-18.9929,0,1.0,5,399,0,1,0,0,1.1657806666666661,0.7230459999999973,2.53459,0.019648,37.34179666666666,43.53357800000001,2.03119,78.692,-8.141219999999983,-10.790191999999982,1.26837,-13.5265,0.6216666666666676,0.7620000000000011,0.355,0.995,676,5,72.9441,84.56315
-4.27398,0,0.905,3,0,1,2,0,0,0.969300666666666,0.7780603999999973,0.0,0.962752,27.692766666666657,39.76408000000002,72.9441,37.0501,-7.3328366666666485,-8.444827999999982,-18.9929,-6.69913,0.7533333333333343,0.7530000000000012,1.0,0.51,676,5,8.10301,12.432354
6.63396,12,1.0,2,697,7,1,0,0,0.12443733333333273,0.7741307999999973,0.373312,2.53459,43.875469999999986,34.14154000000002,8.10301,2.03119,-5.54430666666665,-4.412735999999982,-4.27398,1.26837,0.9683333333333343,0.7540000000000011,0.905,0.355,677,5,50.5793,62.575466
-19.9725,0,1.0,6,361,0,2,0,0,0.12443733333333273,0.5815803999999973,0.0,0.0,32.95110333333332,34.76572000000002,50.5793,72.9441,-5.870839999999983,-7.067409999999981,6.63396,-18.9929,0.9683333333333343,0.8520000000000012,1.0,1.0,677,5,40.171,33.48415
3.19429,8,0.0,4,13,5,1,0,0,0.6549333333333328,0.4676223999999974,0.0,0.373312,30.852833333333326,34.72112200000002,40.171,8.10301,-3.38141666666665,-6.682225999999981,-19.9725,-4.27398,0.6666666666666675,0.7810000000000011,1.0,0.905,678,5,1.8082,6.4701495
-9.46551,0,0.995,4,110,0,2,0,0,0.6614826666666661,0.4715519999999974,1.9648,0.0,15.64407999999999,21.122910000000015,1.8082,50.5793,-8.747906666666651,-4.776747999999982,3.19429,6.63396,0.6650000000000009,0.7800000000000011,0.0,1.0,678,5,4.95304,21.402706
-10.7217,0,0.985,3,92,0,1,0,0,0.6713066666666662,0.40278399999999737,0.019648,0.0,19.35967999999999,29.76586800000002,4.95304,40.171,-5.66430666666665,-6.066291999999981,-9.46551,-19.9725,0.6600000000000009,0.7960000000000012,0.995,1.0,679,5,51.3178,45.282036
3.37676,8,0.035,8,12,5,2,0,0,1.2803933333333328,1.1611959999999975,0.029472,1.9648,19.339636666666657,19.999622000000016,51.3178,1.8082,-5.603483333333315,-6.717731999999982,-10.7217,3.19429,0.6716666666666676,0.6030000000000011,0.985,0.0,679,5,1.74807,2.6123705
1.21593,8,1.0,2,120,5,1,0,0,1.2738439999999995,1.1611959999999975,3.79206,0.019648,72.66428999999998,44.95082200000002,1.74807,4.95304,-2.043003333333316,-2.4800459999999824,3.37676,-9.46551,0.6733333333333342,0.6030000000000012,0.035,0.995,680,5,164.927,131.54196
0.0919764,6,0.15,8,3,4,2,0,0,2.377406666666666,1.4362679999999972,0.0,0.029472,56.24122666666665,44.99890400000002,164.927,51.3178,1.561555466666684,-3.1005087199999823,1.21593,-10.7217,0.3950000000000009,0.6330000000000011,1.0,0.985,680,5,2.04861,7.2647686
-12.0976,0,1.0,8,129,0,1,0,0,1.1133866666666663,1.4323383999999972,3.34016,3.79206,75.34226999999998,55.818536000000016,2.04861,1.74807,-3.596564533333316,-3.6269267199999824,0.0919764,3.37676,0.7166666666666677,0.6340000000000011,0.15,0.035,681,5,59.0512,138.65005
-15.6235,0,0.865,3,357,0,2,0,0,1.2902186666666662,1.5325431999999972,0.0,0.0,50.66960333333333,63.73677600000002,59.0512,164.927,-9.20970786666665,-4.607286719999982,-12.0976,1.21593,0.6716666666666676,0.6100000000000012,1.0,1.0,681,5,90.909,63.852993
4.92339,10,0.23,1,13,6,1,0,0,0.6811319999999995,1.0767111999999972,0.530496,3.34016,50.81304666666666,63.88295000000003,90.909,2.04861,-7.599236666666649,-4.297960719999983,-15.6235,0.0919764,0.6983333333333342,0.6490000000000011,0.865,0.15,682,5,2.47894,2.7969196
-13.3874,0,0.89,2,51,0,2,0,0,0.8252173333333328,1.1631623999999974,1.5129,0.0,37.653079999999996,34.81181000000002,2.47894,59.0512,-8.029169999999983,-7.218626719999984,4.92339,-12.0976,0.6616666666666676,0.6270000000000011,0.23,1.0,682,5,19.5713,51.885674
-7.69116,0,0.22,8,105,0,1,0,0,1.1592319999999996,0.8016383999999974,0.432256,0.530496,7.997786666666658,34.79071200000002,19.5713,90.909,-5.3850566666666495,-8.775253999999983,-13.3874,-15.6235,0.44666666666666766,0.6410000000000011,0.89,0.865,683,5,1.94312,6.0066595
-12.3764,0,0.875,8,99,0,2,0,0,0.8186653333333328,0.8998783999999974,1.53254,1.5129,16.95467333333332,28.850392000000017,1.94312,2.47894,-11.151653333333316,-8.831013999999982,-7.69116,4.92339,0.6616666666666676,0.6160000000000012,0.22,0.23,683,5,29.3496,32.258976
5.88855,12,0.025,2,13,7,1,0,0,1.3131399999999995,1.1769151999999974,0.4912,0.432256,11.092816666666657,11.065738000000017,29.3496,19.5713,-4.72633666666665,-4.528603999999983,-12.3764,-13.3874,0.37333333333333424,0.4480000000000012,0.875,0.89,684,5,1.98573,1.4919784
-6.99359,0,0.9325,3,142,0,2,0,0,0.8907093333333328,0.9273847999999975,1.91568,1.53254,32.26690999999999,23.663030000000017,1.98573,1.94312,-4.493813333333317,-6.911999999999982,5.88855,-7.69116,0.6108333333333343,0.5885000000000011,0.025,0.22,684,5,65.4654,41.603775
2.81566,6,0.015,3,8,4,1,0,0,1.3720859999999995,1.2279995999999973,0.265248,0.4912,22.988009999999992,20.05135000000002,65.4654,29.3496,0.5702066666666833,-3.6713879999999826,-6.99359,-12.3764,0.32416666666666766,0.41350000000000114,0.9325,0.875,685,5,1.5129,2.0572505
-13.5265,0,0.9925,2,142,0,2,0,0,0.7433499999999996,0.9273859999999974,1.93533,1.91568,48.6201,35.43912600000002,1.5129,1.98573,-5.9014766666666505,-4.838455999999982,2.81566,5.88855,0.6466666666666677,0.5680000000000012,0.015,0.025,685,5,78.882,82.68263
-1.41657,4,0.0,4,2,3,1,0,0,1.3098673333333328,1.2221059999999973,0.029472,0.265248,29.081849999999992,30.939336000000015,78.882,65.4654,-4.042469999999983,-2.6464899999999822,-13.5265,-6.99359,0.3358333333333343,0.3930000000000011,0.9925,0.9325,686,5,6.85065,4.9985294
5.393,12,0.0225,2,10,7,2,0,0,1.945150666666666,1.6072059999999972,1.9648,1.93533,29.242979999999992,30.94144800000002,6.85065,1.5129,-3.1833566666666506,-2.745599999999982,-1.41657,2.81566,0.3383333333333343,0.3925000000000012,0.0,0.015,686,5,1.99629,4.3470445
-15.8603,0,0.935,7,283,0,1,0,0,1.977897333333333,1.5796987999999972,3.84118,0.029472,63.29331333333332,54.05496800000002,1.99629,78.882,-3.9612899999999835,-4.518941999999983,5.393,-13.5265,0.31916666666666765,0.39300000000000124,0.0225,0.9925,687,5,181.033,134.35353
-4.27398,0,0.8975,2,0,1,2,0,0,1.457225333333333,1.2731895999999974,0.127712,1.9648,63.68740666666665,55.35897400000001,181.033,6.85065,-4.913759999999983,-5.936869999999983,-15.8603,-1.41657,0.6183333333333343,0.5695000000000012,0.935,0.0,687,5,8.03293,17.959076
-16.8574,0,0.995,10,236,0,1,0,0,0.1801066666666662,1.2692599999999974,0.402784,3.84118,91.66114333333333,56.76607400000002,8.03293,1.99629,-12.330559999999982,-6.603049999999982,-4.27398,5.393,0.9425000000000009,0.5700000000000012,0.8975,0.0225,688,5,85.9175,178.51271
-21.351,0,0.95,5,361,0,2,0,0,0.20302933333333287,0.9155959999999972,0.009824,0.127712,44.92044333333333,63.55812400000002,85.9175,181.033,-14.160793333333316,-10.589935999999984,-16.8574,-15.8603,0.947500000000001,0.7600000000000011,0.995,0.935,688,5,40.8109,44.220215
-22.0581,0,0.645,3,230,0,1,0,0,0.3012693333333329,0.28686079999999736,0.19648,0.402784,51.059366666666655,68.44880600000002,40.8109,8.03293,-20.088833333333316,-16.08015599999998,-21.351,-4.27398,0.8633333333333343,0.8845000000000012,0.95,0.8975,689,5,26.4497,47.64651
-9.46551,0,0.9775,8,165,0,2,0,0,0.3274666666666662,0.27900159999999735,0.697504,0.009824,24.12106999999999,33.262728000000024,26.4497,85.9175,-17.624869999999984,-14.801197999999982,-22.0581,-16.8574,0.8575000000000009,0.893000000000001,0.645,0.995,689,5,5.10261,25.31507
-6.69913,0,0.92,7,74,0,1,0,0,0.31436799999999954,0.22988159999999733,0.088416,0.19648,22.829536666666655,39.04340200000002,5.10261,40.8109,-12.740913333333316,-15.286227999999983,-9.46551,-21.351,0.847500000000001,0.8975000000000012,0.9775,0.95,690,5,36.9363,34.568214
3.37676,8,0.1025,6,0,5,2,0,0,1.2574733333333328,0.9332807999999974,0.157184,0.697504,14.587676666666658,22.204726000000015,36.9363,26.4497,-4.262626666666649,-11.239395999999982,-6.69913,-22.0581,0.6666666666666677,0.7190000000000011,0.92,0.645,690,5,1.72412,2.3893373
-14.9523,0,0.89,4,365,0,1,0,0,1.3000439999999995,0.9372103999999973,3.52682,0.088416,37.51193999999999,28.81762600000002,1.72412,5.10261,-6.091556666666648,-9.959655999999981,3.37676,-9.46551,0.6375000000000011,0.7070000000000012,0.1025,0.9775,691,5,73.8754,70.099594
0.0919764,6,0.225,4,15,4,2,0,0,2.2627959999999994,1.4067975999999973,0.216128,0.157184,25.872593333333324,23.931338000000018,73.8754,36.9363,-3.827854533333315,-5.529640719999982,-14.9523,-6.69913,0.4058333333333343,0.6230000000000012,0.89,0.92,691,5,2.01826,4.306569
-22.1837,0,0.87,4,554,0,1,0,0,1.1723306666666662,1.4401991999999972,3.04544,3.52682,42.08725333333332,32.98443600000002,2.01826,1.72412,-12.348007866666649,-8.073278719999982,0.0919764,3.37676,0.6616666666666676,0.6015000000000011,0.225,0.1025,692,5,50.3681,77.213455
-15.6235,0,0.9925,7,215,0,2,0,0,1.1101119999999995,1.4146567999999973,0.255424,0.216128,48.21941999999999,44.05155600000002,50.3681,73.8754,-12.571741199999982,-9.858152719999982,-22.1837,-14.9523,0.6958333333333343,0.6160000000000012,0.87,0.89,692,5,92.2719,87.62749
3.19429,8,0.0,2,9,5,1,0,0,0.7498986666666663,1.1022527999999974,0.029472,3.04544,48.13797666666665,44.06151800000002,92.2719,2.01826,-11.53763666666665,-9.894646719999981,-15.6235,0.0919764,0.6208333333333343,0.5955000000000011,0.9925,0.225,693,5,1.77393,1.1999482
-17.7999,0,0.8875,8,109,0,2,0,0,0.8121173333333328,1.1474431999999974,1.9648,0.255424,38.21560999999999,33.40663800000002,1.77393,50.3681,-10.076369999999983,-10.464166719999984,3.19429,-22.1837,0.6266666666666677,0.5950000000000012,0.0,0.87,693,5,20.601,67.46086
-10.7217,0,0.99,4,84,0,1,0,0,0.8088426666666663,0.5422847999999975,0.44208,0.029472,24.752376666666652,43.37942600000001,20.601,92.2719,-8.44243666666665,-12.626901999999983,-17.7999,-15.6235,0.6258333333333342,0.7480000000000011,0.8875,0.9925,694,5,51.8822,47.38442
-11.871,0,0.885,5,141,0,2,0,0,0.30454399999999954,0.5815807999999973,0.019648,1.9648,33.97203333333332,39.19238600000002,51.8822,1.77393,-13.464199999999982,-10.564361999999983,-10.7217,3.19429,0.9208333333333343,0.7510000000000011,0.99,0.0,694,5,29.4329,25.54168
-15.8918,0,0.97,2,25,0,1,0,0,0.17683199999999955,0.5874751999999975,0.451904,0.44208,83.7067,54.69900600000002,29.4329,20.601,-12.828166666666649,-10.618021999999982,-11.871,-17.7999,0.9483333333333342,0.7465000000000012,0.885,0.8875,695,5,169.805,136.96672
-11.7696,0,0.935,9,251,0,2,0,0,0.25542399999999954,0.24559999999999743,0.058944,0.019648,87.99539999999998,67.29388000000002,169.805,51.8822,-13.177466666666652,-13.610799999999983,-15.8918,-10.7217,0.9300000000000009,0.9335000000000011,0.97,0.99,695,5,64.7483,52.549755
-11.1447,0,1.0,4,88,0,1,0,0,0.10478933333333289,0.1571839999999974,0.255424,0.451904,97.86816666666665,74.98392000000003,64.7483,29.4329,-12.935366666666647,-12.279759999999982,-11.7696,-11.871,0.9683333333333343,0.9560000000000011,0.935,0.885,696,5,59.0512,106.24012
8.59801,16,0.8925,4,211,9,2,0,0,0.22595199999999957,0.23774079999999742,0.0,0.058944,66.82733333333333,79.94398000000001,59.0512,169.805,-4.772096666666649,-8.415817999999984,-11.1447,-15.8918,0.9425000000000009,0.9365000000000011,1.0,0.97,696,5,76.6825,59.29567
35.3637,18,0.76,1,15,15,1,0,0,0.29799466666666624,0.2416703999999974,0.422432,0.255424,46.16570333333332,74.61008200000002,76.6825,64.7483,10.939003333333352,1.0311220000000176,8.59801,-11.7696,0.8841666666666677,0.9115000000000011,0.8925,0.935,697,5,2.76341,6.8337426
5.21155,12,0.0275,2,12,7,2,0,0,1.5718413333333328,0.9941895999999975,0.471552,0.0,27.134773333333325,41.04076400000002,2.76341,59.0512,16.391086666666684,5.251792000000018,35.3637,-11.1447,0.5600000000000009,0.7230000000000012,0.76,1.0,697,5,1.95841,4.965163
3.98586,8,0.28,7,251,5,1,0,0,1.9025839999999998,1.2260367999999975,3.82154,0.422432,2.2613766666666573,28.503566000000017,1.95841,76.6825,14.85370333333335,8.402884000000018,5.21155,8.59801,0.35583333333333433,0.5920000000000012,0.0275,0.8925,698,5,2.06231,6.938752
-4.27398,0,0.8875,4,0,1,2,0,0,1.8927599999999998,1.3144527999999975,1.41466,0.471552,3.994939999999991,18.28614600000002,2.06231,2.76341,1.6411433333333498,9.777028000000017,3.98586,35.3637,0.3983333333333343,0.5695000000000011,0.28,0.76,698,5,7.9641,9.792341
5.3827,12,0.205,2,163,7,1,0,0,1.1395866666666663,1.5423703999999974,0.44208,3.82154,4.019106666666658,3.3558280000000176,7.9641,1.95841,1.6981933333333499,9.133966000000019,-4.27398,5.21155,0.45750000000000096,0.4320000000000011,0.8875,0.0275,699,5,2.03091,3.9283326
-21.351,0,1.0,8,227,0,2,0,0,0.6680333333333328,1.4480599999999975,1.56202,1.41466,16.935303333333323,10.965326000000015,2.03091,2.06231,-6.747426666666651,-2.2089739999999822,5.3827,3.98586,0.697500000000001,0.48000000000000115,0.205,0.28,699,5,40.8109,32.678852
31.4236,28,0.0,2,4,15,1,0,0,1.1756066666666662,1.0767119999999974,0.0,0.44208,14.785043333333322,10.876308000000018,40.8109,7.9641,5.151766666666683,3.0334360000000182,-21.351,-4.27398,0.40166666666666756,0.47450000000000114,1.0,0.8875,700,5,1.51332,1.2283474
14.0697,20,0.6475,3,165,11,2,0,0,1.1166599999999995,1.0708159999999975,1.9648,1.56202,15.84329999999999,11.504982000000018,1.51332,2.03091,8.04743333333335,5.050204000000018,31.4236,5.3827,0.5491666666666676,0.5480000000000012,0.0,0.205,700,5,5.20568,12.467896
2.53428,8,0.085,1,13,5,1,0,0,1.7159233333333328,1.3419579999999975,1.38518,0.0,4.471449999999991,11.251232000000018,5.20568,40.8109,16.00919333333335,6.411856000000019,14.0697,-21.351,0.24416666666666761,0.3875000000000012,0.6475,1.0,701,5,6.69535,2.6348326
1.25822,6,0.38,2,12,4,2,0,0,1.873106666666666,1.5168239999999973,1.79779,1.9648,4.5405099999999905,11.189150000000017,6.69535,1.51332,5.954066666666683,5.586960000000018,2.53428,31.4236,0.3708333333333343,0.4225000000000011,0.085,0.0,701,5,1.7205,1.3667431
-15.8603,0,0.93,10,273,0,1,0,0,1.4572253333333327,1.5443311999999974,2.43635,1.38518,56.55494999999999,35.27677000000001,1.7205,5.20568,-4.022599999999984,6.685100000000018,1.25822,14.0697,0.46500000000000097,0.40850000000000114,0.38,0.6475,702,5,161.249,117.325905
5.18481,10,0.025,3,6,6,2,0,0,2.1350819999999993,1.9176431999999974,0.137536,1.79779,54.985299999999995,35.371386000000015,161.249,6.69535,-3.139089999999984,1.4373420000000179,-15.8603,2.53428,0.44500000000000095,0.41350000000000114,0.93,0.085,702,5,1.9864,-0.0717981
-22.3395,0,0.87,1,160,0,1,0,0,1.408106666666666,1.6916919999999973,3.83136,2.43635,82.56366666666666,51.22137000000002,1.9864,1.7205,-11.004996666666651,-5.844497999999982,5.18481,1.25822,0.6083333333333343,0.4580000000000012,0.025,0.38,703,5,84.4556,102.91487
-15.6235,0,0.9925,5,124,0,2,0,0,1.3720853333333327,1.3380283999999976,0.255424,0.137536,59.80363333333332,68.47608000000001,84.4556,161.249,-10.926063333333317,-9.476053999999982,-22.3395,-15.8603,0.6291666666666677,0.6395000000000012,0.87,0.93,703,5,92.9689,98.47178
-12.4196,0,0.875,7,328,0,1,0,0,0.1768319999999994,0.8998783999999972,0.029472,3.83136,68.15116666666667,73.53778000000001,92.9689,1.9864,-16.794199999999986,-12.211617999999984,-15.6235,5.18481,0.912500000000001,0.7385000000000013,0.9925,0.025,704,5,27.029,48.33341
-15.584,0,0.89,2,124,0,2,0,0,0.2357759999999994,0.9588223999999972,0.2456,0.255424,46.90003333333332,45.42842000000002,27.029,84.4556,-14.542366666666652,-12.156357999999981,-12.4196,-22.3395,0.9191666666666677,0.7305000000000013,0.875,0.87,704,5,20.7022,40.513733
-8.22029,0,0.75,4,92,0,1,0,0,0.3896853333333327,0.29079039999999734,0.432256,0.029472,27.94879999999999,52.25418000000002,20.7022,92.9689,-12.074629999999985,-14.837377999999983,-15.584,-15.6235,0.8383333333333343,0.8755000000000012,0.89,0.9925,705,5,36.1152,23.369318
-11.871,0,0.9975,8,114,0,2,0,0,0.3110933333333327,0.24167039999999734,0.4912,0.2456,28.768299999999993,41.26056000000002,36.1152,27.029,-11.891763333333317,-12.743677999999983,-8.22029,-12.4196,0.8791666666666677,0.9010000000000012,0.75,0.875,705,5,29.4875,29.064924
16.5807,24,0.86,2,390,13,1,0,0,0.2586986666666661,0.29079039999999734,0.009824,0.432256,46.28499999999999,37.31724000000001,29.4875,20.7022,-1.1701966666666526,-6.302837999999982,-11.871,-15.584,0.8691666666666676,0.8745000000000012,0.9975,0.89,706,5,73.2523,50.401955
-11.7696,0,0.965,9,260,0,2,0,0,0.14081066666666606,0.26917759999999735,0.275072,0.4912,55.78013333333333,44.83156000000002,73.2523,36.1152,-2.3532999999999853,-6.172837999999983,16.5807,-8.22029,0.9408333333333343,0.8925000000000012,0.86,0.75,706,5,64.6006,50.423355
-22.1837,0,1.0,2,610,0,1,0,0,0.1375359999999994,0.18272639999999735,0.137536,0.009824,62.74033333333332,50.76474000000002,64.6006,29.4875,-5.790866666666652,-7.492777999999983,-11.7696,-11.871,0.9416666666666677,0.9145000000000012,0.965,0.9975,707,5,50.3681,84.223434
8.11573,14,0.895,1,248,8,2,0,0,0.18338133333333273,0.16700799999999733,0.0,0.275072,62.613099999999996,58.11582000000001,50.3681,73.2523,-8.61252333333332,-4.225573999999983,-22.1837,16.5807,0.9533333333333344,0.9435000000000013,1.0,0.86,707,5,72.8706,52.813095
6.41603,12,0.01,1,4,7,1,0,0,0.7859193333333327,0.5540731999999974,0.412608,0.137536,41.667976666666654,52.57136600000001,72.8706,64.6006,-2.550646666666652,-0.5681679999999828,8.11573,-11.7696,0.635000000000001,0.7460000000000011,0.895,0.965,708,5,1.76523,3.8263357
35.4888,28,0.0,2,0,15,2,0,0,2.135082666666666,1.3085567999999974,1.94515,0.0,25.517616666666655,38.304310000000015,1.76523,50.3681,16.673520000000014,3.2134520000000166,6.41603,-22.1837,0.30166666666666764,0.5740000000000011,0.01,1.0,708,5,1.91702,3.0621188
-10.7217,0,1.0,3,65,0,1,0,0,1.9975466666666664,1.2810495999999973,4.04749,0.412608,18.521483333333325,35.76063000000001,1.91702,72.8706,10.394376666666682,3.423032000000016,35.4888,8.11573,0.3366666666666676,0.5810000000000011,0.0,0.895,709,5,51.8822,44.37047
-8.8507,0,0.805,3,24,0,2,0,0,1.6045873333333327,1.4343039999999974,0.0,1.94515,20.558233333333323,27.262106000000017,51.8822,1.76523,5.305466666666683,6.089632000000018,-10.7217,6.41603,0.6016666666666676,0.5420000000000011,1.0,0.01,709,5,7.87548,8.903621
-15.8918,0,1.0,3,50,0,1,0,0,0.2554239999999994,1.3517823999999972,0.766272,4.04749,76.52089333333332,46.64898600000002,7.87548,1.91702,-11.821399999999983,1.2881260000000172,-8.8507,35.4888,0.9350000000000009,0.5630000000000012,0.805,0.0,710,5,169.805,131.90665
-21.351,0,1.0,4,319,0,2,0,0,0.2554239999999994,0.9627523999999973,0.0,0.0,72.83046,54.45812000000002,169.805,51.8822,-15.364499999999984,-4.265279999999983,-15.8918,-10.7217,0.9350000000000009,0.7610000000000012,1.0,1.0,710,5,40.8109,48.412388
-25.5582,0,0.725,4,147,0,1,0,0,0.18010666666666608,0.26131839999999734,0.0,0.766272,90.68503333333332,66.36255600000001,40.8109,7.87548,-20.93366666666665,-16.474679999999985,-21.351,-8.8507,0.9083333333333342,0.9060000000000011,1.0,0.805,711,5,61.4392,86.51723
3.8173,8,0.3275,2,27,5,2,0,0,1.0609933333333326,0.7898503999999973,0.54032,0.0,35.79416999999999,57.012598000000025,61.4392,169.805,-14.36396666666665,-13.566879999999983,-25.5582,-15.8918,0.6841666666666676,0.7715000000000012,0.725,1.0,711,5,5.13241,2.4064546
14.4212,20,0.65,3,4,11,1,0,0,1.2902199999999993,0.7741319999999974,2.64266,0.0,23.18986333333332,56.03709800000003,5.13241,40.8109,-2.439899999999984,-8.912499999999982,3.8173,-21.351,0.5675000000000009,0.7405000000000012,0.3275,1.0,712,5,2.99798,11.820222
31.4845,28,0.405,2,0,15,2,0,0,1.8894833333333327,1.2417539999999974,0.68768,0.54032,3.2792599999999905,22.417576000000018,2.99798,61.4392,16.574333333333346,0.5627600000000171,14.4212,-25.5582,0.4608333333333343,0.6215000000000012,0.65,0.725,712,5,1.70739,2.6064932
-3.28461,2,0.1,6,9,2,1,0,0,1.598036666666666,1.5954179999999973,2.33811,2.64266,2.2422899999999903,14.65969600000002,1.70739,5.13241,14.207030000000016,4.176038000000017,31.4845,3.8173,0.3850000000000009,0.44150000000000117,0.405,0.3275,713,5,2.0215,3.9522426
29.7185,28,0.1175,2,54,15,2,0,0,2.524766666666666,2.180927999999997,1.76832,0.68768,1.8914299999999906,2.760936000000017,2.0215,2.99798,19.306130000000014,15.231378000000017,-3.28461,14.4212,0.20750000000000093,0.3200000000000011,0.1,0.65,713,5,1.9454,1.4058709
31.1342,28,0.17,2,8,15,1,0,0,2.288989999999999,1.9785519999999974,3.46787,2.33811,1.9970733333333237,2.139318000000017,1.9454,1.70739,19.189363333333347,20.694758000000014,29.7185,31.4845,0.1291666666666676,0.2885000000000012,0.1175,0.405,714,5,2.02432,3.2241619
-15.6235,0,0.99,4,114,0,2,0,0,1.7126486666666658,1.8488751999999973,1.63078,1.76832,32.39227333333332,20.181142000000015,2.02432,2.0215,15.076400000000016,14.685818000000017,31.1342,-3.28461,0.42583333333333423,0.3565000000000012,0.17,0.1,714,5,93.2071,81.42591
6.44291,12,0.02,3,8,7,1,0,0,1.1985253333333328,1.7663531999999975,0.039296,3.46787,32.254873333333315,20.146304000000015,93.2071,1.9454,7.317870000000016,9.677500000000016,-15.6235,29.7185,0.39333333333333426,0.27950000000000114,0.99,0.1175,715,5,1.5332,1.1975935
-3.03508,2,0.74,4,8,2,2,0,0,0.995498666666666,1.6170291999999975,1.9255,1.63078,38.37846666666666,23.821024000000016,1.5332,2.02432,-4.071889999999985,9.727406000000016,6.44291,31.1342,0.5833333333333343,0.4075000000000012,0.02,0.17,715,5,20.3951,11.671376
2.53428,8,0.0,1,6,5,1,0,0,1.6373333333333326,1.3164151999999976,1.0217,0.039296,9.468613333333325,24.727452000000017,20.3951,93.2071,1.9807033333333488,4.290562000000017,-3.03508,-15.6235,0.25333333333333424,0.3840000000000011,0.74,0.99,716,5,6.47754,1.7366492
-11.871,0,0.9875,9,111,0,2,0,0,1.0118733333333327,1.0000831999999975,1.9648,1.9255,19.021879999999992,30.361188000000016,6.47754,1.5332,-4.123933333333318,-4.310477999999983,2.53428,6.44291,0.5758333333333342,0.5475000000000012,0.0,0.02,716,5,30.193,42.708878
-15.8603,0,0.935,9,310,0,1,0,0,0.7138773333333327,1.0177663999999975,0.04912,1.0217,61.189846666666654,41.09956800000002,30.193,20.3951,-8.39900666666665,-4.357837999999982,-11.871,-3.03508,0.6408333333333344,0.5365000000000012,0.9875,0.74,717,5,146.899,111.79787
-14.1597,0,0.8875,3,166,0,2,0,0,0.20630399999999938,0.7210823999999976,0.127712,1.9648,79.65139999999998,53.165368000000015,146.899,6.47754,-13.963666666666652,-8.478359999999984,-15.8603,2.53428,0.9366666666666675,0.7100000000000012,0.935,0.0,717,5,61.8622,45.603725
-22.3395,0,1.0,1,13,0,1,0,0,0.18993066666666603,0.5167423999999976,0.44208,0.04912,97.73893333333332,65.97746800000002,61.8622,30.193,-17.45316666666665,-12.339243999999983,-14.1597,-11.871,0.9408333333333342,0.7620000000000011,0.8875,0.9875,718,5,84.4556,137.42986
-19.8671,0,0.895,3,606,0,2,0,0,0.28489599999999937,0.20630399999999752,0.0,0.127712,72.18996666666665,78.73238000000002,84.4556,146.899,-18.78876666666665,-16.819519999999983,-22.3395,-15.8603,0.9275000000000008,0.9410000000000011,1.0,0.935,718,5,70.2521,63.854713
-5.23875,0,0.495,8,92,0,1,0,0,0.4682773333333327,0.3949247999999975,0.412608,0.44208,60.29313333333332,77.92812,70.2521,61.8622,-15.815116666666649,-15.493069999999983,-19.8671,-14.1597,0.7966666666666676,0.8425000000000011,0.895,0.8875,719,5,26.1717,14.024271
7.9211,14,0.0,2,6,8,2,0,0,1.7781439999999993,1.1553023999999976,0.992224,0.0,32.76912666666666,48.92503600000002,26.1717,84.4556,-5.728249999999984,-10.736789999999983,-5.23875,-22.3395,0.46333333333333426,0.6555000000000012,0.495,1.0,719,5,1.88358,3.4445603
-10.9759,0,0.825,2,259,0,1,0,0,1.7552213333333329,1.1356543999999977,3.9296,0.412608,21.39645999999999,43.77941600000001,1.88358,70.2521,-2.76451666666665,-10.100029999999984,7.9211,-19.8671,0.44000000000000083,0.6430000000000011,0.0,0.895,720,5,36.1341,46.308723
-8.8507,0,0.985,3,381,0,2,0,0,1.4441279999999994,1.1474431999999974,0.34384,0.992224,15.374483333333323,28.509450000000015,36.1341,26.1717,-3.9684999999999833,-7.402269999999983,-10.9759,-5.23875,0.6033333333333343,0.6400000000000012,0.825,0.495,720,5,8.10577,21.637774
-16.0057,0,0.99,4,324,0,1,0,0,0.14081066666666606,1.0688511999999974,0.058944,3.9296,39.094356666666656,29.06767000000002,8.10577,1.88358,-11.944099999999983,-6.629989999999983,-8.8507,7.9211,0.9333333333333341,0.6590000000000013,0.985,0.0,721,5,73.0432,73.02873
-19.3073,0,0.9475,10,243,0,2,0,0,0.09496533333333274,0.9116671999999975,0.019648,0.34384,41.830089999999984,32.70159000000002,73.0432,36.1341,-14.721233333333316,-9.443699999999984,-16.0057,-10.9759,0.9741666666666675,0.7495000000000012,0.99,0.825,721,5,44.3413,41.224373
-14.4041,0,0.745,4,300,0,1,0,0,0.24232533333333275,0.22595199999999754,0.206304,0.058944,55.68106666666665,42.25661400000002,44.3413,8.10577,-16.57236666666665,-13.908739999999984,-19.3073,-8.8507,0.8941666666666676,0.8985000000000012,0.9475,0.985,722,5,49.6587,53.957443
6.929,12,0.1275,3,5,7,2,0,0,1.376492666666666,0.8416139999999975,0.501024,0.019648,32.996866666666655,36.02791400000002,49.6587,73.0432,-8.927466666666652,-10.327759999999984,-14.4041,-16.0057,0.6066666666666675,0.7590000000000011,0.745,0.99,722,5,4.9906,2.5439394
8.3552,14,0.0,2,4,8,1,0,0,1.9626579999999993,1.2227851999999975,3.42215,0.206304,18.80005999999999,34.75693600000002,4.9906,44.3413,0.29336666666668343,-6.886579999999983,6.929,-19.3073,0.2908333333333342,0.5620000000000012,0.1275,0.9475,723,5,1.75088,2.208812
1.39795,6,0.3425,3,12,4,2,0,0,2.656886666666666,1.7355975999999973,1.9648,0.501024,2.8152399999999904,20.489144000000017,1.75088,49.6587,5.560716666666683,-3.405849999999983,8.3552,-14.4041,0.15666666666666756,0.43250000000000116,0.0,0.745,723,5,1.70424,2.4379017
-10.7217,0,0.99,4,62,0,1,0,0,1.5227193333333329,1.6982663999999974,2.58371,3.42215,19.501573333333322,22.63080400000002,1.70424,4.9906,-0.3228499999999836,-1.688729999999983,1.39795,6.929,0.44416666666666754,0.44100000000000117,0.3425,0.1275,724,5,55.0496,52.447323
-0.246954,4,0.3875,3,29,3,2,0,0,1.6700793333333328,2.0794375999999977,0.019648,1.9648,19.585706666666656,13.099720000000016,55.0496,1.75088,-3.1902346666666506,1.1426992000000171,-10.7217,8.3552,0.5733333333333342,0.36950000000000116,0.99,0.0,724,5,2.00328,3.2235336
-15.8918,0,0.995,1,33,0,1,0,0,0.8121173333333328,1.3969723999999974,2.40688,2.58371,77.17829333333333,46.99800000000001,2.00328,1.70424,-8.95348466666665,-3.421460799999983,-0.246954,1.39795,0.7908333333333343,0.5430000000000013,0.3875,0.3425,725,5,174.482,157.70717
-15.6235,0,0.9975,4,59,0,2,0,0,0.8088426666666662,1.0059771999999976,0.009824,0.019648,90.26035999999999,65.50698400000002,174.482,55.0496,-10.587417999999984,-8.217200799999983,-15.8918,-10.7217,0.7933333333333342,0.7425000000000012,0.995,0.99,725,5,94.2958,83.89402
-25.5582,0,1.0,3,331,0,1,0,0,0.006549333333332741,0.4892351999999976,0.009824,2.40688,110.0723333333333,77.45397600000001,94.2958,2.00328,-19.024499999999986,-13.608430799999983,-15.6235,-0.246954,0.9975000000000009,0.8740000000000012,0.9975,0.3875,726,5,61.4392,145.12964
-11.9934,0,0.5675,5,10,0,2,0,0,0.5697913333333328,0.8252155999999975,0.0,0.009824,58.309799999999996,70.28293600000002,61.4392,174.482,-17.725033333333315,-13.862770799999984,-25.5582,-15.8918,0.8550000000000009,0.7895000000000012,1.0,0.995,726,5,19.1944,31.293224
14.4212,20,0.0,3,0,11,1,0,0,1.2214499999999993,0.7367995999999974,1.69955,0.009824,27.851793333333323,70.46663600000002,19.1944,94.2958,-7.710133333333317,-10.929139999999983,-11.9934,-15.6235,0.5225000000000009,0.7120000000000012,0.5675,0.9975,727,5,2.92178,4.4980087
-11.871,0,0.9925,5,96,0,2,0,0,1.2312739999999993,0.7407291999999975,1.9648,0.0,17.49105999999999,41.64163600000002,2.92178,61.4392,-3.1477333333333166,-10.124979999999983,14.4212,-25.5582,0.5200000000000009,0.7115000000000011,0.0,1.0,727,5,30.357,40.130974
-3.28461,2,0.215,8,0,2,1,0,0,1.178880666666666,1.0472383999999975,0.029472,1.69955,11.773626666666656,23.190896000000016,30.357,19.1944,-0.2448033333333166,-7.657201999999982,-11.871,-11.9934,0.4025000000000009,0.5550000000000013,0.9925,0.5675,728,5,2.0421,5.482981
-14.1597,0,0.9925,8,169,0,2,0,0,0.5337713333333327,1.0531327999999975,1.54237,1.9648,32.044033333333324,23.649656000000014,2.0421,2.92178,-9.771769999999984,-5.377501999999982,-3.28461,14.4212,0.7333333333333343,0.5535000000000012,0.215,0.0,728,5,63.733,55.283314
6.43011,28,0.035,2,11,7,1,0,0,1.1559573333333326,1.0924287999999975,0.029472,0.029472,22.609876666666654,20.221682000000015,63.733,30.357,-3.6713999999999842,-1.6927999999999819,-14.1597,-11.871,0.4141666666666675,0.44700000000000123,0.9925,0.9925,729,5,2.05453,1.3125367
-19.8671,0,1.0,4,650,0,2,0,0,0.6418339999999995,0.6994687999999976,1.89603,1.54237,45.34654333333332,33.68774600000002,2.05453,2.0421,-9.19889666666665,-8.550459999999983,6.43011,-3.28461,0.6758333333333342,0.6470000000000012,0.035,0.215,729,5,70.2521,73.68034
2.86017,8,0.015,5,3,5,1,0,0,1.2771199999999994,1.0806403999999976,0.0,0.029472,24.61103666666666,27.921642000000013,70.2521,63.733,-3.5256066666666506,-5.604225999999982,-19.8671,-14.1597,0.3500000000000008,0.4515000000000011,1.0,0.9925,730,5,1.52648,2.9764795
4.50299,10,0.1125,3,12,6,2,0,0,1.8076166666666662,1.4696703999999976,1.93533,1.89603,24.54830999999999,27.886492000000015,1.52648,2.05453,-4.167979999999983,-4.046705999999982,2.86017,6.43011,0.3758333333333342,0.4310000000000012,0.015,0.035,730,5,1.86635,5.754149
0.216578,6,0.01,3,8,4,1,0,0,2.4559999999999995,1.8528059999999975,3.48752,0.0,3.224006666666657,16.395730000000018,1.86635,70.2521,2.5265793333333497,-1.171450399999982,4.50299,-19.8671,0.045833333333334225,0.23450000000000118,0.1125,1.0,731,5,6.27919,3.678093
-2.85881,2,0.76,2,38,2,2,0,0,2.125257999999999,1.6622207999999976,1.94515,1.93533,5.417396666666657,17.606154000000018,6.27919,1.52648,0.6202526666666831,-3.029234399999982,0.216578,2.86017,0.2941666666666676,0.37950000000000117,0.01,0.015,731,5,8.10665,4.659001
-24.7429,0,0.855,8,436,0,1,0,0,1.0577166666666662,1.7191999999999976,0.943104,3.48752,45.583279999999995,28.02853400000002,8.10665,1.86635,-9.128377333333317,-4.004394399999981,-2.85881,4.50299,0.5416666666666675,0.35050000000000114,0.76,0.1125,732,5,122.364,95.05062
-22.5363,0,0.9425,8,266,0,2,0,0,0.4846506666666661,1.3773243999999976,0.284896,1.94515,59.50558333333333,37.33245800000002,122.364,6.27919,-16.712669999999985,-9.083688399999982,-24.7429,0.216578,0.8525000000000009,0.5360000000000011,0.855,0.01,732,5,48.0461,56.567852
-22.3395,0,1.0,1,0,0,1,0,0,0.17028266666666605,0.6798203999999975,0.225952,0.943104,84.95523333333333,53.85030800000002,48.0461,8.10665,-23.206233333333316,-14.452186399999983,-22.5363,-2.85881,0.9325000000000009,0.7135000000000011,0.9425,0.76,733,5,84.4556,126.84239
0.821951,6,0.175,5,21,4,2,0,0,1.1559573333333326,0.9391743999999974,0.0,0.284896,45.789423333333325,53.56778400000003,84.4556,122.364,-14.684616333333317,-14.331111799999979,-22.3395,-24.7429,0.7058333333333343,0.7465000000000012,1.0,0.855,733,5,4.86657,2.6845348
-4.73521,0,0.525,4,8,0,1,0,0,1.3917333333333328,0.9372095999999976,3.24192,0.225952,38.05862333333332,56.917194000000016,4.86657,48.0461,-8.75091966666665,-14.706391799999983,0.821951,-22.5363,0.5666666666666677,0.6995000000000011,0.175,0.9425,734,5,24.8537,12.001891
1.35794,8,0.2675,3,9,5,2,0,0,2.3512099999999996,1.4559163999999973,0.93328,0.0,10.473693333333324,32.784556000000016,24.8537,84.4556,-0.8517729999999833,-9.48622379999998,-4.73521,-22.3395,0.32250000000000095,0.5820000000000012,0.525,1.0,734,5,1.70081,2.355809
-5.24818,0,0.645,4,57,0,1,0,0,1.5030713333333328,1.5502267999999975,2.87843,3.24192,20.474336666666655,30.149036000000017,1.70081,4.86657,-2.875149999999983,-6.028599799999982,1.35794,0.821951,0.47916666666666763,0.5225000000000012,0.2675,0.175,735,5,34.8685,19.00067
1.58364,8,0.4125,3,12,5,2,0,0,1.961524666666666,2.011954799999997,0.697504,0.93328,12.856499999999992,13.657954000000014,34.8685,24.8537,-0.7688666666666496,-1.2439717999999815,-5.24818,-4.73521,0.4416666666666676,0.40500000000000114,0.645,0.525,735,5,2.00019,2.4212396
-20.9017,0,0.75,4,354,0,1,0,0,1.1657813333333327,1.4618107999999972,2.30864,2.87843,36.063396666666655,26.948940000000015,2.00019,1.70081,-8.18874666666665,-5.588701999999982,1.58364,1.35794,0.6025000000000009,0.5200000000000011,0.4125,0.2675,736,5,71.3215,70.171
-22.0023,0,0.895,8,62,0,2,0,0,1.0708159999999995,1.3576763999999975,0.4912,0.697504,55.908629999999995,40.859040000000014,71.3215,34.8685,-13.773453333333316,-9.042119999999981,-20.9017,-5.24818,0.6858333333333343,0.5940000000000011,0.75,0.645,736,5,94.4042,67.39043
-17.8969,0,0.835,3,334,0,1,0,0,0.4093333333333327,0.8468287999999975,0.412608,2.30864,71.66266666666665,50.371338000000016,94.4042,2.00019,-20.26696666666665,-12.893087999999981,-22.0023,1.58364,0.8266666666666675,0.7075000000000011,0.895,0.4125,737,5,49.2623,63.98562
-10.8653,0,0.88,7,122,0,2,0,0,0.40278399999999936,0.8016383999999975,0.324192,0.4912,54.356500000000004,47.27823800000002,49.2623,71.3215,-16.921499999999984,-14.016511999999981,-17.8969,-20.9017,0.870000000000001,0.7545000000000011,0.835,0.75,737,5,19.403,39.798008
1.63914,6,0.015,3,8,4,1,0,0,0.9103579999999994,0.7269763999999975,0.471552,0.412608,23.468399999999992,47.226180000000014,19.403,94.4042,-9.041019999999984,-14.005411999999982,-10.8653,-22.0023,0.5766666666666675,0.6750000000000012,0.88,0.895,738,5,1.7399,3.2393653
-11.871,0,0.99,3,114,0,2,0,0,0.815392666666666,0.6365955999999975,1.93533,0.324192,17.200299999999988,39.053480000000015,1.7399,49.2623,-7.032386666666651,-12.199271999999981,1.63914,-17.8969,0.6283333333333343,0.7230000000000012,0.015,0.835,738,5,30.458,38.643726
-14.2592,0,0.905,2,53,0,1,0,0,0.7204273333333328,0.5914051999999975,0.039296,0.471552,30.21006666666666,31.859100000000012,30.458,19.403,-8.163686666666651,-10.650651999999981,-11.871,-10.8653,0.6366666666666677,0.7250000000000012,0.99,0.88,739,5,58.4323,50.840923
-15.2736,0,0.7575,3,278,0,2,0,0,0.39295999999999937,0.7171523999999975,0.186656,1.93533,49.63646666666665,34.01046000000001,58.4323,1.7399,-13.80126666666665,-10.12599199999998,-14.2592,1.63914,0.8841666666666677,0.7095000000000011,0.905,0.015,739,5,60.0191,41.36201
-15.8918,0,1.0,1,0,0,1,0,0,0.3798613333333327,0.6228419999999975,0.952928,0.039296,97.64446666666667,65.02626000000001,60.0191,30.458,-15.141533333333316,-11.131291999999982,-15.2736,-11.871,0.887500000000001,0.7335000000000012,0.7575,0.99,740,5,174.482,140.2804
-14.2084,0,0.7725,3,567,0,2,0,0,0.6156373333333328,0.4145727999999975,0.0,0.186656,100.01346666666666,77.78614000000002,174.482,58.4323,-15.124599999999981,-14.300799999999981,-15.8918,-14.2592,0.8433333333333343,0.8850000000000012,1.0,0.905,740,5,65.5393,42.65147
-17.4243,0,0.755,4,97,0,1,0,0,0.45845333333333277,0.5029887999999975,0.893984,0.952928,100.67936666666667,84.09790000000001,65.5393,60.0191,-15.841499999999982,-15.41145999999998,-14.2084,-15.2736,0.842500000000001,0.8380000000000012,0.7725,0.7575,741,5,62.0168,64.120415
7.99921,14,0.0775,2,6,8,2,0,0,1.666806666666666,1.1906695999999974,0.481376,0.0,43.13535999999999,72.78143600000001,62.0168,174.482,-7.877829999999984,-10.95977799999998,-17.4243,-15.8918,0.5350000000000009,0.6725000000000011,0.755,1.0,741,5,1.84998,3.3128574
11.1051,18,0.03,1,6,10,1,0,0,2.0040986666666663,1.3812559999999976,3.62506,0.893984,22.26553999999999,61.36358400000002,1.84998,65.5393,0.5600033333333503,-5.68403799999998,7.99921,-14.2084,0.28750000000000103,0.5270000000000012,0.0775,0.7725,742,5,2.92984,0.7420334
-2.85881,2,0.8475,3,0,2,2,0,0,2.0433946666666665,1.5011087999999977,1.90586,0.481376,4.253319999999991,28.06321200000001,2.92984,62.0168,5.415166666666683,-3.07743999999998,11.1051,-17.4243,0.31833333333333436,0.49650000000000116,0.03,0.755,742,5,7.98014,6.034033
30.4594,28,0.01,2,2,15,1,0,0,1.4834246666666662,1.7113419999999977,0.599264,3.62506,4.31452999999999,15.362074000000012,7.98014,1.84998,12.901896666666682,5.85612000000002,-2.85881,7.99921,0.29583333333333434,0.34400000000000114,0.8475,0.0775,743,5,2.03361,1.691583
-22.5363,0,1.0,7,457,0,2,0,0,0.8481379999999993,1.6150667999999975,1.94515,1.90586,19.353283333333323,12.567934000000012,2.03361,2.92984,1.688096666666682,4.833720000000018,30.4594,11.1051,0.6191666666666676,0.3930000000000011,0.01,0.03,743,5,48.0461,45.284473
6.43011,12,0.0,1,3,7,1,0,0,1.3033166666666662,1.2830147999999977,0.0,0.599264,17.371053333333325,12.604628000000012,48.0461,7.98014,4.784403333333349,4.5199000000000185,-22.5363,-2.85881,0.3366666666666676,0.37750000000000117,1.0,0.8475,744,5,2.03345,1.5990213
0.907335,6,0.275,5,22,4,2,0,0,1.6045866666666662,1.4716347999999975,1.9648,1.94515,18.28468999999999,12.973564000000014,2.03345,2.03361,-5.066284999999984,2.4803470000000187,6.43011,30.4594,0.425000000000001,0.4265000000000011,0.0,0.01,744,5,4.77452,5.078821
1.77164,6,0.02,6,15,4,1,0,0,2.246419999999999,1.7368819999999974,2.84896,0.0,2.784013333333324,11.686350000000013,4.77452,48.0461,3.0363616666666826,3.406437000000019,0.907335,-22.5363,0.09833333333333438,0.2610000000000011,0.275,1.0,745,5,1.54407,2.4313424
1.93418,6,0.0275,3,8,4,2,0,0,2.8653333333333326,2.1121599999999976,1.9255,1.9648,2.671116666666657,11.618580000000012,1.54407,2.03345,1.5377183333333493,-2.298606999999981,1.77164,6.43011,0.10750000000000104,0.2645000000000012,0.02,0.0,745,5,1.69476,2.4399302
0.216578,6,0.0,3,0,4,1,0,0,2.5706133333333328,2.5051199999999976,3.82154,2.84896,3.102249999999991,3.222944000000011,1.69476,4.77452,1.307466000000016,2.251968600000019,1.93418,0.907335,0.01583333333333437,0.06450000000000114,0.0275,0.275,746,5,6.06792,3.609613
0.843783,6,0.36,2,13,4,2,0,0,2.767093333333333,2.6151479999999974,1.9648,1.9255,3.2545499999999907,3.2164480000000113,6.06792,1.54407,0.9981803333333493,1.1347032000000192,0.216578,1.77164,0.1291666666666677,0.13650000000000112,0.0,0.02,746,5,2.00097,2.8467882
-24.7429,0,1.0,4,572,0,1,0,0,1.4932466666666662,2.0453559999999973,2.51494,3.82154,43.47763,26.73434400000001,2.00097,1.69476,-7.894179666666651,-3.9953437999999806,0.843783,1.93418,0.4533333333333343,0.2815000000000011,0.36,0.0275,747,5,122.364,108.164276
-22.0023,0,1.0,4,212,0,2,0,0,0.8383133333333328,1.6602559999999975,0.0,1.9648,72.92305666666665,45.306370000000015,122.364,6.06792,-15.300472333333317,-8.75013179999998,-24.7429,0.216578,0.7866666666666676,0.4775000000000011,1.0,0.0,747,5,94.4042,93.122055
-22.3395,0,1.0,1,0,0,1,0,0,0.0,0.8959479999999974,0.0,2.51494,100.40793333333333,61.85853800000001,94.4042,2.00097,-23.02823333333332,-13.604867799999983,-22.0023,0.843783,1.0,0.6720000000000012,1.0,0.36,748,5,84.4556,122.43422
-10.8653,0,0.9775,4,222,0,2,0,0,0.029471999999999405,0.5206711999999976,0.0,0.0,66.17663333333333,64.578974,84.4556,122.364,-18.40236666666665,-15.82124339999998,-22.3395,-24.7429,0.992500000000001,0.8675000000000012,1.0,1.0,748,5,19.6701,43.306183
-18.7943,0,0.675,7,258,0,1,0,0,0.24232533333333275,0.14539519999999753,0.088416,0.0,42.95886666666666,69.12896,19.6701,94.4042,-17.333033333333315,-19.74885999999998,-10.8653,-22.0023,0.8841666666666678,0.930500000000001,0.9775,1.0,749,5,24.7509,43.264717
21.7349,28,0.8925,2,12,15,2,0,0,0.3831359999999994,0.22988159999999752,0.63856,0.0,25.430733333333325,51.030400000000014,24.7509,84.4556,-2.6415666666666504,-10.453299999999981,-18.7943,-22.3395,0.8483333333333344,0.909000000000001,0.675,1.0,749,5,31.8712,11.446089
-14.5789,0,0.92,4,300,0,1,0,0,0.40605866666666607,0.2613183999999975,0.422432,0.088416,43.19746666666666,46.74362000000001,31.8712,19.6701,-3.8794333333333175,-8.968619999999982,21.7349,-10.8653,0.8291666666666678,0.893000000000001,0.8925,0.9775,750,5,72.9703,62.6167
-15.2736,0,0.9775,9,303,0,2,0,0,0.22267733333333273,0.2790015999999975,0.157184,0.63856,55.162899999999986,41.98194000000001,72.9703,24.7509,-2.705866666666651,-7.55543999999998,-14.5789,-18.7943,0.930000000000001,0.8885000000000011,0.92,0.675,750,5,60.6472,66.855415
-17.8969,0,1.0,10,406,0,1,0,0,0.08186666666666607,0.2613183999999975,0.088416,0.422432,60.95993333333333,47.90038000000001,60.6472,31.8712,-15.91646666666665,-8.96175999999998,-15.2736,21.7349,0.9658333333333343,0.893000000000001,0.9775,0.8925,751,5,49.2623,68.483215
-15.6724,0,0.875,5,397,0,2,0,0,0.19320533333333276,0.2318463999999975,0.0,0.157184,57.841699999999996,55.67332000000001,49.2623,72.9703,-16.280966666666647,-8.337379999999982,-17.8969,-14.5789,0.9508333333333344,0.933000000000001,1.0,0.92,751,5,63.6156,59.67298
2.45559,6,0.065,4,14,4,1,0,0,0.7760966666666661,0.5147779999999975,0.4912,0.088416,38.20947333333333,49.64918400000001,63.6156,60.6472,-10.37123666666665,-12.19324199999998,-15.6724,-15.2736,0.6466666666666677,0.7675000000000012,0.875,0.9775,752,5,1.75052,3.3074903
12.0383,18,0.0725,1,17,10,2,0,0,1.9909966666666659,1.2122811999999974,1.83709,0.0,22.40114666666666,35.42258800000001,1.75052,49.2623,-0.39283666666664985,-6.869801999999981,2.45559,-17.8969,0.337500000000001,0.5980000000000011,0.065,1.0,752,5,1.83732,4.402515
-14.2592,0,1.0,3,66,0,1,0,0,1.8272633333333328,1.1945979999999974,3.6447,0.4912,20.67337999999999,34.97960800000001,1.83732,63.6156,0.07823000000001674,-6.66692199999998,12.0383,-15.6724,0.3791666666666677,0.6025000000000011,0.0725,0.875,753,5,58.4323,51.359306
-10.2575,0,0.79,4,245,0,2,0,0,1.4899719999999992,1.3596411999999973,0.0,1.83709,22.748169999999988,26.72212600000001,58.4323,1.75052,-4.15946666666665,-5.139041999999981,-14.2592,2.45559,0.6208333333333343,0.5605000000000011,1.0,0.065,753,5,7.97489,14.315203
-15.8918,0,1.0,1,0,0,1,0,0,0.2750719999999994,1.2614011999999977,0.825216,3.6447,80.29639666666665,48.89540600000001,7.97489,1.83732,-13.469499999999982,-5.182921999999982,-10.2575,12.0383,0.930000000000001,0.5855000000000011,0.79,0.0725,754,5,174.482,121.93675
-22.5363,0,1.0,10,397,0,2,0,0,0.2750719999999994,0.8939831999999974,0.0,0.0,76.83432999999998,58.15452200000001,174.482,58.4323,-16.228533333333317,-10.181299999999982,-15.8918,-14.2592,0.930000000000001,0.7725000000000011,1.0,1.0,754,5,48.0461,55.833458
-17.4243,0,1.0,4,405,0,1,0,0,0.0,0.1650431999999975,0.0,0.825216,94.8483,70.19041800000001,48.0461,7.97489,-18.617466666666648,-16.07381999999998,-22.5363,-10.2575,1.0,0.9580000000000011,1.0,0.79,755,5,62.0168,127.89205
5.29681,10,0.365,2,29,6,2,0,0,0.831766666666666,0.6641031999999975,0.0,0.0,38.25252,59.44289000000001,62.0168,174.482,-11.554596666666649,-12.16261799999998,-17.4243,-15.8918,0.7883333333333343,0.8310000000000011,1.0,1.0,755,5,4.69466,4.456694
11.1051,18,0.0,1,0,10,1,0,0,1.4866999999999992,0.8920199999999975,2.4953,0.0,23.190533333333324,58.41994000000001,4.69466,48.0461,-0.3407966666666494,-7.8900979999999805,5.29681,-22.5363,0.455000000000001,0.6730000000000012,0.365,1.0,756,5,2.86014,2.8262584
-1.71305,2,0.2825,10,12,2,2,0,0,2.426529999999999,1.4559179999999974,1.9648,0.0,3.0823266666666576,23.861976000000013,2.86014,62.0168,4.8962866666666836,-5.054347999999981,11.1051,-17.4243,0.21583333333333435,0.5295000000000011,0.0,1.0,756,5,1.69218,1.8822949
0.547842,6,0.085,3,10,4,1,0,0,2.1940266666666663,1.8154759999999974,2.81949,2.4953,2.210306666666657,14.668476000000009,1.69218,4.69466,3.31329733333335,-0.4375195999999811,-1.71305,5.29681,0.12250000000000104,0.3465000000000011,0.2825,0.365,757,5,2.0786,2.9271357
-0.764152,4,0.505,4,18,3,2,0,0,2.181816666666666,2.2011099999999972,1.79779,1.9648,1.9310366666666574,2.6695820000000112,2.0786,2.86014,-0.6431199999999834,2.894510000000019,0.547842,11.1051,0.2908333333333344,0.2475000000000011,0.085,0.0,757,5,2.02233,2.9532673
0.137653,6,0.095,1,8,4,1,0,0,1.8346999999999996,2.057677999999998,1.92817,2.81949,2.0399599999999904,2.134440000000011,2.02233,1.69218,-0.026218999999983422,1.8626786000000184,-0.764152,-1.71305,0.22833333333333436,0.1935000000000011,0.505,0.2825,758,5,2.01895,4.0963993
-22.0023,0,1.0,8,295,0,2,0,0,1.235436666666666,1.6647179999999977,1.77814,1.79779,32.81515999999999,20.44325200000001,2.01895,2.0786,-7.542932999999984,-4.758801399999982,0.137653,0.547842,0.5333333333333344,0.3935000000000011,0.095,0.085,758,5,94.4042,80.18705
1.7656,8,0.01,5,4,5,1,0,0,1.241096666666666,1.4898499999999975,0.0,1.92817,32.65540666666666,20.413430000000012,94.4042,2.02233,-6.6996823333333175,-4.063071399999982,-22.0023,-0.764152,0.36833333333333446,0.33900000000000113,1.0,0.505,759,5,1.54307,3.50804
-8.81466,0,0.845,4,287,0,2,0,0,0.851412666666666,1.2521095999999976,1.94515,1.77814,38.50475666666666,23.911110000000015,1.54307,2.01895,-9.68378666666665,-5.935571799999982,1.7656,0.137653,0.6183333333333344,0.4910000000000011,0.01,0.095,759,5,19.567,34.84058
1.01436,6,0.435,4,10,4,1,0,0,1.2214493333333327,1.0884975999999975,0.609088,0.0,9.02024999999999,24.69678000000001,19.567,94.4042,-2.0115666666666505,-5.579869399999983,-8.81466,-22.0023,0.43000000000000105,0.4770000000000011,0.845,1.0,760,5,5.95068,6.278363
-14.084,0,1.0,2,15,0,2,0,0,0.5730659999999994,0.7328695999999975,1.11011,1.94515,19.129626666666656,30.66723000000001,5.95068,1.54307,-7.29476666666665,-8.424199999999981,1.01436,1.7656,0.760000000000001,0.658000000000001,0.435,0.01,760,5,31.8712,39.496845
-24.7429,0,1.0,2,860,0,1,0,0,0.3700366666666661,0.7328695999999975,0.0,0.609088,53.39529333333332,36.25919000000001,31.8712,19.567,-12.604179999999984,-8.972319999999982,-14.084,-8.81466,0.8116666666666678,0.658000000000001,1.0,0.845,761,5,122.364,101.13785
-15.2736,0,0.985,4,311,0,2,0,0,0.01964799999999941,0.3556283999999975,0.0,1.11011,71.73126666666666,48.14229600000001,122.364,5.95068,-18.033499999999986,-12.380159999999982,-24.7429,1.01436,0.995000000000001,0.8530000000000012,1.0,0.435,761,5,60.9586,54.72465
-14.0152,0,1.0,1,9,0,1,0,0,0.01964799999999941,0.23381079999999752,0.058944,0.0,89.25939999999999,61.12001600000001,60.9586,31.8712,-18.01056666666665,-13.420267999999982,-15.2736,-14.084,0.995000000000001,0.884000000000001,0.985,1.0,762,5,84.4556,77.79928
-9.90216,0,0.8575,3,392,0,2,0,0,0.2063039999999994,0.12378239999999748,0.0,0.0,68.84906666666666,72.15648000000002,84.4556,122.364,-13.063653333333315,-15.603571999999982,-14.0152,-24.7429,0.947500000000001,0.9685000000000011,1.0,1.0,762,5,61.133,29.764112
-13.8241,0,0.755,7,148,0,1,0,0,0.34711466666666607,0.2200575999999975,0.559968,0.058944,56.85219999999999,70.77584,61.133,60.9586,-12.58048666666665,-15.551591999999982,-9.90216,-15.2736,0.8708333333333345,0.9195000000000011,0.8575,0.985,763,5,24.968,55.500626
12.0383,18,0.0,1,0,10,2,0,0,1.6569813333333328,1.0059775999999974,0.481376,0.0,29.30152999999999,46.663758000000016,24.968,84.4556,-3.8959866666666496,-8.195351999999982,-13.8241,-14.0152,0.5375000000000011,0.7195000000000011,0.755,1.0,763,5,1.80359,4.729256
-3.42595,2,0.45,5,13,2,1,0,0,1.8305386666666659,1.2103167999999975,3.9296,0.559968,30.406963333333323,47.36189800000001,1.80359,61.133,-1.7372499999999835,-5.825821999999983,12.0383,-9.90216,0.4016666666666677,0.6125000000000012,0.0,0.8575,764,5,64.4493,9.098058
-6.12558,0,0.8325,2,233,0,2,0,0,1.889482666666666,1.3419583999999976,1.08064,0.481376,24.818943333333323,32.11156600000001,64.4493,24.968,0.8289233333333499,-4.247897999999982,-3.42595,-13.8241,0.4275000000000011,0.5790000000000012,0.45,0.755,764,5,8.20394,18.73941
-17.8969,0,1.0,6,369,0,1,0,0,0.5796159999999994,1.2299647999999976,0.658208,3.9296,40.63851333333332,29.737426000000006,8.20394,1.80359,-9.149476666666649,-5.8468459999999824,-6.12558,12.0383,0.7608333333333345,0.6075000000000012,0.8325,0.0,765,5,49.2623,94.97535
-22.5363,0,1.0,9,599,0,2,0,0,0.21940266666666608,1.1336895999999976,0.0,1.08064,35.170779999999986,34.35304600000001,49.2623,64.4493,-15.519593333333317,-7.589285999999982,-17.8969,-3.42595,0.9441666666666677,0.6565000000000012,1.0,0.45,765,5,48.0461,41.902233
4.99548,10,0.0,3,10,6,1,0,0,0.6778566666666661,0.7544835999999975,0.0,0.658208,33.02230999999999,34.34403400000001,48.0461,8.20394,-11.812573333333317,-8.997849999999982,-22.5363,-6.12558,0.6666666666666677,0.6565000000000012,1.0,0.8325,766,5,1.75853,3.95006
-0.803057,6,0.615,7,14,4,2,0,0,1.182156666666666,0.8409355999999976,2.03357,0.0,17.173063333333324,21.797086000000014,1.75853,49.2623,-6.114625666666651,-8.473271399999982,4.99548,-17.8969,0.5383333333333344,0.6895000000000012,0.0,1.0,766,5,1.71456,5.699459
-14.2592,0,0.985,4,187,0,1,0,0,1.1919806666666661,0.7151883999999975,1.5129,0.0,21.55802999999999,32.39649800000001,1.71456,48.0461,-3.3555923333333166,-10.099995399999981,-0.803057,-22.5363,0.5333333333333344,0.7200000000000012,0.615,1.0,767,5,61.201,65.20344
-0.764152,4,0.63,4,6,3,2,0,0,0.9987739999999995,1.0059783999999976,0.029472,2.03357,21.642849999999992,22.946636000000012,61.201,1.75853,-5.275469666666649,-6.673445799999982,-14.2592,4.99548,0.7433333333333344,0.6460000000000011,0.985,0.0,767,5,2.01299,4.586752
-12.6738,0,1.0,2,3,0,1,0,0,0.4944739999999994,1.0059783999999976,1.45395,1.5129,79.23199666666666,48.23381600000001,2.01299,1.71456,-9.232383999999984,-4.700945799999981,-0.764152,-0.803057,0.8716666666666676,0.6460000000000011,0.63,0.615,768,5,174.482,153.08812
-22.0023,0,1.0,10,304,0,2,0,0,0.4846499999999994,0.5992643999999976,0.0,0.029472,90.29973,66.76295000000002,174.482,61.201,-11.813417333333318,-10.100501799999982,-12.6738,-14.2592,0.8766666666666678,0.8460000000000012,1.0,0.985,768,5,94.4042,67.30855
-17.4243,0,1.0,4,410,0,1,0,0,0.0,0.2966843999999975,0.0,1.45395,110.30099999999999,78.82339800000001,94.4042,2.01299,-17.366799999999984,-13.424750399999983,-22.0023,-0.764152,1.0,0.9230000000000012,1.0,0.63,769,5,62.0168,143.16132
-11.5291,0,0.88,4,393,0,2,0,0,0.1571839999999994,0.3851003999999975,0.0,0.0,58.604433333333326,70.46165800000003,62.0168,174.482,-16.985233333333316,-12.87873039999998,-17.4243,-12.6738,0.9600000000000012,0.9020000000000012,1.0,1.0,769,5,19.3923,36.696556
9.60776,14,0.02,2,6,8,1,0,0,0.7990173333333327,0.4794103999999975,0.471552,0.0,28.085183333333323,70.62835000000003,19.3923,94.4042,-6.448546666666648,-10.804347999999981,-11.5291,-22.0023,0.6333333333333343,0.7800000000000011,0.88,1.0,770,5,2.84645,3.3157175
-14.084,0,1.0,5,444,0,2,0,0,0.7990173333333327,0.4794103999999975,1.9255,0.0,18.03664999999999,42.10619000000001,2.84645,62.0168,-5.335113333333315,-11.086387999999982,9.60776,-17.4243,0.6333333333333343,0.7800000000000011,0.02,1.0,770,5,31.8712,41.786755
1.59893,6,0.085,7,15,4,1,0,0,1.241096666666666,0.8389683999999974,0.0,0.471552,12.255519999999992,23.635132000000013,31.8712,19.3923,-0.9591033333333163,-6.36614199999998,-14.084,-11.5291,0.36833333333333435,0.5970000000000011,1.0,0.88,771,5,2.04891,4.263469
-15.2736,0,0.995,3,90,0,2,0,0,0.6058126666666661,0.8428979999999975,1.79779,1.9255,31.676703333333325,23.45377200000001,2.04891,2.84645,-9.252889999999985,-5.936001999999982,1.59893,9.60776,0.6933333333333344,0.5960000000000012,0.085,0.02,771,5,61.11,48.69253
3.36129,8,0.045,10,14,5,1,0,0,1.231272666666666,1.1238635999999975,0.019648,0.0,21.730483333333325,19.981820000000013,61.11,31.8712,-3.437793333333316,-2.9579239999999816,-15.2736,-14.084,0.37500000000000105,0.42900000000000116,0.995,1.0,772,5,2.03254,4.468392
-9.90216,0,0.98,4,291,0,2,0,0,0.658206666666666,0.7544819999999974,1.87638,1.79779,41.36347999999999,31.60211000000001,2.03254,2.04891,-7.271489999999983,-6.859907999999981,3.36129,1.59893,0.6733333333333343,0.6210000000000011,0.045,0.085,772,5,60.9479,59.61824
32.8162,28,0.0,2,5,15,1,0,0,1.306590666666666,1.1474419999999976,0.078592,0.019648,21.506599999999988,25.53574200000001,60.9479,61.11,8.758443333333352,2.520132000000018,-9.90216,-15.2736,0.3416666666666677,0.42100000000000115,0.98,0.995,773,5,1.53936,0.5125494
8.44419,14,0.01,2,6,8,2,0,0,1.977897333333333,1.5659439999999976,1.9648,1.87638,21.423803333333325,25.482790000000012,1.53936,2.03254,10.452743333333352,3.889184000000019,32.8162,3.36129,0.330000000000001,0.40600000000000114,0.0,0.045,773,5,1.78415,3.5287874
1.01436,6,0.0,9,6,4,1,0,0,2.6623033333333326,1.9883763999999975,3.8903,0.078592,3.034223333333324,14.41662200000001,1.78415,60.9479,14.091583333333352,7.14677600000002,8.44419,-9.90216,0.0033333333333343696,0.20700000000000113,0.01,0.98,774,5,5.77916,2.0716124
-5.20701,0,0.805,2,16,0,2,0,0,2.2627939999999995,1.7663547999999978,2.13181,1.9648,5.266726666666657,15.657488000000011,5.77916,1.53936,1.4171800000000179,5.433116000000018,1.01436,32.8162,0.2716666666666677,0.35900000000000115,0.0,0.0,774,5,8.23687,7.2294807
-24.7429,0,1.0,9,381,0,1,0,0,0.9660273333333329,1.7506363999999976,0.766272,3.8903,45.46000999999999,27.94070800000001,8.23687,1.78415,-9.645183333333316,2.464968000000019,-5.20701,8.44419,0.6016666666666678,0.36300000000000116,0.805,0.01,775,5,122.364,116.13243
-22.5363,0,1.0,5,583,0,2,0,0,0.25542399999999954,1.3576763999999977,0.0,2.13181,59.548989999999996,37.24205600000001,122.364,5.77916,-17.495403333333314,-8.605531999999982,-24.7429,1.01436,0.935000000000001,0.5630000000000012,1.0,0.0,775,5,48.0461,41.70174
-14.0152,0,1.0,1,0,0,1,0,0,0.0,0.5796163999999975,0.0,0.766272,84.95523333333333,53.77634600000001,48.0461,8.23687,-20.43146666666665,-13.097409999999982,-22.5363,-5.20701,1.0,0.7610000000000012,1.0,0.805,776,5,84.4556,91.21402
-7.18557,0,0.625,5,103,0,2,0,0,0.4911999999999996,0.44797439999999755,0.0,0.0,44.75191666666666,52.97132400000002,84.4556,122.364,-14.579023333333316,-14.73739599999998,-14.0152,-24.7429,0.875000000000001,0.8860000000000012,1.0,1.0,776,5,1.75405,11.748474
8.04034,14,0.74,5,114,8,1,0,0,0.6614826666666662,0.39688959999999757,1.4736,0.0,37.18321666666666,56.39195000000001,1.75405,48.0461,-4.386809999999982,-12.087925999999982,-7.18557,-22.5363,0.7883333333333343,0.8730000000000011,0.625,1.0,777,5,25.34,38.441685
-5.18236,0,0.5275,4,3,0,2,0,0,1.2803959999999996,0.7682375999999975,0.510848,0.0,9.700803333333324,32.32082200000001,25.34,84.4556,-1.442529999999982,-8.175817999999982,8.04034,-14.0152,0.6308333333333344,0.7785000000000012,0.74,1.0,777,5,2.00836,4.6496825
-3.42595,2,0.465,4,1,2,1,0,0,1.1395859999999995,0.9784715999999974,1.85674,1.4736,28.314453333333322,34.23060200000001,2.00836,1.75405,-0.18932333333331539,-4.353747999999982,-5.18236,-7.18557,0.577500000000001,0.6715000000000011,0.5275,0.625,778,5,57.595,12.285929
-22.0023,0,1.0,8,481,0,2,0,0,0.9693033333333329,0.9784715999999974,1.05117,0.510848,51.33585333333332,36.22032200000001,57.595,25.34,-10.203536666666649,-5.951167999999982,-3.42595,8.04034,0.6641666666666678,0.6715000000000011,0.465,0.74,778,5,94.4042,84.44232
-19.8451,0,0.755,4,278,0,1,0,0,0.5108486666666662,0.7800267999999976,0.0,1.85674,66.92893333333332,45.62703200000001,94.4042,2.00836,-15.09111666666665,-8.483073999999982,-22.0023,-5.18236,0.7400000000000011,0.6975000000000011,1.0,0.5275,779,5,48.7876,69.91541
-11.3115,0,0.79,4,251,0,2,0,0,0.43553066666666623,0.8429003999999974,0.481376,1.05117,54.134899999999995,44.40161200000001,48.7876,57.595,-17.719633333333316,-12.353441999999982,-19.8451,-3.42595,0.8483333333333345,0.7075000000000011,0.755,0.465,779,5,19.2129,22.928848
-0.151259,6,0.06,2,22,4,1,0,0,1.051167333333333,0.8409343999999976,0.825216,0.0,23.25855666666666,44.35497400000001,19.2129,94.4042,-10.435952999999982,-11.347221799999982,-11.3115,-22.0023,0.5350000000000011,0.6140000000000011,0.79,1.0,780,5,1.77517,4.869462
-14.084,0,1.0,4,325,0,2,0,0,0.8907086666666663,0.6307003999999976,1.84691,0.481376,17.619756666666657,39.210214000000015,1.77517,48.7876,-8.515586333333315,-13.478831799999984,-0.151259,-19.8451,0.6166666666666677,0.7210000000000012,0.06,0.755,780,5,31.8712,40.805126
-14.2592,0,0.98,8,133,0,1,0,0,0.6287353333333329,0.6385595999999976,0.0,0.825216,32.423556666666656,33.05423400000001,31.8712,19.2129,-9.498152999999983,-11.93021179999998,-14.084,-11.3115,0.680000000000001,0.7170000000000012,1.0,0.79,781,5,63.6243,57.357346
-15.2736,0,0.9975,4,53,0,2,0,0,0.01637333333333289,0.5442491999999975,0.039296,1.84691,52.79026666666666,35.87177400000001,63.6243,1.77517,-14.538933333333317,-11.01591179999998,-14.2592,-0.151259,0.992500000000001,0.7655000000000012,0.98,0.06,781,5,62.8753,52.36614
-12.6738,0,0.95,4,255,0,1,0,0,0.04911999999999955,0.39885399999999754,0.009824,0.0,110.77119999999998,73.19199400000001,62.8753,31.8712,-14.068866666666649,-11.288371799999982,-15.2736,-14.084,0.9758333333333344,0.7975000000000012,0.9975,1.0,782,5,205.814,111.44438
-9.90216,0,0.985,4,133,0,2,0,0,0.055669333333332884,0.04126079999999756,0.09824,0.039296,109.95266666666664,85.07070000000002,205.814,63.6243,-12.616519999999982,-13.23855199999998,-12.6738,-14.2592,0.977500000000001,0.9825000000000012,0.95,0.98,782,5,61.1687,32.734093
15.0705,22,0.88,3,199,12,1,0,0,0.13098666666666622,0.08841599999999757,0.058944,0.009824,109.94686666666666,91.26804000000001,61.1687,62.8753,-2.501819999999982,-7.407651999999982,-9.90216,-15.2736,0.9383333333333344,0.9585000000000011,0.985,0.9975,783,5,62.8579,62.383728
-3.31993,2,0.5975,5,12,2,2,0,0,0.6254599999999996,0.3968887999999976,0.235776,0.09824,41.93746666666666,78.90034000000001,62.8579,205.814,0.6161366666666841,-5.219797999999982,15.0705,-12.6738,0.8208333333333343,0.8820000000000011,0.88,0.95,783,5,1.7858,4.531101
10.1543,16,0.01,1,8,9,1,0,0,1.2541953333333329,0.7839539999999976,1.58166,0.058944,22.486469999999994,66.888422,1.7858,61.1687,7.3016233333333505,-0.1342179999999818,-3.31993,-9.90216,0.49583333333333446,0.6845000000000011,0.5975,0.985,784,5,2.81571,1.9645512
-5.20701,0,0.9025,3,0,0,2,0,0,1.3033153333333327,0.8409331999999976,1.94515,0.235776,4.257486666666657,27.359812000000012,2.81571,62.8579,0.5424533333333509,1.3591400000000182,10.1543,15.0705,0.5033333333333344,0.675000000000001,0.01,0.88,784,5,8.17095,9.820248
1.59893,6,0.0,7,6,4,1,0,0,1.4834219999999998,1.2535403999999977,0.383136,1.58166,4.34111999999999,15.533412000000013,8.17095,1.7858,2.1820733333333506,3.659358000000018,-5.20701,-3.31993,0.30416666666666775,0.4780000000000012,0.9025,0.5975,785,5,2.0367,2.2933927
-22.5363,0,1.0,7,438,0,2,0,0,0.8350386666666663,1.2063851999999975,2.12198,1.94515,19.417916666666656,12.571052000000012,2.0367,2.81571,-8.714793333333317,-3.8620019999999817,1.59893,10.1543,0.6341666666666678,0.5020000000000012,0.0,0.01,785,5,48.0461,42.342808
3.36129,8,0.0,5,2,5,1,0,0,1.3622599999999994,1.2830131999999976,0.0,0.383136,17.358473333333325,12.612416000000012,48.0461,8.17095,-5.858693333333316,-2.525757999999982,-22.5363,-5.20701,0.33333333333333437,0.3825000000000011,1.0,0.9025,786,5,1.99262,2.98565
30.9782,28,0.3275,2,111,15,2,0,0,1.5358199999999993,1.4225151999999974,1.9648,2.12198,17.27567666666666,12.406936000000012,1.99262,2.0367,3.9343966666666845,1.6390220000000184,3.36129,1.59893,0.44250000000000106,0.4460000000000012,0.0,0.0,786,5,1.78831,9.102535
-6.86165,0,0.75,4,193,0,1,0,0,1.6995533333333326,1.4441279999999976,2.64266,0.0,1.801133333333324,11.097240000000012,1.78831,48.0461,9.159280000000019,1.3080940000000185,30.9782,-22.5363,0.35916666666666774,0.4155000000000012,0.3275,1.0,787,5,1.62247,13.183657
-5.18236,0,0.83,3,0,0,2,0,0,1.2672973333333326,1.1533383999999975,0.4912,1.9648,1.8048199999999905,11.090636000000012,1.62247,1.99262,6.311396666666685,-0.048163999999981576,-6.86165,3.36129,0.6358333333333345,0.5815000000000012,0.75,0.0,787,5,2.00368,5.8853664
1.01436,6,0.0,4,0,4,1,0,0,1.0413439999999996,1.5462983999999973,0.668032,2.64266,3.077689999999991,2.6028000000000113,2.00368,1.78831,-3.6765499999999824,4.6619680000000185,-5.18236,30.9782,0.5266666666666677,0.38150000000000117,0.83,0.3275,788,5,5.60692,1.992405
-15.04,0,0.7775,8,200,0,2,0,0,1.1690559999999997,1.3282055999999973,1.9648,0.4912,30.619199999999992,19.05367600000001,5.60692,1.62247,-6.402666666666648,0.9817100000000188,1.01436,-6.86165,0.5358333333333344,0.5370000000000011,0.0,0.75,788,5,84.247,49.127983
-24.7429,0,1.0,5,254,0,1,0,0,0.9463786666666664,0.7996735999999975,0.874336,0.668032,70.73930666666666,43.16881400000001,84.247,2.00368,-12.922846666666649,-10.16250999999998,-15.04,-5.18236,0.592500000000001,0.6715000000000011,0.7775,0.83,789,5,122.364,126.759476
-8.44919,0,0.88,8,229,0,2,0,0,0.4486293333333329,0.7957439999999976,0.0,1.9648,75.40436666666666,46.76474000000001,122.364,5.60692,-16.077363333333313,-10.480017999999982,-24.7429,1.01436,0.8858333333333345,0.6975000000000011,1.0,0.0,789,5,19.6021,36.970848
-14.0152,0,1.0,1,0,0,1,0,0,0.15718399999999957,0.6621375999999974,0.471552,0.874336,75.4739,63.25512400000001,19.6021,84.247,-15.735763333333317,-12.246585999999981,-8.44919,-15.04,0.9600000000000012,0.7315000000000011,0.88,0.7775,790,5,84.4556,35.097153
-9.39248,0,1.0,3,190,0,2,0,0,0.15718399999999957,0.2691775999999975,0.0,0.0,45.30963333333332,68.50798,84.4556,122.364,-10.61895666666665,-14.327953999999982,-14.0152,-24.7429,0.9600000000000012,0.9315000000000012,1.0,1.0,790,5,31.8712,25.996063
-19.8279,0,0.795,9,178,0,1,0,0,0.13426133333333287,0.1748671999999975,0.0,0.471552,47.158666666666655,56.68842000000001,31.8712,19.6021,-14.411859999999983,-15.28553399999998,-9.39248,-8.44919,0.9316666666666679,0.9350000000000012,1.0,0.88,791,5,25.1492,58.608635
-19.9401,0,0.885,2,148,0,2,0,0,0.28489599999999954,0.2652479999999975,0.402784,0.0,40.08339999999998,44.86158000000002,25.1492,84.4556,-16.38682666666665,-14.324973999999983,-19.8279,-14.0152,0.8933333333333344,0.9120000000000011,0.795,1.0,791,5,63.2298,44.426815
-3.42595,2,0.46,3,0,2,1,0,0,0.6385593333333329,0.3831355999999976,0.451904,0.0,46.831099999999985,51.36402000000002,63.2298,31.8712,-14.397983333333315,-13.320325999999984,-19.9401,-9.39248,0.7133333333333344,0.8280000000000012,0.885,1.0,792,5,52.1143,7.010088
-9.90216,0,0.9625,2,312,0,2,0,0,0.5534179999999995,0.4126075999999975,1.06099,0.402784,58.78486666666665,46.67500000000001,52.1143,25.1492,-11.089403333333316,-12.497717999999981,-3.42595,-19.8279,0.7691666666666679,0.8205000000000012,0.46,0.795,792,5,61.0105,52.385704
-19.8451,0,1.0,2,122,0,1,0,0,0.4027833333333329,0.4126075999999975,0.14736,0.451904,53.97079999999999,50.05828000000001,61.0105,63.2298,-11.05773666666665,-14.588241999999983,-9.90216,-19.9401,0.807500000000001,0.8205000000000012,0.9625,0.885,793,5,48.7876,89.95419
8.30281,14,0.5525,3,6,8,2,0,0,0.6352866666666662,0.6837507999999974,0.0,1.06099,37.19619666666665,45.386538000000016,48.7876,52.1143,-7.1481499999999825,-8.962099999999982,-19.8451,-3.42595,0.8383333333333344,0.7720000000000011,1.0,0.46,793,5,1.79049,6.8837066
9.45002,16,0.0,1,12,9,1,0,0,1.2410999999999996,0.9863299999999976,1.7585,0.14736,17.458509999999986,33.10006600000001,1.79049,61.0105,-0.6974233333333159,-3.084075999999982,8.30281,-9.90216,0.5175000000000011,0.5950000000000012,0.5525,0.9625,794,5,1.79744,3.0116324
-4.37851,0,0.61,3,74,1,2,0,0,1.7519466666666663,1.0806399999999976,1.9648,0.0,3.8543466666666526,24.272228000000013,1.79744,48.7876,4.458106666666684,-3.2745879999999814,9.45002,-19.8451,0.38750000000000107,0.6250000000000011,0.0,1.0,794,5,7.97511,5.665493
-10.9709,0,0.86,2,97,0,1,0,0,1.2574706666666664,1.1061823999999976,1.53254,1.7585,24.757349999999985,24.97002800000001,7.97511,1.79049,-1.9664633333333168,-3.4883359999999817,-4.37851,8.30281,0.4900000000000011,0.6045000000000011,0.61,0.5525,795,5,64.4995,58.304977
-22.5363,0,1.0,2,433,0,2,0,0,0.6025373333333329,1.1061823999999976,0.275072,1.9648,40.173569999999984,24.821728000000014,64.4995,1.79744,-12.628569999999984,-4.026575999999983,-10.9709,9.45002,0.8233333333333345,0.6045000000000011,0.86,0.0,795,5,48.0461,42.9512
-12.6738,0,0.98,4,138,0,1,0,0,0.10478933333333289,0.7623415999999976,0.0,1.53254,105.79486666666666,65.43143,48.0461,7.97511,-15.393666666666652,-8.221897999999982,-22.5363,-4.37851,0.9466666666666678,0.6900000000000012,1.0,0.61,796,5,204.839,189.55365
1.35202,6,0.325,3,21,4,2,0,0,0.8972586666666663,0.8998775999999975,0.039296,0.275072,84.89670333333332,65.432944,204.839,64.4995,-11.28602666666665,-9.841497999999982,-12.6738,-10.9709,0.7683333333333344,0.7550000000000011,0.98,0.86,796,5,1.80501,2.560778
-18.5176,0,0.85,4,368,0,1,0,0,0.9954986666666662,0.6523135999999975,2.65248,0.0,90.01803666666665,76.51994200000001,1.80501,48.0461,-9.946459999999982,-12.669315999999984,1.35202,-22.5363,0.7183333333333345,0.8030000000000012,0.325,1.0,797,5,63.4101,86.9562
1.37554,6,0.2975,4,3,4,2,0,0,1.9025799999999997,1.1494071999999975,0.29472,0.039296,22.405456666666648,64.020294,63.4101,204.839,-5.263346666666649,-10.200027999999984,-18.5176,-12.6738,0.4908333333333344,0.6905000000000012,0.85,0.98,797,5,2.00126,3.4612176
1.59893,6,0.005,7,0,4,1,0,0,1.6700799999999993,1.5404031999999976,2.76054,2.65248,22.47126666666665,54.811562000000016,2.00126,1.80501,-5.181043333333316,-5.372981999999982,1.37554,1.35202,0.3841666666666678,0.49150000000000116,0.2975,0.325,798,5,2.00244,7.0374703
-15.04,0,0.9825,9,152,0,2,0,0,1.594762666666666,1.5462975999999975,1.95498,0.29472,29.49146666666665,30.73790200000001,2.00244,63.4101,-4.021843333333315,-5.846221999999981,1.59893,-18.5176,0.4283333333333344,0.49200000000000116,0.005,0.85,798,5,84.4707,73.83223
3.36129,8,0.005,4,0,5,1,0,0,1.326242666666666,1.4067975999999975,0.068768,2.76054,29.475296666666647,30.767450000000007,84.4707,2.00126,-3.3599266666666487,-5.444367999999981,-15.04,1.37554,0.3308333333333345,0.4280000000000011,0.9825,0.2975,799,5,1.95275,2.5571625
-8.44919,0,0.96,9,265,0,2,0,0,0.7269773333333327,1.3792903999999975,1.95498,1.95498,35.384016666666646,22.031150000000007,1.95275,2.00244,-6.709299999999982,-3.4306859999999815,3.36129,1.59893,0.6491666666666678,0.4500000000000012,0.005,0.005,799,5,19.7286,50.76405
-2.58222,2,0.58,7,26,2,1,0,0,0.9789319999999995,0.9921087999999975,0.157184,0.068768,7.790216666666653,21.968758000000012,19.7286,84.4707,-2.5567066666666487,-4.222237999999981,-8.44919,-15.04,0.5150000000000011,0.5065000000000012,0.96,0.9825,800,5,1.6893,8.757846
-19.9401,0,1.0,2,0,0,2,0,0,0.3272719999999994,0.6011127999999974,0.824632,1.95498,28.215899999999987,34.21423000000001,1.6893,1.95275,-10.323836666666649,-8.53004399999998,-2.58222,3.36129,0.8466666666666679,0.7055000000000012,0.58,0.005,800,5,63.2298,54.694096
0.181533,28,0.0,2,0,4,1,0,0,0.9298106666666661,0.9803191999999974,0.0,0.157184,23.45377333333332,18.40853400000001,63.2298,19.7286,-7.44692899999998,-5.485737399999982,-19.9401,-8.44919,0.5266666666666678,0.5090000000000011,1.0,0.96,801,5,5.44222,3.034796
-15.6739,0,0.9025,3,343,0,2,0,0,0.7826453333333329,0.6659503999999975,1.9648,0.824632,42.86313999999999,30.00146400000001,5.44222,1.6893,-11.810822333333315,-9.292775399999982,0.181533,-2.58222,0.6341666666666678,0.6885000000000011,0.0,0.58,801,5,59.9174,54.716267
-24.7429,0,1.0,4,339,0,1,0,0,0.7826453333333329,0.6345135999999976,0.383136,0.0,62.57453999999999,50.52854400000001,59.9174,63.2298,-13.411755666666648,-12.551517399999982,-15.6739,-19.9401,0.6341666666666678,0.6965000000000011,0.9025,1.0,802,5,122.364,118.463875
5.22991,8,0.0875,2,24,5,2,0,0,1.3229653333333327,1.1867391999999974,0.0,1.9648,61.35311999999999,50.54627600000001,122.364,5.44222,-11.728963333333317,-10.989091399999982,-24.7429,0.181533,0.6633333333333344,0.5980000000000011,1.0,0.0,802,5,1.77796,1.4909406
-14.0152,0,1.0,1,0,0,1,0,0,1.1952533333333328,1.1867391999999974,3.58576,0.383136,69.53251999999999,54.79143600000001,1.77796,59.9174,-11.176063333333312,-9.804111399999982,5.22991,-15.6739,0.6958333333333345,0.5980000000000011,0.0875,0.9025,803,5,84.4556,73.18862
-6.38424,0,0.805,4,51,0,2,0,0,1.450677333333333,0.9470335999999975,0.0,0.0,31.420009999999987,55.30828600000001,84.4556,122.364,-5.056509999999981,-11.117265999999983,-14.0152,-24.7429,0.6308333333333346,0.7590000000000011,1.0,1.0,803,5,8.02647,13.945991
-8.95736,0,0.75,4,203,0,1,0,0,0.4191573333333329,0.9686463999999975,0.766272,3.58576,39.429956666666655,48.48636600000001,8.02647,1.77796,-9.785599999999981,-9.773957999999983,-6.38424,5.22991,0.8516666666666679,0.7285000000000011,0.805,0.0875,804,5,25.8078,34.782677
-22.5363,0,1.0,4,357,0,2,0,0,0.4191573333333329,0.9686463999999975,0.4912,0.0,27.293456666666653,33.622786000000005,25.8078,84.4556,-12.625966666666647,-9.332637999999982,-8.95736,-14.0152,0.8516666666666679,0.7285000000000011,0.75,1.0,804,5,48.0461,44.899807
-3.42595,2,0.4,7,0,2,1,0,0,0.5566933333333329,0.4872703999999975,0.0,0.766272,40.34419999999998,42.70293400000001,48.0461,8.02647,-11.63986999999998,-11.06380999999998,-22.5363,-6.38424,0.7166666666666678,0.7910000000000011,1.0,0.805,805,5,47.1787,11.593003
1.35202,6,0.38,8,0,4,2,0,0,1.2050766666666661,0.9745403999999975,1.17888,0.4912,32.33979666666665,26.170732000000015,47.1787,25.8078,-8.20340999999998,-7.990365999999982,-3.42595,-8.95736,0.5933333333333345,0.6670000000000011,0.4,0.75,805,5,1.79459,7.545258
-24.5186,0,0.8,9,115,0,1,0,0,1.336063333333333,0.8998779999999975,2.43635,0.0,33.27016333333332,34.732878000000014,1.79459,48.0461,-8.864176666666646,-11.61723799999998,1.35202,-22.5363,0.5266666666666678,0.6660000000000011,0.38,1.0,806,5,50.8372,67.98562
1.37554,6,0.0825,4,0,4,2,0,0,2.144906666666666,1.5227199999999974,0.39296,1.17888,18.19811333333332,29.963828000000014,50.8372,47.1787,-7.2636799999999795,-9.550657999999983,-24.5186,-3.42595,0.42083333333333456,0.5325000000000012,0.8,0.4,806,5,1.96255,2.5118392
6.39749,12,0.005,1,4,7,1,0,0,1.9844499999999996,1.9137159999999973,3.60541,2.43635,18.187736666666655,20.70730000000001,1.96255,1.79459,-5.581856666666646,-3.763899999999981,1.37554,1.35202,0.29583333333333456,0.33350000000000113,0.0825,0.38,807,5,1.76346,3.3843398
-15.04,0,0.99,9,174,0,2,0,0,1.8665619999999994,1.6857991999999975,1.95498,0.39296,29.32373666666665,28.120600000000014,1.76346,50.8372,-2.422323333333313,-6.0867099999999805,6.39749,-24.5186,0.3591666666666679,0.4515000000000011,0.005,0.8,807,5,84.2452,76.51598
-10.9709,0,1.0,2,51,0,1,0,0,0.6647586666666662,1.1985291999999974,0.039296,3.60541,50.16938666666666,40.66158200000001,84.2452,1.96255,-6.537803333333312,-8.55129399999998,-15.04,1.37554,0.6650000000000013,0.5755000000000011,0.99,0.0825,808,5,64.4995,51.652718
-8.44919,0,0.95,7,289,0,2,0,0,0.07859199999999955,1.1592331999999974,0.0,1.95498,56.17633333333331,34.45100200000001,64.4995,1.76346,-11.486696666666646,-5.337411999999981,-10.9709,6.39749,0.9800000000000012,0.6055000000000011,1.0,0.005,808,5,19.7843,40.992134
-12.6738,0,1.0,2,38,0,1,0,0,0.06549333333333289,0.4381511999999975,0.19648,0.039296,96.37426666666664,75.02629200000001,19.7843,84.2452,-10.697963333333313,-8.14727999999998,-8.44919,-15.04,0.9833333333333344,0.7890000000000011,0.95,0.99,809,5,204.839,90.27051
-19.9401,0,1.0,2,0,0,2,0,0,0.06549333333333289,0.04715519999999751,0.0,0.0,95.95103333333331,87.31956000000001,204.839,64.4995,-13.687696666666646,-13.414797999999982,-12.6738,-10.9709,0.9833333333333344,0.9880000000000011,1.0,1.0,809,5,63.2298,66.6217
-18.5176,0,1.0,6,296,0,1,0,0,0.0,0.039295999999997513,0.0,0.19648,110.49296666666665,83.15254000000002,63.2298,19.7843,-17.043833333333314,-14.110317999999982,-19.9401,-8.44919,1.0,0.9900000000000011,1.0,0.95,810,5,63.4101,151.6879
-10.1606,0,0.8775,5,407,0,2,0,0,0.16045866666666622,0.1355711999999975,0.0,0.0,61.791066666666644,81.99930000000002,63.4101,204.839,-16.20609999999998,-13.948257999999981,-18.5176,-12.6738,0.9591666666666678,0.9655000000000011,1.0,1.0,810,5,58.7333,35.216427
0.314241,6,0.01,4,7,4,1,0,0,0.8088419999999995,0.4853051999999975,0.481376,0.0,41.37833999999998,78.44076400000002,58.7333,63.2298,-9.454652999999979,-12.195571799999982,-10.1606,-19.9401,0.6291666666666679,0.7775000000000011,0.8775,1.0,811,5,1.99162,5.472719
0.840456,6,0.4575,3,8,4,2,0,0,1.5194453333333329,0.9116671999999977,1.94515,0.0,20.834156666666647,37.828474000000014,1.99162,63.4101,-3.0019676666666455,-9.49272059999998,0.314241,-18.5176,0.4483333333333345,0.6690000000000011,0.01,1.0,811,5,1.77755,6.052782
3.36129,8,0.0,1,0,5,1,0,0,2.0139199999999997,1.3046271999999974,2.13181,0.481376,1.8957066666666478,25.56610400000001,1.77755,58.7333,1.5053290000000212,-4.832442599999982,0.840456,-10.1606,0.15583333333333452,0.4690000000000012,0.4575,0.8775,812,5,1.91795,2.441353
-6.38424,0,0.91,2,52,0,2,0,0,1.4834246666666662,1.3753599999999975,1.9648,1.94515,3.8973399999999807,14.48338800000001,1.91795,1.99162,-0.7274979999999788,-2.4057705999999817,3.36129,0.314241,0.4558333333333346,0.4510000000000011,0.0,0.01,812,5,7.99652,10.495354
31.2149,28,0.47,4,0,15,1,0,0,1.1199346666666663,1.4873527999999976,0.353664,2.13181,3.8716833333333143,3.0768440000000115,7.99652,1.77755,9.397316666666688,5.869329400000018,-6.38424,0.840456,0.46000000000000113,0.36950000000000116,0.91,0.4575,813,5,1.70058,4.0002594
-22.5363,0,1.0,4,300,0,2,0,0,0.4650013333333329,1.0983227999999976,1.04134,1.9648,19.247733333333315,12.287740000000012,1.70058,1.91795,0.7647866666666872,1.299221200000018,31.2149,3.36129,0.7933333333333344,0.5675000000000011,0.47,0.0,813,5,48.0461,36.465088
-1.12702,4,0.065,8,4,3,1,0,0,0.9594766666666662,1.0393787999999975,0.0,0.353664,18.411853333333315,13.03000600000001,48.0461,7.99652,2.517193333333354,0.9057260000000179,-22.5363,-6.38424,0.5116666666666677,0.4890000000000011,1.0,0.91,814,5,5.48888,4.9621177
5.69381,10,0.1725,3,9,6,2,0,0,1.696276666666666,1.2967667999999974,1.83709,1.04134,18.440489999999983,13.003714000000011,5.48888,1.70058,-5.989836666666647,1.3722300000000178,-1.12702,31.2149,0.4125000000000012,0.5235000000000012,0.065,0.47,814,5,1.78649,3.930622
-24.7429,0,1.0,10,580,0,1,0,0,1.696276666666666,1.2260339999999974,3.25174,0.0,43.21312333333332,35.87721000000001,1.78649,48.0461,-6.725369999999979,-2.2995019999999817,5.69381,-22.5363,0.4125000000000012,0.5415000000000012,0.1725,1.0,815,5,122.364,105.62422
2.30799,8,0.04,4,6,5,2,0,0,2.3413866666666663,1.7722499999999974,0.0,1.83709,42.03448333333332,35.92768600000001,122.364,5.48888,-5.580366666666645,-8.08088399999998,-24.7429,-1.12702,0.4041666666666679,0.4555000000000011,1.0,0.065,815,5,1.95296,2.432306
-14.0152,0,1.0,1,0,0,1,0,0,1.2574733333333328,1.7722499999999974,3.77242,3.25174,69.59085333333333,43.209586000000016,1.95296,1.78649,-12.150036666666646,-6.376663999999982,2.30799,5.69381,0.6800000000000012,0.45550000000000124,0.04,0.1725,816,5,84.4556,103.00113
-15.04,0,0.9725,4,415,0,2,0,0,1.2934946666666662,1.4264447999999974,0.0,0.0,56.893286666666654,58.966070000000016,84.4556,122.364,-8.915736666666646,-9.159259999999982,-14.0152,-24.7429,0.6708333333333346,0.6370000000000011,1.0,1.0,816,5,84.2713,75.67327
-4.91046,0,0.785,3,274,0,1,0,0,0.17683199999999955,0.8605831999999974,0.108064,3.77242,64.84873333333333,63.77263200000001,84.2713,1.95296,-11.321886666666645,-11.280113999999982,-15.04,2.30799,0.9191666666666679,0.7595000000000012,0.9725,0.04,817,5,25.8193,24.89317
-8.44919,0,0.95,8,213,0,2,0,0,0.24232533333333287,0.8998791999999975,0.422432,0.0,43.31366666666665,43.26991200000001,25.8193,84.4556,-9.466549999999978,-8.021371999999982,-4.91046,-14.0152,0.9025000000000012,0.7495000000000012,0.785,1.0,817,5,19.8504,39.306892
-3.42595,2,0.49,4,0,2,1,0,0,0.5403206666666662,0.34580519999999754,0.19648,0.108064,29.787999999999982,51.61818000000002,19.8504,84.2713,-5.59519999999998,-9.168159999999983,-8.44919,-15.04,0.7416666666666677,0.8395000000000012,0.95,0.9725,818,5,43.6943,10.817954
-10.3013,0,0.88,4,75,0,2,0,0,0.5566939999999996,0.44011559999999755,1.00205,0.422432,43.41949999999999,48.069820000000014,43.6943,25.8193,-7.392146666666645,-8.425379999999981,-3.42595,-4.91046,0.7733333333333344,0.8155000000000012,0.49,0.785,818,5,66.7138,38.344475
-23.6356,0,0.91,2,111,0,1,0,0,0.5501446666666663,0.45386919999999753,0.471552,0.19648,53.67093333333332,41.336500000000015,66.7138,19.8504,-12.454283333333313,-10.144499999999983,-10.3013,-8.44919,0.7600000000000012,0.8030000000000012,0.88,0.95,819,5,50.6047,76.15562
-29.0672,0,0.8875,4,587,0,2,0,0,0.36348799999999953,0.45779879999999756,0.176832,1.00205,58.04909999999999,47.53840000000001,50.6047,43.6943,-21.001366666666645,-14.975847999999981,-23.6356,-3.42595,0.8925000000000013,0.8235000000000012,0.91,0.49,819,5,56.8288,62.08999
10.9758,16,0.0,1,6,9,1,0,0,0.8645106666666663,0.8134267999999976,0.44208,0.471552,36.39422666666666,43.91815600000002,56.8288,66.7138,-13.908999999999983,-11.090849999999982,-29.0672,-10.3013,0.5991666666666678,0.6335000000000012,0.8875,0.88,820,5,1.74918,2.1074562
7.15081,12,0.3875,4,12,7,2,0,0,1.6078599999999996,1.0943927999999974,1.97462,0.176832,20.118323333333326,35.534694000000016,1.74918,50.6047,-3.646863333333313,-8.975497999999984,10.9758,-23.6356,0.42500000000000115,0.6130000000000011,0.0,0.91,820,5,1.77699,5.891822
-12.4531,0,0.88,5,93,0,1,0,0,1.539092,1.0472375999999977,2.40688,0.44208,23.44958999999999,35.55645400000001,1.77699,56.8288,1.8911700000000202,-9.405857999999983,7.15081,-29.0672,0.4225000000000012,0.6130000000000011,0.3875,0.8875,821,5,66.8226,61.529663
-6.38424,0,0.9075,2,51,0,2,0,0,1.0020479999999996,1.0845687999999976,0.235776,1.97462,25.51687999999999,27.025724000000007,66.8226,1.74918,-3.89550999999998,-5.9555859999999825,-12.4531,10.9758,0.7250000000000011,0.6125000000000012,0.88,0.0,821,5,7.95105,17.619993
-12.6738,0,0.985,2,118,0,1,0,0,0.20957866666666625,1.0020471999999976,0.363488,2.40688,93.99854999999998,57.10436400000001,7.95105,1.77699,-10.503713333333314,-2.676905999999983,-6.38424,7.15081,0.9241666666666678,0.6320000000000012,0.9075,0.3875,822,5,207.222,180.86974
-22.5363,0,1.0,4,300,0,2,0,0,0.13098666666666622,0.6071231999999975,0.029472,0.235776,87.73971666666667,66.36374800000002,207.222,66.8226,-13.864779999999982,-9.379325999999983,-12.6738,-12.4531,0.9641666666666678,0.8320000000000011,0.985,0.88,822,5,48.0461,55.675377
-18.5176,0,1.0,3,201,0,1,0,0,0.009823999999999557,0.12574719999999753,0.0,0.363488,106.22606666666667,78.69037000000002,48.0461,7.95105,-17.909233333333315,-14.513007999999981,-22.5363,-6.38424,0.9950000000000011,0.9545000000000012,1.0,0.9075,823,5,63.4101,169.41063
3.48544,8,0.075,3,21,5,2,0,0,1.2116266666666662,0.8055679999999976,0.0,0.029472,37.74594333333332,65.68217600000001,63.4101,207.222,-12.52281999999998,-11.325299999999983,-18.5176,-12.6738,0.6916666666666679,0.7935000000000012,1.0,0.985,823,5,1.78163,1.9584756
30.3459,28,0.005,2,9,15,1,0,0,1.863286666666666,1.1238663999999976,3.63488,0.0,22.39006666666666,64.48766,1.78163,48.0461,5.10458000000002,-3.979271999999983,3.48544,-22.5363,0.3600000000000012,0.6130000000000011,0.075,1.0,824,5,1.97847,0.81583875
2.30799,8,0.0025,4,0,5,2,0,0,3.169879999999999,1.9019279999999974,1.95498,0.0,1.8934399999999905,23.427304000000014,1.97847,63.4101,12.046443333333352,-0.9829139999999832,30.3459,-18.5176,0.027500000000001187,0.41650000000000115,0.005,1.0,824,5,1.92022,2.6172247
3.14235,8,0.005,7,8,5,1,0,0,2.6099133333333326,2.292923999999997,3.91978,3.63488,1.9359166666666574,14.19989600000001,1.92022,1.78163,11.93208000000002,4.152816000000017,2.30799,3.48544,0.004166666666667851,0.21750000000000114,0.0025,0.075,825,5,1.90906,1.6078984
-15.04,0,0.9675,4,534,0,2,0,0,2.0008239999999993,2.3184663999999975,1.95498,1.95498,28.92865999999999,18.10921600000001,1.90906,1.97847,-3.1965533333333127,4.8483360000000175,3.14235,30.3459,0.3250000000000012,0.2110000000000012,0.005,0.005,825,5,82.9567,76.6243
6.43171,12,0.0,4,12,7,1,0,0,1.3491639999999994,1.9844503999999976,0.127712,3.91978,28.861739999999987,18.09678200000001,82.9567,1.92022,-1.8219799999999795,5.437590000000017,-15.04,2.30799,0.3241666666666679,0.19600000000000117,0.9675,0.0025,826,5,1.71946,2.75167
-8.44919,0,0.9625,10,123,0,2,0,0,0.7466239999999996,1.6229263999999977,1.9648,1.95498,34.89355333333332,21.701988000000014,1.71946,1.90906,-5.685826666666646,-2.3214279999999823,6.43171,3.14235,0.6433333333333345,0.3875000000000012,0.0,0.005,826,5,20.0045,47.53205
2.60266,6,0.315,3,4,4,1,0,0,1.152683333333333,1.1081483999999975,0.14736,0.127712,9.094009999999992,22.429558000000014,20.0045,82.9567,0.19506000000002052,-2.2624939999999825,-8.44919,-15.04,0.42583333333333456,0.4500000000000012,0.9625,0.9675,827,5,5.55807,4.5510697
-11.8995,0,0.8675,4,165,0,2,0,0,0.6713073333333329,0.8212867999999975,1.34589,1.9648,29.962523333333326,34.91274600000001,5.55807,1.71946,-5.915343333333312,-5.270863999999983,2.60266,6.43171,0.7150000000000012,0.6225000000000012,0.315,0.0,827,5,64.325,39.2485
-24.7429,0,1.0,5,710,0,1,0,0,0.6221873333333329,0.7957443999999976,0.520672,0.14736,64.08235666666666,42.79420600000002,64.325,20.0045,-11.34657999999998,-7.211443999999983,-11.8995,-8.44919,0.7275000000000013,0.6290000000000011,0.8675,0.9625,828,5,122.364,114.87723
-14.6227,0,0.8775,4,611,0,2,0,0,0.3340159999999996,0.4990595999999975,0.0,1.34589,80.84006666666666,53.61655400000002,122.364,5.55807,-17.088366666666648,-11.422325999999982,-24.7429,2.60266,0.9150000000000013,0.8045000000000012,1.0,0.315,828,5,55.8312,51.234383
-14.0152,0,1.0,1,0,0,1,0,0,0.16045866666666622,0.46958759999999755,0.481376,0.520672,87.55026666666667,66.50677400000002,55.8312,64.325,-17.79359999999998,-12.535527999999982,-14.6227,-11.8995,0.9591666666666678,0.8120000000000012,0.8775,0.8675,829,5,84.4556,72.37968
31.5816,28,0.0075,2,3,15,2,0,0,1.4605019999999993,0.9804355999999975,0.0,0.0,47.348779999999984,65.74706800000001,84.4556,122.364,0.9812333333333534,-6.739739999999982,-14.0152,-24.7429,0.6283333333333345,0.7505000000000012,1.0,1.0,829,5,1.75954,2.3341694
-13.9952,0,0.545,5,42,0,1,0,0,1.5980379999999996,1.0550979999999974,3.90013,0.481376,42.467813333333325,61.11972800000001,1.75954,55.8312,1.1904000000000192,-7.158879999999982,31.5816,-14.6227,0.5175000000000012,0.6860000000000012,0.0075,0.8775,830,5,41.1883,48.03661
-6.38424,0,0.915,2,61,0,2,0,0,1.7093766666666663,1.1219011999999975,0.893984,0.0,16.980519999999988,38.24567200000001,41.1883,84.4556,3.7340533333333537,-3.487147999999982,-13.9952,-14.0152,0.48916666666666786,0.6690000000000011,0.545,1.0,830,5,7.99372,19.98814
-23.6356,0,1.0,4,86,0,1,0,0,0.4093333333333329,1.0256259999999975,0.334016,3.90013,33.26223999999999,37.200372000000016,7.99372,1.75954,-14.67167999999998,-5.289727999999982,-6.38424,31.5816,0.8200000000000012,0.6935000000000011,0.915,0.0075,831,5,50.6047,64.87107
-22.5363,0,1.0,4,385,0,2,0,0,0.11133866666666621,1.0256259999999975,0.0,0.893984,35.548173333333324,29.918472000000015,50.6047,41.1883,-17.518713333333313,-6.993947999999984,-23.6356,-13.9952,0.9716666666666679,0.6935000000000011,1.0,0.545,831,5,48.0461,41.580452
34.7515,28,0.01,2,12,15,1,0,0,0.6483833333333329,0.6346299999999975,0.0,0.334016,33.46382666666666,29.914700000000018,48.0461,7.99372,-3.806799999999979,-6.359967999999983,-22.5363,-6.38424,0.6700000000000012,0.6940000000000012,1.0,0.915,832,5,1.74068,3.2069569
30.4281,28,0.055,2,12,15,2,0,0,1.8862066666666664,1.1985271999999974,1.94515,0.0,17.185263333333324,22.030842000000014,1.74068,50.6047,14.214433333333355,2.524692000000018,34.7515,-23.6356,0.35500000000000115,0.5960000000000012,0.01,1.0,832,5,1.76901,2.8376172
-16.1082,0,0.99,3,81,0,1,0,0,1.8927559999999994,1.1356535999999973,3.71347,0.0,23.60926333333332,33.89571800000001,1.76901,48.0461,16.357133333333355,0.5799000000000184,30.4281,-22.5363,0.35166666666666785,0.6110000000000011,0.055,1.0,833,5,67.3181,62.38988
-0.577981,4,0.72,5,21,3,2,0,0,1.6111359999999995,1.3557115999999974,0.019648,1.94515,23.675199999999993,24.162476000000012,67.3181,1.74068,4.58063966666669,5.191423800000018,-16.1082,34.7515,0.5883333333333345,0.5550000000000012,0.99,0.01,833,5,1.93849,6.549257
-32.0982,0,1.0,3,79,0,1,0,0,0.3733126666666662,1.3557115999999974,1.10029,3.71347,92.15953,55.997656000000006,1.93849,1.76901,-16.261460333333307,3.279043800000018,-0.577981,30.4281,0.9033333333333345,0.5550000000000012,0.72,0.055,834,5,207.222,177.44458
-15.04,0,0.9775,5,480,0,2,0,0,0.39623533333333283,0.9843647999999974,0.0,0.019648,97.06736333333332,72.05784000000001,207.222,67.3181,-15.905393666666642,-6.6792561999999815,-32.0982,-16.1082,0.8991666666666678,0.7485000000000012,1.0,0.99,834,5,82.0416,59.449535
12.8191,18,0.07,4,16,10,1,0,0,0.6385586666666663,0.6071227999999975,0.088416,1.10029,97.08583666666665,72.10282000000002,82.0416,1.93849,-11.439699999999975,-10.201056199999982,-15.04,-0.577981,0.6825000000000011,0.7515000000000012,0.9775,0.72,835,5,1.99391,13.751663
-8.44919,0,0.99,1,44,0,2,0,0,0.651657333333333,0.6110523999999974,1.82726,0.0,34.694803333333326,62.648980000000016,1.99391,207.222,-3.5566966666666424,-8.669254199999983,12.8191,-32.0982,0.6791666666666679,0.7515000000000012,0.07,1.0,835,5,20.0489,27.041075
3.14235,8,0.005,2,0,5,1,0,0,1.2738453333333328,0.7819903999999974,0.039296,0.088416,7.973676666666656,62.63692600000002,20.0489,82.0416,2.5040866666666908,-7.925187999999983,-8.44919,-15.04,0.35500000000000115,0.6085000000000012,0.99,0.9775,836,5,1.87822,0.6519308
-14.503,0,0.88,4,196,0,2,0,0,0.8219426666666663,0.8763007999999974,1.95498,1.82726,28.324706666666657,33.801926000000016,1.87822,1.99391,-6.603279999999977,-4.406147999999982,3.14235,12.8191,0.6250000000000012,0.5845000000000011,0.005,0.07,836,5,63.047,55.0874
3.07333,28,0.0,2,0,5,1,0,0,1.4637773333333328,1.2515775999999976,0.471552,0.039296,22.20419999999999,17.73108200000001,63.047,20.0489,-2.7624399999999762,-0.7834819999999827,-14.503,-8.44919,0.2950000000000012,0.3890000000000012,0.88,0.99,837,5,1.68738,1.5321082
-14.6227,0,0.9875,4,389,0,2,0,0,0.8284906666666663,0.8959495999999973,1.9648,1.95498,40.228693333333325,28.522640000000013,1.68738,1.87822,-8.684123333333309,-6.271841999999983,3.07333,3.14235,0.6225000000000013,0.5725000000000012,0.0,0.005,837,5,55.9517,82.66763
2.60266,6,0.0,3,10,4,1,0,0,1.3262399999999996,1.2810503999999974,0.04912,0.471552,21.015393333333325,25.59428000000001,55.9517,63.047,-2.9822366666666427,-4.061471999999982,-14.6227,-14.503,0.3291666666666679,0.37450000000000117,0.9875,0.88,838,5,5.4071,1.7071772
32.4428,28,0.0075,2,12,15,2,0,0,1.9713499999999995,1.6700803999999976,1.9648,1.9648,21.03673999999999,25.568920000000013,5.4071,1.68738,6.8075866666666895,1.7986180000000176,2.60266,3.07333,0.33166666666666783,0.3750000000000012,0.0,0.0,838,5,1.75142,1.2879094
-24.7429,0,1.0,5,374,0,1,0,0,1.9549766666666661,1.5757699999999972,3.90013,0.04912,43.17417333333333,37.43232000000002,1.75142,55.9517,3.4341866666666903,-0.24936199999998224,32.4428,-14.6227,0.3358333333333345,0.3990000000000012,0.0075,0.9875,839,5,122.364,113.02761
-6.38424,0,0.915,2,69,0,2,0,0,1.4113819999999995,1.2496131999999975,0.0,1.9648,44.065239999999996,38.71090400000001,122.364,5.4071,0.4385533333333562,-2.1408759999999827,-24.7429,2.60266,0.6408333333333345,0.5820000000000012,1.0,0.0,839,5,8.0803,20.558239
-14.0152,0,1.0,1,0,0,1,0,0,0.11133866666666621,1.2397891999999975,0.334016,3.90013,71.6333,44.411684000000015,8.0803,1.75142,-15.047446666666644,-2.0193759999999825,-6.38424,32.4428,0.9716666666666679,0.5845000000000011,0.915,0.0075,840,5,84.4556,80.40049
3.19091,8,0.1725,2,8,5,2,0,0,1.1946319999999997,1.4968051999999974,0.0,0.0,31.43198666666666,43.682276000000016,84.4556,122.364,-5.736176666666644,-1.9017259999999827,-14.0152,-24.7429,0.6958333333333345,0.6190000000000012,1.0,1.0,840,5,1.76006,0.7081916
-13.9952,0,0.985,4,261,0,1,0,0,1.093117333333333,0.7226735999999974,3.24988,0.334016,42.56898666666667,51.63025200000002,1.76006,8.0803,-8.27316333333331,-11.189325999999983,3.19091,-6.38424,0.7191666666666677,0.8145000000000012,0.1725,0.915,841,5,41.4913,71.08947
3.87835,8,0.7275,4,31,5,2,0,0,1.4500573333333329,0.9368375999999973,0.029472,0.0,15.084086666666664,27.557632000000005,41.4913,84.4556,-2.3086466666666436,-5.465075999999982,-13.9952,-14.0152,0.6283333333333344,0.7600000000000012,0.985,1.0,841,5,2.0009,6.085046
-20.8832,0,0.775,5,175,0,1,0,0,0.5141239999999996,0.9584503999999974,1.07082,3.24988,32.46193333333333,36.720292000000015,2.0009,1.76006,-10.333349999999976,-8.364867999999982,3.87835,3.19091,0.8291666666666678,0.7320000000000012,0.7275,0.1725,842,5,53.8936,55.52188
-15.04,0,0.9825,5,349,0,2,0,0,0.5272226666666663,0.9722039999999973,0.44208,0.029472,45.7774,36.11671200000002,53.8936,41.4913,-10.681616666666642,-8.569827999999982,-20.8832,-13.9952,0.8283333333333346,0.728500000000001,0.775,0.985,842,5,81.4377,71.43168
3.5218,8,0.145,2,16,5,1,0,0,0.7302493333333328,0.6582079999999972,0.068768,1.07082,45.70219666666667,36.11975800000001,81.4377,2.0009,-10.800466666666642,-8.50364999999998,-15.04,3.87835,0.6341666666666679,0.7230000000000011,0.9825,0.7275,843,5,1.77529,4.429752
-8.13266,22,1.0,3,53,0,2,0,0,0.5828893333333328,0.6523135999999973,1.6799,0.44208,34.42063,31.831278000000015,1.77529,53.8936,-6.550286666666643,-7.331141999999981,3.5218,-20.8832,0.7091666666666678,0.7260000000000011,0.145,0.775,843,5,20.0489,34.062454
-19.8266,0,0.91,4,36,0,1,0,0,0.6189106666666663,0.4735159999999973,0.0,0.068768,30.27413,45.23073800000002,20.0489,81.4377,-8.145819999999976,-12.07213199999998,-8.13266,-15.04,0.6850000000000013,0.7625000000000012,1.0,0.9825,844,5,68.9982,62.94318
-32.0982,0,1.0,3,30,0,1,0,0,0.05894399999999955,0.38509999999999733,0.176832,1.6799,98.75636666666666,75.89641800000001,68.9982,1.77529,-20.019153333333307,-14.315131999999982,-19.8266,3.5218,0.9700000000000012,0.8075000000000012,0.91,0.145,845,5,207.222,139.7838
3.16514,8,0.01,10,10,5,1,0,0,0.7073273333333329,0.7603763999999973,0.0,0.0,92.73478666666666,60.00571000000001,207.222,20.0489,-16.253219999999974,-10.674103999999982,-32.0982,-8.13266,0.6400000000000011,0.6130000000000011,1.0,1.0,846,5,1.98416,0.71086913
4.13131,8,0.01,1,8,5,1,0,0,1.2967666666666662,0.8134263999999973,1.94515,0.176832,70.35786666666667,60.024140000000024,1.98416,68.9982,-8.267249999999978,-10.552201999999982,3.16514,-19.8266,0.34000000000000113,0.5860000000000012,0.01,0.91,847,5,1.86744,-9.327385
30.5404,8,0.03,5,18,15,1,0,0,1.932053333333333,1.1945983999999974,1.94515,0.0,1.85799,56.358834000000016,1.86744,207.222,12.612283333333357,-2.8175899999999823,4.13131,-32.0982,0.016666666666667853,0.3920000000000011,0.01,1.0,848,5,1.72237,1.8467062
2.87102,8,0.01,3,4,5,1,0,0,1.932053333333333,1.5482619999999971,1.90586,1.94515,2.9591133333333333,43.61670000000002,1.72237,1.98416,12.514243333333356,1.7219340000000183,30.5404,3.16514,0.01666666666666785,0.21200000000000113,0.03,0.01,849,5,5.28753,1.5965424
1.67085,8,1.0,5,374,5,1,0,0,1.2836699999999996,1.5482619999999971,1.94515,1.94515,43.12463333333333,26.645100000000014,5.28753,1.86744,11.694090000000024,8.475744000000018,2.87102,4.13131,0.34666666666666784,0.21200000000000113,0.01,0.01,850,5,122.364,99.95321
-14.0152,0,1.0,1,0,0,1,0,0,0.6483833333333329,1.1592319999999972,0.0,1.90586,70.70237666666667,43.13938800000001,122.364,1.72237,-3.1577766666666442,5.039676000000019,1.67085,30.5404,0.6700000000000012,0.41000000000000114,1.0,0.03,851,5,84.4556,77.93964
-13.9952,0,0.975,4,273,0,1,0,0,0.01637333333333289,0.7800259999999973,0.0,1.94515,82.97623333333333,51.18772000000001,84.4556,5.28753,-8.779849999999977,1.4143740000000182,-14.0152,2.87102,0.9916666666666679,0.6030000000000012,1.0,0.01,852,5,42.1091,90.20686
-20.8832,0,1.0,3,106,0,1,0,0,0.01637333333333289,0.3988539999999973,0.04912,0.0,60.15276666666667,61.62196600000001,42.1091,122.364,-16.297866666666646,-8.87034599999998,-13.9952,1.67085,0.9916666666666677,0.7970000000000012,0.975,1.0,853,5,53.8936,75.37758
4.02176,28,0.0,2,4,6,1,0,0,0.7302499999999995,0.43814999999999743,0.0,0.0,32.589,60.91732000000002,53.8936,84.4556,-10.285546666666646,-8.640197999999982,-20.8832,-14.0152,0.6583333333333344,0.7950000000000012,1.0,1.0,854,5,1.7643,3.2141771
-19.8266,0,1.0,3,124,0,1,0,0,0.7138766666666663,0.43814999999999743,2.14163,0.04912,41.552033333333334,50.24416000000001,1.7643,42.1091,-12.229346666666643,-12.93968799999998,4.02176,-13.9952,0.6666666666666679,0.7950000000000012,0.0,0.975,855,5,68.9982,64.61359
-32.0982,0,1.0,7,199,0,1,0,0,0.7138766666666663,0.43814999999999743,0.0,0.0,92.6615,74.79744000000001,68.9982,53.8936,-15.967679999999978,-16.556287999999984,-19.8266,-20.8832,0.6666666666666679,0.7950000000000012,1.0,1.0,856,5,207.222,202.70992
5.74454,10,0.01,4,4,6,1,0,0,0.6483833333333329,0.8173559999999973,0.0,2.14163,92.73043,66.76983800000001,207.222,1.7643,-15.393419999999978,-12.608339999999982,-32.0982,4.02176,0.6700000000000012,0.6020000000000011,1.0,0.0,857,5,1.97109,1.7843434
30.6579,28,0.0,2,0,15,1,0,0,1.3065899999999997,1.2122799999999976,1.94515,0.0,70.34351,56.35860600000001,1.97109,68.9982,1.4347466666666893,-2.300119999999982,5.74454,-19.8266,0.33666666666666784,0.40200000000000113,0.01,1.0,858,5,1.83744,4.289659
2.49972,8,0.005,6,8,5,1,0,0,1.9582499999999996,1.1749499999999975,1.97462,0.0,1.84081,56.348526000000014,1.83744,207.222,12.96738666666669,-2.604527999999982,30.6579,-32.0982,0.005000000000001184,0.4030000000000011,0.0,1.0,859,5,1.7139,1.1296126
29.9116,28,0.0,2,4,15,1,0,0,1.968073333333333,1.5698739999999973,1.95498,1.94515,2.899233333333333,43.578158000000016,1.7139,1.97109,21.023073333333354,7.343112000000017,2.49972,5.74454,0.001666666666667851,0.20300000000000112,0.005,0.01,860,5,5.14636,2.0775225
-21.525,0,0.88,9,528,0,1,0,0,1.3884586666666665,1.6170291999999975,1.97462,1.97462,40.64408666666667,25.148158000000013,5.14636,1.83744,3.628773333333355,9.457752000000017,29.9116,30.6579,0.2950000000000012,0.17900000000000113,0.0,0.0,861,5,115.072,92.79664
-14.0152,0,1.0,1,0,0,1,0,0,0.7367986666666663,1.2279991999999975,0.235776,1.95498,68.22465333333334,41.645060000000015,115.072,1.7139,-1.8761999999999794,5.505804000000017,-21.525,2.49972,0.6266666666666678,0.3770000000000011,0.88,0.005,862,5,84.4556,80.41161
-13.8942,0,0.855,5,204,0,1,0,0,0.1735573333333329,0.8900543999999975,0.0,1.97462,80.63136666666666,49.750872000000015,84.4556,5.14636,-16.478133333333314,-3.404615999999983,-14.0152,29.9116,0.9116666666666678,0.5480000000000012,1.0,0.0,863,5,42.3665,63.88324
-20.8832,0,1.0,4,71,0,1,0,0,0.0949653333333329,0.4990583999999975,0.284896,0.235776,60.238566666666664,60.18681200000001,42.3665,115.072,-16.264199999999978,-8.081199999999981,-13.8942,-21.525,0.9516666666666679,0.7470000000000011,0.855,0.88,864,5,53.8936,69.85356
7.4575,12,0.11,3,9,7,1,0,0,0.6778553333333329,0.4538683999999974,0.0,0.0,32.67185333333334,59.50863200000002,53.8936,84.4556,-9.106633333333313,-12.572019999999984,-20.8832,-14.0152,0.6550000000000012,0.7690000000000011,1.0,1.0,865,5,1.75546,3.9044414
-14.1703,0,0.885,5,309,0,1,0,0,0.6582073333333328,0.4519035999999974,1.74867,0.284896,42.51318666666667,50.872332000000014,1.75546,42.3665,-9.198666666666647,-11.101079999999982,7.4575,-13.8942,0.6650000000000013,0.7700000000000011,0.11,0.855,866,5,71.8905,58.55108
-32.0982,0,1.0,4,208,0,1,0,0,0.6582073333333328,0.4519035999999974,0.225952,0.0,93.62265333333335,75.42561200000002,71.8905,53.8936,-12.936999999999978,-14.717679999999982,-14.1703,-20.8832,0.6650000000000013,0.7700000000000011,0.885,1.0,867,5,207.222,216.00291
30.6968,28,0.115,2,4,15,1,0,0,0.6549339999999996,0.7426943999999974,0.0,1.74867,93.69594666666667,67.34738000000002,207.222,1.75546,-5.190566666666647,-5.799479999999982,-32.0982,7.4575,0.6666666666666679,0.622000000000001,1.0,0.11,868,5,1.97534,6.778771
3.76678,8,0.025,4,16,5,1,0,0,1.2181766666666662,1.1258303999999975,1.73885,0.225952,70.34893333333333,56.938552,1.97534,71.8905,0.7884600000000187,-0.8694839999999816,30.6968,-14.1703,0.3800000000000012,0.4270000000000011,0.115,0.885,869,5,1.84946,7.5969725
2.58356,8,0.015,2,8,5,1,0,0,1.8632866666666663,1.1631623999999974,1.91568,0.0,1.8437133333333335,56.928728000000014,1.84946,207.222,12.349046666666686,-1.8442719999999813,3.76678,-32.0982,0.05166666666666789,0.4080000000000011,0.025,1.0,870,5,1.70634,2.8276758
3.20944,8,0.015,1,2,5,1,0,0,1.9287799999999995,1.5050379999999974,1.93533,1.73885,2.865873333333333,43.558992,1.70634,1.97534,3.1865933333333523,1.631676000000018,2.58356,30.6968,0.018333333333334555,0.23400000000000115,0.015,0.115,871,5,5.04182,2.3956459
-19.0011,0,0.875,10,488,0,1,0,0,1.3720866666666662,1.5541579999999973,1.93533,1.91568,37.941386666666666,23.529792000000008,5.04182,1.84946,-4.402699999999982,4.251096000000016,3.20944,3.76678,0.3016666666666679,0.20900000000000113,0.015,0.025,872,5,107.076,87.93651
-14.0152,0,1.0,1,0,0,1,0,0,0.7269766666666663,1.2063879999999974,0.2456,1.93533,65.52447333333333,40.025844000000006,107.076,1.70634,-9.93561999999998,-4.691303999999982,-19.0011,2.58356,0.6300000000000012,0.3860000000000011,0.875,0.015,873,5,84.4556,82.04946
-13.8942,0,0.98,5,240,0,1,0,0,0.0949653333333329,0.8311111999999973,0.0,1.93533,78.24666666666667,48.29763200000001,84.4556,5.04182,-15.636833333333314,-8.223499999999982,-14.0152,3.20944,0.951666666666668,0.5770000000000012,1.0,0.015,874,5,43.2084,70.255226
-13.1547,0,0.885,5,109,0,1,0,0,0.08841599999999955,0.48923559999999744,0.039296,0.2456,62.153866666666666,59.715884,43.2084,107.076,-13.688033333333316,-11.37115199999998,-13.8942,-19.0011,0.9550000000000013,0.7510000000000011,0.98,0.875,875,5,58.7976,66.09902
8.48843,12,0.0,4,6,7,1,0,0,0.8022926666666663,0.5304955999999975,0.225952,0.0,34.590133333333334,59.060400000000016,58.7976,84.4556,-6.186823333333315,-10.315353999999981,-13.1547,-14.0152,0.6216666666666679,0.7480000000000011,0.885,1.0,876,5,1.7644,3.5605488
-7.54612,0,0.995,4,190,0,1,0,0,0.7924686666666663,0.4833403999999975,2.14163,0.039296,44.324299999999994,52.12738,1.7644,43.2084,-4.070796666666649,-8.024357999999982,8.48843,-13.8942,0.6266666666666679,0.7720000000000011,0.0,0.98,877,5,72.4109,72.46382
-27.1699,0,0.925,2,173,0,1,0,0,0.766271333333333,0.5128123999999975,0.009824,0.225952,92.64243333333333,75.98666,72.4109,58.7976,-8.74252999999998,-10.655297999999982,-7.54612,-13.1547,0.6400000000000013,0.7570000000000011,0.995,0.885,878,5,203.752,159.38669
7.99682,14,0.36,1,12,8,1,0,0,0.47155133333333293,0.7564471999999975,0.14736,2.14163,92.75949999999999,67.7681,203.752,1.7644,-8.906399999999982,-6.277093999999982,-27.1699,8.48843,0.7600000000000012,0.6330000000000011,0.925,0.0,879,5,2.1156,2.4243867
30.3202,28,0.005,2,8,15,1,0,0,1.1199366666666661,1.1022527999999974,1.25747,0.009824,69.23633666666667,56.37686200000002,2.1156,72.4109,3.715706666666686,2.4178860000000184,7.99682,-7.54612,0.4300000000000012,0.4570000000000012,0.36,0.995,880,5,1.84141,16.78126
-3.04856,2,0.175,8,11,2,1,0,0,1.6111366666666662,0.9981187999999974,1.95498,0.14736,1.8946533333333333,56.36937200000001,1.84141,203.752,11.756153333333351,0.11048800000001861,30.3202,-27.1699,0.18000000000000127,0.49200000000000116,0.005,0.925,881,5,1.72695,3.421482
3.20944,8,0.0,3,6,5,1,0,0,1.846913333333333,1.3891139999999975,1.62096,1.25747,2.8280966666666667,42.87037800000001,1.72695,2.1156,10.160360000000018,2.2616000000000183,-3.04856,7.99682,0.060000000000001254,0.29300000000000115,0.175,0.36,882,5,4.91593,1.8615372
-19.0011,0,1.0,8,612,0,1,0,0,1.1952533333333328,1.3596419999999974,1.9648,1.95498,37.90629333333333,23.53517800000001,4.91593,1.84141,-6.280073333333315,3.895360000000018,3.20944,30.3202,0.39166666666666794,0.3080000000000011,0.0,0.005,883,5,107.076,93.44431
-14.0152,0,1.0,1,0,0,1,0,0,0.6549333333333329,1.1081479999999975,0.0,1.62096,65.48251,40.00317800000001,107.076,1.72695,-9.93561999999998,-0.5070439999999821,-19.0011,-3.04856,0.6666666666666679,0.4360000000000011,1.0,0.175,884,5,84.4556,74.12186
-13.8942,0,0.945,7,381,0,1,0,0,0.036021333333332885,0.7387647999999974,0.0,1.9648,78.3941,48.36503600000001,84.4556,4.91593,-15.636833333333314,-9.349923999999982,-14.0152,3.20944,0.9816666666666679,0.6240000000000011,1.0,0.0,885,5,43.6507,59.324818
-13.1547,0,0.99,2,62,0,1,0,0,0.04257066666666622,0.41850239999999744,0.108064,0.0,62.49746666666667,59.89686600000001,43.6507,107.076,-13.688033333333316,-11.37115199999998,-13.8942,-19.0011,0.9783333333333345,0.7870000000000011,0.945,1.0,886,5,59.3861,71.47492
1.48235,6,0.025,3,17,4,1,0,0,0.6811306666666662,0.4086783999999975,0.019648,0.0,34.94345666666667,59.272394000000006,59.3861,84.4556,-8.522183333333315,-11.716569999999981,-13.1547,-14.0152,0.6533333333333345,0.7920000000000011,0.99,1.0,887,5,1.79357,2.8144422
-7.54612,0,0.985,9,191,0,1,0,0,0.6549333333333329,0.4145727999999974,1.91568,0.108064,44.532289999999996,52.34063400000001,1.79357,43.6507,-6.406156666666649,-9.425573999999981,1.48235,-13.8942,0.6666666666666679,0.789000000000001,0.025,0.945,888,5,72.4172,61.62058
-27.1699,0,1.0,2,289,0,1,0,0,0.6483839999999995,0.4145727999999974,0.029472,0.019648,92.65425666666665,76.199914,72.4172,59.3861,-11.077889999999982,-12.056513999999982,-7.54612,-13.1547,0.6700000000000013,0.7890000000000011,0.985,0.99,889,5,203.752,217.15744
6.07121,12,0.51,2,2,7,1,0,0,0.33074133333333294,0.5855103999999975,0.0,1.91568,92.80204666666667,67.917162,203.752,1.79357,-9.548269999999981,-8.063431999999981,-27.1699,1.48235,0.8316666666666679,0.7020000000000011,1.0,0.025,890,5,2.23694,6.888103
4.74225,10,0.015,4,12,6,1,0,0,0.9660273333333329,0.9686467999999975,0.962752,0.029472,69.28080333333334,56.41063600000001,2.23694,72.4172,-5.45214666666665,-4.484041999999982,6.07121,-7.54612,0.5083333333333345,0.5070000000000011,0.51,0.985,891,5,1.85347,15.475006
-3.04856,2,0.44,5,0,2,1,0,0,1.3327906666666662,0.8055687999999975,1.93533,0.0,1.94155,56.39877000000001,1.85347,203.752,2.5883000000000167,-5.390223999999981,4.74225,-27.1699,0.32166666666666793,0.5900000000000011,0.015,1.0,892,5,1.73424,4.2872815
3.20944,8,0.0,2,0,5,1,0,0,1.666806666666666,1.1926343999999975,1.10029,0.962752,2.7921899999999997,42.87310200000001,1.73424,2.23694,1.6343766666666832,-3.239111999999982,-3.04856,6.07121,0.15166666666666792,0.39300000000000107,0.44,0.51,893,5,4.78886,2.1325593
-19.0011,0,1.0,9,381,0,1,0,0,1.0216966666666663,1.1926343999999975,1.9648,1.93533,37.866366666666664,23.53790200000001,4.78886,1.85347,-6.280073333333317,-1.6053519999999821,3.20944,4.74225,0.48000000000000126,0.3930000000000011,0.0,0.015,894,5,107.076,93.1738
-15.9304,0,0.835,8,261,0,1,0,0,0.7629973333333329,1.0649223999999973,0.0,1.10029,51.70085333333333,31.738054000000012,107.076,1.73424,-10.574019999999985,-6.005673999999982,-19.0011,-3.04856,0.6116666666666679,0.4580000000000011,1.0,0.44,895,5,43.2377,55.39713
-17.0244,0,1.0,4,97,0,1,0,0,0.10806399999999955,0.6778563999999975,0.324192,1.9648,69.89993333333332,43.24458000000001,43.2377,4.78886,-17.318633333333317,-10.359003999999981,-15.9304,3.20944,0.9450000000000012,0.6550000000000011,0.835,0.0,896,5,59.3861,92.50012
3.34365,8,0.01,1,6,5,1,0,0,0.7564473333333329,0.8468283999999974,0.0,0.0,34.804336666666664,43.25557400000001,59.3861,107.076,-9.870383333333317,-9.080561999999983,-17.0244,-19.0011,0.6150000000000012,0.5690000000000011,1.0,1.0,897,5,1.78921,1.7063363
-8.68627,18,1.0,1,189,0,1,0,0,0.6483833333333329,0.4538683999999974,1.94515,0.324192,44.530836666666666,56.781242000000006,1.78921,43.2377,-7.455673333333318,-11.459703999999983,3.34365,-15.9304,0.6700000000000013,0.7690000000000011,0.01,0.835,898,5,72.4172,52.53307
-27.1699,0,1.0,8,306,0,1,0,0,0.6483833333333329,0.4538683999999974,0.0,0.0,92.65280333333334,76.116442,72.4172,59.3861,-10.83750666666665,-13.09346399999998,-8.68627,-17.0244,0.6700000000000013,0.7690000000000011,1.0,1.0,899,5,203.752,213.01698
6.07121,12,0.0,3,2,7,1,0,0,0.6549333333333329,0.7819899999999974,0.0,1.94515,92.78796,67.90783800000001,203.752,1.78921,-9.928319999999983,-8.693141999999982,-27.1699,3.34365,0.666666666666668,0.6020000000000011,1.0,0.01,900,5,2.19468,6.774163
4.74225,10,0.005,5,6,6,1,0,0,1.3065933333333328,1.1729859999999974,1.9648,0.0,69.26646666666667,56.401162000000014,2.19468,72.4172,-5.452146666666651,-4.339811999999982,6.07121,-8.68627,0.33500000000000124,0.4030000000000011,0.0,1.0,901,5,1.85272,3.9963603
-3.04856,2,0.54,3,0,2,1,0,0,1.6078626666666664,0.9647175999999973,1.95498,0.0,1.9301066666666664,56.39190400000001,1.85272,203.752,2.5883000000000154,-5.618253999999981,4.74225,-27.1699,0.18166666666666795,0.5090000000000011,0.005,1.0,902,5,1.74292,7.294692
-6.31249,0,0.08,3,8,0,1,0,0,1.555469333333333,1.3262415999999972,0.903808,1.9648,2.7583366666666667,42.844338000000015,1.74292,2.19468,-1.5395999999999848,-5.1434979999999815,-3.04856,6.07121,0.2083333333333346,0.3250000000000011,0.54,0.0,903,5,4.67937,6.254042
-19.0011,0,1.0,8,263,0,1,0,0,0.9038093333333328,1.3262415999999972,1.80762,1.95498,37.83276333333333,23.50913800000001,4.67937,1.85272,-9.454049999999986,-3.509737999999982,-6.31249,4.74225,0.5400000000000013,0.3250000000000011,0.08,0.005,904,5,107.076,95.82915
-15.9304,0,0.96,8,316,0,1,0,0,0.6287373333333329,0.9489999999999974,0.0,0.903808,51.785689999999995,31.79054200000001,107.076,1.74292,-13.747996666666651,-7.910059999999982,-19.0011,-3.04856,0.6800000000000012,0.517000000000001,1.0,0.54,905,5,43.6017,57.30303
-17.0244,0,1.0,3,158,0,1,0,0,0.02619733333333289,0.5580039999999974,0.078592,1.80762,70.02126666666666,43.29721800000001,43.6017,4.67937,-17.31863333333332,-12.263389999999982,-15.9304,-6.31249,0.9866666666666678,0.7160000000000011,0.96,0.08,906,5,59.3861,82.423935
32.9446,6,0.015,3,10,15,1,0,0,0.6713073333333329,0.7643083999999974,0.0,0.0,34.92299,43.30486800000001,59.3861,107.076,-0.0033999999999849706,-5.064757999999981,-17.0244,-19.0011,0.6583333333333344,0.6110000000000011,1.0,1.0,907,5,1.78117,4.073117
13.5445,20,0.875,3,121,11,1,0,0,0.7269766666666663,0.45190439999999743,1.93533,0.078592,44.335923333333334,56.737094,1.78117,43.6017,9.821566666666682,-1.0933599999999815,32.9446,-15.9304,0.6300000000000012,0.7700000000000011,0.015,0.96,908,5,71.8405,55.236862
-27.1699,0,1.0,9,359,0,1,0,0,0.7269766666666663,0.45190439999999743,0.2456,0.0,92.45789,76.07229400000001,71.8405,59.3861,6.439733333333348,-2.7271199999999807,13.5445,-17.0244,0.6300000000000012,0.7700000000000011,0.875,1.0,909,5,203.752,208.94075
5.01758,10,0.74,4,6,6,1,0,0,0.2521493333333329,0.5383555999999974,0.0,1.93533,92.63833333333334,67.81645400000002,203.752,1.78117,-2.8692733333333194,1.4624760000000192,-27.1699,32.9446,0.8716666666666679,0.7260000000000011,1.0,0.015,910,5,2.3225,22.384676
5.62596,10,0.01,4,8,6,1,0,0,0.8186659999999994,0.9273855999999974,0.510848,0.2456,69.30586000000001,56.307850000000016,2.3225,71.8405,-5.508786666666651,5.992548000000019,5.01758,13.5445,0.5833333333333346,0.5280000000000011,0.74,0.875,911,5,1.84308,16.311659
-3.04856,2,0.46,5,0,2,1,0,0,1.172329333333333,0.7525175999999975,1.94515,0.0,1.9726266666666668,56.302076000000014,1.84308,203.752,2.5316600000000142,-1.2060839999999808,5.62596,-27.1699,0.4033333333333346,0.6170000000000011,0.01,1.0,912,5,1.7523,4.7152114
2.28735,8,0.445,2,24,5,1,0,0,1.3655333333333328,0.9214895999999975,1.06099,0.510848,2.7843233333333335,42.88549400000001,1.7523,2.3225,1.6215833333333476,-3.4575139999999807,-3.04856,5.01758,0.30500000000000127,0.5310000000000011,0.46,0.74,913,5,4.75759,4.550403
-19.3153,0,0.94,10,200,0,1,0,0,0.7564459999999995,0.9450671999999974,1.09046,1.94515,38.803963333333336,24.115494000000012,4.75759,1.84308,-6.692169999999986,-1.886593999999981,2.28735,5.62596,0.6150000000000012,0.519000000000001,0.445,0.01,914,5,109.902,88.23851
-15.9304,0,0.935,7,398,0,1,0,0,0.4453533333333329,0.8684399999999973,0.117888,1.06099,52.76369666666667,32.37729400000001,109.902,1.7523,-10.986116666666652,-6.076189999999981,-19.3153,-3.04856,0.7733333333333346,0.558000000000001,0.94,0.46,915,5,43.6315,55.177574
-16.2611,0,0.95,4,110,0,1,0,0,0.11461333333333289,0.4990579999999974,0.127712,1.09046,72.0807,44.550398000000015,43.6315,4.75759,-17.168933333333317,-10.45360199999998,-15.9304,2.28735,0.9416666666666679,0.7460000000000011,0.935,0.445,916,5,62.7086,106.68981
-4.06533,2,0.585,3,8,2,1,0,0,0.34711466666666624,0.4499383999999974,0.09824,0.117888,36.04467333333333,44.55872200000001,62.7086,109.902,-12.085609999999987,-10.656955999999983,-16.2611,-19.3153,0.8233333333333346,0.771000000000001,0.95,0.94,917,5,1.79392,9.696591
-9.03186,0,0.94,5,270,0,1,0,0,0.34383999999999953,0.25542399999999743,0.815392,0.127712,45.33750666666666,57.90920400000001,1.79392,43.6315,-9.786096666666653,-12.920797999999982,-4.06533,-15.9304,0.8250000000000012,0.870000000000001,0.585,0.935,918,5,71.51,56.84672
-27.1699,0,1.0,4,597,0,1,0,0,0.3110933333333329,0.23184639999999743,0.117888,0.09824,92.35197333333333,76.67920400000001,71.51,62.7086,-13.422363333333317,-14.491717999999981,-9.03186,-16.2611,0.841666666666668,0.8820000000000011,0.94,0.95,919,5,203.752,200.83821
0.708752,6,0.58,7,4,4,1,0,0,0.3143679999999995,0.37134719999999743,0.0,0.815392,92.57438,68.44513200000002,203.752,1.79392,-11.83100266666665,-11.163887599999981,-27.1699,-4.06533,0.8400000000000012,0.811000000000001,1.0,0.585,920,5,2.46114,11.665168
5.62596,10,0.0,4,0,6,1,0,0,0.9300053333333329,0.7446591999999974,0.825216,0.117888,69.34348,56.26687200000001,2.46114,71.51,-6.945062666666652,-6.7864755999999815,0.708752,-9.03186,0.5266666666666678,0.6210000000000011,0.58,0.94,921,5,1.8173,18.82883
0.780462,6,0.0,3,8,4,1,0,0,1.5980386666666664,0.9824007999999974,1.9648,0.0,2.010263333333333,56.258558000000015,1.8173,203.752,2.371724666666681,-5.817317199999982,5.62596,-27.1699,0.19333333333333458,0.5040000000000011,0.0,1.0,922,5,1.75235,2.1753733
-19.3153,0,1.0,8,208,0,1,0,0,1.3229666666666662,0.9588231999999974,2.0041,0.825216,37.823883333333335,63.93695800000002,1.75235,2.46114,-4.30295933333332,-7.874005199999982,0.780462,0.708752,0.3333333333333346,0.5160000000000011,0.0,0.58,923,5,109.902,108.94098
-20.1177,0,0.825,5,293,0,1,0,0,0.7826466666666664,1.0275911999999976,0.0,1.9648,51.594883333333335,31.812618000000008,109.902,1.8173,-12.88417933333332,-6.463565199999982,-19.3153,5.62596,0.6083333333333346,0.48100000000000104,1.0,0.0,924,5,43.1303,50.011303
-16.2611,0,1.0,4,131,0,1,0,0,0.11461333333333289,0.8625479999999974,0.34384,2.0041,71.91363333333332,43.86211000000001,43.1303,1.75235,-18.564699999999984,-9.85753559999998,-20.1177,0.780462,0.9416666666666679,0.5650000000000011,0.825,0.0,925,5,62.7086,106.72404
8.25116,14,0.265,2,6,8,1,0,0,0.5959899999999995,0.7584139999999973,0.0,0.0,35.88062,43.85924200000001,62.7086,109.902,-9.375879999999986,-9.332495599999982,-16.2611,-19.3153,0.696666666666668,0.618000000000001,1.0,1.0,926,5,1.80296,5.846712
-9.03186,0,0.96,3,224,0,1,0,0,0.5075739999999995,0.3733123999999973,1.44413,0.34384,45.30928666666667,57.79203200000002,1.80296,43.1303,-5.680599999999985,-11.294959999999982,8.25116,-20.1177,0.7416666666666679,0.810000000000001,0.265,0.825,927,5,71.4163,47.55379
-32.4915,0,0.87,4,486,0,1,0,0,0.5927153333333329,0.42439719999999725,0.078592,0.0,88.02475333333332,73.98263200000001,71.4163,62.7086,-11.090733333333318,-13.930199999999981,-9.03186,-16.2611,0.6983333333333346,0.784000000000001,0.96,1.0,928,5,190.855,140.65408
4.50044,8,0.0,2,6,5,1,0,0,0.7662719999999995,0.7485891999999973,0.255424,1.44413,88.23250000000002,65.841812,190.855,1.80296,-12.340973333333318,-9.006571999999982,-32.4915,8.25116,0.6100000000000012,0.619000000000001,0.87,0.265,929,5,2.4262,2.6048706
5.10989,10,0.015,2,11,6,1,0,0,1.3851846666666663,1.1356551999999973,1.9648,0.078592,65.03571333333333,53.66528000000001,2.4262,71.4163,-7.627056666666651,-4.732373999999981,4.50044,-9.03186,0.29500000000000126,0.42200000000000104,0.0,0.96,930,5,1.82594,7.398206
2.83419,8,0.015,1,9,5,1,0,0,1.9451533333333328,1.2338951999999972,1.93533,0.255424,2.0051900000000096,53.65737400000002,1.82594,190.855,4.148173333333349,-5.815767999999982,5.10989,-32.4915,0.010000000000001258,0.3720000000000011,0.015,0.87,931,5,1.76343,2.5691884
-19.3153,0,1.0,7,200,0,1,0,0,1.2902199999999995,1.2181767999999973,1.93533,1.9648,37.83045666666668,61.35451400000001,1.76343,2.4262,-3.7904066666666516,-7.872455999999983,2.83419,4.50044,0.3433333333333346,0.38000000000000106,0.015,0.0,932,5,109.902,107.5791
