window_idx,true_label,original_xgboost_score,counterfactual_perfect_score,improvement,reduction_pct
0,0,0.000339,0.999999,0.99966,294876.26
1,1,0.999967,0.999999,3.2e-05,0.0
2,1,0.99989,0.999999,0.000109,0.01
3,1,0.073491,0.999999,0.926508,1260.71
4,0,9.1e-05,0.999999,0.999908,1098679.27
5,1,0.999851,0.999999,0.000148,0.01
6,0,0.00087,0.999999,0.999129,114841.09
7,1,0.999917,0.999999,8.2e-05,0.01
8,1,0.999914,0.999999,8.5e-05,0.01
9,0,0.001061,0.999999,0.998938,94149.73
10,0,6.3e-05,0.999999,0.999936,1586948.1
11,1,0.999267,0.999999,0.000732,0.07
12,0,0.000107,0.999999,0.999892,934391.18
13,1,0.999908,0.999999,9.1e-05,0.01
14,0,0.000211,0.999999,0.999788,473810.72
15,0,0.000199,0.999999,0.9998,502386.81
16,1,0.999819,0.999999,0.00018,0.02
17,1,0.999433,0.999999,0.000566,0.06
18,1,0.99996,0.999999,3.9e-05,0.0
19,1,0.99988,0.999999,0.000119,0.01
20,0,7.8e-05,0.999999,0.999921,1281785.67
21,1,0.99958,0.999999,0.000419,0.04
22,0,3.3e-05,0.999999,0.999966,3029282.04
23,1,0.999676,0.999999,0.000323,0.03
24,0,4.7e-05,0.999999,0.999952,2127104.87
25,1,0.998254,0.999999,0.001745,0.17
26,0,0.000219,0.999999,0.99978,456499.7
27,1,0.999963,0.999999,3.6e-05,0.0
28,0,0.00013,0.999999,0.999869,769070.84
29,1,0.997811,0.999999,0.002188,0.22
30,1,0.99594,0.999999,0.004059,0.41
31,1,0.996633,0.999999,0.003366,0.34
32,0,0.001993,0.999999,0.998006,50075.31
33,1,0.999966,0.999999,3.3e-05,0.0
34,1,0.999678,0.999999,0.000321,0.03
35,1,0.999674,0.999999,0.000325,0.03
36,1,0.999844,0.999999,0.000155,0.02
37,0,0.000117,0.999999,0.999882,854526.96
38,0,0.000239,0.999999,0.99976,418292.12
39,1,0.999591,0.999999,0.000408,0.04
40,1,0.999761,0.999999,0.000238,0.02
41,0,0.00016,0.999999,0.999839,624860.32
42,0,0.052469,0.999999,0.94753,1805.89
43,1,0.999715,0.999999,0.000284,0.03
44,1,0.998132,0.999999,0.001867,0.19
45,1,0.99987,0.999999,0.000129,0.01
46,0,3.8e-05,0.999999,0.999961,2630784.0
47,0,2.1e-05,0.999999,0.999978,4759533.56
48,1,0.999954,0.999999,4.5e-05,0.0
49,1,0.999753,0.999999,0.000246,0.02
50,0,0.000205,0.999999,0.999794,487680.6
51,1,0.999951,0.999999,4.8e-05,0.0
52,0,2.3e-05,0.999999,0.999976,4345832.25
53,1,0.999956,0.999999,4.3e-05,0.0
54,0,4e-05,0.999999,0.999959,2499272.68
55,0,5e-05,0.999999,0.999949,1999498.1
56,0,0.000212,0.999999,0.999787,471575.4
57,0,0.000202,0.999999,0.999797,494924.51
58,0,0.002416,0.999999,0.997583,41290.52
59,0,0.000238,0.999999,0.999761,420050.0
60,0,0.000128,0.999999,0.999871,781088.2
61,1,0.998747,0.999999,0.001252,0.13
62,1,0.999915,0.999999,8.4e-05,0.01
63,0,4.3e-05,0.999999,0.999956,2324938.39
64,0,5.6e-05,0.999999,0.999943,1785293.7
65,0,9.5e-05,0.999999,0.999904,1052419.75
66,1,0.999928,0.999999,7e-05,0.01
67,1,0.99996,0.999999,3.9e-05,0.0
68,1,0.999392,0.999999,0.000607,0.06
69,1,0.999931,0.999999,6.8e-05,0.01
70,0,0.002868,0.999999,0.997131,34767.35
71,0,0.000288,0.999999,0.999711,347109.82
72,0,6.9e-05,0.999999,0.99993,1448963.92
73,0,0.000351,0.999999,0.999648,284791.89
74,0,5.9e-05,0.999999,0.99994,1694526.35
75,0,0.000281,0.999999,0.999718,355758.87
76,0,9.2e-05,0.999999,0.999907,1086737.31
77,0,0.000205,0.999999,0.999794,487680.6
78,0,0.017396,0.999999,0.982603,5648.44
79,1,0.999824,0.999999,0.000175,0.02
80,0,0.0001,0.999999,0.999899,999799.02
81,0,0.000343,0.999999,0.999656,291436.4
82,1,0.999525,0.999999,0.000474,0.05
83,0,4.9e-05,0.999999,0.99995,2040297.9
84,1,0.99944,0.999999,0.000559,0.06
85,1,0.999974,0.999999,2.5e-05,0.0
86,1,0.999023,0.999999,0.000976,0.1
87,1,0.999812,0.999999,0.000187,0.02
88,0,0.000533,0.999999,0.999466,187513.56
89,1,0.038059,0.999999,0.96194,2527.5
90,0,0.000104,0.999999,0.999895,961345.06
91,0,0.000131,0.999999,0.999868,763199.76
92,0,0.000428,0.999999,0.999571,233539.17
93,1,0.997275,0.999999,0.002724,0.27
94,1,0.999847,0.999999,0.000152,0.02
95,1,0.999386,0.999999,0.000613,0.06
96,0,4.6e-05,0.999999,0.999953,2173338.4
97,1,0.999519,0.999999,0.00048,0.05
98,1,0.999922,0.999999,7.7e-05,0.01
99,1,0.999956,0.999999,4.3e-05,0.0
100,1,0.999842,0.999999,0.000157,0.02
101,0,0.00053,0.999999,0.999469,188575.5
102,0,0.000276,0.999999,0.999723,362205.35
103,1,0.999819,0.999999,0.00018,0.02
104,1,0.999888,0.999999,0.000111,0.01
105,0,0.000259,0.999999,0.99974,385985.1
106,1,0.999858,0.999999,0.000141,0.01
107,1,0.999384,0.999999,0.000615,0.06
108,0,5.5e-05,0.999999,0.999944,1817749.5
109,1,0.999765,0.999999,0.000234,0.02
110,0,0.000118,0.999999,0.999881,847284.98
111,0,0.000297,0.999999,0.999702,336588.67
112,1,0.986586,0.999999,0.013413,1.36
113,1,0.999943,0.999999,5.6e-05,0.01
114,0,0.005506,0.999999,0.994493,18061.95
115,0,5.5e-05,0.999999,0.999944,1817749.5
116,0,0.000123,0.999999,0.999876,812841.23
117,0,0.000108,0.999999,0.999891,925739.28
118,0,0.000361,0.999999,0.999638,276900.36
119,0,0.000144,0.999999,0.999855,694295.54
120,0,0.000144,0.999999,0.999855,694295.54
121,0,5e-05,0.999999,0.999949,1999498.1
122,0,4.3e-05,0.999999,0.999956,2324938.39
123,0,0.000351,0.999999,0.999648,284791.89
124,1,0.99915,0.999999,0.000849,0.08
125,1,0.999819,0.999999,0.00018,0.02
126,0,0.000102,0.999999,0.999897,980195.08
127,1,0.999913,0.999999,8.6e-05,0.01
128,0,0.000221,0.999999,0.999778,452367.77
129,0,0.001114,0.999999,0.998885,89665.71
130,1,0.999962,0.999999,3.7e-05,0.0
131,1,0.999825,0.999999,0.000174,0.02
132,1,0.99975,0.999999,0.00025,0.03
133,1,0.999969,0.999999,3e-05,0.0
134,1,0.999936,0.999999,6.3e-05,0.01
135,0,2.6e-05,0.999999,0.999973,3844571.32
136,0,0.000254,0.999999,0.999745,393584.9
137,1,0.997268,0.999999,0.002731,0.27
138,0,0.000318,0.999999,0.999681,314355.21
139,1,0.999926,0.999999,7.3e-05,0.01
140,1,0.999876,0.999999,0.000123,0.01
141,0,0.001101,0.999999,0.998898,90725.61
142,1,0.999207,0.999999,0.000792,0.08
143,0,0.000818,0.999999,0.999181,122147.77
144,1,0.99996,0.999999,3.9e-05,0.0
145,0,0.000259,0.999999,0.99974,385985.1
146,1,0.999786,0.999999,0.000213,0.02
147,0,0.000427,0.999999,0.999572,234086.32
148,0,0.000982,0.999999,0.999017,101731.86
149,0,0.000881,0.999999,0.999118,113405.98
150,0,0.001371,0.999999,0.998628,72838.86
151,0,4e-05,0.999999,0.999959,2499272.68
152,0,6.5e-05,0.999999,0.999934,1538123.37
153,1,0.999879,0.999999,0.00012,0.01
154,0,0.000127,0.999999,0.999872,787238.8
155,0,2.7e-05,0.999999,0.999972,3702228.8
156,0,0.000192,0.999999,0.999807,520705.69
157,0,0.000316,0.999999,0.999683,316345.37
158,1,0.99713,0.999999,0.002869,0.29
159,1,0.99993,0.999999,6.9e-05,0.01
160,0,0.057579,0.999999,0.94242,1636.74
161,0,0.00021,0.999999,0.999789,476067.33
162,0,0.000217,0.999999,0.999782,460707.8
163,1,0.999941,0.999999,5.8e-05,0.01
164,0,7.2e-05,0.999999,0.999927,1388594.64
165,0,6e-05,0.999999,0.999939,1666287.29
166,0,0.000108,0.999999,0.999891,925739.28
167,1,0.999119,0.999999,0.00088,0.09
168,0,6.9e-05,0.999999,0.99993,1448963.92
169,1,0.999913,0.999999,8.6e-05,0.01
170,1,0.99995,0.999999,4.9e-05,0.0
171,0,1.9e-05,0.999999,0.99998,5260284.06
172,1,0.99958,0.999999,0.000419,0.04
173,1,0.999797,0.999999,0.000202,0.02
174,0,0.000622,0.999999,0.999377,160668.96
175,1,0.999573,0.999999,0.000426,0.04
176,0,8.8e-05,0.999999,0.999911,1136133.39
177,0,0.000951,0.999999,0.999048,105051.26
178,0,0.000183,0.999999,0.999816,546317.69
179,0,0.000181,0.999999,0.999818,552355.12
180,0,5.3e-05,0.999999,0.999946,1886334.65
181,1,0.998612,0.999999,0.001386,0.14
182,1,0.9999,0.999999,9.9e-05,0.01
183,0,0.000217,0.999999,0.999782,460707.8
184,1,0.972645,0.999999,0.027354,2.81
185,1,0.975757,0.999999,0.024242,2.48
186,1,0.99988,0.999999,0.000119,0.01
187,0,5.1e-05,0.999999,0.999948,1960297.98
188,0,0.000388,0.999999,0.999611,257625.06
189,1,0.999561,0.999999,0.000438,0.04
190,1,0.99996,0.999999,3.9e-05,0.0
191,0,0.000256,0.999999,0.999743,390509.36
192,0,0.002233,0.999999,0.997766,44682.56
193,0,8e-05,0.999999,0.999919,1249742.53
194,0,0.00051,0.999999,0.999489,195974.39
195,0,0.019237,0.999999,0.980762,5098.31
196,0,0.007689,0.999999,0.99231,12905.56
197,0,0.000928,0.999999,0.999071,107657.35
198,0,3.6e-05,0.999999,0.999963,2776903.64
199,1,0.998816,0.999999,0.001183,0.12
200,0,0.004935,0.999999,0.995064,20163.36
201,1,0.99995,0.999999,4.9e-05,0.0
202,1,0.999844,0.999999,0.000155,0.02
203,1,0.999848,0.999999,0.000151,0.02
204,0,0.001976,0.999999,0.998023,50506.98
205,0,0.00011,0.999999,0.999889,908907.37
206,1,0.999954,0.999999,4.5e-05,0.0
207,0,0.002652,0.999999,0.997347,37607.21
208,1,0.999966,0.999999,3.3e-05,0.0
209,0,2.8e-05,0.999999,0.999971,3570049.98
210,1,0.998327,0.999999,0.001672,0.17
211,0,0.000102,0.999999,0.999897,980195.08
212,1,0.999935,0.999999,6.4e-05,0.01
213,0,7.2e-05,0.999999,0.999927,1388594.64
214,1,0.994317,0.999999,0.005682,0.57
215,1,0.999935,0.999999,6.4e-05,0.01
216,0,8.3e-05,0.999999,0.999916,1204572.94
217,1,0.999765,0.999999,0.000234,0.02
218,0,0.000571,0.999999,0.999428,175028.11
219,0,8.7e-05,0.999999,0.999912,1149192.05
220,0,0.001835,0.999999,0.998164,54395.56
221,0,0.000158,0.999999,0.999841,632770.71
222,0,0.000963,0.999999,0.999036,103740.98
223,1,0.998421,0.999999,0.001578,0.16
224,0,0.000205,0.999999,0.999794,487680.6
225,1,0.998007,0.999999,0.001992,0.2
226,0,0.000106,0.999999,0.999893,943206.3
227,1,0.99988,0.999999,0.000119,0.01
228,1,0.92655,0.999999,0.073449,7.93
229,1,0.999904,0.999999,9.5e-05,0.01
230,1,0.999918,0.999999,8.1e-05,0.01
231,0,0.000417,0.999999,0.999582,239702.17
232,1,0.999946,0.999999,5.3e-05,0.01
233,1,0.99991,0.999999,8.9e-05,0.01
234,0,0.000465,0.999999,0.999534,214948.93
235,1,0.999906,0.999999,9.3e-05,0.01
236,1,0.999957,0.999999,4.2e-05,0.0
237,0,1.6e-05,0.999999,0.999983,6245990.01
238,1,0.998878,0.999999,0.001121,0.11
239,1,0.999453,0.999999,0.000546,0.05
240,0,0.003039,0.999999,0.99696,32805.42
241,1,0.999462,0.999999,0.000537,0.05
242,1,0.999836,0.999999,0.000163,0.02
243,0,9.1e-05,0.999999,0.999908,1098679.27
244,0,5.5e-05,0.999999,0.999944,1817749.5
245,0,0.000334,0.999999,0.999665,299291.94
246,0,0.000203,0.999999,0.999796,492486.08
247,0,0.000257,0.999999,0.999742,388989.53
248,1,0.999905,0.999999,9.4e-05,0.01
249,0,0.000733,0.999999,0.999266,136323.65
250,1,0.999415,0.999999,0.000584,0.06
251,1,0.999033,0.999999,0.000966,0.1
252,1,0.999749,0.999999,0.00025,0.03
253,0,0.000233,0.999999,0.999766,429065.71
254,0,0.001987,0.999999,0.998012,50226.82
255,0,0.00022,0.999999,0.999779,454424.34
256,0,9.4e-05,0.999999,0.999905,1063615.57
257,1,0.999977,0.999999,2.2e-05,0.0
258,1,0.975216,0.999999,0.024783,2.54
259,1,0.999729,0.999999,0.00027,0.03
260,1,0.999759,0.999999,0.00024,0.02
261,0,8.6e-05,0.999999,0.999913,1162554.35
262,1,0.99996,0.999999,3.9e-05,0.0
263,0,0.000995,0.999999,0.999004,100401.4
264,0,0.008676,0.999999,0.991323,11426.02
265,1,0.999917,0.999999,8.2e-05,0.01
266,1,0.999934,0.999999,6.5e-05,0.01
267,0,0.012509,0.999999,0.98749,7894.23
268,1,0.999749,0.999999,0.00025,0.03
269,1,0.999917,0.999999,8.2e-05,0.01
270,1,0.999965,0.999999,3.4e-05,0.0
271,0,0.638734,0.999999,0.361265,56.56
272,0,0.000386,0.999999,0.999613,258960.39
273,0,0.008667,0.999999,0.991332,11437.99
274,0,0.000188,0.999999,0.999811,531786.08
275,0,0.005135,0.999999,0.994864,19374.14
276,1,0.998783,0.999999,0.001216,0.12
277,1,0.99987,0.999999,0.000129,0.01
278,1,0.999869,0.999999,0.00013,0.01
279,1,0.998528,0.999999,0.001471,0.15
280,1,0.999453,0.999999,0.000546,0.05
281,0,0.067938,0.999999,0.932061,1371.93
282,0,0.000517,0.999999,0.999482,193319.66
283,0,0.001301,0.999999,0.998698,76763.28
284,0,0.000168,0.999999,0.999831,595102.08
285,0,0.00024,0.999999,0.999759,416548.89
286,0,4e-05,0.999999,0.999959,2499272.68
287,0,0.000136,0.999999,0.999863,735139.33
288,0,0.00025,0.999999,0.999749,399883.6
289,0,0.000473,0.999999,0.999526,211311.81
290,1,0.999729,0.999999,0.00027,0.03
291,0,0.227842,0.999999,0.772157,338.9
292,1,0.999772,0.999999,0.000227,0.02
293,0,0.000761,0.999999,0.999238,131304.19
294,0,5.2e-05,0.999999,0.999947,1922605.27
295,1,0.99908,0.999999,0.000919,0.09
296,0,0.000554,0.999999,0.999445,180401.98
297,1,0.999973,0.999999,2.6e-05,0.0
298,0,0.000782,0.999999,0.999217,127775.48
299,1,0.99956,0.999999,0.000439,0.04
300,0,0.000165,0.999999,0.999834,605923.28
301,0,0.000211,0.999999,0.999788,473810.72
302,0,2.4e-05,0.999999,0.999975,4164827.16
303,1,0.999957,0.999999,4.2e-05,0.0
304,1,0.999984,0.999999,1.5e-05,0.0
305,1,0.99989,0.999999,0.000109,0.01
306,1,0.999884,0.999999,0.000115,0.01
307,0,0.000125,0.999999,0.999874,799835.21
308,0,0.001193,0.999999,0.998806,83721.51
309,1,0.99995,0.999999,4.9e-05,0.0
310,0,0.001104,0.999999,0.998895,90478.8
311,1,0.999978,0.999999,2.1e-05,0.0
312,1,0.999863,0.999999,0.000136,0.01
313,1,0.633208,0.999999,0.366791,57.93
314,1,0.999944,0.999999,5.5e-05,0.01
315,0,0.000116,0.999999,0.999883,861893.8
316,1,0.908754,0.999999,0.091245,10.04
317,1,0.997304,0.999999,0.002695,0.27
318,1,0.999956,0.999999,4.2e-05,0.0
319,0,0.000208,0.999999,0.999791,480645.64
320,0,4.9e-05,0.999999,0.99995,2040297.9
321,0,5e-05,0.999999,0.999949,1999498.1
322,1,0.999969,0.999999,3e-05,0.0
323,0,0.000133,0.999999,0.999866,751722.43
324,0,0.00035,0.999999,0.999649,285605.84
325,1,0.999945,0.999999,5.4e-05,0.01
326,1,0.999928,0.999999,7.1e-05,0.01
327,1,0.999828,0.999999,0.000171,0.02
328,0,0.000648,0.999999,0.999351,154218.45
329,1,0.999835,0.999999,0.000164,0.02
330,0,1.3e-05,0.999999,0.999986,7686287.47
331,0,0.046102,0.999999,0.953897,2069.1
332,0,8.5e-05,0.999999,0.999914,1176231.03
333,1,0.999911,0.999999,8.8e-05,0.01
334,0,0.0003,0.999999,0.999699,333221.89
335,1,0.999433,0.999999,0.000566,0.06
336,0,0.000103,0.999999,0.999896,970678.57
337,0,0.001021,0.999999,0.998978,97842.14
338,1,0.999965,0.999999,3.4e-05,0.0
339,0,0.000799,0.999999,0.9992,125054.76
340,0,2.3e-05,0.999999,0.999976,4345832.25
341,0,0.002888,0.999999,0.997111,34525.88
342,1,0.999781,0.999999,0.000218,0.02
343,1,0.999871,0.999999,0.000128,0.01
344,1,0.999881,0.999999,0.000118,0.01
345,1,0.999954,0.999999,4.5e-05,0.0
346,1,0.999965,0.999999,3.4e-05,0.0
347,0,0.000287,0.999999,0.999712,348319.57
348,0,5.5e-05,0.999999,0.999944,1817749.5
349,0,7.5e-05,0.999999,0.999924,1333054.26
350,0,5.1e-05,0.999999,0.999948,1960297.98
351,0,0.000231,0.999999,0.999768,432781.26
352,1,0.992016,0.999999,0.007983,0.8
353,1,0.999934,0.999999,6.5e-05,0.01
354,0,0.000678,0.999999,0.999321,147390.3
355,1,0.99992,0.999999,7.8e-05,0.01
356,0,0.000694,0.999999,0.999305,143990.0
357,0,0.000566,0.999999,0.999433,176575.15
358,0,0.055946,0.999999,0.944053,1687.44
359,1,0.999858,0.999999,0.000141,0.01
360,1,0.999845,0.999999,0.000154,0.02
361,1,0.999594,0.999999,0.000405,0.04
362,0,9.9e-05,0.999999,0.9999,1009897.99
363,1,0.999818,0.999999,0.000181,0.02
364,0,0.000393,0.999999,0.999606,254346.2
365,1,0.999918,0.999999,8.1e-05,0.01
366,1,0.999936,0.999999,6.3e-05,0.01
367,1,0.999902,0.999999,9.7e-05,0.01
368,1,0.999959,0.999999,4e-05,0.0
369,0,9.2e-05,0.999999,0.999907,1086737.31
370,0,0.00039,0.999999,0.999609,256303.43
371,0,0.000267,0.999999,0.999732,374417.44
372,1,0.999968,0.999999,3.1e-05,0.0
373,1,0.956994,0.999999,0.043004,4.49
374,1,0.999676,0.999999,0.000323,0.03
375,0,0.000708,0.999999,0.999291,141140.8
376,0,0.000445,0.999999,0.999554,224613.83
377,1,0.999974,0.999999,2.5e-05,0.0
378,0,0.000229,0.999999,0.99977,436561.72
379,1,0.999337,0.999999,0.000662,0.07
380,0,6.5e-05,0.999999,0.999934,1538123.37
381,1,0.999945,0.999999,5.4e-05,0.01
382,1,0.999951,0.999999,4.8e-05,0.0
383,0,0.00034,0.999999,0.999659,294008.71
384,0,0.000764,0.999999,0.999235,130788.21
385,0,0.000417,0.999999,0.999582,239702.17
386,0,7.3e-05,0.999999,0.999926,1369574.03
387,0,0.001783,0.999999,0.998216,55984.88
388,0,9.4e-05,0.999999,0.999905,1063615.57
389,1,0.999887,0.999999,0.000112,0.01
390,0,0.000156,0.999999,0.999843,640883.92
391,1,0.999957,0.999999,4.2e-05,0.0
392,0,0.000322,0.999999,0.999677,310449.05
393,0,0.000325,0.999999,0.999674,307582.54
394,1,0.999945,0.999999,5.4e-05,0.01
395,0,0.000356,0.999999,0.999643,280790.71
396,1,0.999826,0.999999,0.000173,0.02
397,1,0.999914,0.999999,8.5e-05,0.01
398,1,0.99994,0.999999,5.9e-05,0.01
399,1,0.999817,0.999999,0.000182,0.02
400,0,0.002911,0.999999,0.997088,34252.3
401,1,0.999545,0.999999,0.000454,0.05
402,0,0.000292,0.999999,0.999707,342353.69
403,0,7.5e-05,0.999999,0.999924,1333054.26
404,1,0.999878,0.999999,0.000121,0.01
405,1,0.99992,0.999999,7.9e-05,0.01
406,1,0.999812,0.999999,0.000187,0.02
407,1,0.999913,0.999999,8.6e-05,0.01
408,0,0.000141,0.999999,0.999858,709068.86
409,0,0.000163,0.999999,0.999836,613358.69
410,0,0.000155,0.999999,0.999844,645019.03
411,0,0.000353,0.999999,0.999646,283177.81
412,0,0.000191,0.999999,0.999808,523432.28
413,0,0.00014,0.999999,0.999859,714133.99
414,1,0.999776,0.999999,0.000223,0.02
415,0,2.5e-05,0.999999,0.999974,3998296.68
416,0,6.2e-05,0.999999,0.999937,1612541.53
417,0,0.001176,0.999999,0.998823,84933.21
418,0,0.000136,0.999999,0.999863,735139.33
419,0,0.005543,0.999999,0.994456,17940.72
420,1,0.945462,0.999999,0.054537,5.77
421,0,2.6e-05,0.999999,0.999973,3844571.32
422,0,0.000387,0.999999,0.999612,258291.0
423,1,0.99994,0.999999,5.8e-05,0.01
424,0,5.7e-05,0.999999,0.999942,1753976.5
425,0,0.000155,0.999999,0.999844,645019.03
426,0,3.8e-05,0.999999,0.999961,2630784.0
427,1,0.999879,0.999999,0.00012,0.01
428,1,0.999826,0.999999,0.000173,0.02
429,1,0.999933,0.999999,6.6e-05,0.01
430,0,2.9e-05,0.999999,0.99997,3446983.8
431,1,0.999951,0.999999,4.8e-05,0.0
432,1,0.99982,0.999999,0.000179,0.02
433,0,0.000249,0.999999,0.99975,401489.9
434,0,5.3e-05,0.999999,0.999946,1886334.65
435,1,0.98246,0.999999,0.017539,1.79
436,1,0.999818,0.999999,0.00018,0.02
437,1,0.99995,0.999999,4.9e-05,0.0
438,0,0.0001,0.999999,0.999899,999799.02
439,0,0.000215,0.999999,0.999784,464994.19
440,0,4.8e-05,0.999999,0.999951,2082797.33
441,0,0.00036,0.999999,0.999639,277669.79
442,0,0.001696,0.999999,0.998303,58861.86
443,0,2.6e-05,0.999999,0.999973,3844571.32
444,0,0.001435,0.999999,0.998564,69585.86
445,0,0.013901,0.999999,0.986098,7093.71
446,1,0.994871,0.999999,0.005128,0.52
447,0,0.000596,0.999999,0.999403,167682.25
448,1,0.999708,0.999999,0.000292,0.03
449,0,0.000155,0.999999,0.999844,645019.03
450,1,0.999952,0.999999,4.7e-05,0.0
451,1,0.99994,0.999999,5.9e-05,0.01
452,0,0.042118,0.999999,0.957881,2274.28
453,1,0.999883,0.999999,0.000116,0.01
454,0,0.000147,0.999999,0.999852,680125.16
455,0,2.8e-05,0.999999,0.999971,3570049.98
456,0,0.000856,0.999999,0.999143,116720.95
457,0,9.7e-05,0.999999,0.999902,1030720.54
458,1,0.999775,0.999999,0.000224,0.02
459,1,0.999603,0.999999,0.000396,0.04
460,1,0.989059,0.999999,0.01094,1.11
461,0,0.000372,0.999999,0.999627,268709.71
462,1,0.999984,0.999999,1.5e-05,0.0
463,0,5.3e-05,0.999999,0.999946,1886334.65
464,1,0.999872,0.999999,0.000127,0.01
465,0,0.00165,0.999999,0.998349,60505.63
466,0,0.000393,0.999999,0.999606,254346.2
467,1,0.999874,0.999999,0.000124,0.01
468,0,0.000285,0.999999,0.999714,350764.53
469,0,0.000489,0.999999,0.99951,204394.59
470,1,0.999916,0.999999,8.3e-05,0.01
471,0,0.000348,0.999999,0.999651,287247.78
472,0,0.000565,0.999999,0.999434,176887.84
473,0,0.000179,0.999999,0.99982,558527.46
474,0,0.000431,0.999999,0.999568,231912.95
475,1,0.999055,0.999999,0.000944,0.09
476,0,0.013591,0.999999,0.986408,7257.8
477,1,0.999641,0.999999,0.000358,0.04
478,0,0.000376,0.999999,0.999623,265850.11
479,0,5.6e-05,0.999999,0.999943,1785293.7
480,1,0.999956,0.999999,4.3e-05,0.0
481,0,4.2e-05,0.999999,0.999957,2380283.27
482,1,0.999971,0.999999,2.8e-05,0.0
483,1,0.999977,0.999999,2.2e-05,0.0
484,0,0.000425,0.999999,0.999574,235188.35
485,1,0.999645,0.999999,0.000354,0.04
486,1,0.999746,0.999999,0.000253,0.03
487,0,0.000147,0.999999,0.999852,680125.16
488,0,0.00032,0.999999,0.999679,312389.93
489,0,0.000164,0.999999,0.999835,609618.32
490,0,6.7e-05,0.999999,0.999932,1492213.1
491,1,0.999979,0.999999,2e-05,0.0
492,0,0.000122,0.999999,0.999877,819504.14
493,0,0.000449,0.999999,0.99955,222611.97
494,0,7.6e-05,0.999999,0.999923,1315515.06
495,1,0.999816,0.999999,0.000183,0.02
496,0,0.000113,0.999999,0.999886,884776.57
497,1,0.998843,0.999999,0.001156,0.12
498,1,0.999931,0.999999,6.8e-05,0.01
499,0,3.4e-05,0.999999,0.999965,2940208.76
500,0,7.3e-05,0.999999,0.999926,1369574.03
501,1,0.999975,0.999999,2.4e-05,0.0
502,0,8.1e-05,0.999999,0.999918,1234314.28
503,1,0.999801,0.999999,0.000198,0.02
504,0,0.000176,0.999999,0.999823,568048.97
505,1,0.999495,0.999999,0.000504,0.05
506,0,0.001076,0.999999,0.998923,92835.85
507,1,0.938711,0.999999,0.061288,6.53
508,0,6.3e-05,0.999999,0.999936,1586948.1
509,0,0.000212,0.999999,0.999787,471575.4
510,0,0.000179,0.999999,0.99982,558527.46
511,0,0.000278,0.999999,0.999721,359598.94
512,0,0.001556,0.999999,0.998443,64166.88
513,0,3.6e-05,0.999999,0.999963,2776903.64
514,0,0.002983,0.999999,0.997016,33423.15
515,0,0.000631,0.999999,0.999368,158375.94
516,1,0.999873,0.999999,0.000126,0.01
517,1,0.999892,0.999999,0.000107,0.01
518,1,0.999932,0.999999,6.7e-05,0.01
519,1,0.998583,0.999999,0.001416,0.14
520,1,0.999789,0.999999,0.00021,0.02
521,1,0.999864,0.999999,0.000135,0.01
522,0,0.00021,0.999999,0.999789,476067.33
523,1,0.99989,0.999999,0.000109,0.01
524,0,0.000226,0.999999,0.999773,442357.86
525,1,0.999894,0.999999,0.000105,0.01
526,1,0.999872,0.999999,0.000127,0.01
527,0,0.000156,0.999999,0.999843,640883.92
528,1,0.99986,0.999999,0.000139,0.01
529,0,4.5e-05,0.999999,0.999954,2221626.31
530,1,0.999908,0.999999,9.1e-05,0.01
531,1,0.997063,0.999999,0.002936,0.29
532,0,3.6e-05,0.999999,0.999963,2776903.64
533,1,0.99987,0.999999,0.000129,0.01
534,0,0.000127,0.999999,0.999872,787238.8
535,0,0.000552,0.999999,0.999447,181055.96
536,1,0.999924,0.999999,7.5e-05,0.01
537,1,0.999934,0.999999,6.5e-05,0.01
538,1,0.999611,0.999999,0.000388,0.04
539,1,0.999343,0.999999,0.000656,0.07
540,0,0.000443,0.999999,0.999556,225628.32
541,0,9.8e-05,0.999999,0.999901,1020203.04
542,1,0.999873,0.999999,0.000126,0.01
543,1,0.999761,0.999999,0.000238,0.02
544,0,0.162891,0.999999,0.837108,513.91
545,0,0.007353,0.999999,0.992646,13499.86
546,0,0.195802,0.999999,0.804197,410.72
547,1,0.999962,0.999999,3.7e-05,0.0
548,1,0.999298,0.999999,0.000701,0.07
549,0,0.000732,0.999999,0.999267,136510.02
550,0,0.001194,0.999999,0.998805,83651.31
551,1,0.979907,0.999999,0.020092,2.05
552,0,0.001963,0.999999,0.998036,50842.13
553,1,0.999663,0.999999,0.000336,0.03
554,1,0.997375,0.999999,0.002624,0.26
555,0,0.000318,0.999999,0.999681,314355.21
556,0,0.000242,0.999999,0.999757,413105.66
557,0,0.003737,0.999999,0.996262,26659.33
558,0,0.00056,0.999999,0.999439,178468.06
559,1,0.999945,0.999999,5.4e-05,0.01
560,0,0.000377,0.999999,0.999622,265144.69
561,1,0.9997,0.999999,0.000299,0.03
562,0,0.073733,0.999999,0.926266,1256.24
563,1,0.999909,0.999999,9e-05,0.01
564,0,0.0019,0.999999,0.998099,52531.25
565,0,0.000152,0.999999,0.999847,657750.81
566,1,0.999801,0.999999,0.000198,0.02
567,1,0.999936,0.999999,6.3e-05,0.01
568,1,0.999919,0.999999,8e-05,0.01
569,0,6.3e-05,0.999999,0.999936,1586948.1
570,1,0.999927,0.999999,7.2e-05,0.01
571,1,0.999907,0.999999,9.2e-05,0.01
572,1,0.999678,0.999999,0.000321,0.03
573,0,7.7e-05,0.999999,0.999922,1298431.37
574,0,0.00033,0.999999,0.999669,302920.82
575,0,0.007616,0.999999,0.992383,13030.22
576,0,0.000431,0.999999,0.999568,231912.95
577,0,0.012571,0.999999,0.987428,7854.8
578,0,4.9e-05,0.999999,0.99995,2040297.9
579,0,0.000203,0.999999,0.999796,492486.08
580,0,0.001927,0.999999,0.998072,51793.82
581,0,0.000222,0.999999,0.999777,450329.71
582,1,0.999934,0.999999,6.5e-05,0.01
583,0,0.000109,0.999999,0.99989,917246.12
584,1,0.999727,0.999999,0.000272,0.03
585,1,0.998857,0.999999,0.001142,0.11
586,1,0.999757,0.999999,0.000242,0.02
587,0,3.9e-05,0.999999,0.99996,2563342.73
588,0,0.00037,0.999999,0.999629,270162.7
589,0,0.004574,0.999999,0.995425,21762.63
590,0,0.000902,0.999999,0.999097,110763.41
591,0,0.002187,0.999999,0.997812,45624.48
592,1,0.99926,0.999999,0.000739,0.07
593,0,0.00023,0.999999,0.999769,434663.28
594,1,0.999772,0.999999,0.000227,0.02
595,1,0.999496,0.999999,0.000503,0.05
596,0,0.000284,0.999999,0.999715,351999.93
597,0,0.000388,0.999999,0.999611,257625.06
598,0,0.000106,0.999999,0.999893,943206.3
599,0,0.000186,0.999999,0.999813,537504.97
600,1,0.999943,0.999999,5.6e-05,0.01
601,0,0.000169,0.999999,0.99983,591580.38
602,1,0.999866,0.999999,0.000133,0.01
603,0,0.00013,0.999999,0.999869,769070.84
604,0,0.000277,0.999999,0.999722,360897.44
605,0,0.001649,0.999999,0.99835,60542.39
606,1,0.99993,0.999999,6.9e-05,0.01
607,0,0.00013,0.999999,0.999869,769070.84
608,1,0.99967,0.999999,0.000329,0.03
609,1,0.99988,0.999999,0.000119,0.01
610,1,0.999881,0.999999,0.000118,0.01
611,1,0.99983,0.999999,0.000169,0.02
612,0,3.8e-05,0.999999,0.999961,2630784.0
613,1,0.999741,0.999999,0.000258,0.03
614,0,0.000284,0.999999,0.999715,351999.93
615,0,0.000145,0.999999,0.999854,689506.93
616,1,0.99994,0.999999,5.9e-05,0.01
617,0,0.000326,0.999999,0.999673,306638.75
618,0,0.001216,0.999999,0.998783,82136.08
619,1,0.999782,0.999999,0.000217,0.02
620,1,0.99996,0.999999,3.9e-05,0.0
621,1,0.999961,0.999999,3.8e-05,0.0
622,1,0.999776,0.999999,0.000223,0.02
623,1,0.900709,0.999999,0.09929,11.02
624,0,4.4e-05,0.999999,0.999955,2272108.61
625,1,0.999864,0.999999,0.000135,0.01
626,1,0.99992,0.999999,7.9e-05,0.01
627,1,0.996523,0.999999,0.003476,0.35
628,0,0.000315,0.999999,0.999684,317349.93
629,0,7e-05,0.999999,0.999929,1428265.96
630,0,4.6e-05,0.999999,0.999953,2173338.4
631,1,0.999853,0.999999,0.000146,0.01
632,0,0.000105,0.999999,0.999894,952189.32
633,0,0.000397,0.999999,0.999602,251782.57
634,0,0.000632,0.999999,0.999367,158125.19
635,0,3.4e-05,0.999999,0.999965,2940208.76
636,0,4.6e-05,0.999999,0.999953,2173338.4
637,0,0.003511,0.999999,0.996488,28381.8
638,1,0.999894,0.999999,0.000105,0.01
639,1,0.999869,0.999999,0.00013,0.01
640,0,6.6e-05,0.999999,0.999933,1514820.48
641,0,0.000241,0.999999,0.999758,414820.13
642,1,0.997195,0.999999,0.002804,0.28
643,1,0.99983,0.999999,0.000169,0.02
644,1,0.999977,0.999999,2.2e-05,0.0
645,1,0.999765,0.999999,0.000234,0.02
646,0,0.000151,0.999999,0.999848,662107.15
647,0,0.000288,0.999999,0.999711,347109.82
648,1,0.999936,0.999999,6.3e-05,0.01
649,1,0.999552,0.999999,0.000447,0.04
650,1,0.999836,0.999999,0.000163,0.02
651,1,0.998166,0.999999,0.001833,0.18
652,1,0.999683,0.999999,0.000316,0.03
653,0,5.8e-05,0.999999,0.999941,1723739.01
654,1,0.999904,0.999999,9.5e-05,0.01
655,1,0.99987,0.999999,0.000129,0.01
656,0,3.4e-05,0.999999,0.999965,2940208.76
657,0,0.001395,0.999999,0.998604,71584.0
658,0,0.000265,0.999999,0.999734,377243.88
659,0,0.000924,0.999999,0.999075,108123.83
660,1,0.999702,0.999999,0.000297,0.03
661,0,0.000391,0.999999,0.999608,255647.68
662,0,0.000236,0.999999,0.999763,423610.44
663,0,0.000148,0.999999,0.999851,675529.36
664,0,0.001235,0.999999,0.998764,80870.92
665,1,0.999835,0.999999,0.000164,0.02
666,0,4.2e-05,0.999999,0.999957,2380283.27
667,1,0.999948,0.999999,5.1e-05,0.01
668,1,0.999744,0.999999,0.000255,0.03
669,1,0.999975,0.999999,2.4e-05,0.0
670,0,0.000706,0.999999,0.999293,141540.91
671,0,8.4e-05,0.999999,0.999915,1190233.31
672,0,0.000298,0.999999,0.999701,335458.88
673,1,0.999967,0.999999,3.2e-05,0.0
674,1,0.999922,0.999999,7.7e-05,0.01
675,0,0.000565,0.999999,0.999434,176887.84
676,1,0.999969,0.999999,3e-05,0.0
677,1,0.999812,0.999999,0.000188,0.02
678,1,0.999956,0.999999,4.3e-05,0.0
679,1,0.999961,0.999999,3.8e-05,0.0
680,0,0.001612,0.999999,0.998387,61934.29
681,0,0.001288,0.999999,0.998711,77539.07
682,1,0.986021,0.999999,0.013978,1.42
683,0,0.000138,0.999999,0.999861,724484.46
684,1,0.999986,0.999999,1.3e-05,0.0
685,0,0.000189,0.999999,0.99981,528972.01
686,1,0.998572,0.999999,0.001427,0.14
687,0,0.001518,0.999999,0.998481,65775.65
688,0,0.000218,0.999999,0.999781,458594.1
689,0,0.000138,0.999999,0.999861,724484.46
690,1,0.999807,0.999999,0.000192,0.02
691,0,0.003081,0.999999,0.996918,32356.86
692,1,0.999966,0.999999,3.3e-05,0.0
693,1,0.819856,0.999999,0.180143,21.97
694,1,0.999954,0.999999,4.5e-05,0.0
695,1,0.999838,0.999999,0.000161,0.02
696,0,0.000224,0.999999,0.999775,446308.2
697,0,0.000538,0.999999,0.999461,185769.97
698,1,0.999918,0.999999,8.1e-05,0.01
699,1,0.999777,0.999999,0.000222,0.02
700,0,0.001377,0.999999,0.998622,72521.04
701,1,0.999902,0.999999,9.7e-05,0.01
702,0,3.3e-05,0.999999,0.999966,3029282.04
703,0,0.000239,0.999999,0.99976,418292.12
704,0,0.000563,0.999999,0.999436,177516.56
705,0,0.000549,0.999999,0.99945,182045.86
706,0,6.9e-05,0.999999,0.99993,1448963.92
707,1,0.999903,0.999999,9.6e-05,0.01
708,0,8.5e-05,0.999999,0.999914,1176231.03
709,1,0.999866,0.999999,0.000133,0.01
710,0,0.000199,0.999999,0.9998,502386.81
711,1,0.999888,0.999999,0.000111,0.01
712,0,3.4e-05,0.999999,0.999965,2940208.76
713,0,0.000143,0.999999,0.999856,699151.11
714,1,0.999924,0.999999,7.5e-05,0.01
715,0,0.000608,0.999999,0.999391,164370.82
716,1,0.999872,0.999999,0.000127,0.01
717,1,0.999896,0.999999,0.000103,0.01
718,0,0.012477,0.999999,0.987522,7914.73
719,1,0.999887,0.999999,0.000112,0.01
720,0,0.000191,0.999999,0.999808,523432.28
721,0,7.5e-05,0.999999,0.999924,1333054.26
722,0,0.000303,0.999999,0.999696,329921.78
723,0,0.000108,0.999999,0.999891,925739.28
724,1,0.999855,0.999999,0.000144,0.01
725,0,0.000396,0.999999,0.999603,252418.63
726,1,0.999934,0.999999,6.5e-05,0.01
727,0,0.001388,0.999999,0.998611,71945.52
728,1,0.999738,0.999999,0.000261,0.03
729,1,0.999444,0.999999,0.000555,0.06
730,0,0.000161,0.999999,0.999838,620978.82
731,0,0.000119,0.999999,0.99988,840164.69
732,0,0.000295,0.999999,0.999704,338871.22
733,0,3.4e-05,0.999999,0.999965,2940208.76
734,0,7.4e-05,0.999999,0.999925,1351067.42
735,1,0.999761,0.999999,0.000238,0.02
736,0,0.000111,0.999999,0.999888,900718.85
737,0,0.000374,0.999999,0.999625,267272.27
738,0,2.2e-05,0.999999,0.999977,4543284.87
739,0,0.000244,0.999999,0.999755,409718.86
740,1,0.999965,0.999999,3.4e-05,0.0
741,1,0.999694,0.999999,0.000305,0.03
742,1,0.999961,0.999999,3.8e-05,0.0
743,1,0.999894,0.999999,0.000105,0.01
744,1,0.999982,0.999999,1.7e-05,0.0
745,0,0.002309,0.999999,0.99769,43208.56
746,0,0.00014,0.999999,0.999859,714133.99
747,0,4.5e-05,0.999999,0.999954,2221626.31
748,1,0.999954,0.999999,4.5e-05,0.0
749,1,0.999931,0.999999,6.8e-05,0.01
750,1,0.999918,0.999999,8.1e-05,0.01
751,1,0.999965,0.999999,3.4e-05,0.0
752,0,0.005457,0.999999,0.994542,18225.04
753,0,0.00143,0.999999,0.998569,69829.51
754,1,0.995795,0.999999,0.004204,0.42
755,1,0.999705,0.999999,0.000294,0.03
756,1,0.99989,0.999999,0.000109,0.01
757,1,0.99988,0.999999,0.000119,0.01
758,1,0.993523,0.999999,0.006476,0.65
759,0,0.000145,0.999999,0.999854,689506.93
760,0,8.7e-05,0.999999,0.999912,1149192.05
761,0,2.3e-05,0.999999,0.999976,4345832.25
762,0,0.000154,0.999999,0.999845,649207.84
763,1,0.999965,0.999999,3.4e-05,0.0
764,1,0.999101,0.999999,0.000898,0.09
765,0,8.9e-05,0.999999,0.99991,1123368.16
766,1,0.999948,0.999999,5.1e-05,0.01
767,1,0.999938,0.999999,6.1e-05,0.01
768,0,0.000195,0.999999,0.999804,512693.71
769,0,0.000773,0.999999,0.999226,129264.3
770,0,0.004047,0.999999,0.995952,24609.58
771,0,0.00067,0.999999,0.999329,149151.36
772,1,0.999866,0.999999,0.000133,0.01
773,1,0.99902,0.999999,0.00098,0.1
774,1,0.999942,0.999999,5.7e-05,0.01
775,0,0.000996,0.999999,0.999003,100300.5
776,0,0.000321,0.999999,0.999678,311416.47
777,1,0.999944,0.999999,5.5e-05,0.01
778,1,0.999873,0.999999,0.000126,0.01
779,1,0.999981,0.999999,1.8e-05,0.0
780,1,0.999937,0.999999,6.2e-05,0.01
781,1,0.999928,0.999999,7.1e-05,0.01
782,0,8.6e-05,0.999999,0.999913,1162554.35
783,0,0.000133,0.999999,0.999866,751722.43
784,0,0.000874,0.999999,0.999125,114315.05
785,0,0.001177,0.999999,0.998822,84860.96
786,0,4.2e-05,0.999999,0.999957,2380283.27
787,1,0.868555,0.999999,0.131444,15.13
788,1,0.999856,0.999999,0.000143,0.01
789,0,4.2e-05,0.999999,0.999957,2380283.27
790,1,0.999928,0.999999,7.2e-05,0.01
791,0,0.000126,0.999999,0.999873,793487.02
792,0,0.001579,0.999999,0.99842,63230.76
793,0,0.000118,0.999999,0.999881,847284.98
794,1,0.999927,0.999999,7.2e-05,0.01
795,1,0.999921,0.999999,7.8e-05,0.01
796,1,0.99988,0.999999,0.000119,0.01
797,0,9.4e-05,0.999999,0.999905,1063615.57
798,1,0.999949,0.999999,5e-05,0.01
799,0,9.8e-05,0.999999,0.999901,1020203.04
800,1,0.999948,0.999999,5.1e-05,0.01
801,1,0.999961,0.999999,3.8e-05,0.0
802,1,0.99987,0.999999,0.000129,0.01
803,1,0.999964,0.999999,3.5e-05,0.0
804,0,0.000488,0.999999,0.999511,204813.63
805,0,0.043428,0.999999,0.956571,2202.66
806,0,0.000924,0.999999,0.999075,108123.83
807,1,0.999965,0.999999,3.4e-05,0.0
808,1,0.998173,0.999999,0.001826,0.18
809,0,0.002957,0.999999,0.997042,33717.91
810,0,0.000178,0.999999,0.999821,561665.64
811,1,0.999935,0.999999,6.4e-05,0.01
812,0,0.000124,0.999999,0.999875,806285.78
813,1,0.999705,0.999999,0.000294,0.03
814,0,0.006259,0.999999,0.99374,15876.95
815,0,9.8e-05,0.999999,0.999901,1020203.04
816,0,0.000295,0.999999,0.999704,338871.22
817,1,0.999106,0.999999,0.000893,0.09
818,0,0.001338,0.999999,0.998661,74637.78
819,0,2.9e-05,0.999999,0.99997,3446983.8
820,0,0.000315,0.999999,0.999684,317349.93
821,0,8.5e-05,0.999999,0.999914,1176231.03
822,1,0.999414,0.999999,0.000585,0.06
823,1,0.999941,0.999999,5.8e-05,0.01
824,0,0.00087,0.999999,0.999129,114841.09
825,0,0.000414,0.999999,0.999585,241439.82
826,1,0.997882,0.999999,0.002117,0.21
827,0,0.000228,0.999999,0.999771,438476.82
828,1,0.999943,0.999999,5.6e-05,0.01
829,0,0.003257,0.999999,0.996742,30602.98
830,0,0.022948,0.999999,0.977051,4257.67
831,0,3.6e-05,0.999999,0.999963,2776903.64
832,0,0.000211,0.999999,0.999788,473810.72
833,0,0.00024,0.999999,0.999759,416548.89
834,0,0.00041,0.999999,0.999589,243796.25
835,0,9.1e-05,0.999999,0.999908,1098679.27
836,1,0.999988,0.999999,1.1e-05,0.0
837,0,0.000162,0.999999,0.999837,617145.24
838,1,0.999944,0.999999,5.5e-05,0.01
839,1,0.997868,0.999999,0.002131,0.21
840,1,0.999617,0.999999,0.000382,0.04
841,0,0.000284,0.999999,0.999715,351999.93
842,1,0.999816,0.999999,0.000183,0.02
843,0,0.009063,0.999999,0.990936,10933.85
844,0,0.000218,0.999999,0.999781,458594.1
845,1,0.999948,0.999999,5.1e-05,0.01
846,1,0.99951,0.999999,0.000489,0.05
847,0,4.6e-05,0.999999,0.999953,2173338.4
848,0,4.4e-05,0.999999,0.999955,2272108.61
849,0,2.1e-05,0.999999,0.999978,4759533.56
850,1,0.99994,0.999999,5.9e-05,0.01
851,1,0.99994,0.999999,5.9e-05,0.01
852,1,0.999822,0.999999,0.000177,0.02
853,1,0.999787,0.999999,0.000212,0.02
854,1,0.999942,0.999999,5.7e-05,0.01
855,0,0.001535,0.999999,0.998464,65046.09
856,0,0.000151,0.999999,0.999848,662107.15
857,1,0.999988,0.999999,1.1e-05,0.0
858,0,3.9e-05,0.999999,0.99996,2563342.73
859,0,0.259845,0.999999,0.740154,284.84
860,1,0.999847,0.999999,0.000152,0.02
861,0,0.000225,0.999999,0.999774,444324.25
862,1,0.999409,0.999999,0.00059,0.06
863,0,4.5e-05,0.999999,0.999954,2221626.31
864,0,4.5e-05,0.999999,0.999954,2221626.31
865,1,0.999905,0.999999,9.4e-05,0.01
866,1,0.999956,0.999999,4.3e-05,0.0
867,0,0.071688,0.999999,0.928311,1294.93
868,0,0.000109,0.999999,0.99989,917246.12
869,0,0.012725,0.999999,0.987274,7758.53
870,1,0.99995,0.999999,4.9e-05,0.0
871,1,0.999817,0.999999,0.000182,0.02
872,0,0.001194,0.999999,0.998805,83651.31
873,0,0.013348,0.999999,0.986651,7391.75
874,1,0.99993,0.999999,6.9e-05,0.01
875,1,0.999969,0.999999,3e-05,0.0
876,0,0.000187,0.999999,0.999812,534630.23
877,1,0.999755,0.999999,0.000244,0.02
878,1,0.999903,0.999999,9.6e-05,0.01
879,0,0.00019,0.999999,0.999809,526187.57
880,1,0.999957,0.999999,4.2e-05,0.0
881,1,0.998877,0.999999,0.001122,0.11
882,1,0.99996,0.999999,3.9e-05,0.0
883,1,0.999784,0.999999,0.000215,0.02
884,1,0.999796,0.999999,0.000203,0.02
885,1,0.998097,0.999999,0.001902,0.19
886,0,0.000401,0.999999,0.999598,249270.09
887,0,0.000932,0.999999,0.999067,107194.88
888,0,0.000129,0.999999,0.99987,775032.94
889,1,0.999205,0.999999,0.000794,0.08
890,0,7.3e-05,0.999999,0.999926,1369574.03
891,0,0.00033,0.999999,0.999669,302920.82
892,1,0.999923,0.999999,7.6e-05,0.01
893,1,0.997229,0.999999,0.00277,0.28
894,1,0.999719,0.999999,0.00028,0.03
895,0,0.000178,0.999999,0.999821,561665.64
896,1,0.999896,0.999999,0.000103,0.01
897,1,0.999935,0.999999,6.4e-05,0.01
898,1,0.99992,0.999999,7.9e-05,0.01
899,1,0.99998,0.999999,1.9e-05,0.0
900,1,0.999925,0.999999,7.4e-05,0.01
901,1,0.977323,0.999999,0.022676,2.32
902,1,0.999595,0.999999,0.000404,0.04
903,0,0.000366,0.999999,0.999633,273116.31
904,0,0.000148,0.999999,0.999851,675529.36
905,0,0.001474,0.999999,0.998525,67742.08
906,1,0.999941,0.999999,5.8e-05,0.01
907,1,0.79278,0.999999,0.207219,26.14
908,1,0.99993,0.999999,6.9e-05,0.01
909,1,0.999301,0.999999,0.000698,0.07
910,1,0.999877,0.999999,0.000122,0.01
911,1,0.999969,0.999999,3e-05,0.0
912,0,0.000151,0.999999,0.999848,662107.15
913,0,0.000352,0.999999,0.999647,283982.56
914,0,7e-05,0.999999,0.999929,1428265.96
915,1,0.999907,0.999999,9.2e-05,0.01
916,1,0.999881,0.999999,0.000118,0.01
917,0,3.3e-05,0.999999,0.999966,3029282.04
918,1,0.999906,0.999999,9.3e-05,0.01
919,1,0.99992,0.999999,7.9e-05,0.01
920,1,0.997527,0.999999,0.002472,0.25
921,1,0.999701,0.999999,0.000298,0.03
922,0,9.9e-05,0.999999,0.9999,1009897.99
923,1,0.999733,0.999999,0.000266,0.03
924,1,0.99994,0.999999,5.9e-05,0.01
925,0,0.000276,0.999999,0.999723,362205.35
926,0,0.000462,0.999999,0.999537,216345.32
927,1,0.999933,0.999999,6.6e-05,0.01
928,1,0.999941,0.999999,5.8e-05,0.01
929,0,8.8e-05,0.999999,0.999911,1136133.39
930,1,0.999944,0.999999,5.5e-05,0.01
931,0,0.000108,0.999999,0.999891,925739.28
932,0,0.000319,0.999999,0.99968,313369.49
933,0,6.8e-05,0.999999,0.999931,1470270.55
934,1,0.999935,0.999999,6.4e-05,0.01
935,1,0.999895,0.999999,0.000104,0.01
936,0,0.000795,0.999999,0.999204,125684.46
937,0,0.000246,0.999999,0.999753,406387.14
938,1,0.999758,0.999999,0.000241,0.02
939,0,0.008896,0.999999,0.991103,11140.98
940,0,0.000204,0.999999,0.999795,490071.57
941,0,0.01025,0.999999,0.989749,9656.08
942,0,0.000314,0.999999,0.999685,318360.88
943,0,0.000327,0.999999,0.999672,305700.74
944,1,0.999896,0.999999,0.000103,0.01
945,0,3.8e-05,0.999999,0.999961,2630784.0
946,0,8.7e-05,0.999999,0.999912,1149192.05
947,1,0.999955,0.999999,4.4e-05,0.0
948,0,8e-05,0.999999,0.999919,1249742.53
949,0,0.000204,0.999999,0.999795,490071.57
950,0,0.000669,0.999999,0.99933,149374.45
951,0,0.000191,0.999999,0.999808,523432.28
952,1,0.999954,0.999999,4.5e-05,0.0
953,0,0.000114,0.999999,0.999885,877015.17
954,1,0.999751,0.999999,0.000248,0.02
955,0,0.001469,0.999999,0.99853,67972.99
956,0,4.8e-05,0.999999,0.999951,2082797.33
957,0,4.9e-05,0.999999,0.99995,2040297.9
958,0,0.0015,0.999999,0.998499,66566.16
959,1,0.999953,0.999999,4.6e-05,0.0
960,0,0.001472,0.999999,0.998527,67834.25
961,1,0.999945,0.999999,5.4e-05,0.01
962,1,0.99996,0.999999,3.9e-05,0.0
963,0,0.000115,0.999999,0.999884,869388.75
964,1,0.999788,0.999999,0.000211,0.02
965,1,0.999965,0.999999,3.4e-05,0.0
966,0,0.000825,0.999999,0.999174,121110.53
967,0,0.01293,0.999999,0.987069,7633.94
968,1,0.997697,0.999999,0.002302,0.23
969,0,7.2e-05,0.999999,0.999927,1388594.64
970,0,0.001107,0.999999,0.998892,90233.33
971,0,0.00069,0.999999,0.999309,144825.29
972,1,0.998106,0.999999,0.001893,0.19
973,0,7.8e-05,0.999999,0.999921,1281785.67
974,0,0.000249,0.999999,0.99975,401489.9
975,0,0.000108,0.999999,0.999891,925739.28
976,1,0.999852,0.999999,0.000147,0.01
977,1,0.999387,0.999999,0.000612,0.06
978,1,0.999534,0.999999,0.000465,0.05
979,0,0.000242,0.999999,0.999757,413105.66
980,0,0.031071,0.999999,0.968928,3118.43
981,1,0.999824,0.999999,0.000175,0.02
982,0,0.000234,0.999999,0.999765,427231.74
983,1,0.999755,0.999999,0.000244,0.02
984,0,1.9e-05,0.999999,0.99998,5260284.06
985,0,0.000125,0.999999,0.999874,799835.21
986,0,4.4e-05,0.999999,0.999955,2272108.61
987,0,2.4e-05,0.999999,0.999975,4164827.16
988,1,0.999945,0.999999,5.4e-05,0.01
989,0,4.2e-05,0.999999,0.999957,2380283.27
990,0,0.001645,0.999999,0.998354,60689.84
991,0,0.000201,0.999999,0.999798,497387.19
992,0,0.000418,0.999999,0.999581,239128.49
993,1,0.999853,0.999999,0.000146,0.01
994,0,6.3e-05,0.999999,0.999936,1586948.1
995,0,2.8e-05,0.999999,0.999971,3570049.98
996,0,0.000584,0.999999,0.999415,171129.78
997,0,0.00404,0.999999,0.995959,24652.39
998,1,0.999908,0.999999,9.1e-05,0.01
999,0,3.4e-05,0.999999,0.999965,2940208.76
1000,0,9.8e-05,0.999999,0.999901,1020203.04
1001,1,0.999952,0.999999,4.7e-05,0.0
1002,1,0.99983,0.999999,0.000169,0.02
1003,1,0.999971,0.999999,2.8e-05,0.0
1004,0,4e-05,0.999999,0.999959,2499272.68
1005,1,0.999861,0.999999,0.000138,0.01
1006,1,0.99757,0.999999,0.002429,0.24
1007,1,0.999655,0.999999,0.000344,0.03
1008,0,0.001018,0.999999,0.998981,98130.76
1009,1,0.999513,0.999999,0.000486,0.05
1010,0,0.000146,0.999999,0.999853,684783.92
1011,0,0.000122,0.999999,0.999877,819504.14
1012,0,0.02172,0.999999,0.978279,4504.04
1013,1,0.999955,0.999999,4.4e-05,0.0
1014,0,0.000205,0.999999,0.999794,487680.6
1015,0,0.000223,0.999999,0.999776,448309.94
1016,1,0.999948,0.999999,5.1e-05,0.01
1017,0,7e-05,0.999999,0.999929,1428265.96
1018,1,0.999867,0.999999,0.000132,0.01
1019,1,0.99992,0.999999,7.9e-05,0.01
1020,1,0.99993,0.999999,6.9e-05,0.01
1021,0,0.000181,0.999999,0.999818,552355.12
1022,0,4.7e-05,0.999999,0.999952,2127104.87
1023,0,0.000702,0.999999,0.999297,142347.97
1024,1,0.994489,0.999999,0.00551,0.55
1025,0,5e-05,0.999999,0.999949,1999498.1
1026,0,0.000125,0.999999,0.999874,799835.21
1027,1,0.998456,0.999999,0.001543,0.15
1028,0,0.081084,0.999999,0.918915,1133.29
1029,0,6.2e-05,0.999999,0.999937,1612541.53
1030,1,0.999942,0.999999,5.7e-05,0.01
1031,0,0.004221,0.999999,0.995778,23590.99
1032,1,0.999646,0.999999,0.000353,0.04
1033,0,0.000141,0.999999,0.999858,709068.86
1034,0,0.001129,0.999999,0.99887,88473.09
1035,0,0.000237,0.999999,0.999762,421822.71
1036,0,0.000287,0.999999,0.999712,348319.57
1037,0,0.027765,0.999999,0.972234,3501.65
1038,1,0.999452,0.999999,0.000547,0.05
1039,0,9.5e-05,0.999999,0.999904,1052419.75
1040,0,0.000454,0.999999,0.999545,220159.25
1041,0,0.047342,0.999999,0.952657,2012.29
1042,1,0.999765,0.999999,0.000234,0.02
1043,1,0.999887,0.999999,0.000112,0.01
1044,1,0.999911,0.999999,8.8e-05,0.01
1045,1,0.999924,0.999999,7.5e-05,0.01
1046,1,0.99983,0.999999,0.000169,0.02
1047,1,0.901417,0.999999,0.098582,10.94
1048,1,0.999936,0.999999,6.3e-05,0.01
1049,0,0.000195,0.999999,0.999804,512693.71
1050,0,0.00016,0.999999,0.999839,624860.32
1051,1,0.999948,0.999999,5.1e-05,0.01
1052,0,1.9e-05,0.999999,0.99998,5260284.06
1053,0,0.000222,0.999999,0.999777,450329.71
1054,1,0.998224,0.999999,0.001775,0.18
1055,0,3.1e-05,0.999999,0.999968,3224663.01
1056,1,0.99949,0.999999,0.000509,0.05
1057,0,8e-05,0.999999,0.999919,1249742.53
1058,0,0.00111,0.999999,0.998889,89989.19
1059,1,0.053389,0.999999,0.94661,1773.04
1060,1,0.998869,0.999999,0.00113,0.11
1061,0,0.014776,0.999999,0.985223,6667.72
1062,0,0.000637,0.999999,0.999362,156883.25
1063,0,0.000361,0.999999,0.999638,276900.36
1064,1,0.99965,0.999999,0.000348,0.03
1065,0,0.00015,0.999999,0.999849,666521.57
1066,0,0.000119,0.999999,0.99988,840164.69
1067,1,0.999788,0.999999,0.000211,0.02
1068,1,0.920683,0.999999,0.079316,8.61
1069,0,8.7e-05,0.999999,0.999912,1149192.05
1070,1,0.999864,0.999999,0.000135,0.01
1071,1,0.999969,0.999999,3e-05,0.0
1072,1,0.999895,0.999999,0.000104,0.01
1073,1,0.999962,0.999999,3.7e-05,0.0
1074,1,0.999942,0.999999,5.7e-05,0.01
1075,1,0.999858,0.999999,0.000141,0.01
1076,1,0.999952,0.999999,4.7e-05,0.0
1077,1,0.999476,0.999999,0.000523,0.05
1078,0,0.005647,0.999999,0.994352,17608.47
1079,0,5.3e-05,0.999999,0.999946,1886334.65
1080,1,0.99975,0.999999,0.000249,0.02
1081,0,4.6e-05,0.999999,0.999953,2173338.4
1082,0,0.000694,0.999999,0.999305,143990.0
1083,1,0.999888,0.999999,0.000111,0.01
1084,1,0.999263,0.999999,0.000736,0.07
1085,0,3.8e-05,0.999999,0.999961,2630784.0
1086,1,0.999681,0.999999,0.000318,0.03
1087,1,0.999561,0.999999,0.000438,0.04
1088,1,0.999944,0.999999,5.5e-05,0.01
1089,1,0.999585,0.999999,0.000414,0.04
1090,0,0.000334,0.999999,0.999665,299291.94
1091,0,7.1e-05,0.999999,0.999928,1408150.96
1092,1,0.999491,0.999999,0.000508,0.05
1093,1,0.999785,0.999999,0.000214,0.02
1094,1,0.999649,0.999999,0.00035,0.04
1095,1,0.998107,0.999999,0.001892,0.19
1096,0,8.3e-05,0.999999,0.999916,1204572.94
1097,0,0.001914,0.999999,0.998085,52146.28
1098,1,0.999744,0.999999,0.000255,0.03
1099,0,0.00048,0.999999,0.999519,208228.79
1100,0,0.000382,0.999999,0.999617,261672.99
1101,0,0.001936,0.999999,0.998063,51552.57
1102,0,0.057265,0.999999,0.942734,1646.27
1103,0,0.000793,0.999999,0.999206,126001.69
1104,0,0.005893,0.999999,0.994106,16869.24
1105,1,0.999785,0.999999,0.000214,0.02
1106,0,0.000123,0.999999,0.999876,812841.23
1107,0,0.001663,0.999999,0.998336,60031.87
1108,0,0.000728,0.999999,0.999271,137260.61
1109,1,0.999613,0.999999,0.000386,0.04
1110,0,0.000111,0.999999,0.999888,900718.85
1111,0,0.009116,0.999999,0.990883,10869.7
1112,1,0.995482,0.999999,0.004517,0.45
1113,0,0.000159,0.999999,0.99984,628790.64
1114,1,0.999949,0.999999,5e-05,0.01
1115,1,0.998676,0.999999,0.001323,0.13
1116,0,4e-05,0.999999,0.999959,2499272.68
1117,0,0.00038,0.999999,0.999619,263050.71
1118,1,0.99956,0.999999,0.000439,0.04
1119,0,0.03387,0.999999,0.966129,2852.46
1120,0,0.061881,0.999999,0.938118,1516.0
1121,1,0.997504,0.999999,0.002495,0.25
1122,1,0.999765,0.999999,0.000234,0.02
1123,1,0.999961,0.999999,3.8e-05,0.0
1124,0,0.001085,0.999999,0.998914,92064.96
1125,1,0.999903,0.999999,9.6e-05,0.01
1126,0,6.9e-05,0.999999,0.99993,1448963.92
1127,0,0.000169,0.999999,0.99983,591580.38
1128,1,0.999971,0.999999,2.8e-05,0.0
1129,1,0.999966,0.999999,3.3e-05,0.0
1130,1,0.998169,0.999999,0.00183,0.18
1131,1,0.999771,0.999999,0.000228,0.02
1132,0,0.000366,0.999999,0.999633,273116.31
1133,1,0.99988,0.999999,0.000119,0.01
1134,0,0.000514,0.999999,0.999485,194448.55
1135,0,6.7e-05,0.999999,0.999932,1492213.1
1136,1,0.999791,0.999999,0.000208,0.02
1137,0,0.000356,0.999999,0.999643,280790.71
1138,0,0.004665,0.999999,0.995334,21336.16
1139,1,0.999745,0.999999,0.000254,0.03
1140,1,0.99956,0.999999,0.000439,0.04
1141,0,0.000333,0.999999,0.999666,300190.99
1142,1,0.98467,0.999999,0.015329,1.56
1143,0,0.000182,0.999999,0.999817,549319.82
1144,0,0.000233,0.999999,0.999766,429065.71
1145,1,0.999959,0.999999,4e-05,0.0
1146,1,0.999286,0.999999,0.000713,0.07
1147,1,0.999946,0.999999,5.3e-05,0.01
1148,1,0.99752,0.999999,0.002479,0.25
1149,1,0.999768,0.999999,0.000231,0.02
1150,1,0.999419,0.999999,0.00058,0.06
1151,1,0.998511,0.999999,0.001488,0.15
1152,1,0.99931,0.999999,0.000688,0.07
1153,0,0.000124,0.999999,0.999875,806285.78
1154,0,7e-05,0.999999,0.999929,1428265.96
1155,0,0.000101,0.999999,0.999898,989900.01
1156,0,3.9e-05,0.999999,0.99996,2563342.73
1157,1,0.999924,0.999999,7.5e-05,0.01
1158,1,0.999918,0.999999,8.1e-05,0.01
1159,1,0.999963,0.999999,3.6e-05,0.0
1160,0,0.000704,0.999999,0.999295,141943.3
1161,1,0.999623,0.999999,0.000376,0.04
1162,0,0.000257,0.999999,0.999742,388989.53
1163,0,5.9e-05,0.999999,0.99994,1694526.35
1164,0,0.0002,0.999999,0.999799,499874.51
1165,1,0.999785,0.999999,0.000214,0.02
1166,0,0.000148,0.999999,0.999851,675529.36
1167,0,4e-05,0.999999,0.999959,2499272.68
1168,0,0.000166,0.999999,0.999833,602272.75
1169,0,4e-05,0.999999,0.999959,2499272.68
1170,1,0.999952,0.999999,4.7e-05,0.0
1171,1,0.999456,0.999999,0.000543,0.05
1172,1,0.999915,0.999999,8.4e-05,0.01
1173,0,5.6e-05,0.999999,0.999943,1785293.7
1174,1,0.999907,0.999999,9.2e-05,0.01
1175,1,0.999846,0.999999,0.000153,0.02
1176,1,0.999742,0.999999,0.000257,0.03
1177,1,0.9999,0.999999,9.9e-05,0.01
1178,0,0.000141,0.999999,0.999858,709068.86
1179,0,0.001009,0.999999,0.99899,99006.95
1180,0,0.008207,0.999999,0.991792,12084.69
1181,0,0.000102,0.999999,0.999897,980195.08
1182,0,0.026847,0.999999,0.973152,3624.81
1183,1,0.999967,0.999999,3.2e-05,0.0
1184,0,0.001004,0.999999,0.998995,99500.5
1185,1,0.981851,0.999999,0.018148,1.85
1186,1,0.99986,0.999999,0.000139,0.01
1187,1,0.999944,0.999999,5.5e-05,0.01
1188,0,3.6e-05,0.999999,0.999963,2776903.64
1189,0,0.000672,0.999999,0.999327,148707.16
1190,0,0.00032,0.999999,0.999679,312389.93
1191,1,0.999959,0.999999,4e-05,0.0
1192,1,0.999915,0.999999,8.4e-05,0.01
1193,0,0.000208,0.999999,0.999791,480645.64
1194,1,0.999942,0.999999,5.7e-05,0.01
1195,0,0.000276,0.999999,0.999723,362205.35
1196,0,0.000228,0.999999,0.999771,438476.82
1197,1,0.99968,0.999999,0.000319,0.03
1198,0,0.000936,0.999999,0.999063,106736.36
1199,0,0.001974,0.999999,0.998025,50558.25
1200,1,0.999213,0.999999,0.000786,0.08
1201,1,0.999623,0.999999,0.000376,0.04
1202,0,0.000416,0.999999,0.999583,240278.6
1203,1,0.999955,0.999999,4.4e-05,0.0
1204,1,0.999895,0.999999,0.000104,0.01
1205,0,0.00056,0.999999,0.999439,178468.06
1206,0,0.000407,0.999999,0.999592,245593.97
1207,1,0.999894,0.999999,0.000105,0.01
1208,1,0.999951,0.999999,4.8e-05,0.0
1209,0,0.000103,0.999999,0.999896,970678.57
1210,1,0.99995,0.999999,4.9e-05,0.0
1211,1,0.999976,0.999999,2.2e-05,0.0
1212,0,4.7e-05,0.999999,0.999952,2127104.87
1213,0,2e-05,0.999999,0.999979,4997396.3
1214,0,0.915477,0.999999,0.084522,9.23
1215,1,0.998112,0.999999,0.001887,0.19
1216,0,0.000821,0.999999,0.999178,121701.08
1217,1,0.999664,0.999999,0.000335,0.03
1218,1,0.999972,0.999999,2.7e-05,0.0
1219,1,0.999948,0.999999,5.1e-05,0.01
1220,1,0.999828,0.999999,0.000171,0.02
1221,1,0.999071,0.999999,0.000928,0.09
1222,0,0.000953,0.999999,0.999046,104830.59
1223,0,2.6e-05,0.999999,0.999973,3844571.32
1224,0,0.000154,0.999999,0.999845,649207.84
1225,0,0.092591,0.999999,0.907408,980.02
1226,0,4.4e-05,0.999999,0.999955,2272108.61
1227,0,0.068199,0.999999,0.9318,1366.3
1228,1,0.999709,0.999999,0.00029,0.03
1229,0,0.000962,0.999999,0.999037,103848.92
1230,0,0.000189,0.999999,0.99981,528972.01
1231,1,0.122953,0.999999,0.877046,713.32
1232,0,0.000504,0.999999,0.999495,198308.57
1233,1,0.999921,0.999999,7.8e-05,0.01
1234,0,0.000288,0.999999,0.999711,347109.82
1235,1,0.99976,0.999999,0.000239,0.02
1236,0,0.004093,0.999999,0.995906,24331.87
1237,0,0.009239,0.999999,0.99076,10723.66
1238,1,0.999946,0.999999,5.3e-05,0.01
1239,0,0.00048,0.999999,0.999519,208228.79
1240,0,0.000139,0.999999,0.99986,719271.99
1241,0,0.000375,0.999999,0.999624,266559.29
1242,1,0.999981,0.999999,1.8e-05,0.0
1243,1,0.999861,0.999999,0.000138,0.01
1244,0,0.000131,0.999999,0.999868,763199.76
1245,1,0.999903,0.999999,9.6e-05,0.01
1246,1,0.999625,0.999999,0.000374,0.04
1247,0,4.8e-05,0.999999,0.999951,2082797.33
1248,0,0.000132,0.999999,0.999867,757417.62
1249,1,0.999971,0.999999,2.8e-05,0.0
1250,1,0.999886,0.999999,0.000113,0.01
1251,1,0.999685,0.999999,0.000314,0.03
1252,0,4.1e-05,0.999999,0.999958,2438327.24
1253,0,0.000136,0.999999,0.999863,735139.33
1254,1,0.999899,0.999999,0.0001,0.01
1255,0,0.000532,0.999999,0.999467,187866.21
1256,1,0.999963,0.999999,3.6e-05,0.0
1257,1,0.998695,0.999999,0.001304,0.13
1258,0,0.000165,0.999999,0.999834,605923.28
1259,0,0.002104,0.999999,0.997895,47428.24
1260,1,0.997657,0.999999,0.002342,0.23
1261,0,0.000639,0.999999,0.99936,156391.92
1262,1,0.999977,0.999999,2.2e-05,0.0
1263,1,0.997059,0.999999,0.00294,0.29
1264,1,0.999859,0.999999,0.00014,0.01
1265,0,4.4e-05,0.999999,0.999955,2272108.61
1266,0,4.1e-05,0.999999,0.999958,2438327.24
1267,1,0.999869,0.999999,0.00013,0.01
1268,1,0.999943,0.999999,5.6e-05,0.01
1269,1,0.999846,0.999999,0.000153,0.02
1270,1,0.999712,0.999999,0.000286,0.03
1271,1,0.99993,0.999999,6.9e-05,0.01
1272,1,0.999958,0.999999,4.1e-05,0.0
1273,0,0.000128,0.999999,0.999871,781088.2
1274,0,0.000203,0.999999,0.999796,492486.08
1275,0,0.002846,0.999999,0.997153,35036.88
1276,1,0.989873,0.999999,0.010126,1.02
1277,0,0.000215,0.999999,0.999784,464994.19
1278,0,0.013325,0.999999,0.986674,7404.68
1279,0,8e-05,0.999999,0.999919,1249742.53
1280,0,0.002403,0.999999,0.997596,41514.43
1281,0,0.000139,0.999999,0.99986,719271.99
1282,0,0.001045,0.999999,0.998954,95592.77
1283,1,0.999899,0.999999,0.0001,0.01
1284,0,0.000793,0.999999,0.999206,126001.69
1285,1,0.999892,0.999999,0.000107,0.01
1286,0,0.000336,0.999999,0.999663,297509.9
1287,1,0.999861,0.999999,0.000138,0.01
1288,1,0.999291,0.999999,0.000708,0.07
1289,0,0.000189,0.999999,0.99981,528972.01
1290,0,0.000188,0.999999,0.999811,531786.08
1291,1,0.999714,0.999999,0.000285,0.03
1292,0,7.6e-05,0.999999,0.999923,1315515.06
1293,1,0.999985,0.999999,1.4e-05,0.0
1294,0,0.000108,0.999999,0.999891,925739.28
1295,0,0.00022,0.999999,0.999779,454424.34
1296,1,0.999975,0.999999,2.4e-05,0.0
1297,0,0.000444,0.999999,0.999555,225119.93
1298,1,0.999343,0.999999,0.000656,0.07
1299,0,7.7e-05,0.999999,0.999922,1298431.37
1300,1,0.99995,0.999999,4.9e-05,0.0
1301,0,0.000136,0.999999,0.999863,735139.33
1302,1,0.999899,0.999999,0.0001,0.01
1303,1,0.999888,0.999999,0.000111,0.01
1304,0,0.000199,0.999999,0.9998,502386.81
1305,1,0.999902,0.999999,9.7e-05,0.01
1306,1,0.998203,0.999999,0.001796,0.18
1307,0,0.000189,0.999999,0.99981,528972.01
1308,1,0.999852,0.999999,0.000147,0.01
1309,1,0.999852,0.999999,0.000147,0.01
1310,0,0.00037,0.999999,0.999629,270162.7
1311,0,0.000511,0.999999,0.999488,195590.69
1312,0,0.001955,0.999999,0.998044,51050.58
1313,0,0.000106,0.999999,0.999893,943206.3
1314,0,0.000539,0.999999,0.99946,185425.13
1315,0,0.000322,0.999999,0.999677,310449.05
1316,1,0.9999,0.999999,9.9e-05,0.01
1317,1,0.999904,0.999999,9.4e-05,0.01
1318,1,0.999896,0.999999,0.000103,0.01
1319,1,0.916162,0.999999,0.083837,9.15
1320,1,0.999859,0.999999,0.00014,0.01
1321,0,0.000354,0.999999,0.999645,282377.62
1322,0,0.000402,0.999999,0.999597,248649.78
1323,0,6.3e-05,0.999999,0.999936,1586948.1
1324,0,0.000423,0.999999,0.999576,236300.8
1325,0,3.3e-05,0.999999,0.999966,3029282.04
1326,0,0.000202,0.999999,0.999797,494924.51
1327,0,5.6e-05,0.999999,0.999943,1785293.7
1328,0,0.000668,0.999999,0.999331,149598.21
1329,1,0.999857,0.999999,0.000142,0.01
1330,1,0.999018,0.999999,0.000981,0.1
1331,1,0.999926,0.999999,7.3e-05,0.01
1332,0,0.00095,0.999999,0.999049,105161.95
1333,0,8.9e-05,0.999999,0.99991,1123368.16
1334,1,0.999435,0.999999,0.000564,0.06
1335,0,7.4e-05,0.999999,0.999925,1351067.42
1336,1,0.999627,0.999999,0.000372,0.04
1337,0,0.000106,0.999999,0.999893,943206.3
1338,1,0.999903,0.999999,9.6e-05,0.01
1339,1,0.99978,0.999999,0.000219,0.02
1340,1,0.99995,0.999999,4.9e-05,0.0
1341,1,0.997149,0.999999,0.00285,0.29
1342,1,0.999975,0.999999,2.4e-05,0.0
1343,1,0.999817,0.999999,0.000182,0.02
1344,1,0.996749,0.999999,0.00325,0.33
1345,1,0.99992,0.999999,7.9e-05,0.01
1346,0,0.000133,0.999999,0.999866,751722.43
1347,1,0.99972,0.999999,0.000279,0.03
1348,1,0.999958,0.999999,4.1e-05,0.0
1349,0,0.00013,0.999999,0.999869,769070.84
1350,0,9e-06,0.999999,0.99999,11098668.15
1351,1,0.999824,0.999999,0.000175,0.02
1352,1,0.999938,0.999999,6.1e-05,0.01
1353,1,0.988001,0.999999,0.011998,1.21
1354,1,0.999837,0.999999,0.000162,0.02
1355,0,2.1e-05,0.999999,0.999978,4759533.56
1356,0,0.032987,0.999999,0.967012,2931.49
1357,0,0.000401,0.999999,0.999598,249270.09
1358,1,0.999114,0.999999,0.000885,0.09
1359,1,0.999186,0.999999,0.000814,0.08
1360,1,0.999952,0.999999,4.7e-05,0.0
1361,0,0.00133,0.999999,0.998669,75087.33
1362,1,0.999925,0.999999,7.4e-05,0.01
1363,1,0.999947,0.999999,5.2e-05,0.01
1364,1,0.999944,0.999999,5.5e-05,0.01
1365,0,0.000115,0.999999,0.999884,869388.75
1366,1,0.999963,0.999999,3.6e-05,0.0
1367,1,0.999945,0.999999,5.4e-05,0.01
1368,1,0.999936,0.999999,6.3e-05,0.01
1369,0,6.4e-05,0.999999,0.999935,1562154.35
1370,1,0.999824,0.999999,0.000175,0.02
1371,1,0.999859,0.999999,0.00014,0.01
1372,1,0.999967,0.999999,3.2e-05,0.0
1373,1,0.999925,0.999999,7.4e-05,0.01
1374,1,0.999911,0.999999,8.8e-05,0.01
1375,1,0.999847,0.999999,0.000152,0.02
1376,0,4.1e-05,0.999999,0.999958,2438327.24
1377,0,6.1e-05,0.999999,0.999938,1638973.94
1378,1,0.999922,0.999999,7.7e-05,0.01
1379,1,0.999905,0.999999,9.4e-05,0.01
1380,0,0.000393,0.999999,0.999606,254346.2
1381,0,0.00358,0.999999,0.996419,27832.86
1382,1,0.999936,0.999999,6.3e-05,0.01
1383,0,0.018148,0.999999,0.981851,5410.24
1384,1,0.999822,0.999999,0.000177,0.02
1385,1,0.994832,0.999999,0.005167,0.52
1386,0,0.000947,0.999999,0.999052,105495.4
1387,0,0.002273,0.999999,0.997726,43894.48
1388,1,0.999906,0.999999,9.3e-05,0.01
1389,0,0.049706,0.999999,0.950293,1911.83
1390,1,0.999091,0.999999,0.000908,0.09
1391,0,0.016967,0.999999,0.983032,5793.78
1392,0,5.2e-05,0.999999,0.999947,1922605.27
1393,0,0.000196,0.999999,0.999803,510077.55
1394,0,0.000166,0.999999,0.999833,602272.75
1395,0,7.8e-05,0.999999,0.999921,1281785.67
1396,1,0.996134,0.999999,0.003865,0.39
1397,0,0.000262,0.999999,0.999737,381564.44
1398,1,0.999955,0.999999,4.4e-05,0.0
1399,0,0.000866,0.999999,0.999133,115371.99
1400,0,3.5e-05,0.999999,0.999964,2856223.94
1401,0,0.00029,0.999999,0.999709,344715.35
1402,1,0.999884,0.999999,0.000115,0.01
1403,1,0.999757,0.999999,0.000242,0.02
1404,0,4.1e-05,0.999999,0.999958,2438327.24
1405,0,0.000904,0.999999,0.999095,110518.14
1406,1,0.999876,0.999999,0.000123,0.01
1407,1,0.999976,0.999999,2.3e-05,0.0
1408,1,0.999958,0.999999,4.1e-05,0.0
1409,1,0.99996,0.999999,3.9e-05,0.0
1410,1,0.999625,0.999999,0.000374,0.04
1411,0,0.000429,0.999999,0.99957,232994.57
1412,1,0.998178,0.999999,0.001821,0.18
1413,0,0.001079,0.999999,0.99892,92577.46
1414,1,0.999832,0.999999,0.000167,0.02
1415,0,0.003104,0.999999,0.996895,32116.36
1416,0,0.001637,0.999999,0.998362,60986.92
1417,0,0.002964,0.999999,0.997035,33638.04
1418,0,8.1e-05,0.999999,0.999918,1234314.28
1419,0,9.7e-05,0.999999,0.999902,1030720.54
1420,0,0.000121,0.999999,0.999878,826277.17
1421,1,0.999452,0.999999,0.000547,0.05
1422,0,0.000217,0.999999,0.999782,460707.8
1423,0,0.019444,0.999999,0.980555,5042.97
1424,1,0.999932,0.999999,6.7e-05,0.01
1425,0,4.2e-05,0.999999,0.999957,2380283.27
1426,0,0.000225,0.999999,0.999774,444324.25
1427,0,0.000147,0.999999,0.999852,680125.16
1428,1,0.999901,0.999999,9.8e-05,0.01
1429,1,0.99931,0.999999,0.000688,0.07
1430,0,0.000214,0.999999,0.999785,467167.42
1431,1,0.999835,0.999999,0.000164,0.02
1432,1,0.999961,0.999999,3.8e-05,0.0
1433,0,8.6e-05,0.999999,0.999913,1162554.35
1434,0,0.00018,0.999999,0.999819,555424.14
1435,0,0.001353,0.999999,0.998646,73809.21
1436,0,0.000661,0.999999,0.999338,151183.49
1437,1,0.996735,0.999999,0.003264,0.33
1438,0,8.4e-05,0.999999,0.999915,1190233.31
1439,1,0.998815,0.999999,0.001184,0.12
1440,1,0.999774,0.999999,0.000225,0.02
1441,0,0.000414,0.999999,0.999585,241439.82
1442,1,0.999848,0.999999,0.000151,0.02
1443,1,0.999905,0.999999,9.4e-05,0.01
1444,1,0.998644,0.999999,0.001355,0.14
1445,0,0.000235,0.999999,0.999764,425413.39
1446,1,0.999241,0.999999,0.000758,0.08
1447,1,0.999914,0.999999,8.5e-05,0.01
1448,0,2.2e-05,0.999999,0.999977,4543284.87
1449,0,0.00148,0.999999,0.998519,67467.04
1450,1,0.999622,0.999999,0.000377,0.04
1451,0,0.000111,0.999999,0.999888,900718.85
1452,1,0.999879,0.999999,0.00012,0.01
1453,0,8.7e-05,0.999999,0.999912,1149192.05
1454,1,0.999934,0.999999,6.5e-05,0.01
1455,1,0.999761,0.999999,0.000238,0.02
1456,1,0.999929,0.999999,7e-05,0.01
1457,1,0.999916,0.999999,8.3e-05,0.01
1458,1,0.994061,0.999999,0.005938,0.6
1459,0,9.1e-05,0.999999,0.999908,1098679.27
1460,1,0.995496,0.999999,0.004503,0.45
1461,0,9.2e-05,0.999999,0.999907,1086737.31
1462,1,0.999925,0.999999,7.4e-05,0.01
1463,0,8.2e-05,0.999999,0.999917,1219262.29
1464,1,0.999957,0.999999,4.2e-05,0.0
1465,0,0.000166,0.999999,0.999833,602272.75
1466,0,0.000132,0.999999,0.999867,757417.62
1467,1,0.999937,0.999999,6.2e-05,0.01
1468,1,0.999618,0.999999,0.000381,0.04
1469,0,0.000834,0.999999,0.999165,119802.52
1470,1,0.999918,0.999999,8.1e-05,0.01
1471,0,7.6e-05,0.999999,0.999923,1315515.06
1472,1,0.999965,0.999999,3.4e-05,0.0
1473,0,0.002871,0.999999,0.997128,34730.91
1474,1,0.999836,0.999999,0.000163,0.02
1475,0,0.000251,0.999999,0.999748,398290.11
1476,0,0.879769,0.999999,0.12023,13.67
1477,0,0.000115,0.999999,0.999884,869388.75
1478,0,0.001013,0.999999,0.998986,98615.61
1479,1,0.999864,0.999999,0.000135,0.01
1480,0,3.7e-05,0.999999,0.999962,2701869.76
1481,1,0.999691,0.999999,0.000308,0.03
1482,1,0.999913,0.999999,8.6e-05,0.01
1483,0,0.001789,0.999999,0.99821,55796.78
1484,0,0.000111,0.999999,0.999888,900718.85
1485,1,0.999902,0.999999,9.7e-05,0.01
1486,0,0.00076,0.999999,0.999239,131477.09
1487,0,0.000382,0.999999,0.999617,261672.99
1488,0,4.7e-05,0.999999,0.999952,2127104.87
1489,0,0.003173,0.999999,0.996826,31415.79
1490,1,0.999518,0.999999,0.000481,0.05
1491,0,0.000123,0.999999,0.999876,812841.23
1492,0,0.007398,0.999999,0.992601,13417.14
1493,0,4.4e-05,0.999999,0.999955,2272108.61
1494,1,0.999873,0.999999,0.000126,0.01
1495,0,0.000159,0.999999,0.99984,628790.64
1496,1,0.999963,0.999999,3.6e-05,0.0
1497,0,0.001143,0.999999,0.998856,87388.21
1498,1,0.99922,0.999999,0.000779,0.08
1499,1,0.999584,0.999999,0.000415,0.04
1500,1,0.999649,0.999999,0.00035,0.04
1501,0,0.000872,0.999999,0.999127,114577.47
1502,1,0.999716,0.999999,0.000283,0.03
1503,1,0.999863,0.999999,0.000136,0.01
1504,1,0.999952,0.999999,4.7e-05,0.0
1505,0,0.000168,0.999999,0.999831,595102.08
1506,1,0.999907,0.999999,9.2e-05,0.01
1507,1,0.999942,0.999999,5.7e-05,0.01
1508,1,0.999894,0.999999,0.000105,0.01
1509,0,0.000505,0.999999,0.999494,197915.68
1510,0,0.000102,0.999999,0.999897,980195.08
1511,0,0.000216,0.999999,0.999783,462841.07
1512,1,0.999909,0.999999,9e-05,0.01
1513,0,0.000222,0.999999,0.999777,450329.71
1514,1,0.999781,0.999999,0.000218,0.02
1515,1,0.998506,0.999999,0.001493,0.15
1516,0,7.8e-05,0.999999,0.999921,1281785.67
1517,0,0.001142,0.999999,0.998857,87464.82
1518,0,7.1e-05,0.999999,0.999928,1408150.96
1519,0,0.000105,0.999999,0.999894,952189.32
1520,0,0.001593,0.999999,0.998406,62674.18
1521,0,0.84984,0.999999,0.150159,17.67
1522,0,6.7e-05,0.999999,0.999932,1492213.1
1523,1,0.999957,0.999999,4.2e-05,0.0
1524,0,0.001177,0.999999,0.998822,84860.96
1525,1,0.999967,0.999999,3.2e-05,0.0
1526,0,0.00072,0.999999,0.999279,138786.82
1527,1,0.999506,0.999999,0.000493,0.05
1528,0,0.000795,0.999999,0.999204,125684.46
1529,1,0.99993,0.999999,6.9e-05,0.01
1530,0,7.2e-05,0.999999,0.999927,1388594.64
1531,1,0.997019,0.999999,0.00298,0.3
1532,0,0.000432,0.999999,0.999567,231375.89
1533,0,5.3e-05,0.999999,0.999946,1886334.65
1534,1,0.991762,0.999999,0.008237,0.83
1535,0,5.5e-05,0.999999,0.999944,1817749.5
1536,0,0.000156,0.999999,0.999843,640883.92
1537,1,0.99994,0.999999,5.9e-05,0.01
1538,1,0.999906,0.999999,9.3e-05,0.01
1539,0,4.8e-05,0.999999,0.999951,2082797.33
1540,1,0.999886,0.999999,0.000113,0.01
1541,0,8.9e-05,0.999999,0.99991,1123368.16
1542,1,0.999327,0.999999,0.000672,0.07
1543,1,0.999825,0.999999,0.000174,0.02
1544,1,0.985192,0.999999,0.014807,1.5
1545,0,6.1e-05,0.999999,0.999938,1638973.94
1546,0,9e-05,0.999999,0.999909,1110886.57
1547,0,0.000219,0.999999,0.99978,456499.7
1548,0,4.4e-05,0.999999,0.999955,2272108.61
1549,0,0.000268,0.999999,0.999731,373020.04
1550,1,0.996896,0.999999,0.003103,0.31
1551,1,0.897396,0.999999,0.102603,11.43
1552,1,0.999868,0.999999,0.000131,0.01
1553,1,0.999967,0.999999,3.2e-05,0.0
1554,0,0.001108,0.999999,0.998891,90151.8
1555,0,4.8e-05,0.999999,0.999951,2082797.33
1556,0,0.003634,0.999999,0.996365,27417.78
1557,0,0.000533,0.999999,0.999466,187513.56
1558,0,0.001487,0.999999,0.998512,67148.98
1559,0,0.000316,0.999999,0.999683,316345.37
1560,0,0.000308,0.999999,0.999691,324564.46
1561,0,6.4e-05,0.999999,0.999935,1562154.35
1562,0,0.000194,0.999999,0.999805,515336.84
1563,1,0.999881,0.999999,0.000118,0.01
1564,1,0.999923,0.999999,7.6e-05,0.01
1565,0,0.002197,0.999999,0.997802,45416.36
1566,1,0.999921,0.999999,7.8e-05,0.01
1567,1,0.998906,0.999999,0.001093,0.11
1568,1,0.989388,0.999999,0.01061,1.07
1569,0,0.000181,0.999999,0.999818,552355.12
1570,1,0.999928,0.999999,7.1e-05,0.01
1571,0,7.4e-05,0.999999,0.999925,1351067.42
1572,1,0.99981,0.999999,0.000189,0.02
1573,0,0.000401,0.999999,0.999598,249270.09
1574,0,7e-05,0.999999,0.999929,1428265.96
1575,0,0.000716,0.999999,0.999283,139562.72
1576,0,0.00021,0.999999,0.999789,476067.33
1577,1,0.999983,0.999999,1.6e-05,0.0
1578,0,0.000284,0.999999,0.999715,351999.93
1579,1,0.999944,0.999999,5.5e-05,0.01
1580,1,0.999872,0.999999,0.000127,0.01
1581,1,0.999923,0.999999,7.6e-05,0.01
1582,0,0.000121,0.999999,0.999878,826277.17
1583,1,0.999932,0.999999,6.7e-05,0.01
1584,0,0.000552,0.999999,0.999447,181055.96
1585,1,0.999783,0.999999,0.000216,0.02
1586,0,4.8e-05,0.999999,0.999951,2082797.33
1587,1,0.998697,0.999999,0.001302,0.13
1588,0,0.00876,0.999999,0.991239,11315.5
1589,1,0.999313,0.999999,0.000686,0.07
1590,0,0.000183,0.999999,0.999816,546317.69
1591,1,0.999877,0.999999,0.000122,0.01
1592,1,0.999783,0.999999,0.000216,0.02
1593,1,0.997322,0.999999,0.002677,0.27
1594,0,6.1e-05,0.999999,0.999938,1638973.94
1595,1,0.999726,0.999999,0.000273,0.03
1596,1,0.999909,0.999999,9e-05,0.01
1597,1,0.999931,0.999999,6.8e-05,0.01
1598,1,0.999835,0.999999,0.000164,0.02
1599,0,0.000199,0.999999,0.9998,502386.81
1600,1,0.999792,0.999999,0.000207,0.02
1601,1,0.999795,0.999999,0.000204,0.02
1602,0,0.000104,0.999999,0.999895,961345.06
1603,1,0.810437,0.999999,0.189562,23.39
1604,0,0.000104,0.999999,0.999895,961345.06
1605,0,0.000567,0.999999,0.999432,176263.56
1606,0,5e-05,0.999999,0.999949,1999498.1
1607,0,0.000155,0.999999,0.999844,645019.03
1608,0,0.000131,0.999999,0.999868,763199.76
1609,1,0.999878,0.999999,0.000121,0.01
1610,1,0.99229,0.999999,0.007709,0.78
1611,0,0.000208,0.999999,0.999791,480645.64
1612,1,0.999803,0.999999,0.000196,0.02
1613,0,0.000123,0.999999,0.999876,812841.23
1614,1,0.999942,0.999999,5.7e-05,0.01
1615,0,0.001155,0.999999,0.998844,86479.25
1616,1,0.999954,0.999999,4.5e-05,0.0
1617,0,9.9e-05,0.999999,0.9999,1009897.99
1618,1,0.999947,0.999999,5.2e-05,0.01
1619,1,0.999671,0.999999,0.000328,0.03
1620,0,7.7e-05,0.999999,0.999922,1298431.37
1621,1,0.999955,0.999999,4.4e-05,0.0
1622,0,0.000168,0.999999,0.999831,595102.08
1623,1,0.999579,0.999999,0.00042,0.04
1624,0,0.000574,0.999999,0.999425,174112.82
1625,1,0.999943,0.999999,5.6e-05,0.01
1626,1,0.998271,0.999999,0.001728,0.17
1627,0,0.000216,0.999999,0.999783,462841.07
1628,1,0.999884,0.999999,0.000115,0.01
1629,0,9.2e-05,0.999999,0.999907,1086737.31
1630,1,0.999944,0.999999,5.5e-05,0.01
1631,1,0.999972,0.999999,2.7e-05,0.0
1632,1,0.999956,0.999999,4.3e-05,0.0
1633,0,0.000317,0.999999,0.999682,315347.15
1634,0,0.000269,0.999999,0.99973,371633.02
1635,0,7.5e-05,0.999999,0.999924,1333054.26
1636,0,8.6e-05,0.999999,0.999913,1162554.35
1637,1,0.999969,0.999999,3e-05,0.0
1638,0,3.2e-05,0.999999,0.999967,3123920.65
1639,0,0.000274,0.999999,0.999725,364849.82
1640,0,0.000486,0.999999,0.999513,205656.88
1641,0,0.009813,0.999999,0.990186,10090.54
1642,1,0.999887,0.999999,0.000112,0.01
1643,1,0.999927,0.999999,7.2e-05,0.01
1644,1,0.999958,0.999999,4.1e-05,0.0
1645,1,0.999935,0.999999,6.4e-05,0.01
1646,0,6.6e-05,0.999999,0.999933,1514820.48
1647,0,0.000482,0.999999,0.999517,207364.37
1648,0,0.002067,0.999999,0.997932,48279.01
1649,0,0.000979,0.999999,0.99902,102043.9
1650,0,0.005103,0.999999,0.994896,19496.26
1651,1,0.999885,0.999999,0.000114,0.01
1652,1,0.999965,0.999999,3.4e-05,0.0
1653,0,7.9e-05,0.999999,0.99992,1265561.32
1654,1,0.999585,0.999999,0.000414,0.04
1655,1,0.975424,0.999999,0.024575,2.52
1656,1,0.999643,0.999999,0.000356,0.04
1657,0,0.000286,0.999999,0.999713,349537.78
1658,1,0.99995,0.999999,4.9e-05,0.0
1659,0,0.000603,0.999999,0.999396,165734.56
1660,0,0.19575,0.999999,0.804249,410.86
1661,0,5.8e-05,0.999999,0.999941,1723739.01
1662,0,0.003267,0.999999,0.996732,30509.0
1663,0,5e-05,0.999999,0.999949,1999498.1
1664,0,0.000147,0.999999,0.999852,680125.16
1665,1,0.999896,0.999999,0.000103,0.01
1666,1,0.99964,0.999999,0.000359,0.04
1667,0,6.8e-05,0.999999,0.999931,1470270.55
1668,0,7.2e-05,0.999999,0.999927,1388594.64
1669,1,0.99888,0.999999,0.001119,0.11
1670,1,0.999808,0.999999,0.000191,0.02
1671,1,0.99981,0.999999,0.000189,0.02
1672,1,0.999266,0.999999,0.000733,0.07
1673,1,0.999752,0.999999,0.000247,0.02
1674,1,0.99955,0.999999,0.000449,0.04
1675,1,0.999863,0.999999,0.000136,0.01
1676,0,0.001318,0.999999,0.998681,75771.88
1677,0,0.0004,0.999999,0.999599,249893.5
1678,0,5.1e-05,0.999999,0.999948,1960297.98
1679,0,0.000441,0.999999,0.999558,226652.0
1680,0,4.3e-05,0.999999,0.999956,2324938.39
1681,1,0.999896,0.999999,0.000103,0.01
1682,1,0.999941,0.999999,5.8e-05,0.01
1683,1,0.999888,0.999999,0.000111,0.01
1684,0,0.023129,0.999999,0.97687,4223.57
1685,0,0.006694,0.999999,0.993305,14838.71
1686,0,0.000211,0.999999,0.999788,473810.72
1687,1,0.999914,0.999999,8.5e-05,0.01
1688,1,0.999917,0.999999,8.2e-05,0.01
1689,0,0.002521,0.999999,0.997478,39566.6
1690,0,0.000197,0.999999,0.999802,507487.94
1691,1,0.999883,0.999999,0.000116,0.01
1692,1,0.999935,0.999999,6.4e-05,0.01
1693,0,0.000853,0.999999,0.999146,117131.8
1694,0,0.000599,0.999999,0.9994,166841.96
1695,0,0.000204,0.999999,0.999795,490071.57
1696,1,0.999935,0.999999,6.4e-05,0.01
1697,0,0.000154,0.999999,0.999845,649207.84
1698,1,0.999531,0.999999,0.000468,0.05
1699,0,0.002537,0.999999,0.997462,39316.44
1700,0,1.8e-05,0.999999,0.999981,5552365.35
1701,1,0.999971,0.999999,2.8e-05,0.0
1702,0,0.000321,0.999999,0.999678,311416.47
1703,0,7.3e-05,0.999999,0.999926,1369574.03
1704,0,0.060194,0.999999,0.939805,1561.29
1705,0,0.000573,0.999999,0.999426,174416.85
1706,1,0.999954,0.999999,4.5e-05,0.0
1707,0,0.000149,0.999999,0.99985,670995.24
1708,1,0.995836,0.999999,0.004163,0.42
1709,0,0.068731,0.999999,0.931268,1354.95
1710,0,0.000354,0.999999,0.999645,282377.62
1711,0,6.8e-05,0.999999,0.999931,1470270.55
1712,1,0.999895,0.999999,0.000104,0.01
1713,0,5.6e-05,0.999999,0.999943,1785293.7
1714,1,0.999957,0.999999,4.2e-05,0.0
1715,0,0.001805,0.999999,0.998194,55301.3
1716,0,0.000447,0.999999,0.999552,223608.42
1717,0,2.4e-05,0.999999,0.999975,4164827.16
1718,0,0.000208,0.999999,0.999791,480645.64
1719,1,0.999968,0.999999,3.1e-05,0.0
1720,0,0.00756,0.999999,0.992439,13127.48
1721,1,0.999921,0.999999,7.8e-05,0.01
1722,0,0.000163,0.999999,0.999836,613358.69
1723,1,0.999946,0.999999,5.3e-05,0.01
1724,0,0.000994,0.999999,0.999005,100502.51
1725,1,0.999955,0.999999,4.4e-05,0.0
1726,1,0.999723,0.999999,0.000276,0.03
1727,0,6e-05,0.999999,0.999939,1666287.29
1728,1,0.99978,0.999999,0.000219,0.02
1729,1,0.999659,0.999999,0.00034,0.03
1730,0,0.000597,0.999999,0.999402,167401.22
1731,1,0.999654,0.999999,0.000345,0.03
1732,1,0.999621,0.999999,0.000378,0.04
1733,0,0.001108,0.999999,0.998891,90151.8
1734,1,0.93306,0.999999,0.066939,7.17
1735,0,0.000264,0.999999,0.999735,378673.16
1736,0,0.000206,0.999999,0.999793,485312.85
1737,0,0.000149,0.999999,0.99985,670995.24
1738,0,0.000113,0.999999,0.999886,884776.57
1739,1,0.999893,0.999999,0.000106,0.01
1740,0,0.005663,0.999999,0.994336,17558.44
1741,1,0.999785,0.999999,0.000214,0.02
1742,0,0.00105,0.999999,0.998949,95137.09
1743,0,0.0036,0.999999,0.996399,27677.67
1744,1,0.999972,0.999999,2.7e-05,0.0
1745,1,0.999152,0.999999,0.000847,0.08
1746,1,0.999967,0.999999,3.2e-05,0.0
1747,1,0.999921,0.999999,7.8e-05,0.01
1748,1,0.999949,0.999999,5e-05,0.01
1749,0,0.000159,0.999999,0.99984,628790.64
1750,0,5.8e-05,0.999999,0.999941,1723739.01
1751,1,0.999858,0.999999,0.000141,0.01
1752,0,0.000897,0.999999,0.999102,111381.37
1753,0,0.000243,0.999999,0.999756,411405.29
1754,0,0.00031,0.999999,0.999689,322469.92
1755,1,0.999854,0.999999,0.000145,0.01
1756,0,0.00018,0.999999,0.999819,555424.14
1757,1,0.995066,0.999999,0.004933,0.5
1758,0,0.000521,0.999999,0.999478,191834.71
1759,1,0.999931,0.999999,6.8e-05,0.01
1760,0,2.2e-05,0.999999,0.999977,4543284.87
1761,0,0.000296,0.999999,0.999703,337726.09
1762,1,0.999962,0.999999,3.7e-05,0.0
1763,1,0.999935,0.999999,6.4e-05,0.01
1764,1,0.999802,0.999999,0.000197,0.02
1765,1,0.999906,0.999999,9.3e-05,0.01
1766,0,0.000338,0.999999,0.999661,295748.94
1767,1,0.999515,0.999999,0.000484,0.05
1768,1,0.999225,0.999999,0.000774,0.08
1769,0,0.000539,0.999999,0.99946,185425.13
1770,1,0.998569,0.999999,0.00143,0.14
1771,1,0.999964,0.999999,3.4e-05,0.0
1772,0,0.000403,0.999999,0.999596,248032.56
1773,0,1.8e-05,0.999999,0.999981,5552365.35
1774,1,0.999479,0.999999,0.00052,0.05
1775,0,0.000755,0.999999,0.999244,132348.45
1776,1,0.999854,0.999999,0.000145,0.01
1777,1,0.99962,0.999999,0.000379,0.04
1778,1,0.99997,0.999999,2.9e-05,0.0
1779,1,0.795975,0.999999,0.204024,25.63
1780,0,0.00133,0.999999,0.998669,75087.33
1781,0,0.000176,0.999999,0.999823,568048.97
1782,1,0.999888,0.999999,0.000111,0.01
1783,1,0.999904,0.999999,9.5e-05,0.01
1784,0,0.000538,0.999999,0.999461,185769.97
1785,0,0.000119,0.999999,0.99988,840164.69
1786,1,0.999961,0.999999,3.8e-05,0.0
1787,0,0.0001,0.999999,0.999899,999799.02
1788,1,0.996628,0.999999,0.003371,0.34
1789,0,0.000102,0.999999,0.999897,980195.08
1790,1,0.999965,0.999999,3.4e-05,0.0
1791,1,0.998612,0.999999,0.001387,0.14
1792,0,0.000319,0.999999,0.99968,313369.49
1793,1,0.999553,0.999999,0.000446,0.04
1794,0,9.2e-05,0.999999,0.999907,1086737.31
1795,0,0.001395,0.999999,0.998604,71584.0
1796,0,0.003239,0.999999,0.99676,30773.6
1797,1,0.999903,0.999999,9.6e-05,0.01
1798,1,0.999969,0.999999,3e-05,0.0
1799,1,0.999342,0.999999,0.000657,0.07
1800,1,0.999896,0.999999,0.000103,0.01
1801,0,9.7e-05,0.999999,0.999902,1030720.54
1802,1,0.999151,0.999999,0.000848,0.08
1803,1,0.999954,0.999999,4.5e-05,0.0
1804,1,0.999941,0.999999,5.8e-05,0.01
1805,0,0.000593,0.999999,0.999406,168531.05
1806,1,0.999858,0.999999,0.00014,0.01
1807,1,0.999882,0.999999,0.000117,0.01
1808,1,0.999852,0.999999,0.000147,0.01
1809,1,0.99989,0.999999,0.000109,0.01
1810,1,0.999955,0.999999,4.4e-05,0.0
1811,0,0.00023,0.999999,0.999769,434663.28
1812,0,2.8e-05,0.999999,0.999971,3570049.98
1813,0,0.000749,0.999999,0.99925,133409.43
1814,1,0.999906,0.999999,9.3e-05,0.01
1815,0,6.3e-05,0.999999,0.999936,1586948.1
1816,1,0.999904,0.999999,9.5e-05,0.01
1817,0,9.5e-05,0.999999,0.999904,1052419.75
1818,1,0.998986,0.999999,0.001013,0.1
1819,0,0.000162,0.999999,0.999837,617145.24
1820,0,0.131228,0.999999,0.868771,662.03
1821,1,0.999961,0.999999,3.8e-05,0.0
1822,0,0.000125,0.999999,0.999874,799835.21
1823,0,3.3e-05,0.999999,0.999966,3029282.04
1824,1,0.999924,0.999999,7.5e-05,0.01
1825,1,0.999864,0.999999,0.000135,0.01
1826,0,0.000237,0.999999,0.999762,421822.71
1827,0,0.0001,0.999999,0.999899,999799.02
1828,1,0.999728,0.999999,0.000271,0.03
1829,0,0.000944,0.999999,0.999055,105830.98
1830,1,0.999739,0.999999,0.00026,0.03
1831,0,7.2e-05,0.999999,0.999927,1388594.64
1832,0,0.0009,0.999999,0.999099,111009.77
1833,0,0.000412,0.999999,0.999587,242612.32
1834,0,0.00041,0.999999,0.999589,243796.25
1835,1,0.999939,0.999999,6e-05,0.01
1836,1,0.999974,0.999999,2.5e-05,0.0
1837,0,0.001431,0.999999,0.998568,69780.64
1838,1,0.999886,0.999999,0.000113,0.01
1839,1,0.99987,0.999999,0.000129,0.01
1840,1,0.999754,0.999999,0.000244,0.02
1841,0,0.000496,0.999999,0.999503,201508.64
1842,1,0.999941,0.999999,5.8e-05,0.01
1843,1,0.99986,0.999999,0.000138,0.01
1844,1,0.999846,0.999999,0.000153,0.02
1845,0,0.000253,0.999999,0.999746,395140.9
1846,1,0.999972,0.999999,2.7e-05,0.0
1847,0,6.4e-05,0.999999,0.999935,1562154.35
1848,0,2.9e-05,0.999999,0.99997,3446983.8
1849,0,0.000241,0.999999,0.999758,414820.13
1850,0,0.000544,0.999999,0.999455,183719.97
1851,0,0.000853,0.999999,0.999146,117131.8
1852,0,8.8e-05,0.999999,0.999911,1136133.39
1853,1,0.996824,0.999999,0.003175,0.32
1854,0,0.000123,0.999999,0.999876,812841.23
1855,1,0.999969,0.999999,3e-05,0.0
1856,1,0.99998,0.999999,1.9e-05,0.0
1857,1,0.434474,0.999999,0.565525,130.16
1858,1,0.999821,0.999999,0.000178,0.02
1859,1,0.999955,0.999999,4.4e-05,0.0
1860,1,0.999853,0.999999,0.000146,0.01
1861,1,0.999487,0.999999,0.000512,0.05
1862,1,0.999618,0.999999,0.000381,0.04
1863,0,0.001039,0.999999,0.99896,96145.37
1864,0,0.000188,0.999999,0.999811,531786.08
1865,0,7e-05,0.999999,0.999929,1428265.96
1866,0,7.9e-05,0.999999,0.99992,1265561.32
1867,0,0.000159,0.999999,0.99984,628790.64
1868,1,0.9999,0.999999,9.9e-05,0.01
1869,1,0.999895,0.999999,0.000104,0.01
1870,1,0.999969,0.999999,3e-05,0.0
1871,0,8.6e-05,0.999999,0.999913,1162554.35
1872,0,0.000444,0.999999,0.999555,225119.93
1873,1,0.999816,0.999999,0.000183,0.02
1874,0,2.5e-05,0.999999,0.999974,3998296.68
1875,1,0.999852,0.999999,0.000147,0.01
1876,0,0.002995,0.999999,0.997004,33288.84
1877,0,0.000336,0.999999,0.999663,297509.9
1878,1,0.999933,0.999999,6.6e-05,0.01
1879,1,0.998456,0.999999,0.001543,0.15
1880,1,0.99958,0.999999,0.000419,0.04
1881,0,0.000144,0.999999,0.999855,694295.54
1882,1,0.999911,0.999999,8.8e-05,0.01
1883,1,0.99952,0.999999,0.000479,0.05
1884,1,0.999542,0.999999,0.000457,0.05
1885,1,0.999963,0.999999,3.6e-05,0.0
1886,1,0.999834,0.999999,0.000165,0.02
1887,0,0.00218,0.999999,0.997819,45771.3
1888,0,3.9e-05,0.999999,0.99996,2563342.73
1889,0,0.000813,0.999999,0.999186,122899.6
1890,1,0.999603,0.999999,0.000396,0.04
1891,1,0.665815,0.999999,0.334184,50.19
1892,0,5.8e-05,0.999999,0.999941,1723739.01
1893,1,0.999947,0.999999,5.2e-05,0.01
1894,0,0.002608,0.999999,0.997391,38243.37
1895,0,0.000284,0.999999,0.999715,351999.93
1896,0,0.000499,0.999999,0.9995,200296.59
1897,1,0.999656,0.999999,0.000343,0.03
1898,1,0.999644,0.999999,0.000355,0.04
1899,0,0.05745,0.999999,0.942549,1640.64
1900,0,0.000105,0.999999,0.999894,952189.32
1901,1,0.999588,0.999999,0.000411,0.04
1902,1,0.999951,0.999999,4.8e-05,0.0
1903,0,0.000242,0.999999,0.999757,413105.66
1904,1,0.999246,0.999999,0.000753,0.08
1905,1,0.994714,0.999999,0.005285,0.53
1906,1,0.999974,0.999999,2.4e-05,0.0
1907,0,0.000254,0.999999,0.999745,393584.9
1908,1,0.999907,0.999999,9.2e-05,0.01
1909,1,0.999954,0.999999,4.5e-05,0.0
1910,1,0.999878,0.999999,0.000121,0.01
1911,1,0.999901,0.999999,9.8e-05,0.01
1912,0,0.000825,0.999999,0.999174,121110.53
1913,0,0.010327,0.999999,0.989672,9583.34
1914,0,2.4e-05,0.999999,0.999975,4164827.16
1915,0,0.001486,0.999999,0.998513,67194.23
1916,0,0.000124,0.999999,0.999875,806285.78
1917,0,0.000211,0.999999,0.999788,473810.72
1918,0,0.002697,0.999999,0.997302,36978.06
1919,0,8.4e-05,0.999999,0.999915,1190233.31
1920,0,0.00011,0.999999,0.999889,908907.37
1921,1,0.999767,0.999999,0.000232,0.02
1922,1,0.999761,0.999999,0.000238,0.02
1923,0,0.000701,0.999999,0.999298,142551.18
1924,1,0.999556,0.999999,0.000443,0.04
1925,0,0.000475,0.999999,0.999524,210421.68
1926,1,0.996532,0.999999,0.003467,0.35
1927,1,0.998601,0.999999,0.001398,0.14
1928,1,0.99989,0.999999,0.000109,0.01
1929,0,4.2e-05,0.999999,0.999957,2380283.27
1930,0,0.007551,0.999999,0.992448,13143.25
1931,1,0.983751,0.999999,0.016248,1.65
1932,0,0.000656,0.999999,0.999343,152336.55
1933,0,0.002433,0.999999,0.997566,41001.31
1934,0,2.8e-05,0.999999,0.999971,3570049.98
1935,1,0.999952,0.999999,4.7e-05,0.0
1936,0,0.000455,0.999999,0.999544,219675.17
1937,1,0.998622,0.999999,0.001377,0.14
1938,0,0.000518,0.999999,0.999481,192946.28
1939,0,7.5e-05,0.999999,0.999924,1333054.26
1940,0,0.000178,0.999999,0.999821,561665.64
1941,1,0.999965,0.999999,3.4e-05,0.0
1942,0,0.000157,0.999999,0.999842,636801.48
1943,0,0.005449,0.999999,0.99455,18251.94
1944,0,7.4e-05,0.999999,0.999925,1351067.42
1945,1,0.999931,0.999999,6.8e-05,0.01
1946,0,4.3e-05,0.999999,0.999956,2324938.39
1947,1,0.999971,0.999999,2.8e-05,0.0
1948,1,0.999609,0.999999,0.00039,0.04
1949,1,0.999865,0.999999,0.000134,0.01
1950,0,0.001931,0.999999,0.998068,51686.32
1951,0,0.000189,0.999999,0.99981,528972.01
1952,0,0.000299,0.999999,0.9997,334336.64
1953,1,0.999235,0.999999,0.000764,0.08
1954,0,0.000971,0.999999,0.999028,102885.45
1955,0,7.5e-05,0.999999,0.999924,1333054.26
1956,1,0.980057,0.999999,0.019942,2.03
1957,0,0.005237,0.999999,0.994762,18994.85
1958,0,0.003083,0.999999,0.996916,32335.8
1959,1,0.999045,0.999999,0.000954,0.1
1960,1,0.999945,0.999999,5.4e-05,0.01
1961,1,0.997323,0.999999,0.002676,0.27
1962,1,0.999928,0.999999,7.1e-05,0.01
1963,0,0.00012,0.999999,0.999879,833163.07
1964,0,0.000846,0.999999,0.999153,118101.8
1965,0,0.000172,0.999999,0.999827,581260.97
1966,1,0.999801,0.999999,0.000198,0.02
1967,0,0.000306,0.999999,0.999693,326686.38
1968,0,2.1e-05,0.999999,0.999978,4759533.56
1969,1,0.999894,0.999999,0.000105,0.01
1970,1,0.999949,0.999999,5e-05,0.01
1971,1,0.999878,0.999999,0.000121,0.01
1972,1,0.955507,0.999999,0.044492,4.66
1973,1,0.999914,0.999999,8.5e-05,0.01
1974,1,0.999676,0.999999,0.000323,0.03
1975,0,4.8e-05,0.999999,0.999951,2082797.33
1976,0,0.001346,0.999999,0.998653,74193.58
1977,0,0.000173,0.999999,0.999826,577900.7
1978,1,0.999909,0.999999,9e-05,0.01
1979,0,0.002166,0.999999,0.997833,46067.79
1980,0,0.000216,0.999999,0.999783,462841.07
1981,1,0.999856,0.999999,0.000143,0.01
1982,0,5.2e-05,0.999999,0.999947,1922605.27
1983,1,0.99994,0.999999,5.9e-05,0.01
1984,1,0.985477,0.999999,0.014522,1.47
1985,1,0.999975,0.999999,2.4e-05,0.0
1986,0,0.0003,0.999999,0.999699,333221.89
1987,0,0.000387,0.999999,0.999612,258291.0
1988,1,0.999978,0.999999,2.1e-05,0.0
1989,0,0.000257,0.999999,0.999742,388989.53
1990,0,6.1e-05,0.999999,0.999938,1638973.94
1991,0,0.000304,0.999999,0.999695,328836.22
1992,1,0.999955,0.999999,4.4e-05,0.0
1993,0,0.00012,0.999999,0.999879,833163.07
1994,1,0.999972,0.999999,2.7e-05,0.0
1995,0,0.001982,0.999999,0.998017,50353.78
1996,1,0.999961,0.999999,3.8e-05,0.0
1997,0,0.996243,0.999999,0.003756,0.38
1998,0,0.000112,0.999999,0.999887,892676.55
1999,0,6.3e-05,0.999999,0.999936,1586948.1
2000,0,0.000368,0.999999,0.999631,271631.48
2001,1,0.999744,0.999999,0.000255,0.03
2002,0,0.000637,0.999999,0.999362,156883.25
2003,1,0.979413,0.999999,0.020586,2.1
2004,0,0.000405,0.999999,0.999594,246807.24
2005,0,0.000118,0.999999,0.999881,847284.98
2006,1,0.999935,0.999999,6.4e-05,0.01
2007,1,0.999981,0.999999,1.8e-05,0.0
2008,0,0.000143,0.999999,0.999856,699151.11
2009,1,0.998967,0.999999,0.001032,0.1
2010,0,0.000689,0.999999,0.99931,145035.63
2011,1,0.999903,0.999999,9.6e-05,0.01
2012,1,0.99938,0.999999,0.000619,0.06
2013,0,4.1e-05,0.999999,0.999958,2438327.24
2014,0,4.2e-05,0.999999,0.999957,2380283.27
2015,0,0.002824,0.999999,0.997175,35310.6
2016,0,0.000378,0.999999,0.999621,264443.0
2017,0,0.000268,0.999999,0.999731,373020.04
2018,1,0.999894,0.999999,0.000105,0.01
2019,1,0.999472,0.999999,0.000527,0.05
2020,0,0.018784,0.999999,0.981215,5223.67
2021,1,0.999942,0.999999,5.7e-05,0.01
2022,0,0.000151,0.999999,0.999848,662107.15
2023,1,0.999942,0.999999,5.7e-05,0.01
2024,0,0.003739,0.999999,0.99626,26645.02
2025,0,0.000115,0.999999,0.999884,869388.75
2026,0,7.9e-05,0.999999,0.99992,1265561.32
2027,0,0.001704,0.999999,0.998295,58585.04
2028,0,0.000128,0.999999,0.999871,781088.2
2029,1,0.999879,0.999999,0.00012,0.01
2030,0,0.000318,0.999999,0.999681,314355.21
2031,0,0.000162,0.999999,0.999837,617145.24
2032,1,0.999976,0.999999,2.3e-05,0.0
2033,1,0.9999,0.999999,9.9e-05,0.01
2034,0,0.001229,0.999999,0.99877,81266.22
2035,0,0.000561,0.999999,0.999438,178149.77
2036,1,0.999942,0.999999,5.7e-05,0.01
2037,1,0.9997,0.999999,0.000299,0.03
2038,1,0.999945,0.999999,5.4e-05,0.01
2039,0,0.00011,0.999999,0.999889,908907.37
2040,0,0.002219,0.999999,0.99778,44965.1
2041,0,0.000528,0.999999,0.999471,189290.16
2042,0,0.002623,0.999999,0.997376,38024.1
2043,0,0.000255,0.999999,0.999744,392041.1
2044,0,0.78731,0.999999,0.212688,27.01
2045,0,0.00038,0.999999,0.999619,263050.71
2046,1,0.999967,0.999999,3.2e-05,0.0
2047,1,0.999816,0.999999,0.000183,0.02
2048,1,0.999339,0.999999,0.00066,0.07
2049,0,5.6e-05,0.999999,0.999943,1785293.7
2050,0,0.000159,0.999999,0.99984,628790.64
2051,0,0.002174,0.999999,0.997825,45897.9
2052,1,0.296512,0.999999,0.703486,237.25
2053,0,4.7e-05,0.999999,0.999952,2127104.87
2054,0,0.001233,0.999999,0.998766,81002.26
2055,0,0.001783,0.999999,0.998216,55984.88
2056,1,0.999893,0.999999,0.000106,0.01
2057,0,0.001171,0.999999,0.998828,85296.28
2058,1,0.999956,0.999999,4.3e-05,0.0
2059,0,0.000174,0.999999,0.999825,574579.05
2060,1,0.999927,0.999999,7.2e-05,0.01
2061,0,0.000163,0.999999,0.999836,613358.69
2062,0,0.000825,0.999999,0.999174,121110.53
2063,1,0.999947,0.999999,5.2e-05,0.01
2064,0,0.000467,0.999999,0.999532,214027.97
2065,1,0.999976,0.999999,2.2e-05,0.0
2066,0,6e-05,0.999999,0.999939,1666287.29
2067,1,0.99997,0.999999,2.9e-05,0.0
2068,1,0.999904,0.999999,9.5e-05,0.01
2069,0,0.008375,0.999999,0.991624,11840.27
2070,1,0.999708,0.999999,0.00029,0.03
2071,0,0.001652,0.999999,0.998347,60432.26
2072,1,0.999838,0.999999,0.000161,0.02
2073,0,0.000453,0.999999,0.999546,220645.46
2074,0,5.8e-05,0.999999,0.999941,1723739.01
2075,0,0.001437,0.999999,0.998562,69488.87
2076,0,0.001187,0.999999,0.998812,84145.21
2077,1,0.999694,0.999999,0.000305,0.03
2078,1,0.999836,0.999999,0.000163,0.02
2079,0,2.4e-05,0.999999,0.999975,4164827.16
2080,0,0.00285,0.999999,0.997149,34987.56
2081,1,0.999947,0.999999,5.2e-05,0.01
2082,0,0.00045,0.999999,0.999549,222117.06
2083,1,0.999777,0.999999,0.000222,0.02
2084,1,0.984965,0.999999,0.015034,1.53
2085,0,0.000629,0.999999,0.99937,158879.83
2086,0,0.000279,0.999999,0.99972,358309.74
2087,1,0.99995,0.999999,4.9e-05,0.0
2088,1,0.999965,0.999999,3.4e-05,0.0
2089,0,0.000706,0.999999,0.999293,141540.91
2090,0,9.7e-05,0.999999,0.999902,1030720.54
2091,1,0.999939,0.999999,6e-05,0.01
2092,1,0.999828,0.999999,0.000171,0.02
2093,1,0.999641,0.999999,0.000358,0.04
2094,1,0.999218,0.999999,0.000781,0.08
2095,0,4.3e-05,0.999999,0.999956,2324938.39
2096,0,0.007228,0.999999,0.992771,13735.05
2097,0,3.1e-05,0.999999,0.999968,3224663.01
2098,1,0.999892,0.999999,0.000107,0.01
2099,1,0.999849,0.999999,0.00015,0.02
2100,0,0.000185,0.999999,0.999814,540410.79
2101,1,0.999872,0.999999,0.000127,0.01
2102,1,0.999958,0.999999,4.1e-05,0.0
2103,1,0.999944,0.999999,5.5e-05,0.01
2104,0,0.000138,0.999999,0.999861,724484.46
2105,1,0.999942,0.999999,5.7e-05,0.01
2106,1,0.999873,0.999999,0.000126,0.01
2107,0,0.000106,0.999999,0.999893,943206.3
2108,0,7.8e-05,0.999999,0.999921,1281785.67
2109,0,0.001763,0.999999,0.998236,56621.12
2110,0,0.000117,0.999999,0.999882,854526.96
2111,0,0.000451,0.999999,0.999548,221624.35
2112,1,0.999813,0.999999,0.000186,0.02
2113,1,0.999769,0.999999,0.00023,0.02
2114,1,0.999978,0.999999,2.1e-05,0.0
2115,1,0.990903,0.999999,0.009096,0.92
2116,0,2.7e-05,0.999999,0.999972,3702228.8
2117,0,0.00176,0.999999,0.998239,56717.8
2118,1,0.999904,0.999999,9.5e-05,0.01
2119,1,0.999972,0.999999,2.7e-05,0.0
2120,0,0.000798,0.999999,0.999201,125211.59
2121,0,0.006505,0.999999,0.993494,15272.75
2122,0,0.000106,0.999999,0.999893,943206.3
2123,0,0.000141,0.999999,0.999858,709068.86
2124,0,8.6e-05,0.999999,0.999913,1162554.35
2125,0,0.000152,0.999999,0.999847,657750.81
2126,1,0.871786,0.999999,0.128213,14.71
2127,1,0.999675,0.999999,0.000324,0.03
2128,1,0.999959,0.999999,4e-05,0.0
2129,1,0.999926,0.999999,7.3e-05,0.01
2130,1,0.999894,0.999999,0.000105,0.01
2131,1,0.999914,0.999999,8.5e-05,0.01
2132,1,0.99972,0.999999,0.000279,0.03
2133,0,6.4e-05,0.999999,0.999935,1562154.35
2134,1,0.999937,0.999999,6.2e-05,0.01
2135,1,0.999901,0.999999,9.8e-05,0.01
2136,0,2.8e-05,0.999999,0.999971,3570049.98
2137,0,0.000258,0.999999,0.999741,387481.49
2138,1,0.957254,0.999999,0.042745,4.47
2139,1,0.999932,0.999999,6.6e-05,0.01
2140,0,0.000756,0.999999,0.999243,132173.25
2141,0,0.000212,0.999999,0.999787,471575.4
2142,1,0.999903,0.999999,9.6e-05,0.01
2143,0,0.002569,0.999999,0.99743,38825.46
2144,1,0.999357,0.999999,0.000642,0.06
2145,1,0.999963,0.999999,3.6e-05,0.0
2146,0,4.8e-05,0.999999,0.999951,2082797.33
2147,0,6.1e-05,0.999999,0.999938,1638973.94
2148,1,0.999916,0.999999,8.4e-05,0.01
2149,0,0.000286,0.999999,0.999713,349537.78
2150,1,0.999925,0.999999,7.4e-05,0.01
2151,0,5.7e-05,0.999999,0.999942,1753976.5
2152,0,0.000352,0.999999,0.999647,283982.56
2153,1,0.999239,0.999999,0.00076,0.08
2154,0,0.00029,0.999999,0.999709,344715.35
2155,1,0.999819,0.999999,0.00018,0.02
2156,1,0.999307,0.999999,0.000692,0.07
2157,0,6.1e-05,0.999999,0.999938,1638973.94
2158,0,1.4e-05,0.999999,0.999985,7137651.68
2159,1,0.999966,0.999999,3.3e-05,0.0
2160,0,0.000212,0.999999,0.999787,471575.4
2161,0,0.003609,0.999999,0.99639,27608.4
2162,0,0.000564,0.999999,0.999435,177201.65
2163,0,0.008697,0.999999,0.991302,11398.19
2164,0,4.1e-05,0.999999,0.999958,2438327.24
2165,0,0.295132,0.999999,0.704867,238.83
2166,1,0.999911,0.999999,8.8e-05,0.01
2167,1,0.999975,0.999999,2.4e-05,0.0
2168,0,0.000151,0.999999,0.999848,662107.15
2169,0,0.000273,0.999999,0.999726,366186.59
2170,1,0.999961,0.999999,3.8e-05,0.0
2171,0,0.000243,0.999999,0.999756,411405.29
2172,0,5.1e-05,0.999999,0.999948,1960297.98
2173,1,0.998245,0.999999,0.001754,0.18
2174,0,5.6e-05,0.999999,0.999943,1785293.7
2175,1,0.999978,0.999999,2.1e-05,0.0
2176,0,6.6e-05,0.999999,0.999933,1514820.48
2177,1,0.999752,0.999999,0.000247,0.02
2178,0,0.000136,0.999999,0.999863,735139.33
2179,1,0.999796,0.999999,0.000203,0.02
2180,1,0.998353,0.999999,0.001646,0.16
2181,1,0.999944,0.999999,5.5e-05,0.01
2182,1,0.99994,0.999999,5.9e-05,0.01
2183,1,0.999963,0.999999,3.6e-05,0.0
2184,1,0.999888,0.999999,0.000111,0.01
2185,0,4.3e-05,0.999999,0.999956,2324938.39
2186,1,0.999706,0.999999,0.000293,0.03
2187,0,4e-05,0.999999,0.999959,2499272.68
2188,0,2.4e-05,0.999999,0.999975,4164827.16
2189,0,0.003013,0.999999,0.996986,33089.37
2190,0,0.00215,0.999999,0.997849,46411.37
2191,0,0.000123,0.999999,0.999876,812841.23
2192,1,0.999909,0.999999,9e-05,0.01
2193,0,0.000153,0.999999,0.999846,653451.41
2194,0,0.00084,0.999999,0.999159,118946.08
2195,0,0.000402,0.999999,0.999597,248649.78
2196,0,0.000127,0.999999,0.999872,787238.8
2197,0,0.000228,0.999999,0.999771,438476.82
2198,0,8.9e-05,0.999999,0.99991,1123368.16
2199,0,0.000367,0.999999,0.999632,272371.87
2200,1,0.9997,0.999999,0.0003,0.03
2201,0,0.000376,0.999999,0.999623,265850.11
2202,0,0.000465,0.999999,0.999534,214948.93
2203,1,0.999945,0.999999,5.4e-05,0.01
2204,1,0.999723,0.999999,0.000276,0.03
2205,1,0.999957,0.999999,4.2e-05,0.0
2206,0,0.000642,0.999999,0.999357,155660.66
2207,0,0.000424,0.999999,0.999575,235743.26
2208,0,6.3e-05,0.999999,0.999936,1586948.1
2209,1,0.999868,0.999999,0.000131,0.01
2210,1,0.999948,0.999999,5.1e-05,0.01
2211,0,9.5e-05,0.999999,0.999904,1052419.75
2212,0,6.5e-05,0.999999,0.999934,1538123.37
2213,0,0.000616,0.999999,0.999383,162234.87
2214,1,0.999944,0.999999,5.5e-05,0.01
2215,1,0.999912,0.999999,8.7e-05,0.01
2216,0,0.000157,0.999999,0.999842,636801.48
2217,0,6e-05,0.999999,0.999939,1666287.29
2218,1,0.999806,0.999999,0.000193,0.02
2219,1,0.99996,0.999999,3.9e-05,0.0
2220,0,0.000577,0.999999,0.999422,173207.05
2221,0,0.000185,0.999999,0.999814,540410.79
2222,1,0.999817,0.999999,0.000182,0.02
2223,1,0.999921,0.999999,7.8e-05,0.01
2224,0,0.000283,0.999999,0.999716,353244.05
2225,1,0.999963,0.999999,3.6e-05,0.0
2226,1,0.999749,0.999999,0.00025,0.03
2227,1,0.999968,0.999999,3.1e-05,0.0
2228,1,0.99917,0.999999,0.000829,0.08
2229,1,0.999447,0.999999,0.000552,0.06
2230,0,0.004199,0.999999,0.9958,23715.11
2231,0,8.8e-05,0.999999,0.999911,1136133.39
2232,0,0.003329,0.999999,0.99667,29938.93
2233,0,0.001373,0.999999,0.998626,72732.61
2234,1,0.995662,0.999999,0.004337,0.44
2235,1,0.999956,0.999999,4.3e-05,0.0
2236,1,0.99968,0.999999,0.000319,0.03
2237,1,0.999889,0.999999,0.00011,0.01
2238,0,5.9e-05,0.999999,0.99994,1694526.35
2239,0,0.001612,0.999999,0.998387,61934.29
2240,1,0.999633,0.999999,0.000366,0.04
2241,0,0.000858,0.999999,0.999141,116448.64
2242,0,0.001359,0.999999,0.99864,73482.9
2243,1,0.999413,0.999999,0.000586,0.06
2244,1,0.999821,0.999999,0.000178,0.02
2245,1,0.999677,0.999999,0.000322,0.03
2246,1,0.999254,0.999999,0.000745,0.07
2247,0,0.000194,0.999999,0.999805,515336.84
2248,0,9.6e-05,0.999999,0.999903,1041457.14
2249,0,0.000419,0.999999,0.99958,238557.55
2250,1,0.99992,0.999999,7.9e-05,0.01
2251,1,0.999751,0.999999,0.000248,0.02
2252,1,0.999796,0.999999,0.000203,0.02
2253,0,2.9e-05,0.999999,0.99997,3446983.8
2254,0,0.000921,0.999999,0.999078,108476.35
2255,1,0.999956,0.999999,4.3e-05,0.0
2256,0,0.000103,0.999999,0.999896,970678.57
2257,1,0.999934,0.999999,6.5e-05,0.01
2258,1,0.999884,0.999999,0.000115,0.01
2259,0,0.004567,0.999999,0.995432,21796.14
2260,0,0.000145,0.999999,0.999854,689506.93
2261,1,0.999238,0.999999,0.000761,0.08
2262,1,0.997646,0.999999,0.002352,0.24
2263,1,0.999852,0.999999,0.000147,0.01
2264,0,8e-05,0.999999,0.999919,1249742.53
2265,0,5.9e-05,0.999999,0.99994,1694526.35
2266,1,0.9999,0.999999,9.9e-05,0.01
2267,0,0.002365,0.999999,0.997634,42183.08
2268,0,4.3e-05,0.999999,0.999956,2324938.39
2269,0,3.5e-05,0.999999,0.999964,2856223.94
2270,0,0.00031,0.999999,0.999689,322469.92
2271,1,0.999933,0.999999,6.6e-05,0.01
2272,0,3.3e-05,0.999999,0.999966,3029282.04
2273,0,0.000193,0.999999,0.999806,518007.36
2274,0,0.002434,0.999999,0.997565,40984.42
2275,0,0.000115,0.999999,0.999884,869388.75
2276,0,0.001175,0.999999,0.998824,85005.57
2277,0,6.5e-05,0.999999,0.999934,1538123.37
2278,1,0.993983,0.999999,0.006016,0.61
2279,1,0.999954,0.999999,4.5e-05,0.0
2280,0,0.000257,0.999999,0.999742,388989.53
2281,1,0.999787,0.999999,0.000212,0.02
2282,1,0.999851,0.999999,0.000148,0.01
2283,0,0.260925,0.999999,0.739074,283.25
2284,1,0.999937,0.999999,6.2e-05,0.01
2285,1,0.999838,0.999999,0.000161,0.02
2286,0,0.001099,0.999999,0.9989,90890.89
2287,1,0.999915,0.999999,8.4e-05,0.01
2288,0,0.000312,0.999999,0.999687,320402.23
2289,1,0.991812,0.999999,0.008187,0.83
2290,0,0.000238,0.999999,0.999761,420050.0
2291,1,0.999752,0.999999,0.000247,0.02
2292,0,0.000187,0.999999,0.999812,534630.23
2293,0,8.3e-05,0.999999,0.999916,1204572.94
2294,1,0.999885,0.999999,0.000114,0.01
2295,1,0.999963,0.999999,3.6e-05,0.0
2296,0,0.000101,0.999999,0.999898,989900.01
2297,0,2.3e-05,0.999999,0.999976,4345832.25
2298,1,0.999726,0.999999,0.000273,0.03
2299,0,0.000146,0.999999,0.999853,684783.92
2300,1,0.999884,0.999999,0.000115,0.01
2301,0,0.001006,0.999999,0.998993,99302.49
2302,0,0.000654,0.999999,0.999345,152802.71
2303,1,0.999955,0.999999,4.4e-05,0.0
2304,0,0.000284,0.999999,0.999715,351999.93
2305,1,0.999318,0.999999,0.000681,0.07
2306,0,9e-05,0.999999,0.999909,1110886.57
2307,1,0.999805,0.999999,0.000194,0.02
2308,0,0.012905,0.999999,0.987094,7648.92
2309,1,0.999511,0.999999,0.000488,0.05
2310,0,5.7e-05,0.999999,0.999942,1753976.5
2311,0,0.000243,0.999999,0.999756,411405.29
2312,0,0.546684,0.999999,0.453315,82.92
2313,0,0.000713,0.999999,0.999286,140150.35
2314,1,0.999937,0.999999,6.2e-05,0.01
2315,0,0.005706,0.999999,0.994293,17425.36
2316,0,0.000129,0.999999,0.99987,775032.94
2317,1,0.999926,0.999999,7.3e-05,0.01
2318,0,0.000227,0.999999,0.999772,440408.79
2319,0,0.000174,0.999999,0.999825,574579.05
2320,0,0.000156,0.999999,0.999843,640883.92
2321,1,0.999928,0.999999,7.1e-05,0.01
2322,0,8.1e-05,0.999999,0.999918,1234314.28
2323,0,0.000768,0.999999,0.999231,130106.51
2324,1,0.999973,0.999999,2.6e-05,0.0
2325,0,2.4e-05,0.999999,0.999975,4164827.16
2326,0,0.002043,0.999999,0.997956,48847.34
2327,1,0.960458,0.999999,0.039541,4.12
2328,1,0.999617,0.999999,0.000382,0.04
2329,0,0.000173,0.999999,0.999826,577900.7
2330,1,0.99867,0.999999,0.001329,0.13
2331,1,0.996325,0.999999,0.003674,0.37
2332,1,0.999955,0.999999,4.4e-05,0.0
2333,0,0.006414,0.999999,0.993585,15490.86
2334,1,0.999888,0.999999,0.000111,0.01
2335,0,0.016948,0.999999,0.983051,5800.39
2336,1,0.999837,0.999999,0.000162,0.02
2337,0,4.2e-05,0.999999,0.999957,2380283.27
2338,0,0.001314,0.999999,0.998685,76002.85
2339,1,0.999086,0.999999,0.000913,0.09
2340,0,5.9e-05,0.999999,0.99994,1694526.35
2341,1,0.999958,0.999999,4.1e-05,0.0
2342,0,0.002607,0.999999,0.997392,38258.08
2343,0,5.9e-05,0.999999,0.99994,1694526.35
2344,0,0.000243,0.999999,0.999756,411405.29
2345,0,0.000188,0.999999,0.999811,531786.08
2346,1,0.999912,0.999999,8.7e-05,0.01
2347,1,0.999785,0.999999,0.000214,0.02
2348,0,0.004142,0.999999,0.995857,24042.84
2349,0,8.7e-05,0.999999,0.999912,1149192.05
2350,1,0.999768,0.999999,0.000231,0.02
2351,0,0.000641,0.999999,0.999358,155903.65
2352,1,0.99996,0.999999,3.9e-05,0.0
2353,0,0.001074,0.999999,0.998925,93008.91
2354,1,0.999934,0.999999,6.5e-05,0.01
2355,0,0.000116,0.999999,0.999883,861893.8
2356,1,0.999594,0.999999,0.000405,0.04
2357,0,0.000134,0.999999,0.999865,746112.23
2358,0,0.0005,0.999999,0.999499,199895.8
2359,1,0.999969,0.999999,3e-05,0.0
2360,0,9.7e-05,0.999999,0.999902,1030720.54
2361,1,0.999861,0.999999,0.000138,0.01
2362,1,0.999939,0.999999,6e-05,0.01
2363,0,0.000557,0.999999,0.999442,179429.81
2364,0,0.000654,0.999999,0.999345,152802.71
2365,1,0.999782,0.999999,0.000216,0.02
2366,0,0.000337,0.999999,0.999662,296626.81
2367,1,0.999955,0.999999,4.4e-05,0.0
2368,1,0.998534,0.999999,0.001465,0.15
2369,0,5.9e-05,0.999999,0.99994,1694526.35
2370,1,0.999925,0.999999,7.4e-05,0.01
2371,1,0.999952,0.999999,4.7e-05,0.0
2372,0,5.2e-05,0.999999,0.999947,1922605.27
2373,0,4.7e-05,0.999999,0.999952,2127104.87
2374,1,0.999928,0.999999,7e-05,0.01
2375,0,8.5e-05,0.999999,0.999914,1176231.03
2376,1,0.999759,0.999999,0.00024,0.02
2377,1,0.998517,0.999999,0.001482,0.15
2378,0,0.000194,0.999999,0.999805,515336.84
2379,1,0.993771,0.999999,0.006228,0.63
2380,0,0.001765,0.999999,0.998234,56556.85
2381,0,0.00436,0.999999,0.995639,22835.7
2382,1,0.999948,0.999999,5.1e-05,0.01
2383,0,0.000155,0.999999,0.999844,645019.03
2384,1,0.99951,0.999999,0.000489,0.05
2385,0,1.5e-05,0.999999,0.999984,6662118.59
2386,0,0.000414,0.999999,0.999585,241439.82
2387,1,0.999612,0.999999,0.000387,0.04
2388,0,5.3e-05,0.999999,0.999946,1886334.65
2389,1,0.999947,0.999999,5.2e-05,0.01
2390,0,0.002381,0.999999,0.997618,41898.94
2391,0,0.016463,0.999999,0.983536,5974.22
2392,1,0.998629,0.999999,0.00137,0.14
2393,0,4.1e-05,0.999999,0.999958,2438327.24
2394,1,0.999979,0.999999,2e-05,0.0
2395,1,0.999979,0.999999,2e-05,0.0
2396,1,0.999928,0.999999,7.1e-05,0.01
2397,1,0.994052,0.999999,0.005947,0.6
2398,0,0.000332,0.999999,0.999667,301095.45
2399,1,0.997034,0.999999,0.002965,0.3
2400,1,0.999903,0.999999,9.6e-05,0.01
2401,0,3.3e-05,0.999999,0.999966,3029282.04
2402,0,0.000322,0.999999,0.999677,310449.05
2403,1,0.999919,0.999999,8e-05,0.01
2404,1,0.999934,0.999999,6.5e-05,0.01
2405,1,0.999904,0.999999,9.5e-05,0.01
2406,1,0.99801,0.999999,0.001989,0.2
2407,1,0.999246,0.999999,0.000752,0.08
2408,0,0.000153,0.999999,0.999846,653451.41
2409,0,0.000901,0.999999,0.999098,110886.45
2410,1,0.993239,0.999999,0.00676,0.68
2411,0,0.000482,0.999999,0.999517,207364.37
2412,1,0.999831,0.999999,0.000168,0.02
2413,1,0.999961,0.999999,3.8e-05,0.0
2414,1,0.999847,0.999999,0.000152,0.02
2415,1,0.999968,0.999999,3.1e-05,0.0
2416,0,8.9e-05,0.999999,0.99991,1123368.16
2417,0,0.000414,0.999999,0.999585,241439.82
2418,0,9.8e-05,0.999999,0.999901,1020203.04
2419,0,0.0001,0.999999,0.999899,999799.02
2420,1,0.999065,0.999999,0.000934,0.09
2421,1,0.999853,0.999999,0.000146,0.01
2422,0,0.00044,0.999999,0.999559,227167.34
2423,0,0.000235,0.999999,0.999764,425413.39
2424,1,0.999976,0.999999,2.3e-05,0.0
2425,0,4.9e-05,0.999999,0.99995,2040297.9
2426,0,0.000112,0.999999,0.999887,892676.55
2427,0,0.000384,0.999999,0.999615,260309.63
2428,0,0.000365,0.999999,0.999634,273864.83
2429,1,0.99985,0.999999,0.000149,0.01
2430,1,0.999749,0.999999,0.00025,0.03
2431,0,0.000604,0.999999,0.999395,165460.01
2432,1,0.225245,0.999999,0.774754,343.96
2433,1,0.999862,0.999999,0.000137,0.01
2434,0,0.000193,0.999999,0.999806,518007.36
2435,0,0.000762,0.999999,0.999237,131131.74
2436,1,0.999841,0.999999,0.000158,0.02
2437,0,0.003022,0.999999,0.996977,32990.53
2438,1,0.999779,0.999999,0.00022,0.02
2439,0,0.000167,0.999999,0.999832,598665.95
2440,1,0.999705,0.999999,0.000294,0.03
2441,1,0.999924,0.999999,7.5e-05,0.01
2442,0,0.000139,0.999999,0.99986,719271.99
2443,0,6.8e-05,0.999999,0.999931,1470270.55
2444,0,0.000435,0.999999,0.999564,229779.55
2445,1,0.999147,0.999999,0.000852,0.09
2446,1,0.999798,0.999999,0.000201,0.02
2447,1,0.999963,0.999999,3.6e-05,0.0
2448,1,0.992179,0.999999,0.00782,0.79
2449,0,0.000105,0.999999,0.999894,952189.32
2450,0,0.000162,0.999999,0.999837,617145.24
2451,0,0.000893,0.999999,0.999106,111880.72
2452,0,0.001114,0.999999,0.998885,89665.71
2453,1,0.998023,0.999999,0.001976,0.2
2454,1,0.999958,0.999999,4e-05,0.0
2455,1,0.999965,0.999999,3.4e-05,0.0
2456,0,0.000283,0.999999,0.999716,353244.05
2457,1,0.99166,0.999999,0.008339,0.84
2458,1,0.999952,0.999999,4.7e-05,0.0
2459,0,0.000575,0.999999,0.999424,173809.85
2460,1,0.999936,0.999999,6.3e-05,0.01
2461,0,0.000369,0.999999,0.99963,270895.1
2462,0,0.00018,0.999999,0.999819,555424.14
2463,0,0.014629,0.999999,0.98537,6735.73
2464,0,0.00012,0.999999,0.999879,833163.07
2465,1,0.999178,0.999999,0.000821,0.08
2466,0,0.000531,0.999999,0.999468,188220.18
2467,0,0.000865,0.999999,0.999134,115505.49
2468,0,0.000473,0.999999,0.999526,211311.81
2469,1,0.999899,0.999999,0.0001,0.01
2470,1,0.999937,0.999999,6.2e-05,0.01
2471,1,0.999936,0.999999,6.3e-05,0.01
2472,1,0.999953,0.999999,4.6e-05,0.0
2473,1,0.999937,0.999999,6.2e-05,0.01
2474,1,0.999972,0.999999,2.7e-05,0.0
2475,0,0.000175,0.999999,0.999824,571295.35
2476,0,0.001369,0.999999,0.99863,72945.41
2477,0,0.014007,0.999999,0.985992,7039.28
2478,0,0.001398,0.999999,0.998601,71430.18
2479,0,2.2e-05,0.999999,0.999977,4543284.87
2480,0,0.000851,0.999999,0.999148,117407.32
2481,0,0.000132,0.999999,0.999867,757417.62
2482,0,0.003052,0.999999,0.996947,32665.26
2483,1,0.99993,0.999999,6.8e-05,0.01
2484,0,0.000184,0.999999,0.999815,543348.19
2485,1,0.999839,0.999999,0.00016,0.02
2486,0,0.000159,0.999999,0.99984,628790.64
2487,1,0.999946,0.999999,5.3e-05,0.01
2488,1,0.999929,0.999999,7e-05,0.01
2489,0,5.2e-05,0.999999,0.999947,1922605.27
2490,1,0.99997,0.999999,2.9e-05,0.0
2491,0,0.000492,0.999999,0.999507,203147.7
2492,0,0.000161,0.999999,0.999838,620978.82
2493,0,0.002157,0.999999,0.997842,46260.43
2494,1,0.999966,0.999999,3.3e-05,0.0
2495,1,0.996367,0.999999,0.003632,0.36
2496,0,0.060878,0.999999,0.939121,1542.63
2497,1,0.999968,0.999999,3.1e-05,0.0
2498,0,0.0002,0.999999,0.999799,499874.51
2499,0,0.00029,0.999999,0.999709,344715.35
2500,0,0.001476,0.999999,0.998523,67650.15
2501,0,4.4e-05,0.999999,0.999955,2272108.61
2502,0,0.003506,0.999999,0.996493,28422.42
2503,1,0.999199,0.999999,0.0008,0.08
2504,0,8.1e-05,0.999999,0.999918,1234314.28
2505,0,0.001369,0.999999,0.99863,72945.41
2506,0,0.000201,0.999999,0.999798,497387.19
2507,0,0.001622,0.999999,0.998377,61551.84
2508,1,0.999948,0.999999,5.1e-05,0.01
2509,0,0.000159,0.999999,0.99984,628790.64
2510,1,0.999938,0.999999,6.1e-05,0.01
2511,1,0.994318,0.999999,0.005681,0.57
2512,1,0.999644,0.999999,0.000354,0.04
2513,0,0.000541,0.999999,0.999458,184739.28
2514,0,7.5e-05,0.999999,0.999924,1333054.26
2515,0,4.9e-05,0.999999,0.99995,2040297.9
2516,1,0.999844,0.999999,0.000155,0.02
2517,0,0.000118,0.999999,0.999881,847284.98
2518,0,0.000227,0.999999,0.999772,440408.79
2519,1,0.996937,0.999999,0.003062,0.31
2520,0,0.000433,0.999999,0.999566,230841.32
2521,0,0.000184,0.999999,0.999815,543348.19
2522,1,0.999695,0.999999,0.000304,0.03
2523,0,0.000338,0.999999,0.999661,295748.94
2524,1,0.999422,0.999999,0.000577,0.06
2525,0,0.000431,0.999999,0.999568,231912.95
2526,0,0.009568,0.999999,0.990431,10351.48
2527,1,0.795104,0.999999,0.204894,25.77
2528,0,8.3e-05,0.999999,0.999916,1204572.94
2529,1,0.999735,0.999999,0.000264,0.03
2530,1,0.999914,0.999999,8.5e-05,0.01
2531,0,0.001659,0.999999,0.99834,60176.85
2532,0,0.015631,0.999999,0.984368,6297.53
2533,1,0.999901,0.999999,9.8e-05,0.01
2534,1,0.999936,0.999999,6.3e-05,0.01
2535,1,0.999949,0.999999,5e-05,0.01
2536,1,0.999698,0.999999,0.000301,0.03
2537,0,0.000132,0.999999,0.999867,757417.62
2538,0,0.000548,0.999999,0.999451,182378.24
2539,0,7.2e-05,0.999999,0.999927,1388594.64
2540,0,0.000253,0.999999,0.999746,395140.9
2541,1,0.999634,0.999999,0.000365,0.04
2542,0,7.6e-05,0.999999,0.999923,1315515.06
2543,1,0.999958,0.999999,4.1e-05,0.0
2544,1,0.999889,0.999999,0.00011,0.01
2545,0,0.000104,0.999999,0.999895,961345.06
2546,1,0.999523,0.999999,0.000476,0.05
2547,0,8e-05,0.999999,0.999919,1249742.53
2548,0,0.001909,0.999999,0.99809,52283.12
2549,1,0.999696,0.999999,0.000303,0.03
2550,1,0.992968,0.999999,0.007031,0.71
2551,0,0.000115,0.999999,0.999884,869388.75
2552,0,0.00052,0.999999,0.999479,192203.8
2553,0,4.1e-05,0.999999,0.999958,2438327.24
2554,1,0.999968,0.999999,3.1e-05,0.0
2555,1,0.846836,0.999999,0.153163,18.09
2556,1,0.972567,0.999999,0.027432,2.82
2557,1,0.999857,0.999999,0.000142,0.01
2558,1,0.999939,0.999999,6e-05,0.01
2559,0,0.000382,0.999999,0.999617,261672.99
2560,1,0.999931,0.999999,6.8e-05,0.01
2561,0,0.000268,0.999999,0.999731,373020.04
2562,1,0.997534,0.999999,0.002465,0.25
2563,0,0.006012,0.999999,0.993987,16533.36
2564,0,8.1e-05,0.999999,0.999918,1234314.28
2565,1,0.999961,0.999999,3.8e-05,0.0
2566,0,4.5e-05,0.999999,0.999954,2221626.31
2567,1,0.999894,0.999999,0.000105,0.01
2568,0,9.4e-05,0.999999,0.999905,1063615.57
2569,1,0.994919,0.999999,0.00508,0.51
2570,0,0.002312,0.999999,0.997687,43152.37
2571,0,0.000148,0.999999,0.999851,675529.36
2572,0,0.000468,0.999999,0.999531,213570.44
2573,0,0.00071,0.999999,0.999289,140742.95
2574,0,0.000128,0.999999,0.999871,781088.2
2575,1,0.999937,0.999999,6.2e-05,0.01
2576,0,0.000669,0.999999,0.99933,149374.45
2577,0,0.000103,0.999999,0.999896,970678.57
2578,0,0.000351,0.999999,0.999648,284791.89
2579,0,0.000163,0.999999,0.999836,613358.69
2580,0,0.000302,0.999999,0.999697,331014.54
2581,0,0.002583,0.999999,0.997416,38614.48
2582,0,0.000363,0.999999,0.999636,275374.23
2583,1,0.999844,0.999999,0.000155,0.02
2584,1,0.999912,0.999999,8.7e-05,0.01
2585,1,0.999863,0.999999,0.000136,0.01
2586,1,0.999246,0.999999,0.000753,0.08
2587,1,0.999913,0.999999,8.6e-05,0.01
2588,0,0.000302,0.999999,0.999697,331014.54
2589,1,0.9995,0.999999,0.000498,0.05
2590,1,0.999963,0.999999,3.6e-05,0.0
2591,1,0.999888,0.999999,0.000111,0.01
2592,1,0.999906,0.999999,9.3e-05,0.01
2593,1,0.999947,0.999999,5.2e-05,0.01
2594,0,0.000331,0.999999,0.999668,302005.38
2595,0,0.004365,0.999999,0.995634,22809.43
2596,0,0.001564,0.999999,0.998435,63838.15
2597,0,8.2e-05,0.999999,0.999917,1219262.29
2598,0,0.000526,0.999999,0.999473,190010.27
2599,0,0.000237,0.999999,0.999762,421822.71
2600,0,0.044251,0.999999,0.955748,2159.83
2601,1,0.999964,0.999999,3.5e-05,0.0
2602,1,0.999966,0.999999,3.3e-05,0.0
2603,0,5.1e-05,0.999999,0.999948,1960297.98
2604,0,0.029443,0.999999,0.970556,3296.39
2605,1,0.999794,0.999999,0.000205,0.02
2606,1,0.939176,0.999999,0.060823,6.48
2607,1,0.999397,0.999999,0.000602,0.06
2608,0,5.7e-05,0.999999,0.999942,1753976.5
2609,0,0.000415,0.999999,0.999584,240857.81
2610,1,0.999756,0.999999,0.000243,0.02
2611,0,0.000195,0.999999,0.999804,512693.71
2612,1,0.99983,0.999999,0.000169,0.02
2613,0,0.000183,0.999999,0.999816,546317.69
2614,0,5.4e-05,0.999999,0.999945,1851407.15
2615,1,0.999943,0.999999,5.6e-05,0.01
2616,0,4.3e-05,0.999999,0.999956,2324938.39
2617,0,5.1e-05,0.999999,0.999948,1960297.98
2618,1,0.999066,0.999999,0.000933,0.09
2619,1,0.999572,0.999999,0.000427,0.04
2620,0,0.152505,0.999999,0.847494,555.72
2621,0,0.0002,0.999999,0.999799,499874.51
2622,1,0.999901,0.999999,9.8e-05,0.01
2623,0,8.3e-05,0.999999,0.999916,1204572.94
2624,0,0.000344,0.999999,0.999655,290588.94
2625,0,0.001398,0.999999,0.998601,71430.18
2626,1,0.999821,0.999999,0.000178,0.02
2627,1,0.999883,0.999999,0.000116,0.01
2628,1,0.999761,0.999999,0.000238,0.02
2629,0,0.000586,0.999999,0.999413,170545.38
2630,0,0.000422,0.999999,0.999577,236860.97
2631,1,0.999905,0.999999,9.4e-05,0.01
2632,1,0.999961,0.999999,3.8e-05,0.0
2633,1,0.999811,0.999999,0.000188,0.02
2634,0,0.000747,0.999999,0.999252,133766.88
2635,0,0.000329,0.999999,0.99967,303841.83
2636,1,0.999875,0.999999,0.000124,0.01
2637,0,0.000121,0.999999,0.999878,826277.17
2638,0,0.000987,0.999999,0.999012,101216.0
2639,0,0.00034,0.999999,0.999659,294008.71
2640,0,8.8e-05,0.999999,0.999911,1136133.39
2641,1,0.999234,0.999999,0.000765,0.08
2642,0,0.001605,0.999999,0.998394,62204.85
2643,0,0.00017,0.999999,0.999829,588100.11
2644,1,0.99251,0.999999,0.007489,0.75
2645,0,2.7e-05,0.999999,0.999972,3702228.8
2646,1,0.999891,0.999999,0.000108,0.01
2647,1,0.999924,0.999999,7.5e-05,0.01
2648,0,6.3e-05,0.999999,0.999936,1586948.1
2649,1,0.999908,0.999999,9.1e-05,0.01
2650,1,0.999792,0.999999,0.000207,0.02
2651,1,0.999942,0.999999,5.7e-05,0.01
2652,1,0.999888,0.999999,0.000111,0.01
2653,0,0.000106,0.999999,0.999893,943206.3
2654,1,0.999947,0.999999,5.2e-05,0.01
2655,0,0.000106,0.999999,0.999893,943206.3
2656,0,0.000795,0.999999,0.999204,125684.46
2657,1,0.998237,0.999999,0.001762,0.18
2658,0,0.003545,0.999999,0.996454,28108.64
2659,0,0.009182,0.999999,0.990817,10790.85
2660,1,0.999943,0.999999,5.6e-05,0.01
2661,0,2.8e-05,0.999999,0.999971,3570049.98
2662,0,0.771374,0.999999,0.228625,29.64
2663,0,0.000134,0.999999,0.999865,746112.23
2664,0,0.004972,0.999999,0.995027,20012.57
2665,1,0.999976,0.999999,2.3e-05,0.0
2666,1,0.999887,0.999999,0.000112,0.01
2667,1,0.999768,0.999999,0.000231,0.02
2668,1,0.999968,0.999999,3.1e-05,0.0
2669,0,4.2e-05,0.999999,0.999957,2380283.27
2670,1,0.999705,0.999999,0.000294,0.03
2671,0,0.000172,0.999999,0.999827,581260.97
2672,1,0.999884,0.999999,0.000115,0.01
2673,1,0.999888,0.999999,0.000111,0.01
2674,1,0.999102,0.999999,0.000897,0.09
2675,0,8.5e-05,0.999999,0.999914,1176231.03
2676,1,0.99965,0.999999,0.000348,0.03
2677,0,0.000124,0.999999,0.999875,806285.78
2678,0,0.000159,0.999999,0.99984,628790.64
2679,1,0.999045,0.999999,0.000954,0.1
2680,0,0.000145,0.999999,0.999854,689506.93
2681,1,0.99996,0.999999,3.9e-05,0.0
2682,1,0.999935,0.999999,6.4e-05,0.01
2683,1,0.999764,0.999999,0.000235,0.02
2684,0,4.8e-05,0.999999,0.999951,2082797.33
2685,1,0.999338,0.999999,0.000661,0.07
2686,1,0.995682,0.999999,0.004317,0.43
2687,1,0.999965,0.999999,3.4e-05,0.0
2688,0,0.000112,0.999999,0.999887,892676.55
2689,0,0.000137,0.999999,0.999862,729773.01
2690,1,0.999718,0.999999,0.000281,0.03
2691,0,0.000166,0.999999,0.999833,602272.75
2692,1,0.999822,0.999999,0.000177,0.02
2693,0,0.000597,0.999999,0.999402,167401.22
2694,0,6.6e-05,0.999999,0.999933,1514820.48
2695,1,0.999946,0.999999,5.3e-05,0.01
2696,1,0.999908,0.999999,9.1e-05,0.01
2697,1,0.999428,0.999999,0.000571,0.06
2698,1,0.999961,0.999999,3.8e-05,0.0
2699,1,0.969195,0.999999,0.030804,3.18
2700,0,0.000201,0.999999,0.999798,497387.19
2701,1,0.987198,0.999999,0.012801,1.3
2702,1,0.999205,0.999999,0.000794,0.08
2703,0,6.3e-05,0.999999,0.999936,1586948.1
2704,0,6.3e-05,0.999999,0.999936,1586948.1
2705,1,0.997661,0.999999,0.002338,0.23
2706,0,0.000181,0.999999,0.999818,552355.12
2707,1,0.999905,0.999999,9.4e-05,0.01
2708,1,0.999786,0.999999,0.000213,0.02
2709,1,0.999916,0.999999,8.3e-05,0.01
2710,0,7.9e-05,0.999999,0.99992,1265561.32
2711,1,0.986066,0.999999,0.013933,1.41
2712,1,0.999274,0.999999,0.000725,0.07
2713,0,0.000117,0.999999,0.999882,854526.96
2714,1,0.999902,0.999999,9.7e-05,0.01
2715,0,0.002777,0.999999,0.997222,35909.92
2716,1,0.99983,0.999999,0.000169,0.02
2717,0,0.000112,0.999999,0.999887,892676.55
2718,1,0.999946,0.999999,5.3e-05,0.01
2719,1,0.999636,0.999999,0.000363,0.04
2720,0,0.000911,0.999999,0.999088,109668.17
2721,1,0.999722,0.999999,0.000277,0.03
2722,0,0.006722,0.999999,0.993277,14776.49
2723,0,3.3e-05,0.999999,0.999966,3029282.04
2724,0,0.000274,0.999999,0.999725,364849.82
2725,0,0.000241,0.999999,0.999758,414820.13
2726,1,0.99992,0.999999,7.9e-05,0.01
2727,1,0.999858,0.999999,0.000141,0.01
2728,0,0.001057,0.999999,0.998942,94506.39
2729,0,0.000765,0.999999,0.999234,130617.12
2730,1,0.999985,0.999999,1.4e-05,0.0
2731,1,0.999736,0.999999,0.000263,0.03
2732,0,0.000208,0.999999,0.999791,480645.64
2733,1,0.999922,0.999999,7.6e-05,0.01
2734,1,0.999463,0.999999,0.000536,0.05
2735,0,6.5e-05,0.999999,0.999934,1538123.37
2736,0,0.000662,0.999999,0.999337,150954.97
2737,1,0.999928,0.999999,7e-05,0.01
2738,0,0.000155,0.999999,0.999844,645019.03
2739,0,0.000419,0.999999,0.99958,238557.55
2740,1,0.999793,0.999999,0.000206,0.02
2741,0,3.9e-05,0.999999,0.99996,2563342.73
2742,0,0.000173,0.999999,0.999826,577900.7
2743,0,0.000282,0.999999,0.999717,354497.0
2744,0,0.001943,0.999999,0.998056,51366.49
2745,1,0.999922,0.999999,7.7e-05,0.01
2746,0,0.000573,0.999999,0.999426,174416.85
2747,0,0.006321,0.999999,0.993678,15720.24
2748,0,4.3e-05,0.999999,0.999956,2324938.39
2749,0,6.3e-05,0.999999,0.999936,1586948.1
2750,0,0.009754,0.999999,0.990245,10152.18
2751,1,0.996012,0.999999,0.003987,0.4
2752,1,0.999985,0.999999,1.4e-05,0.0
2753,1,0.991359,0.999999,0.00864,0.87
2754,1,0.99988,0.999999,0.000119,0.01
2755,0,0.000117,0.999999,0.999882,854526.96
2756,0,0.000298,0.999999,0.999701,335458.88
2757,0,0.000296,0.999999,0.999703,337726.09
2758,0,0.000113,0.999999,0.999886,884776.57
2759,1,0.999856,0.999999,0.000143,0.01
2760,1,0.998099,0.999999,0.0019,0.19
2761,1,0.999773,0.999999,0.000226,0.02
2762,0,0.000199,0.999999,0.9998,502386.81
2763,0,0.000499,0.999999,0.9995,200296.59
2764,0,0.000174,0.999999,0.999825,574579.05
2765,0,0.001411,0.999999,0.998588,70771.15
2766,0,0.000177,0.999999,0.999822,564839.27
2767,0,0.016257,0.999999,0.983742,6051.19
2768,1,0.999807,0.999999,0.000192,0.02
2769,1,0.999754,0.999999,0.000245,0.02
2770,1,0.999869,0.999999,0.00013,0.01
2771,1,0.999948,0.999999,5.1e-05,0.01
2772,1,0.999897,0.999999,0.000102,0.01
2773,0,4.7e-05,0.999999,0.999952,2127104.87
2774,0,5.8e-05,0.999999,0.999941,1723739.01
2775,1,0.999937,0.999999,6.2e-05,0.01
2776,0,8.5e-05,0.999999,0.999914,1176231.03
2777,0,7.3e-05,0.999999,0.999926,1369574.03
2778,0,6e-05,0.999999,0.999939,1666287.29
2779,0,0.001549,0.999999,0.99845,64457.3
2780,0,7.6e-05,0.999999,0.999923,1315515.06
2781,0,0.000207,0.999999,0.999792,482967.97
2782,1,0.999454,0.999999,0.000545,0.05
2783,0,7.8e-05,0.999999,0.999921,1281785.67
2784,0,0.000387,0.999999,0.999612,258291.0
2785,0,0.034413,0.999999,0.965586,2805.87
2786,1,0.99962,0.999999,0.000379,0.04
2787,0,9.1e-05,0.999999,0.999908,1098679.27
2788,1,0.998937,0.999999,0.001062,0.11
2789,0,5.4e-05,0.999999,0.999945,1851407.15
2790,0,4.8e-05,0.999999,0.999951,2082797.33
2791,0,0.003097,0.999999,0.996902,32189.18
2792,1,0.99991,0.999999,8.9e-05,0.01
2793,0,0.00029,0.999999,0.999709,344715.35
2794,1,0.999976,0.999999,2.3e-05,0.0
2795,1,0.983747,0.999999,0.016252,1.65
2796,0,0.000489,0.999999,0.99951,204394.59
2797,0,0.000672,0.999999,0.999327,148707.16
2798,1,0.999626,0.999999,0.000373,0.04
2799,1,0.99762,0.999999,0.002378,0.24
2800,1,0.99981,0.999999,0.000189,0.02
2801,1,0.999805,0.999999,0.000194,0.02
2802,1,0.999972,0.999999,2.7e-05,0.0
2803,0,0.000234,0.999999,0.999765,427231.74
2804,0,9e-05,0.999999,0.999909,1110886.57
2805,0,7.7e-05,0.999999,0.999922,1298431.37
2806,0,0.000122,0.999999,0.999877,819504.14
2807,0,6.7e-05,0.999999,0.999932,1492213.1
2808,0,0.000272,0.999999,0.999727,367533.18
2809,1,0.999943,0.999999,5.6e-05,0.01
2810,0,0.000585,0.999999,0.999414,170837.08
2811,0,0.001739,0.999999,0.99826,57403.93
2812,1,0.999926,0.999999,7.3e-05,0.01
2813,0,5.5e-05,0.999999,0.999944,1817749.5
2814,0,2.8e-05,0.999999,0.999971,3570049.98
2815,1,0.999944,0.999999,5.5e-05,0.01
2816,0,4.7e-05,0.999999,0.999952,2127104.87
2817,0,0.000186,0.999999,0.999813,537504.97
2818,0,0.002887,0.999999,0.997112,34537.88
2819,1,0.999829,0.999999,0.00017,0.02
2820,0,0.000951,0.999999,0.999048,105051.26
2821,1,0.999954,0.999999,4.5e-05,0.0
2822,0,0.000263,0.999999,0.999736,380113.3
2823,0,0.00018,0.999999,0.999819,555424.14
2824,1,0.9999,0.999999,9.9e-05,0.01
2825,0,0.000174,0.999999,0.999825,574579.05
2826,0,0.005787,0.999999,0.994212,17180.06
2827,0,5.4e-05,0.999999,0.999945,1851407.15
2828,0,0.000433,0.999999,0.999566,230841.32
2829,0,0.002519,0.999999,0.99748,39598.1
2830,1,0.999911,0.999999,8.8e-05,0.01
2831,0,0.00012,0.999999,0.999879,833163.07
2832,0,7.6e-05,0.999999,0.999923,1315515.06
2833,0,0.001836,0.999999,0.998163,54365.88
2834,0,5.1e-05,0.999999,0.999948,1960297.98
2835,0,0.000107,0.999999,0.999892,934391.18
2836,0,0.000874,0.999999,0.999125,114315.05
2837,0,0.000257,0.999999,0.999742,388989.53
2838,0,0.000477,0.999999,0.999522,209539.0
2839,1,0.999809,0.999999,0.00019,0.02
2840,0,0.000795,0.999999,0.999204,125684.46
2841,1,0.999916,0.999999,8.3e-05,0.01
2842,0,0.000383,0.999999,0.999616,260989.53
2843,1,0.999904,0.999999,9.4e-05,0.01
2844,0,0.057874,0.999999,0.942125,1627.89
2845,0,0.000316,0.999999,0.999683,316345.37
2846,1,0.99995,0.999999,4.9e-05,0.0
2847,0,8.1e-05,0.999999,0.999918,1234314.28
2848,1,0.999667,0.999999,0.000332,0.03
2849,1,0.999832,0.999999,0.000167,0.02
2850,0,0.00029,0.999999,0.999709,344715.35
2851,0,0.000287,0.999999,0.999712,348319.57
2852,1,0.999864,0.999999,0.000135,0.01
2853,0,0.000435,0.999999,0.999564,229779.55
2854,0,0.000144,0.999999,0.999855,694295.54
2855,0,0.000408,0.999999,0.999591,244991.79
2856,0,0.000398,0.999999,0.999601,251149.72
2857,0,0.004146,0.999999,0.995853,24019.55
2858,1,0.999793,0.999999,0.000206,0.02
2859,1,0.999956,0.999999,4.3e-05,0.0
2860,0,0.002623,0.999999,0.997376,38024.1
2861,1,0.999971,0.999999,2.8e-05,0.0
2862,0,0.0009,0.999999,0.999099,111009.77
2863,0,0.000427,0.999999,0.999572,234086.32
2864,0,0.000894,0.999999,0.999105,111755.46
2865,0,9.7e-05,0.999999,0.999902,1030720.54
2866,0,9.2e-05,0.999999,0.999907,1086737.31
2867,0,0.00145,0.999999,0.998549,68864.97
2868,1,0.999919,0.999999,8e-05,0.01
2869,1,0.999872,0.999999,0.000127,0.01
2870,0,0.000111,0.999999,0.999888,900718.85
2871,0,0.000476,0.999999,0.999523,209979.41
2872,0,0.00011,0.999999,0.999889,908907.37
2873,0,0.000398,0.999999,0.999601,251149.72
2874,1,0.99994,0.999999,5.9e-05,0.01
2875,0,0.000357,0.999999,0.999642,280003.92
2876,1,0.999959,0.999999,4e-05,0.0
2877,0,0.000374,0.999999,0.999625,267272.27
2878,0,0.000112,0.999999,0.999887,892676.55
2879,0,0.001657,0.999999,0.998342,60249.61
2880,0,0.001432,0.999999,0.998567,69731.85
2881,1,0.895493,0.999999,0.104506,11.67
2882,0,0.000724,0.999999,0.999275,138019.5
2883,0,0.000357,0.999999,0.999642,280003.92
2884,0,0.000147,0.999999,0.999852,680125.16
2885,0,6.9e-05,0.999999,0.99993,1448963.92
2886,0,0.000157,0.999999,0.999842,636801.48
2887,1,0.999824,0.999999,0.000175,0.02
2888,1,0.99946,0.999999,0.000539,0.05
2889,0,0.000113,0.999999,0.999886,884776.57
2890,1,0.999949,0.999999,5e-05,0.01
2891,1,0.999956,0.999999,4.3e-05,0.0
2892,0,0.019077,0.999999,0.980922,5141.91
2893,0,0.000365,0.999999,0.999634,273864.83
2894,0,0.000176,0.999999,0.999823,568048.97
2895,1,0.999972,0.999999,2.7e-05,0.0
2896,1,0.998959,0.999999,0.00104,0.1
2897,0,0.00152,0.999999,0.998479,65688.98
2898,1,0.99979,0.999999,0.000209,0.02
2899,1,0.999786,0.999999,0.000213,0.02
2900,0,8.1e-05,0.999999,0.999918,1234314.28
2901,1,0.999715,0.999999,0.000284,0.03
2902,1,0.999919,0.999999,8e-05,0.01
2903,0,0.000338,0.999999,0.999661,295748.94
2904,1,0.999732,0.999999,0.000267,0.03
2905,1,0.999924,0.999999,7.5e-05,0.01
2906,1,0.999928,0.999999,7.2e-05,0.01
2907,0,0.000428,0.999999,0.999571,233539.17
2908,0,2.9e-05,0.999999,0.99997,3446983.8
2909,0,0.000329,0.999999,0.99967,303841.83
2910,0,0.000456,0.999999,0.999543,219193.22
2911,0,0.001301,0.999999,0.998698,76763.28
2912,0,0.000197,0.999999,0.999802,507487.94
2913,1,0.998784,0.999999,0.001215,0.12
2914,1,0.999945,0.999999,5.4e-05,0.01
2915,1,0.679924,0.999999,0.320075,47.08
2916,0,9.7e-05,0.999999,0.999902,1030720.54
2917,0,5.2e-05,0.999999,0.999947,1922605.27
2918,0,0.00084,0.999999,0.999159,118946.08
2919,1,0.999932,0.999999,6.7e-05,0.01
2920,0,0.000121,0.999999,0.999878,826277.17
2921,0,7.6e-05,0.999999,0.999923,1315515.06
2922,1,0.975123,0.999999,0.024876,2.55
2923,0,6.5e-05,0.999999,0.999934,1538123.37
2924,0,0.001718,0.999999,0.998281,58106.82
2925,0,0.031202,0.999999,0.968797,3104.92
2926,1,0.99784,0.999999,0.002159,0.22
2927,1,0.999961,0.999999,3.8e-05,0.0
2928,1,0.999723,0.999999,0.000276,0.03
2929,0,3e-05,0.999999,0.999969,3332119.29
2930,1,0.999106,0.999999,0.000893,0.09
2931,0,0.00083,0.999999,0.999169,120380.36
2932,0,0.000139,0.999999,0.99986,719271.99
2933,0,2.4e-05,0.999999,0.999975,4164827.16
2934,1,0.999492,0.999999,0.000507,0.05
2935,0,6e-05,0.999999,0.999939,1666287.29
2936,1,0.999921,0.999999,7.8e-05,0.01
2937,1,0.99997,0.999999,3e-05,0.0
2938,0,0.000185,0.999999,0.999814,540410.79
2939,1,0.999707,0.999999,0.000292,0.03
2940,1,0.999894,0.999999,0.000105,0.01
2941,0,0.000172,0.999999,0.999827,581260.97
2942,0,4.8e-05,0.999999,0.999951,2082797.33
2943,0,0.001325,0.999999,0.998674,75371.05
2944,1,0.999976,0.999999,2.3e-05,0.0
2945,1,0.99994,0.999999,5.9e-05,0.01
2946,1,0.99961,0.999999,0.000389,0.04
2947,0,0.000103,0.999999,0.999896,970678.57
2948,0,0.000219,0.999999,0.99978,456499.7
2949,0,0.00015,0.999999,0.999849,666521.57
2950,0,0.006094,0.999999,0.993905,16309.54
2951,0,0.000497,0.999999,0.999502,201103.0
2952,1,0.999854,0.999999,0.000145,0.01
2953,1,0.999934,0.999999,6.5e-05,0.01
2954,1,0.999937,0.999999,6.2e-05,0.01
2955,0,0.000374,0.999999,0.999625,267272.27
2956,1,0.999751,0.999999,0.000248,0.02
2957,1,0.985125,0.999999,0.014874,1.51
2958,1,0.999492,0.999999,0.000507,0.05
2959,0,0.000943,0.999999,0.999056,105943.31
2960,1,0.999967,0.999999,3.2e-05,0.0
2961,1,0.999927,0.999999,7.2e-05,0.01
2962,0,0.000719,0.999999,0.99928,138979.99
2963,0,0.002807,0.999999,0.997192,35525.06
2964,0,1.7e-05,0.999999,0.999982,5878788.95
2965,0,0.000148,0.999999,0.999851,675529.36
2966,1,0.999959,0.999999,4e-05,0.0
2967,1,0.999859,0.999999,0.00014,0.01
2968,1,0.99995,0.999999,4.9e-05,0.0
2969,1,0.999941,0.999999,5.8e-05,0.01
2970,0,0.000164,0.999999,0.999835,609618.32
2971,1,0.999865,0.999999,0.000134,0.01
2972,0,0.319342,0.999999,0.680657,213.14
2973,0,5.3e-05,0.999999,0.999946,1886334.65
2974,1,0.99993,0.999999,6.9e-05,0.01
2975,0,2.8e-05,0.999999,0.999971,3570049.98
2976,1,0.994764,0.999999,0.005235,0.53
2977,0,0.000254,0.999999,0.999745,393584.9
2978,1,0.989959,0.999999,0.01004,1.01
2979,0,0.000118,0.999999,0.999881,847284.98
2980,0,9.1e-05,0.999999,0.999908,1098679.27
2981,1,0.999759,0.999999,0.00024,0.02
2982,0,5.5e-05,0.999999,0.999944,1817749.5
2983,1,0.999893,0.999999,0.000106,0.01
2984,0,0.000187,0.999999,0.999812,534630.23
2985,1,0.999298,0.999999,0.000701,0.07
2986,0,0.000847,0.999999,0.999152,117962.24
2987,0,0.000108,0.999999,0.999891,925739.28
2988,1,0.999921,0.999999,7.8e-05,0.01
2989,0,0.000154,0.999999,0.999845,649207.84
2990,1,0.999002,0.999999,0.000997,0.1
2991,0,0.001532,0.999999,0.998467,65173.66
2992,1,0.998446,0.999999,0.001553,0.16
2993,0,0.000114,0.999999,0.999885,877015.17
2994,0,0.015627,0.999999,0.984372,6299.17
2995,1,0.999953,0.999999,4.6e-05,0.0
2996,1,0.999769,0.999999,0.00023,0.02
2997,1,0.999809,0.999999,0.00019,0.02
2998,0,0.000224,0.999999,0.999775,446308.2
2999,1,0.999966,0.999999,3.3e-05,0.0
3000,0,0.000405,0.999999,0.999594,246807.24
3001,0,0.000178,0.999999,0.999821,561665.64
3002,0,0.000774,0.999999,0.999225,129097.17
3003,1,0.99997,0.999999,2.9e-05,0.0
3004,0,0.141285,0.999999,0.858714,607.79
3005,1,0.999258,0.999999,0.000741,0.07
3006,1,0.998454,0.999999,0.001545,0.15
3007,0,0.00086,0.999999,0.999139,116177.6
3008,0,0.000769,0.999999,0.99923,129937.19
3009,0,0.002352,0.999999,0.997647,42416.78
3010,0,4.2e-05,0.999999,0.999957,2380283.27
3011,0,0.000217,0.999999,0.999782,460707.8
3012,1,0.999944,0.999999,5.5e-05,0.01
3013,0,0.015897,0.999999,0.984102,6190.48
3014,0,0.000156,0.999999,0.999843,640883.92
3015,1,0.999967,0.999999,3.2e-05,0.0
3016,1,0.999842,0.999999,0.000157,0.02
3017,1,0.999862,0.999999,0.000137,0.01
3018,0,0.00012,0.999999,0.999879,833163.07
3019,1,0.994513,0.999999,0.005486,0.55
3020,0,0.000192,0.999999,0.999807,520705.69
3021,0,3.5e-05,0.999999,0.999964,2856223.94
3022,1,0.999521,0.999999,0.000478,0.05
3023,1,0.999879,0.999999,0.00012,0.01
3024,0,0.000372,0.999999,0.999627,268709.71
3025,1,0.999716,0.999999,0.000283,0.03
3026,1,0.999942,0.999999,5.7e-05,0.01
3027,0,0.000497,0.999999,0.999502,201103.0
3028,0,0.000103,0.999999,0.999896,970678.57
3029,0,0.00049,0.999999,0.999509,203977.27
3030,0,0.003821,0.999999,0.996178,26071.06
3031,1,0.998876,0.999999,0.001123,0.11
3032,1,0.982156,0.999999,0.017843,1.82
3033,0,0.000164,0.999999,0.999835,609618.32
3034,1,0.998507,0.999999,0.001492,0.15
3035,0,0.000104,0.999999,0.999895,961345.06
3036,1,0.971542,0.999999,0.028458,2.93
3037,0,0.000309,0.999999,0.99969,323513.8
3038,0,5.4e-05,0.999999,0.999945,1851407.15
3039,0,8.4e-05,0.999999,0.999915,1190233.31
3040,1,0.994851,0.999999,0.005148,0.52
3041,1,0.99985,0.999999,0.000148,0.01
3042,1,0.979683,0.999999,0.020316,2.07
3043,1,0.999874,0.999999,0.000125,0.01
3044,0,0.00033,0.999999,0.999669,302920.82
3045,0,0.000833,0.999999,0.999166,119946.46
3046,1,0.999827,0.999999,0.000172,0.02
3047,0,9.3e-05,0.999999,0.999906,1075052.14
3048,0,9.9e-05,0.999999,0.9999,1009897.99
3049,1,0.999777,0.999999,0.000222,0.02
3050,1,0.99991,0.999999,8.9e-05,0.01
3051,1,0.999807,0.999999,0.000192,0.02
3052,1,0.995168,0.999999,0.004831,0.49
3053,0,0.001797,0.999999,0.998202,55547.94
3054,0,0.000135,0.999999,0.999864,740585.14
3055,0,0.002869,0.999999,0.99713,34755.19
3056,1,0.999889,0.999999,0.00011,0.01
3057,1,0.999924,0.999999,7.5e-05,0.01
3058,1,0.999759,0.999999,0.00024,0.02
3059,1,0.999857,0.999999,0.000142,0.01
3060,0,4.6e-05,0.999999,0.999953,2173338.4
3061,0,0.000159,0.999999,0.99984,628790.64
3062,1,0.999847,0.999999,0.000152,0.02
3063,0,4.9e-05,0.999999,0.99995,2040297.9
3064,0,0.000732,0.999999,0.999267,136510.02
3065,1,0.999844,0.999999,0.000155,0.02
3066,0,0.000724,0.999999,0.999275,138019.5
3067,1,0.999596,0.999999,0.000403,0.04
3068,0,0.003774,0.999999,0.996225,26396.99
3069,0,0.000364,0.999999,0.999635,274617.46
3070,1,0.99992,0.999999,7.8e-05,0.01
3071,0,0.000215,0.999999,0.999784,464994.19
3072,1,0.999958,0.999999,4.1e-05,0.0
3073,0,6.2e-05,0.999999,0.999937,1612541.53
3074,0,8.5e-05,0.999999,0.999914,1176231.03
3075,1,0.994347,0.999999,0.005652,0.57
3076,0,0.000276,0.999999,0.999723,362205.35
3077,0,0.000287,0.999999,0.999712,348319.57
3078,0,0.000151,0.999999,0.999848,662107.15
3079,1,0.999745,0.999999,0.000254,0.03
3080,0,0.000135,0.999999,0.999864,740585.14
3081,1,0.999856,0.999999,0.000142,0.01
3082,1,0.999912,0.999999,8.7e-05,0.01
3083,1,0.99972,0.999999,0.000279,0.03
3084,0,0.000262,0.999999,0.999737,381564.44
3085,1,0.999875,0.999999,0.000124,0.01
3086,1,0.999971,0.999999,2.8e-05,0.0
3087,0,0.073427,0.999999,0.926572,1261.9
3088,1,0.999922,0.999999,7.7e-05,0.01
3089,0,0.000157,0.999999,0.999842,636801.48
3090,0,0.000201,0.999999,0.999798,497387.19
3091,0,3e-05,0.999999,0.999969,3332119.29
3092,0,3.4e-05,0.999999,0.999965,2940208.76
3093,0,0.001929,0.999999,0.99807,51740.01
3094,1,0.999956,0.999999,4.3e-05,0.0
3095,1,0.999934,0.999999,6.5e-05,0.01
3096,1,0.99994,0.999999,5.9e-05,0.01
3097,0,5.8e-05,0.999999,0.999941,1723739.01
3098,1,0.999528,0.999999,0.000471,0.05
3099,0,4.5e-05,0.999999,0.999954,2221626.31
3100,1,0.917001,0.999999,0.082998,9.05
3101,0,0.000377,0.999999,0.999622,265144.69
3102,1,0.999949,0.999999,5e-05,0.01
3103,0,0.003054,0.999999,0.996945,32643.8
3104,0,0.000237,0.999999,0.999762,421822.71
3105,0,8.1e-05,0.999999,0.999918,1234314.28
3106,1,0.999827,0.999999,0.000172,0.02
3107,1,0.990101,0.999999,0.009898,1.0
3108,1,0.999974,0.999999,2.5e-05,0.0
3109,0,5.5e-05,0.999999,0.999944,1817749.5
3110,0,0.000324,0.999999,0.999675,308532.14
3111,1,0.999971,0.999999,2.8e-05,0.0
3112,0,8.4e-05,0.999999,0.999915,1190233.31
3113,0,0.000108,0.999999,0.999891,925739.28
3114,0,8e-05,0.999999,0.999919,1249742.53
3115,1,0.999882,0.999999,0.000117,0.01
3116,1,0.998086,0.999999,0.001913,0.19
3117,0,3e-05,0.999999,0.999969,3332119.29
3118,0,0.001112,0.999999,0.998887,89827.16
3119,0,0.000313,0.999999,0.999686,319378.29
3120,1,0.999234,0.999999,0.000765,0.08
3121,1,0.999831,0.999999,0.000168,0.02
3122,0,0.000559,0.999999,0.99944,178787.5
3123,0,4.1e-05,0.999999,0.999958,2438327.24
3124,1,0.999917,0.999999,8.2e-05,0.01
3125,1,0.99984,0.999999,0.000159,0.02
3126,1,0.99974,0.999999,0.000259,0.03
3127,1,0.99998,0.999999,1.9e-05,0.0
3128,1,0.999964,0.999999,3.5e-05,0.0
3129,1,0.999849,0.999999,0.00015,0.02
3130,1,0.999915,0.999999,8.4e-05,0.01
3131,0,0.00012,0.999999,0.999879,833163.07
3132,1,0.999887,0.999999,0.000112,0.01
3133,1,0.999923,0.999999,7.6e-05,0.01
3134,0,0.000336,0.999999,0.999663,297509.9
3135,1,0.999514,0.999999,0.000485,0.05
3136,0,0.012739,0.999999,0.98726,7749.9
3137,0,0.000103,0.999999,0.999896,970678.57
3138,0,0.001998,0.999999,0.998001,49949.75
3139,0,3.4e-05,0.999999,0.999965,2940208.76
3140,0,8.2e-05,0.999999,0.999917,1219262.29
3141,1,0.998871,0.999999,0.001128,0.11
3142,0,0.000217,0.999999,0.999782,460707.8
3143,1,0.999304,0.999999,0.000695,0.07
3144,1,0.999966,0.999999,3.3e-05,0.0
3145,1,0.999937,0.999999,6.2e-05,0.01
3146,0,0.000142,0.999999,0.999857,704075.07
3147,0,0.002582,0.999999,0.997417,38629.48
3148,0,2.7e-05,0.999999,0.999972,3702228.8
3149,0,0.000317,0.999999,0.999682,315347.15
3150,1,0.999162,0.999999,0.000837,0.08
3151,1,0.999929,0.999999,7e-05,0.01
3152,0,0.000476,0.999999,0.999523,209979.41
3153,0,8.4e-05,0.999999,0.999915,1190233.31
3154,1,0.999924,0.999999,7.5e-05,0.01
3155,1,0.999894,0.999999,0.000105,0.01
3156,0,0.000187,0.999999,0.999812,534630.23
3157,0,0.000159,0.999999,0.99984,628790.64
3158,1,0.999912,0.999999,8.7e-05,0.01
3159,0,0.000362,0.999999,0.999637,276135.19
3160,1,0.999961,0.999999,3.8e-05,0.0
3161,0,0.000375,0.999999,0.999624,266559.29
3162,1,0.999925,0.999999,7.4e-05,0.01
3163,0,8.1e-05,0.999999,0.999918,1234314.28
3164,0,0.00029,0.999999,0.999709,344715.35
3165,0,0.000181,0.999999,0.999818,552355.12
3166,0,0.000144,0.999999,0.999855,694295.54
3167,1,0.999835,0.999999,0.000164,0.02
3168,0,0.114224,0.999999,0.885775,775.47
3169,0,0.000731,0.999999,0.999268,136696.9
3170,0,0.000225,0.999999,0.999774,444324.25
3171,1,0.997118,0.999999,0.002881,0.29
3172,1,0.999872,0.999999,0.000127,0.01
3173,1,0.999134,0.999999,0.000865,0.09
3174,0,0.000206,0.999999,0.999793,485312.85
3175,1,0.999907,0.999999,9.2e-05,0.01
3176,1,0.998774,0.999999,0.001225,0.12
3177,1,0.232585,0.999999,0.767414,329.95
3178,1,0.999955,0.999999,4.4e-05,0.0
3179,0,0.000126,0.999999,0.999873,793487.02
3180,0,5.4e-05,0.999999,0.999945,1851407.15
3181,1,0.999935,0.999999,6.4e-05,0.01
3182,0,0.006711,0.999999,0.993288,14800.87
3183,0,0.000336,0.999999,0.999663,297509.9
3184,1,0.999874,0.999999,0.000125,0.01
3185,1,0.999035,0.999999,0.000964,0.1
3186,1,0.99973,0.999999,0.000269,0.03
3187,0,0.00019,0.999999,0.999809,526187.57
3188,1,0.570007,0.999999,0.429992,75.44
3189,1,0.999944,0.999999,5.5e-05,0.01
3190,1,0.998124,0.999999,0.001875,0.19
3191,1,0.773912,0.999999,0.226087,29.21
3192,0,3.6e-05,0.999999,0.999963,2776903.64
3193,0,0.000693,0.999999,0.999306,144197.92
3194,1,0.999962,0.999999,3.7e-05,0.0
3195,1,0.999953,0.999999,4.6e-05,0.0
3196,0,0.000114,0.999999,0.999885,877015.17
3197,1,0.995162,0.999999,0.004837,0.49
3198,0,3.3e-05,0.999999,0.999966,3029282.04
3199,0,0.000335,0.999999,0.999664,298398.26
3200,1,0.997734,0.999999,0.002265,0.23
3201,0,2e-05,0.999999,0.999979,4997396.3
3202,0,0.001517,0.999999,0.998482,65819.08
3203,0,0.000352,0.999999,0.999647,283982.56
3204,0,4.6e-05,0.999999,0.999953,2173338.4
3205,1,0.999906,0.999999,9.3e-05,0.01
3206,0,7.7e-05,0.999999,0.999922,1298431.37
3207,1,0.629144,0.999999,0.370855,58.95
3208,0,0.000913,0.999999,0.999086,109427.72
3209,0,1.8e-05,0.999999,0.999981,5552365.35
3210,0,0.000115,0.999999,0.999884,869388.75
3211,0,3e-05,0.999999,0.999969,3332119.29
3212,1,0.999909,0.999999,9e-05,0.01
3213,1,0.999398,0.999999,0.000601,0.06
3214,1,0.999803,0.999999,0.000196,0.02
3215,0,0.000125,0.999999,0.999874,799835.21
3216,0,0.000332,0.999999,0.999667,301095.45
3217,0,8.3e-05,0.999999,0.999916,1204572.94
3218,1,0.999761,0.999999,0.000238,0.02
3219,0,0.000166,0.999999,0.999833,602272.75
3220,0,6e-05,0.999999,0.999939,1666287.29
3221,0,0.02051,0.999999,0.979489,4775.66
3222,1,0.999941,0.999999,5.8e-05,0.01
3223,0,0.000167,0.999999,0.999832,598665.95
3224,1,0.999892,0.999999,0.000107,0.01
3225,0,0.015786,0.999999,0.984213,6234.72
3226,0,0.000841,0.999999,0.999158,118804.53
3227,0,0.000184,0.999999,0.999815,543348.19
3228,0,0.000331,0.999999,0.999668,302005.38
3229,1,0.999971,0.999999,2.8e-05,0.0
3230,0,0.046677,0.999999,0.953322,2042.38
3231,1,0.999924,0.999999,7.5e-05,0.01
3232,1,0.973754,0.999999,0.026245,2.7
3233,0,0.000178,0.999999,0.999821,561665.64
3234,0,0.000197,0.999999,0.999802,507487.94
3235,0,0.000248,0.999999,0.999751,403109.15
3236,1,0.999898,0.999999,0.000101,0.01
3237,1,0.999862,0.999999,0.000137,0.01
3238,1,0.999783,0.999999,0.000216,0.02
3239,1,0.999165,0.999999,0.000834,0.08
3240,0,0.000627,0.999999,0.999372,159386.93
3241,1,0.999271,0.999999,0.000728,0.07
3242,0,0.000406,0.999999,0.999593,246199.11
3243,0,0.000119,0.999999,0.99988,840164.69
3244,0,0.001217,0.999999,0.998782,82068.51
3245,0,5.8e-05,0.999999,0.999941,1723739.01
3246,0,0.000101,0.999999,0.999898,989900.01
3247,1,0.999947,0.999999,5.2e-05,0.01
3248,1,0.999916,0.999999,8.4e-05,0.01
3249,0,0.000759,0.999999,0.99924,131650.44
3250,1,0.999839,0.999999,0.00016,0.02
3251,1,0.999787,0.999999,0.000212,0.02
3252,0,0.000355,0.999999,0.999644,281581.93
3253,1,0.999966,0.999999,3.3e-05,0.0
3254,1,0.999847,0.999999,0.000152,0.02
3255,1,0.999918,0.999999,8.1e-05,0.01
3256,0,7.8e-05,0.999999,0.999921,1281785.67
3257,0,5.5e-05,0.999999,0.999944,1817749.5
3258,0,0.000305,0.999999,0.999694,327757.78
3259,0,0.000149,0.999999,0.99985,670995.24
3260,1,0.99993,0.999999,6.9e-05,0.01
3261,1,0.996704,0.999999,0.003295,0.33
3262,0,0.000344,0.999999,0.999655,290588.94
3263,0,5.8e-05,0.999999,0.999941,1723739.01
3264,0,0.00025,0.999999,0.999749,399883.6
3265,0,0.001282,0.999999,0.998717,77902.43
3266,0,0.001487,0.999999,0.998512,67148.98
3267,0,7e-05,0.999999,0.999929,1428265.96
3268,1,0.999982,0.999999,1.7e-05,0.0
3269,0,0.000251,0.999999,0.999748,398290.11
3270,0,0.000717,0.999999,0.999282,139367.93
3271,0,0.000617,0.999999,0.999382,161971.77
3272,0,3.8e-05,0.999999,0.999961,2630784.0
3273,1,0.999946,0.999999,5.3e-05,0.01
3274,1,0.999939,0.999999,6e-05,0.01
3275,1,0.999832,0.999999,0.000167,0.02
3276,0,0.000113,0.999999,0.999886,884776.57
3277,1,0.998842,0.999999,0.001157,0.12
3278,1,0.999968,0.999999,3.1e-05,0.0
3279,1,0.999051,0.999999,0.000948,0.09
3280,0,0.001577,0.999999,0.998422,63311.08
3281,1,0.999795,0.999999,0.000204,0.02
3282,1,0.999816,0.999999,0.000183,0.02
3283,0,0.000619,0.999999,0.99938,161448.12
3284,0,3.2e-05,0.999999,0.999967,3123920.65
3285,0,0.006694,0.999999,0.993305,14838.71
3286,1,0.999951,0.999999,4.8e-05,0.0
3287,0,0.000113,0.999999,0.999886,884776.57
3288,0,5.1e-05,0.999999,0.999948,1960297.98
3289,0,0.00306,0.999999,0.996939,32579.6
3290,0,7.5e-05,0.999999,0.999924,1333054.26
3291,0,0.000832,0.999999,0.999167,120090.74
3292,1,0.998476,0.999999,0.001523,0.15
3293,0,0.973199,0.999999,0.0268,2.75
3294,0,0.000502,0.999999,0.999497,199099.02
3295,1,0.999862,0.999999,0.000137,0.01
3296,1,0.999919,0.999999,8e-05,0.01
3297,0,6.4e-05,0.999999,0.999935,1562154.35
3298,0,0.001023,0.999999,0.998976,97650.66
3299,1,0.99984,0.999999,0.000159,0.02
3300,0,0.000253,0.999999,0.999746,395140.9
3301,1,0.999956,0.999999,4.3e-05,0.0
3302,0,0.000467,0.999999,0.999532,214027.97
3303,1,0.999412,0.999999,0.000587,0.06
3304,1,0.999956,0.999999,4.3e-05,0.0
3305,1,0.999808,0.999999,0.000191,0.02
3306,1,0.138113,0.999999,0.861886,624.04
3307,0,0.387183,0.999999,0.612816,158.28
3308,0,3.2e-05,0.999999,0.999967,3123920.65
3309,1,0.999926,0.999999,7.3e-05,0.01
3310,1,0.999835,0.999999,0.000164,0.02
3311,0,0.000419,0.999999,0.99958,238557.55
3312,1,0.997885,0.999999,0.002114,0.21
3313,0,0.002108,0.999999,0.997891,47338.06
3314,1,0.999856,0.999999,0.000143,0.01
3315,1,0.999446,0.999999,0.000553,0.06
3316,0,0.000261,0.999999,0.999738,383026.7
3317,1,0.999758,0.999999,0.000241,0.02
3318,0,5.6e-05,0.999999,0.999943,1785293.7
3319,1,0.996735,0.999999,0.003264,0.33
3320,1,0.999783,0.999999,0.000216,0.02
3321,1,0.999873,0.999999,0.000126,0.01
3322,0,9.2e-05,0.999999,0.999907,1086737.31
3323,1,0.999907,0.999999,9.2e-05,0.01
3324,1,0.999951,0.999999,4.8e-05,0.0
3325,1,0.999958,0.999999,4.1e-05,0.0
3326,0,0.001176,0.999999,0.998823,84933.21
3327,0,6.7e-05,0.999999,0.999932,1492213.1
3328,1,0.999916,0.999999,8.3e-05,0.01
3329,0,0.000219,0.999999,0.99978,456499.7
3330,1,0.998362,0.999999,0.001637,0.16
3331,1,0.999732,0.999999,0.000267,0.03
3332,1,0.999936,0.999999,6.3e-05,0.01
3333,0,0.001275,0.999999,0.998724,78330.68
3334,0,0.001234,0.999999,0.998765,80936.54
3335,1,0.99992,0.999999,7.9e-05,0.01
3336,1,0.999891,0.999999,0.000108,0.01
3337,1,0.999791,0.999999,0.000208,0.02
3338,1,0.999901,0.999999,9.8e-05,0.01
3339,0,0.003001,0.999999,0.996998,33222.08
3340,1,0.999918,0.999999,8.1e-05,0.01
3341,1,0.999803,0.999999,0.000196,0.02
3342,0,6.1e-05,0.999999,0.999938,1638973.94
3343,1,0.999381,0.999999,0.000618,0.06
3344,1,0.999924,0.999999,7.5e-05,0.01
3345,0,4.8e-05,0.999999,0.999951,2082797.33
3346,1,0.988985,0.999999,0.011014,1.11
3347,0,0.000347,0.999999,0.999652,288075.85
3348,0,4.3e-05,0.999999,0.999956,2324938.39
3349,1,0.999878,0.999999,0.000121,0.01
3350,1,0.999973,0.999999,2.6e-05,0.0
3351,1,0.916896,0.999999,0.083103,9.06
3352,1,0.999313,0.999999,0.000686,0.07
3353,1,0.999949,0.999999,5e-05,0.01
3354,1,0.99997,0.999999,2.9e-05,0.0
3355,0,0.010209,0.999999,0.98979,9695.26
3356,1,0.997598,0.999999,0.002401,0.24
3357,0,0.002328,0.999999,0.997671,42855.1
3358,0,8.8e-05,0.999999,0.999911,1136133.39
3359,0,0.000264,0.999999,0.999735,378673.16
3360,0,0.006955,0.999999,0.993044,14278.11
3361,1,0.99987,0.999999,0.000129,0.01
3362,1,0.999907,0.999999,9.2e-05,0.01
3363,0,6.2e-05,0.999999,0.999937,1612541.53
3364,1,0.99754,0.999999,0.002459,0.25
3365,0,0.172688,0.999999,0.827311,479.08
3366,0,0.000826,0.999999,0.999173,120963.79
3367,0,0.000697,0.999999,0.999302,143369.82
3368,0,0.000452,0.999999,0.999547,221133.82
3369,1,0.99957,0.999999,0.000429,0.04
3370,0,4.9e-05,0.999999,0.99995,2040297.9
3371,0,0.000623,0.999999,0.999376,160410.91
3372,1,0.999751,0.999999,0.000248,0.02
3373,1,0.99996,0.999999,3.9e-05,0.0
3374,0,0.001847,0.999999,0.998152,54041.5
3375,0,0.002306,0.999999,0.997693,43264.9
3376,0,0.000365,0.999999,0.999634,273864.83
3377,0,0.000141,0.999999,0.999858,709068.86
3378,0,0.0007,0.999999,0.999299,142754.96
3379,0,0.003705,0.999999,0.996294,26890.45
3380,1,0.999909,0.999999,9e-05,0.01
3381,0,0.000504,0.999999,0.999495,198308.57
3382,0,0.000852,0.999999,0.999147,117269.4
3383,0,0.069251,0.999999,0.930748,1344.02
3384,1,0.999925,0.999999,7.4e-05,0.01
3385,0,5.1e-05,0.999999,0.999948,1960297.98
3386,1,0.999789,0.999999,0.00021,0.02
3387,0,5.8e-05,0.999999,0.999941,1723739.01
3388,0,0.000235,0.999999,0.999764,425413.39
3389,1,0.999505,0.999999,0.000494,0.05
3390,0,8.8e-05,0.999999,0.999911,1136133.39
3391,0,0.001668,0.999999,0.998331,59851.62
3392,1,0.997636,0.999999,0.002363,0.24
3393,0,5.2e-05,0.999999,0.999947,1922605.27
3394,0,0.000194,0.999999,0.999805,515336.84
3395,0,0.000138,0.999999,0.999861,724484.46
3396,1,0.999936,0.999999,6.3e-05,0.01
3397,1,0.999951,0.999999,4.8e-05,0.0
3398,0,7e-05,0.999999,0.999929,1428265.96
3399,0,0.000374,0.999999,0.999625,267272.27
3400,1,0.999908,0.999999,9.1e-05,0.01
3401,1,0.999918,0.999999,8.1e-05,0.01
3402,0,0.00119,0.999999,0.998809,83932.82
3403,0,0.000126,0.999999,0.999873,793487.02
3404,0,0.0031,0.999999,0.996899,32157.93
3405,0,0.001554,0.999999,0.998445,64249.59
3406,0,1.8e-05,0.999999,0.999981,5552365.35
3407,0,0.000188,0.999999,0.999811,531786.08
3408,1,0.999936,0.999999,6.3e-05,0.01
3409,1,0.999734,0.999999,0.000265,0.03
3410,0,0.00086,0.999999,0.999139,116177.6
3411,1,0.999985,0.999999,1.4e-05,0.0
3412,0,0.000102,0.999999,0.999897,980195.08
3413,1,0.999256,0.999999,0.000743,0.07
3414,0,0.04101,0.999999,0.958989,2338.43
3415,1,0.999664,0.999999,0.000335,0.03
3416,1,0.965473,0.999999,0.034526,3.58
3417,0,9.5e-05,0.999999,0.999904,1052419.75
3418,0,3.9e-05,0.999999,0.99996,2563342.73
3419,1,0.99996,0.999999,3.9e-05,0.0
3420,1,0.99983,0.999999,0.000169,0.02
3421,0,0.000126,0.999999,0.999873,793487.02
3422,1,0.999872,0.999999,0.000127,0.01
3423,0,0.166683,0.999999,0.833316,499.94
3424,1,0.999753,0.999999,0.000246,0.02
3425,0,0.000117,0.999999,0.999882,854526.96
3426,1,0.275915,0.999999,0.724084,262.43
3427,1,0.999931,0.999999,6.8e-05,0.01
3428,0,0.000545,0.999999,0.999454,183382.69
3429,1,0.999937,0.999999,6.2e-05,0.01
3430,0,0.000309,0.999999,0.99969,323513.8
3431,0,0.000358,0.999999,0.999641,279221.53
3432,1,0.999948,0.999999,5.1e-05,0.01
3433,1,0.999825,0.999999,0.000174,0.02
3434,0,0.000353,0.999999,0.999646,283177.81
3435,0,0.000107,0.999999,0.999892,934391.18
3436,1,0.999746,0.999999,0.000253,0.03
3437,0,0.000277,0.999999,0.999722,360897.44
3438,0,0.00023,0.999999,0.999769,434663.28
3439,1,0.999534,0.999999,0.000464,0.05
3440,0,0.000251,0.999999,0.999748,398290.11
3441,0,0.000411,0.999999,0.999588,243202.84
3442,1,0.999313,0.999999,0.000686,0.07
3443,0,0.0002,0.999999,0.999799,499874.51
3444,0,0.000365,0.999999,0.999634,273864.83
3445,1,0.846626,0.999999,0.153373,18.12
3446,0,0.000272,0.999999,0.999727,367533.18
3447,0,0.001637,0.999999,0.998362,60986.92
3448,0,0.001826,0.999999,0.998173,54664.16
3449,0,0.00026,0.999999,0.999739,384500.21
3450,1,0.993277,0.999999,0.006722,0.68
3451,1,0.99988,0.999999,0.000119,0.01
3452,1,0.999973,0.999999,2.6e-05,0.0
3453,1,0.999713,0.999999,0.000286,0.03
3454,1,0.999941,0.999999,5.8e-05,0.01
3455,1,0.998328,0.999999,0.001671,0.17
3456,1,0.999859,0.999999,0.00014,0.01
3457,1,0.999922,0.999999,7.7e-05,0.01
3458,0,0.000269,0.999999,0.99973,371633.02
3459,0,4.7e-05,0.999999,0.999952,2127104.87
3460,0,0.093643,0.999999,0.906356,967.88
3461,1,0.999678,0.999999,0.000321,0.03
3462,1,0.999771,0.999999,0.000228,0.02
3463,1,0.999694,0.999999,0.000305,0.03
3464,1,0.999946,0.999999,5.3e-05,0.01
3465,0,6.2e-05,0.999999,0.999937,1612541.53
3466,0,0.000916,0.999999,0.999083,109069.01
3467,0,5.3e-05,0.999999,0.999946,1886334.65
3468,1,0.999966,0.999999,3.3e-05,0.0
3469,0,2.6e-05,0.999999,0.999973,3844571.32
3470,0,4.4e-05,0.999999,0.999955,2272108.61
3471,0,0.000185,0.999999,0.999814,540410.79
3472,1,0.999239,0.999999,0.00076,0.08
3473,1,0.999933,0.999999,6.6e-05,0.01
3474,0,0.000202,0.999999,0.999797,494924.51
3475,0,0.001075,0.999999,0.998924,92922.3
3476,0,0.000211,0.999999,0.999788,473810.72
3477,1,0.999681,0.999999,0.000318,0.03
3478,0,0.000124,0.999999,0.999875,806285.78
3479,1,0.999395,0.999999,0.000604,0.06
3480,0,0.000231,0.999999,0.999768,432781.26
3481,0,0.000338,0.999999,0.999661,295748.94
3482,0,0.00066,0.999999,0.999339,151412.71
3483,1,0.999852,0.999999,0.000147,0.01
3484,0,0.000108,0.999999,0.999891,925739.28
3485,0,4.7e-05,0.999999,0.999952,2127104.87
3486,0,0.919451,0.999999,0.080548,8.76
3487,0,0.000218,0.999999,0.999781,458594.1
3488,0,0.018136,0.999999,0.981863,5413.89
3489,0,8e-05,0.999999,0.999919,1249742.53
3490,0,0.000148,0.999999,0.999851,675529.36
3491,1,0.999923,0.999999,7.6e-05,0.01
3492,0,2.6e-05,0.999999,0.999973,3844571.32
3493,0,0.000649,0.999999,0.99935,153980.68
3494,0,3.1e-05,0.999999,0.999968,3224663.01
3495,0,0.00043,0.999999,0.999569,232452.5
3496,0,0.000219,0.999999,0.99978,456499.7
3497,1,0.999896,0.999999,0.000103,0.01
3498,0,0.000828,0.999999,0.999171,120671.37
3499,0,0.000362,0.999999,0.999637,276135.19
3500,0,0.000172,0.999999,0.999827,581260.97
3501,1,0.999044,0.999999,0.000955,0.1
3502,1,0.999842,0.999999,0.000157,0.02
3503,0,0.000874,0.999999,0.999125,114315.05
3504,1,0.99925,0.999999,0.000749,0.07
3505,1,0.999942,0.999999,5.7e-05,0.01
3506,0,0.00015,0.999999,0.999849,666521.57
3507,0,0.001028,0.999999,0.998971,97175.22
3508,1,0.999747,0.999999,0.000252,0.03
3509,0,0.000268,0.999999,0.999731,373020.04
3510,1,0.99991,0.999999,8.9e-05,0.01
3511,1,0.999829,0.999999,0.00017,0.02
3512,1,0.99993,0.999999,6.9e-05,0.01
3513,1,0.999877,0.999999,0.000122,0.01
3514,1,0.999096,0.999999,0.000903,0.09
3515,1,0.999968,0.999999,3.1e-05,0.0
3516,1,0.997888,0.999999,0.002111,0.21
3517,0,6.2e-05,0.999999,0.999937,1612541.53
3518,0,3.1e-05,0.999999,0.999968,3224663.01
3519,0,0.026208,0.999999,0.973791,3715.62
3520,1,0.998269,0.999999,0.00173,0.17
3521,0,9.3e-05,0.999999,0.999906,1075052.14
3522,1,0.99864,0.999999,0.001358,0.14
3523,0,7.8e-05,0.999999,0.999921,1281785.67
3524,1,0.999893,0.999999,0.000106,0.01
3525,0,0.001785,0.999999,0.998214,55922.04
3526,0,0.000438,0.999999,0.999561,228205.06
3527,0,0.000209,0.999999,0.99979,478345.53
3528,0,0.000955,0.999999,0.999044,104610.84
3529,0,0.000254,0.999999,0.999745,393584.9
3530,1,0.999745,0.999999,0.000254,0.03
3531,1,0.999929,0.999999,7e-05,0.01
3532,0,0.001198,0.999999,0.998801,83371.67
3533,0,0.000116,0.999999,0.999883,861893.8
3534,0,0.00099,0.999999,0.999009,100908.98
3535,0,0.001,0.999999,0.998999,99898.9
3536,0,0.000109,0.999999,0.99989,917246.12
3537,1,0.999957,0.999999,4.2e-05,0.0
3538,1,0.999957,0.999999,4.2e-05,0.0
3539,0,7.8e-05,0.999999,0.999921,1281785.67
3540,1,0.999925,0.999999,7.4e-05,0.01
3541,0,0.000206,0.999999,0.999793,485312.85
3542,0,0.000453,0.999999,0.999546,220645.46
3543,1,0.980667,0.999999,0.019332,1.97
3544,1,0.99966,0.999999,0.000339,0.03
3545,1,0.99994,0.999999,5.9e-05,0.01
3546,0,0.000749,0.999999,0.99925,133409.43
3547,1,0.99607,0.999999,0.003929,0.39
3548,1,0.999938,0.999999,6.1e-05,0.01
3549,1,0.999635,0.999999,0.000364,0.04
3550,0,0.017838,0.999999,0.982161,5506.0
3551,0,0.00014,0.999999,0.999859,714133.99
3552,1,0.999901,0.999999,9.8e-05,0.01
3553,0,9.7e-05,0.999999,0.999902,1030720.54
3554,1,0.999958,0.999999,4.1e-05,0.0
3555,0,0.000134,0.999999,0.999865,746112.23
3556,1,0.999946,0.999999,5.3e-05,0.01
3557,0,0.000646,0.999999,0.999353,154696.21
3558,0,0.000186,0.999999,0.999813,537504.97
3559,0,2.4e-05,0.999999,0.999975,4164827.16
3560,0,1.9e-05,0.999999,0.99998,5260284.06
3561,0,0.000227,0.999999,0.999772,440408.79
3562,1,0.99996,0.999999,3.9e-05,0.0
3563,1,0.99969,0.999999,0.000309,0.03
3564,1,0.999892,0.999999,0.000107,0.01
3565,0,0.011404,0.999999,0.988595,8668.84
3566,1,0.999679,0.999999,0.00032,0.03
3567,0,0.000197,0.999999,0.999802,507487.94
3568,0,0.000126,0.999999,0.999873,793487.02
3569,0,3.1e-05,0.999999,0.999968,3224663.01
3570,1,0.999874,0.999999,0.000125,0.01
3571,1,0.999855,0.999999,0.000144,0.01
3572,1,0.999955,0.999999,4.4e-05,0.0
3573,0,0.00014,0.999999,0.999859,714133.99
3574,0,0.000142,0.999999,0.999857,704075.07
3575,1,0.999707,0.999999,0.000292,0.03
3576,0,0.000441,0.999999,0.999558,226652.0
3577,0,0.000136,0.999999,0.999863,735139.33
3578,1,0.999853,0.999999,0.000146,0.01
3579,0,0.000123,0.999999,0.999876,812841.23
3580,0,0.001039,0.999999,0.99896,96145.37
3581,0,0.000964,0.999999,0.999035,103633.26
3582,1,0.999714,0.999999,0.000285,0.03
3583,1,0.999792,0.999999,0.000207,0.02
3584,0,0.019421,0.999999,0.980578,5049.06
3585,0,0.000322,0.999999,0.999677,310449.05
3586,1,0.999812,0.999999,0.000187,0.02
3587,0,0.000593,0.999999,0.999406,168531.05
3588,1,0.999566,0.999999,0.000433,0.04
3589,0,0.002909,0.999999,0.99709,34275.92
3590,0,0.056029,0.999999,0.94397,1684.79
3591,0,0.002767,0.999999,0.997232,36040.06
3592,0,0.001294,0.999999,0.998705,77179.08
3593,0,0.003029,0.999999,0.99697,32914.05
3594,1,0.999924,0.999999,7.5e-05,0.01
3595,0,0.000118,0.999999,0.999881,847284.98
3596,0,0.03415,0.999999,0.965849,2828.25
3597,1,0.9995,0.999999,0.000498,0.05
3598,0,0.001032,0.999999,0.998967,96798.19
3599,0,0.000318,0.999999,0.999681,314355.21
3600,1,0.999879,0.999999,0.00012,0.01
3601,1,0.999957,0.999999,4.2e-05,0.0
3602,1,0.999807,0.999999,0.000192,0.02
3603,1,0.999966,0.999999,3.3e-05,0.0
3604,1,0.999874,0.999999,0.000125,0.01
3605,0,0.000262,0.999999,0.999737,381564.44
3606,1,0.999965,0.999999,3.4e-05,0.0
3607,1,0.999797,0.999999,0.000202,0.02
3608,0,0.000187,0.999999,0.999812,534630.23
3609,1,0.999914,0.999999,8.5e-05,0.01
3610,0,0.000282,0.999999,0.999717,354497.0
3611,0,0.003023,0.999999,0.996976,32979.58
3612,0,0.00042,0.999999,0.999579,237989.33
3613,1,0.99988,0.999999,0.000119,0.01
3614,1,0.999393,0.999999,0.000606,0.06
3615,1,0.999672,0.999999,0.000327,0.03
3616,0,0.000166,0.999999,0.999833,602272.75
3617,1,0.999354,0.999999,0.000645,0.06
3618,1,0.999961,0.999999,3.8e-05,0.0
3619,0,0.00075,0.999999,0.999249,133231.42
3620,0,9.5e-05,0.999999,0.999904,1052419.75
3621,0,0.124988,0.999999,0.875011,700.08
3622,0,0.000224,0.999999,0.999775,446308.2
3623,1,0.999939,0.999999,6e-05,0.01
3624,0,1.7e-05,0.999999,0.999982,5878788.95
3625,1,0.999983,0.999999,1.6e-05,0.0
3626,1,0.999956,0.999999,4.3e-05,0.0
3627,0,0.000171,0.999999,0.999828,584660.55
3628,1,0.9999,0.999999,9.9e-05,0.01
3629,0,0.000752,0.999999,0.999247,132876.82
3630,0,3e-05,0.999999,0.999969,3332119.29
3631,1,0.999953,0.999999,4.6e-05,0.0
3632,0,3.2e-05,0.999999,0.999967,3123920.65
3633,0,0.001229,0.999999,0.99877,81266.22
3634,0,0.000153,0.999999,0.999846,653451.41
3635,0,0.001029,0.999999,0.99897,97080.69
3636,0,0.000512,0.999999,0.999487,195208.49
3637,1,0.999256,0.999999,0.000743,0.07
3638,1,0.999958,0.999999,4.1e-05,0.0
3639,0,0.001573,0.999999,0.998426,63472.32
3640,1,0.999954,0.999999,4.5e-05,0.0
3641,0,9.3e-05,0.999999,0.999906,1075052.14
3642,1,0.999968,0.999999,3.1e-05,0.0
3643,1,0.9996,0.999999,0.000399,0.04
3644,1,0.997581,0.999999,0.002418,0.24
3645,1,0.999848,0.999999,0.000151,0.02
3646,0,8.8e-05,0.999999,0.999911,1136133.39
3647,0,8.4e-05,0.999999,0.999915,1190233.31
3648,0,0.007744,0.999999,0.992255,12813.19
3649,0,3.5e-05,0.999999,0.999964,2856223.94
3650,0,0.000137,0.999999,0.999862,729773.01
3651,0,0.000135,0.999999,0.999864,740585.14
3652,1,0.999886,0.999999,0.000113,0.01
3653,1,0.996861,0.999999,0.003138,0.31
3654,0,0.000126,0.999999,0.999873,793487.02
3655,1,0.999866,0.999999,0.000133,0.01
3656,1,0.999679,0.999999,0.00032,0.03
3657,0,2e-05,0.999999,0.999979,4997396.3
3658,0,0.000153,0.999999,0.999846,653451.41
3659,0,0.000221,0.999999,0.999778,452367.77
3660,0,4.3e-05,0.999999,0.999956,2324938.39
3661,1,0.99931,0.999999,0.000689,0.07
3662,0,0.001436,0.999999,0.998563,69537.33
3663,1,0.99996,0.999999,3.9e-05,0.0
3664,1,0.999827,0.999999,0.000172,0.02
3665,1,0.999964,0.999999,3.5e-05,0.0
3666,0,3e-05,0.999999,0.999969,3332119.29
3667,1,0.999512,0.999999,0.000487,0.05
3668,1,0.999337,0.999999,0.000662,0.07
3669,1,0.999689,0.999999,0.00031,0.03
3670,1,0.998209,0.999999,0.00179,0.18
3671,0,0.000412,0.999999,0.999587,242612.32
3672,1,0.999839,0.999999,0.00016,0.02
3673,0,0.000211,0.999999,0.999788,473810.72
3674,0,0.00131,0.999999,0.998689,76235.22
3675,0,0.000228,0.999999,0.999771,438476.82
3676,0,0.000306,0.999999,0.999693,326686.38
3677,0,0.003764,0.999999,0.996235,26467.38
3678,0,0.001932,0.999999,0.998067,51659.52
3679,1,0.995842,0.999999,0.004157,0.42
3680,0,5.3e-05,0.999999,0.999946,1886334.65
3681,1,0.999895,0.999999,0.000104,0.01
3682,0,0.00016,0.999999,0.999839,624860.32
3683,0,0.000174,0.999999,0.999825,574579.05
3684,1,0.999956,0.999999,4.3e-05,0.0
3685,1,0.999606,0.999999,0.000393,0.04
3686,0,0.00017,0.999999,0.999829,588100.11
3687,1,0.999882,0.999999,0.000117,0.01
3688,1,0.999944,0.999999,5.5e-05,0.01
3689,1,0.999966,0.999999,3.3e-05,0.0
3690,0,0.000228,0.999999,0.999771,438476.82
3691,1,0.997486,0.999999,0.002513,0.25
3692,1,0.999942,0.999999,5.7e-05,0.01
3693,0,6.9e-05,0.999999,0.99993,1448963.92
3694,1,0.999961,0.999999,3.8e-05,0.0
3695,0,0.000116,0.999999,0.999883,861893.8
3696,1,0.999645,0.999999,0.000354,0.04
3697,1,0.997464,0.999999,0.002535,0.25
3698,1,0.999929,0.999999,7e-05,0.01
3699,0,0.00296,0.999999,0.997039,33683.64
3700,0,0.000214,0.999999,0.999785,467167.42
3701,1,0.999641,0.999999,0.000358,0.04
3702,0,0.00174,0.999999,0.998259,57370.88
3703,1,0.999941,0.999999,5.8e-05,0.01
3704,1,0.999798,0.999999,0.000201,0.02
3705,0,0.000247,0.999999,0.999752,404741.51
3706,0,0.00055,0.999999,0.999449,181714.7
3707,0,9e-05,0.999999,0.999909,1110886.57
3708,1,0.999798,0.999999,0.000201,0.02
3709,0,0.000118,0.999999,0.999881,847284.98
3710,0,0.000155,0.999999,0.999844,645019.03
3711,0,0.000368,0.999999,0.999631,271631.48
3712,0,0.001283,0.999999,0.998716,77841.64
3713,0,0.000161,0.999999,0.999838,620978.82
3714,0,4e-05,0.999999,0.999959,2499272.68
3715,1,0.999748,0.999999,0.000251,0.03
3716,0,0.000409,0.999999,0.99959,244392.56
3717,0,6.4e-05,0.999999,0.999935,1562154.35
3718,0,0.000211,0.999999,0.999788,473810.72
3719,1,0.999144,0.999999,0.000855,0.09
3720,0,0.000126,0.999999,0.999873,793487.02
3721,0,1.5e-05,0.999999,0.999984,6662118.59
3722,0,0.002822,0.999999,0.997177,35335.7
3723,0,0.000238,0.999999,0.999761,420050.0
3724,0,0.000241,0.999999,0.999758,414820.13
3725,0,0.000101,0.999999,0.999898,989900.01
3726,1,0.999904,0.999999,9.5e-05,0.01
3727,0,0.000288,0.999999,0.999711,347109.82
3728,0,8e-05,0.999999,0.999919,1249742.53
3729,1,0.999901,0.999999,9.8e-05,0.01
3730,1,0.994183,0.999999,0.005816,0.59
3731,0,0.000124,0.999999,0.999875,806285.78
3732,0,0.000185,0.999999,0.999814,540410.79
3733,1,0.999965,0.999999,3.4e-05,0.0
3734,0,4e-05,0.999999,0.999959,2499272.68
3735,0,0.000578,0.999999,0.999421,172907.22
3736,1,0.999728,0.999999,0.000271,0.03
3737,1,0.998203,0.999999,0.001796,0.18
3738,1,0.999947,0.999999,5.2e-05,0.01
3739,0,0.000328,0.999999,0.999671,304768.45
3740,0,0.000123,0.999999,0.999876,812841.23
3741,1,0.999948,0.999999,5.1e-05,0.01
3742,0,0.000247,0.999999,0.999752,404741.51
3743,1,0.999962,0.999999,3.7e-05,0.0
3744,1,0.998706,0.999999,0.001293,0.13
3745,1,0.999278,0.999999,0.000721,0.07
3746,1,0.999894,0.999999,0.000104,0.01
3747,0,7e-05,0.999999,0.999929,1428265.96
3748,0,7.4e-05,0.999999,0.999925,1351067.42
3749,1,0.999093,0.999999,0.000906,0.09
3750,0,0.001035,0.999999,0.998964,96517.33
3751,1,0.999945,0.999999,5.4e-05,0.01
3752,0,0.000166,0.999999,0.999833,602272.75
3753,1,0.999965,0.999999,3.4e-05,0.0
3754,1,0.999942,0.999999,5.7e-05,0.01
3755,1,0.999785,0.999999,0.000214,0.02
3756,0,0.001212,0.999999,0.998787,82407.49
3757,1,0.999886,0.999999,0.000113,0.01
3758,1,0.999923,0.999999,7.6e-05,0.01
3759,1,0.998525,0.999999,0.001474,0.15
3760,1,0.998992,0.999999,0.001007,0.1
3761,0,0.000608,0.999999,0.999391,164370.82
3762,0,7.1e-05,0.999999,0.999928,1408150.96
3763,1,0.999592,0.999999,0.000407,0.04
3764,1,0.998663,0.999999,0.001336,0.13
3765,0,0.000355,0.999999,0.999644,281581.93
3766,0,0.000125,0.999999,0.999874,799835.21
3767,0,0.000224,0.999999,0.999775,446308.2
3768,0,0.000112,0.999999,0.999887,892676.55
3769,0,7.8e-05,0.999999,0.999921,1281785.67
3770,0,0.000166,0.999999,0.999833,602272.75
3771,0,9.5e-05,0.999999,0.999904,1052419.75
3772,0,0.001074,0.999999,0.998925,93008.91
3773,0,0.000459,0.999999,0.99954,217759.96
3774,1,0.884769,0.999999,0.11523,13.02
3775,0,4.9e-05,0.999999,0.99995,2040297.9
3776,0,0.000133,0.999999,0.999866,751722.43
3777,1,0.999961,0.999999,3.8e-05,0.0
3778,0,0.00013,0.999999,0.999869,769070.84
3779,0,0.000509,0.999999,0.99949,196359.6
3780,1,0.960394,0.999999,0.039605,4.12
3781,1,0.999941,0.999999,5.8e-05,0.01
3782,1,0.999839,0.999999,0.00016,0.02
3783,1,0.999958,0.999999,4.1e-05,0.0
3784,1,0.999803,0.999999,0.000196,0.02
3785,0,0.000392,0.999999,0.999607,254995.28
3786,1,0.999526,0.999999,0.000473,0.05
3787,0,9.8e-05,0.999999,0.999901,1020203.04
3788,0,5.3e-05,0.999999,0.999946,1886334.65
3789,0,0.000534,0.999999,0.999465,187162.23
3790,0,6.2e-05,0.999999,0.999937,1612541.53
3791,1,0.999923,0.999999,7.6e-05,0.01
3792,0,0.000338,0.999999,0.999661,295748.94
3793,0,0.00015,0.999999,0.999849,666521.57
3794,1,0.99961,0.999999,0.000389,0.04
3795,1,0.999952,0.999999,4.7e-05,0.0
3796,1,0.999936,0.999999,6.3e-05,0.01
3797,1,0.999946,0.999999,5.3e-05,0.01
3798,1,0.999885,0.999999,0.000114,0.01
3799,0,3.4e-05,0.999999,0.999965,2940208.76
3800,1,0.999932,0.999999,6.7e-05,0.01
3801,1,0.999806,0.999999,0.000193,0.02
3802,0,0.000313,0.999999,0.999686,319378.29
3803,0,0.000862,0.999999,0.999137,115907.82
3804,1,0.999964,0.999999,3.5e-05,0.0
3805,1,0.999894,0.999999,0.000105,0.01
3806,1,0.999464,0.999999,0.000535,0.05
3807,0,0.001063,0.999999,0.998936,93972.4
3808,1,0.999813,0.999999,0.000186,0.02
3809,0,0.000129,0.999999,0.99987,775032.94
3810,0,1.6e-05,0.999999,0.999983,6245990.01
3811,0,0.000267,0.999999,0.999732,374417.44
3812,0,0.000117,0.999999,0.999882,854526.96
3813,1,0.998649,0.999999,0.00135,0.14
3814,0,0.000245,0.999999,0.999754,408046.2
3815,1,0.999937,0.999999,6.2e-05,0.01
3816,0,0.000823,0.999999,0.999176,121405.09
3817,1,0.999926,0.999999,7.3e-05,0.01
3818,1,0.999976,0.999999,2.3e-05,0.0
3819,0,8.1e-05,0.999999,0.999918,1234314.28
3820,1,0.999893,0.999999,0.000106,0.01
3821,1,0.999012,0.999999,0.000987,0.1
3822,1,0.999028,0.999999,0.000972,0.1
3823,1,0.958028,0.999999,0.041971,4.38
3824,1,0.999958,0.999999,4.1e-05,0.0
3825,0,4.7e-05,0.999999,0.999952,2127104.87
3826,0,0.000842,0.999999,0.999157,118663.32
3827,0,0.000834,0.999999,0.999165,119802.52
3828,1,0.999681,0.999999,0.000318,0.03
3829,1,0.999887,0.999999,0.000112,0.01
3830,1,0.999942,0.999999,5.7e-05,0.01
3831,1,0.99989,0.999999,0.000109,0.01
3832,0,0.000953,0.999999,0.999046,104830.59
3833,1,0.999959,0.999999,4e-05,0.0
3834,1,0.999932,0.999999,6.7e-05,0.01
3835,0,0.000104,0.999999,0.999895,961345.06
3836,0,0.000354,0.999999,0.999645,282377.62
3837,0,0.000691,0.999999,0.999308,144615.56
3838,0,0.000363,0.999999,0.999636,275374.23
3839,0,0.000132,0.999999,0.999867,757417.62
3840,1,0.999929,0.999999,7e-05,0.01
3841,0,0.006281,0.999999,0.993718,15820.99
3842,0,0.001586,0.999999,0.998413,62951.24
3843,0,0.000419,0.999999,0.99958,238557.55
3844,0,4e-05,0.999999,0.999959,2499272.68
3845,1,0.999854,0.999999,0.000145,0.01
3846,0,4.7e-05,0.999999,0.999952,2127104.87
3847,1,0.999902,0.999999,9.7e-05,0.01
3848,0,0.00011,0.999999,0.999889,908907.37
3849,1,0.995966,0.999999,0.004033,0.4
3850,0,0.001359,0.999999,0.99864,73482.9
3851,0,0.001071,0.999999,0.998928,93269.72
3852,1,0.999955,0.999999,4.4e-05,0.0
3853,0,0.000109,0.999999,0.99989,917246.12
3854,0,0.000268,0.999999,0.999731,373020.04
3855,1,0.999923,0.999999,7.6e-05,0.01
3856,1,0.999965,0.999999,3.4e-05,0.0
3857,0,0.000392,0.999999,0.999607,254995.28
3858,0,0.000308,0.999999,0.999691,324564.46
3859,0,0.000803,0.999999,0.999196,124431.33
3860,0,3.3e-05,0.999999,0.999966,3029282.04
3861,1,0.999979,0.999999,2e-05,0.0
3862,1,0.999942,0.999999,5.7e-05,0.01
3863,0,0.000817,0.999999,0.999182,122297.4
3864,1,0.999964,0.999999,3.5e-05,0.0
3865,0,0.000821,0.999999,0.999178,121701.08
3866,1,0.999929,0.999999,7e-05,0.01
3867,0,6.8e-05,0.999999,0.999931,1470270.55
3868,0,0.002983,0.999999,0.997016,33423.15
3869,0,0.000337,0.999999,0.999662,296626.81
3870,1,0.99997,0.999999,2.9e-05,0.0
3871,1,0.999076,0.999999,0.000923,0.09
3872,0,0.001756,0.999999,0.998243,56847.23
3873,0,0.000783,0.999999,0.999216,127612.16
3874,0,0.00011,0.999999,0.999889,908907.37
3875,0,0.000112,0.999999,0.999887,892676.55
3876,0,0.000377,0.999999,0.999622,265144.69
3877,0,2.7e-05,0.999999,0.999972,3702228.8
3878,0,8e-05,0.999999,0.999919,1249742.53
3879,1,0.999911,0.999999,8.8e-05,0.01
3880,1,0.999776,0.999999,0.000223,0.02
3881,0,4.6e-05,0.999999,0.999953,2173338.4
3882,1,0.999843,0.999999,0.000156,0.02
3883,1,0.999946,0.999999,5.3e-05,0.01
3884,0,5e-05,0.999999,0.999949,1999498.1
3885,0,0.010136,0.999999,0.989863,9765.81
3886,0,0.000129,0.999999,0.99987,775032.94
3887,1,0.997143,0.999999,0.002856,0.29
3888,1,0.999776,0.999999,0.000223,0.02
3889,0,2.8e-05,0.999999,0.999971,3570049.98
3890,1,0.999914,0.999999,8.5e-05,0.01
3891,1,0.999923,0.999999,7.6e-05,0.01
3892,1,0.999932,0.999999,6.7e-05,0.01
3893,1,0.99987,0.999999,0.000129,0.01
3894,1,0.999927,0.999999,7.2e-05,0.01
3895,0,2.1e-05,0.999999,0.999978,4759533.56
3896,1,0.999734,0.999999,0.000265,0.03
3897,1,0.999958,0.999999,4.1e-05,0.0
3898,0,0.000216,0.999999,0.999783,462841.07
3899,0,0.001059,0.999999,0.99894,94327.72
3900,0,4.1e-05,0.999999,0.999958,2438327.24
3901,0,0.003474,0.999999,0.996525,28685.15
3902,0,9e-05,0.999999,0.999909,1110886.57
3903,0,0.003112,0.999999,0.996887,32033.54
3904,1,0.999899,0.999999,0.0001,0.01
3905,0,0.000373,0.999999,0.999626,267989.06
3906,1,0.999023,0.999999,0.000976,0.1
3907,1,0.999214,0.999999,0.000785,0.08
3908,1,0.999225,0.999999,0.000774,0.08
3909,1,0.993678,0.999999,0.006321,0.64
3910,1,0.995519,0.999999,0.00448,0.45
3911,0,0.0002,0.999999,0.999799,499874.51
3912,0,0.0001,0.999999,0.999899,999799.02
3913,0,0.000318,0.999999,0.999681,314355.21
3914,1,0.999459,0.999999,0.00054,0.05
3915,0,0.010933,0.999999,0.989066,9046.6
3916,1,0.999931,0.999999,6.8e-05,0.01
3917,0,0.000688,0.999999,0.999311,145246.58
3918,0,0.000174,0.999999,0.999825,574579.05
3919,0,0.000345,0.999999,0.999654,289746.38
3920,1,0.999796,0.999999,0.000203,0.02
3921,0,0.000412,0.999999,0.999587,242612.32
3922,0,0.001297,0.999999,0.998702,77000.33
3923,1,0.999958,0.999999,4.1e-05,0.0
3924,0,0.002071,0.999999,0.997928,48185.57
3925,0,0.000205,0.999999,0.999794,487680.6
3926,0,0.917956,0.999999,0.082043,8.94
3927,0,0.226194,0.999999,0.773805,342.1
3928,0,2.8e-05,0.999999,0.999971,3570049.98
3929,0,0.000424,0.999999,0.999575,235743.26
3930,1,0.999896,0.999999,0.000103,0.01
3931,0,8.2e-05,0.999999,0.999917,1219262.29
3932,1,0.999943,0.999999,5.6e-05,0.01
3933,0,0.0006,0.999999,0.999399,166563.72
3934,1,0.92622,0.999999,0.073779,7.97
3935,1,0.999903,0.999999,9.6e-05,0.01
3936,1,0.999508,0.999999,0.000491,0.05
3937,0,0.000731,0.999999,0.999268,136696.9
3938,1,0.99996,0.999999,3.9e-05,0.0
3939,0,0.000198,0.999999,0.999801,504924.5
3940,0,0.000517,0.999999,0.999482,193319.66
3941,1,0.999433,0.999999,0.000566,0.06
3942,1,0.99901,0.999999,0.000989,0.1
3943,0,0.003044,0.999999,0.996955,32751.37
3944,0,0.000105,0.999999,0.999894,952189.32
3945,0,3.1e-05,0.999999,0.999968,3224663.01
3946,1,0.999899,0.999999,0.0001,0.01
3947,0,0.006219,0.999999,0.99378,15979.71
3948,0,0.000148,0.999999,0.999851,675529.36
3949,1,0.999951,0.999999,4.8e-05,0.0
3950,0,0.000305,0.999999,0.999694,327757.78
3951,0,0.000123,0.999999,0.999876,812841.23
3952,0,4.4e-05,0.999999,0.999955,2272108.61
3953,0,0.000132,0.999999,0.999867,757417.62
3954,0,0.004997,0.999999,0.995002,19911.95
3955,1,0.999819,0.999999,0.00018,0.02
3956,1,0.999749,0.999999,0.00025,0.03
3957,0,0.000103,0.999999,0.999896,970678.57
3958,0,5.1e-05,0.999999,0.999948,1960297.98
3959,1,0.999946,0.999999,5.3e-05,0.01
3960,0,0.000162,0.999999,0.999837,617145.24
3961,0,6.1e-05,0.999999,0.999938,1638973.94
3962,1,0.999948,0.999999,5.1e-05,0.01
3963,1,0.999849,0.999999,0.00015,0.02
3964,0,0.000825,0.999999,0.999174,121110.53
3965,0,0.000294,0.999999,0.999705,340024.15
3966,0,0.000195,0.999999,0.999804,512693.71
3967,0,0.003529,0.999999,0.99647,28236.53
3968,0,0.000364,0.999999,0.999635,274617.46
3969,1,0.996008,0.999999,0.003991,0.4
3970,1,0.999902,0.999999,9.7e-05,0.01
3971,0,9.6e-05,0.999999,0.999903,1041457.14
3972,0,9.9e-05,0.999999,0.9999,1009897.99
3973,1,0.999884,0.999999,0.000115,0.01
3974,0,0.000131,0.999999,0.999868,763199.76
3975,0,5.4e-05,0.999999,0.999945,1851407.15
3976,1,0.999822,0.999999,0.000177,0.02
3977,1,0.999937,0.999999,6.2e-05,0.01
3978,0,0.000805,0.999999,0.999194,124121.94
3979,0,0.002007,0.999999,0.997992,49725.31
3980,1,0.999899,0.999999,0.0001,0.01
3981,0,0.000106,0.999999,0.999893,943206.3
3982,0,8.2e-05,0.999999,0.999917,1219262.29
3983,1,0.999971,0.999999,2.8e-05,0.0
3984,1,0.999904,0.999999,9.5e-05,0.01
3985,0,7.8e-05,0.999999,0.999921,1281785.67
3986,1,0.999861,0.999999,0.000138,0.01
3987,0,5.8e-05,0.999999,0.999941,1723739.01
3988,1,0.999144,0.999999,0.000855,0.09
3989,0,0.000286,0.999999,0.999713,349537.78
3990,0,9.6e-05,0.999999,0.999903,1041457.14
3991,0,9.9e-05,0.999999,0.9999,1009897.99
3992,1,0.999096,0.999999,0.000902,0.09
3993,0,0.001696,0.999999,0.998303,58861.86
3994,0,5.9e-05,0.999999,0.99994,1694526.35
3995,0,0.000652,0.999999,0.999347,153271.73
3996,0,0.000719,0.999999,0.99928,138979.99
3997,0,7.5e-05,0.999999,0.999924,1333054.26
3998,1,0.99982,0.999999,0.000179,0.02
3999,1,0.999734,0.999999,0.000265,0.03
4000,0,0.000194,0.999999,0.999805,515336.84
4001,0,9.6e-05,0.999999,0.999903,1041457.14
4002,0,0.000109,0.999999,0.99989,917246.12
4003,1,0.999904,0.999999,9.5e-05,0.01
4004,1,0.999716,0.999999,0.000283,0.03
4005,0,0.589533,0.999999,0.410466,69.63
4006,0,0.000141,0.999999,0.999858,709068.86
4007,1,0.999909,0.999999,9e-05,0.01
4008,0,4e-05,0.999999,0.999959,2499272.68
4009,0,5.1e-05,0.999999,0.999948,1960297.98
4010,0,0.000377,0.999999,0.999622,265144.69
4011,0,0.000168,0.999999,0.999831,595102.08
4012,0,0.000102,0.999999,0.999897,980195.08
4013,1,0.276672,0.999999,0.723327,261.44
4014,0,7.8e-05,0.999999,0.999921,1281785.67
4015,0,2.5e-05,0.999999,0.999974,3998296.68
4016,0,0.002203,0.999999,0.997796,45292.4
4017,0,0.000153,0.999999,0.999846,653451.41
4018,0,0.000281,0.999999,0.999718,355758.87
4019,1,0.999222,0.999999,0.000777,0.08
4020,1,0.999941,0.999999,5.8e-05,0.01
4021,0,0.000328,0.999999,0.999671,304768.45
4022,0,0.031096,0.999999,0.968903,3115.84
4023,1,0.99673,0.999999,0.003269,0.33
4024,1,0.999942,0.999999,5.7e-05,0.01
4025,1,0.999825,0.999999,0.000174,0.02
4026,0,5e-05,0.999999,0.999949,1999498.1
4027,1,0.999809,0.999999,0.00019,0.02
4028,0,0.000405,0.999999,0.999594,246807.24
4029,1,0.999797,0.999999,0.000202,0.02
4030,0,6.7e-05,0.999999,0.999932,1492213.1
4031,0,0.000633,0.999999,0.999366,157875.23
4032,0,7e-05,0.999999,0.999929,1428265.96
4033,0,7.6e-05,0.999999,0.999923,1315515.06
4034,0,7.9e-05,0.999999,0.99992,1265561.32
4035,0,0.000256,0.999999,0.999743,390509.36
4036,0,0.000681,0.999999,0.999318,146740.58
4037,1,0.999898,0.999999,0.000101,0.01
4038,1,0.999905,0.999999,9.4e-05,0.01
4039,0,0.000137,0.999999,0.999862,729773.01
4040,1,0.999937,0.999999,6.2e-05,0.01
4041,1,0.861653,0.999999,0.138346,16.06
4042,0,5.9e-05,0.999999,0.99994,1694526.35
4043,0,0.00018,0.999999,0.999819,555424.14
4044,0,0.000216,0.999999,0.999783,462841.07
4045,1,0.999858,0.999999,0.000141,0.01
4046,0,5.2e-05,0.999999,0.999947,1922605.27
4047,1,0.999936,0.999999,6.3e-05,0.01
4048,0,0.00048,0.999999,0.999519,208228.79
4049,1,0.998776,0.999999,0.001223,0.12
4050,1,0.995946,0.999999,0.004053,0.41
4051,1,0.999922,0.999999,7.7e-05,0.01
4052,0,2.5e-05,0.999999,0.999974,3998296.68
4053,0,0.000608,0.999999,0.999391,164370.82
4054,1,0.997462,0.999999,0.002537,0.25
4055,0,3.3e-05,0.999999,0.999966,3029282.04
4056,1,0.999954,0.999999,4.5e-05,0.0
4057,1,0.999804,0.999999,0.000195,0.02
4058,0,0.000845,0.999999,0.999154,118241.68
4059,1,0.999877,0.999999,0.000122,0.01
4060,1,0.835903,0.999999,0.164096,19.63
4061,0,4.5e-05,0.999999,0.999954,2221626.31
4062,1,0.999811,0.999999,0.000188,0.02
4063,1,0.999956,0.999999,4.3e-05,0.0
4064,0,0.00276,0.999999,0.997239,36131.72
4065,1,0.999397,0.999999,0.000602,0.06
4066,0,0.000167,0.999999,0.999832,598665.95
4067,0,2.1e-05,0.999999,0.999978,4759533.56
4068,0,0.000127,0.999999,0.999872,787238.8
4069,0,0.002389,0.999999,0.99761,41758.3
4070,0,0.000185,0.999999,0.999814,540410.79
4071,1,0.999614,0.999999,0.000385,0.04
4072,0,1.1e-05,0.999999,0.999988,9082543.14
4073,0,0.000791,0.999999,0.999208,126320.53
4074,1,0.999747,0.999999,0.000252,0.03
4075,0,0.001155,0.999999,0.998844,86479.25
4076,1,0.999265,0.999999,0.000734,0.07
4077,0,0.000863,0.999999,0.999136,115773.4
4078,1,0.999903,0.999999,9.6e-05,0.01
4079,0,7.3e-05,0.999999,0.999926,1369574.03
4080,0,1.6e-05,0.999999,0.999983,6245990.01
4081,0,3.1e-05,0.999999,0.999968,3224663.01
4082,0,0.001251,0.999999,0.998748,79835.33
4083,1,0.999941,0.999999,5.8e-05,0.01
4084,0,0.000249,0.999999,0.99975,401489.9
4085,1,0.999946,0.999999,5.3e-05,0.01
4086,0,0.000259,0.999999,0.99974,385985.1
4087,0,0.001276,0.999999,0.998723,78269.21
4088,0,0.000112,0.999999,0.999887,892676.55
4089,0,0.000127,0.999999,0.999872,787238.8
4090,1,0.99936,0.999999,0.000639,0.06
4091,1,0.996676,0.999999,0.003323,0.33
4092,1,0.999897,0.999999,0.000102,0.01
4093,1,0.999842,0.999999,0.000157,0.02
4094,1,0.999972,0.999999,2.7e-05,0.0
4095,0,0.014892,0.999999,0.985107,6615.0
4096,0,0.001383,0.999999,0.998616,72205.99
4097,0,0.0001,0.999999,0.999899,999799.02
4098,0,0.001584,0.999999,0.998415,63030.85
4099,0,0.000111,0.999999,0.999888,900718.85
4100,1,0.99993,0.999999,6.9e-05,0.01
4101,0,5e-05,0.999999,0.999949,1999498.1
4102,0,4.2e-05,0.999999,0.999957,2380283.27
4103,0,0.000555,0.999999,0.999444,180076.76
4104,1,0.999913,0.999999,8.6e-05,0.01
4105,0,0.000106,0.999999,0.999893,943206.3
4106,0,5.1e-05,0.999999,0.999948,1960297.98
4107,0,0.005022,0.999999,0.994977,19812.33
4108,1,0.999951,0.999999,4.8e-05,0.0
4109,1,0.99992,0.999999,7.9e-05,0.01
4110,1,0.999349,0.999999,0.00065,0.07
4111,0,0.000134,0.999999,0.999865,746112.23
4112,1,0.999948,0.999999,5.1e-05,0.01
4113,1,0.999691,0.999999,0.000308,0.03
4114,1,0.999944,0.999999,5.5e-05,0.01
4115,0,0.004265,0.999999,0.995734,23346.58
4116,0,0.000319,0.999999,0.99968,313369.49
4117,0,4.6e-05,0.999999,0.999953,2173338.4
4118,0,0.000282,0.999999,0.999717,354497.0
4119,1,0.999822,0.999999,0.000177,0.02
4120,0,0.000267,0.999999,0.999732,374417.44
4121,1,0.999308,0.999999,0.000691,0.07
4122,1,0.999969,0.999999,3e-05,0.0
4123,0,9.1e-05,0.999999,0.999908,1098679.27
4124,1,0.999853,0.999999,0.000146,0.01
4125,1,0.999965,0.999999,3.4e-05,0.0
4126,1,0.999871,0.999999,0.000128,0.01
4127,1,0.999958,0.999999,4.1e-05,0.0
4128,1,0.999926,0.999999,7.3e-05,0.01
4129,0,0.000265,0.999999,0.999734,377243.88
4130,0,4.9e-05,0.999999,0.99995,2040297.9
4131,0,0.000516,0.999999,0.999483,193694.5
4132,1,0.999783,0.999999,0.000216,0.02
4133,0,0.000484,0.999999,0.999515,206507.1
4134,1,0.99993,0.999999,6.9e-05,0.01
4135,0,0.000164,0.999999,0.999835,609618.32
4136,0,6.5e-05,0.999999,0.999934,1538123.37
4137,0,0.000152,0.999999,0.999847,657750.81
4138,1,0.99911,0.999999,0.000889,0.09
4139,0,0.000521,0.999999,0.999478,191834.71
4140,0,0.000137,0.999999,0.999862,729773.01
4141,1,0.999672,0.999999,0.000327,0.03
4142,0,0.922216,0.999999,0.077783,8.43
4143,0,0.017694,0.999999,0.982305,5551.62
4144,1,0.999979,0.999999,2e-05,0.0
4145,1,0.999431,0.999999,0.000568,0.06
4146,0,0.000175,0.999999,0.999824,571295.35
4147,1,0.697675,0.999999,0.302324,43.33
4148,1,0.999933,0.999999,6.6e-05,0.01
4149,0,0.00018,0.999999,0.999819,555424.14
4150,1,0.999891,0.999999,0.000108,0.01
4151,1,0.999909,0.999999,9e-05,0.01
4152,0,0.000215,0.999999,0.999784,464994.19
4153,0,0.000149,0.999999,0.99985,670995.24
4154,0,4.5e-05,0.999999,0.999954,2221626.31
4155,0,0.002512,0.999999,0.997487,39708.72
4156,0,3e-05,0.999999,0.999969,3332119.29
4157,0,7.1e-05,0.999999,0.999928,1408150.96
4158,1,0.99832,0.999999,0.001679,0.17
4159,0,0.000557,0.999999,0.999442,179429.81
4160,0,0.002714,0.999999,0.997285,36745.81
4161,0,9.3e-05,0.999999,0.999906,1075052.14
4162,1,0.999805,0.999999,0.000194,0.02
4163,0,4.1e-05,0.999999,0.999958,2438327.24
4164,1,0.999594,0.999999,0.000405,0.04
4165,1,0.999085,0.999999,0.000914,0.09
4166,1,0.999664,0.999999,0.000335,0.03
4167,1,0.989251,0.999999,0.010748,1.09
4168,0,0.000289,0.999999,0.99971,345908.45
4169,1,0.997423,0.999999,0.002576,0.26
4170,0,5.4e-05,0.999999,0.999945,1851407.15
4171,1,0.999898,0.999999,0.000101,0.01
4172,0,4.5e-05,0.999999,0.999954,2221626.31
4173,0,3.6e-05,0.999999,0.999963,2776903.64
4174,1,0.99996,0.999999,3.9e-05,0.0
4175,0,0.00021,0.999999,0.999789,476067.33
4176,0,0.000237,0.999999,0.999762,421822.71
4177,0,0.004913,0.999999,0.995086,20254.1
4178,0,0.001835,0.999999,0.998164,54395.56
4179,1,0.999896,0.999999,0.000103,0.01
4180,1,0.999375,0.999999,0.000624,0.06
4181,0,0.000694,0.999999,0.999305,143990.0
4182,0,4.6e-05,0.999999,0.999953,2173338.4
4183,1,0.99994,0.999999,5.8e-05,0.01
4184,1,0.999773,0.999999,0.000226,0.02
4185,0,3.5e-05,0.999999,0.999964,2856223.94
4186,1,0.999953,0.999999,4.6e-05,0.0
4187,1,0.999956,0.999999,4.2e-05,0.0
4188,0,0.00258,0.999999,0.997419,38659.5
4189,1,0.999816,0.999999,0.000182,0.02
4190,0,0.008589,0.999999,0.99141,11542.77
4191,1,0.999488,0.999999,0.000511,0.05
4192,1,0.999367,0.999999,0.000632,0.06
4193,0,0.000297,0.999999,0.999702,336588.67
4194,0,0.000278,0.999999,0.999721,359598.94
4195,0,0.037147,0.999999,0.962852,2592.0
4196,1,0.999564,0.999999,0.000435,0.04
4197,1,0.999952,0.999999,4.7e-05,0.0
4198,1,0.999862,0.999999,0.000138,0.01
4199,0,0.006265,0.999999,0.993734,15861.65
4200,1,0.999111,0.999999,0.000888,0.09
4201,1,0.9996,0.999999,0.000399,0.04
4202,0,0.001719,0.999999,0.99828,58072.96
4203,0,0.000327,0.999999,0.999672,305700.74
4204,1,0.999864,0.999999,0.000135,0.01
4205,1,0.998846,0.999999,0.001153,0.12
4206,0,0.000158,0.999999,0.999841,632770.71
4207,0,7.6e-05,0.999999,0.999923,1315515.06
4208,0,3.8e-05,0.999999,0.999961,2630784.0
4209,1,0.9997,0.999999,0.000299,0.03
4210,0,0.000159,0.999999,0.99984,628790.64
4211,1,0.999968,0.999999,3.1e-05,0.0
4212,0,5.1e-05,0.999999,0.999948,1960297.98
4213,1,0.999926,0.999999,7.3e-05,0.01
4214,1,0.999947,0.999999,5.2e-05,0.01
4215,0,0.000233,0.999999,0.999766,429065.71
4216,0,0.000119,0.999999,0.99988,840164.69
4217,0,0.001267,0.999999,0.998732,78825.9
4218,1,0.999939,0.999999,6e-05,0.01
4219,0,0.000811,0.999999,0.999188,123202.92
4220,1,0.999909,0.999999,9e-05,0.01
4221,1,0.992206,0.999999,0.007792,0.79
4222,1,0.999974,0.999999,2.4e-05,0.0
4223,0,0.000471,0.999999,0.999528,212209.51
4224,1,0.999972,0.999999,2.7e-05,0.0
4225,1,0.999113,0.999999,0.000886,0.09
4226,1,0.999866,0.999999,0.000133,0.01
4227,0,9.1e-05,0.999999,0.999908,1098679.27
4228,0,0.000223,0.999999,0.999776,448309.94
4229,1,0.999517,0.999999,0.000482,0.05
4230,1,0.999827,0.999999,0.000172,0.02
4231,0,0.00013,0.999999,0.999869,769070.84
4232,0,0.00073,0.999999,0.999269,136884.29
4233,1,0.999497,0.999999,0.000502,0.05
4234,1,0.99995,0.999999,4.9e-05,0.0
4235,1,0.99997,0.999999,2.9e-05,0.0
4236,1,0.999746,0.999999,0.000253,0.03
4237,0,0.001069,0.999999,0.99893,93444.4
4238,0,4.6e-05,0.999999,0.999953,2173338.4
4239,0,0.00021,0.999999,0.999789,476067.33
4240,1,0.99818,0.999999,0.001819,0.18
4241,0,0.000315,0.999999,0.999684,317349.93
4242,0,0.000248,0.999999,0.999751,403109.15
4243,1,0.999813,0.999999,0.000186,0.02
4244,0,0.385756,0.999999,0.614243,159.23
4245,0,0.000215,0.999999,0.999784,464994.19
4246,1,0.999969,0.999999,3e-05,0.0
4247,0,0.087334,0.999999,0.912665,1045.03
4248,1,0.999939,0.999999,6e-05,0.01
4249,0,3e-05,0.999999,0.999969,3332119.29
4250,0,0.000356,0.999999,0.999643,280790.71
4251,1,0.999649,0.999999,0.00035,0.04
4252,0,7.7e-05,0.999999,0.999922,1298431.37
4253,1,0.9998,0.999999,0.000199,0.02
4254,1,0.999211,0.999999,0.000788,0.08
4255,1,0.949758,0.999999,0.050241,5.29
4256,0,0.000297,0.999999,0.999702,336588.67
4257,1,0.999792,0.999999,0.000207,0.02
4258,0,0.00121,0.999999,0.998789,82543.86
4259,1,0.999177,0.999999,0.000822,0.08
4260,0,8.2e-05,0.999999,0.999917,1219262.29
4261,1,0.999488,0.999999,0.000511,0.05
4262,1,0.999825,0.999999,0.000174,0.02
4263,0,0.794479,0.999999,0.20552,25.87
4264,1,0.999032,0.999999,0.000967,0.1
4265,1,0.999938,0.999999,6.1e-05,0.01
4266,0,0.000968,0.999999,0.999031,103204.62
4267,0,5.6e-05,0.999999,0.999943,1785293.7
4268,1,0.922835,0.999999,0.077164,8.36
4269,0,0.00019,0.999999,0.999809,526187.57
4270,1,0.999944,0.999999,5.5e-05,0.01
4271,0,6.8e-05,0.999999,0.999931,1470270.55
4272,0,0.000287,0.999999,0.999712,348319.57
4273,0,0.000834,0.999999,0.999165,119802.52
4274,0,0.000278,0.999999,0.999721,359598.94
4275,0,9.2e-05,0.999999,0.999907,1086737.31
4276,0,7e-05,0.999999,0.999929,1428265.96
4277,0,0.00019,0.999999,0.999809,526187.57
4278,1,0.985331,0.999999,0.014668,1.49
4279,0,0.000574,0.999999,0.999425,174112.82
4280,1,0.999938,0.999999,6.1e-05,0.01
4281,1,0.999967,0.999999,3.2e-05,0.0
4282,1,0.999966,0.999999,3.3e-05,0.0
4283,0,9e-05,0.999999,0.999909,1110886.57
4284,0,0.000789,0.999999,0.99921,126640.98
4285,1,0.999894,0.999999,0.000105,0.01
4286,1,0.999922,0.999999,7.6e-05,0.01
4287,1,0.868306,0.999999,0.131693,15.17
4288,1,0.999965,0.999999,3.4e-05,0.0
4289,0,0.000418,0.999999,0.999581,239128.49
4290,1,0.999451,0.999999,0.000548,0.05
4291,1,0.999963,0.999999,3.6e-05,0.0
4292,1,0.999896,0.999999,0.000103,0.01
4293,1,0.999799,0.999999,0.0002,0.02
4294,0,8.8e-05,0.999999,0.999911,1136133.39
4295,0,0.000162,0.999999,0.999837,617145.24
4296,0,0.000309,0.999999,0.99969,323513.8
4297,1,0.999902,0.999999,9.7e-05,0.01
4298,1,0.999538,0.999999,0.000461,0.05
4299,0,0.000407,0.999999,0.999592,245593.97
4300,0,0.002101,0.999999,0.997898,47496.11
4301,0,0.000568,0.999999,0.999431,175953.06
4302,0,0.000326,0.999999,0.999673,306638.75
4303,1,0.999958,0.999999,4.1e-05,0.0
4304,1,0.999553,0.999999,0.000446,0.04
4305,1,0.999203,0.999999,0.000796,0.08
4306,0,1.5e-05,0.999999,0.999984,6662118.59
4307,0,0.000189,0.999999,0.99981,528972.01
4308,0,3.5e-05,0.999999,0.999964,2856223.94
4309,0,0.000536,0.999999,0.999463,186463.5
4310,0,0.033905,0.999999,0.966094,2849.41
4311,1,0.999035,0.999999,0.000964,0.1
4312,0,3.9e-05,0.999999,0.99996,2563342.73
4313,0,0.000143,0.999999,0.999856,699151.11
4314,0,0.000509,0.999999,0.99949,196359.6
4315,0,0.004855,0.999999,0.995144,20497.26
4316,1,0.522784,0.999999,0.477215,91.28
4317,0,5.4e-05,0.999999,0.999945,1851407.15
4318,1,0.999669,0.999999,0.00033,0.03
4319,0,8.8e-05,0.999999,0.999911,1136133.39
4320,1,0.998838,0.999999,0.001161,0.12
4321,0,0.000106,0.999999,0.999893,943206.3
4322,0,0.0006,0.999999,0.999399,166563.72
4323,1,0.999959,0.999999,4e-05,0.0
4324,0,6.8e-05,0.999999,0.999931,1470270.55
4325,1,0.999091,0.999999,0.000908,0.09
4326,0,0.000195,0.999999,0.999804,512693.71
4327,1,0.999949,0.999999,5e-05,0.01
4328,1,0.999964,0.999999,3.5e-05,0.0
4329,0,0.007548,0.999999,0.992451,13148.51
4330,1,0.99992,0.999999,7.9e-05,0.01
4331,0,0.000937,0.999999,0.999062,106622.34
4332,0,0.002837,0.999999,0.997162,35148.34
4333,1,0.998983,0.999999,0.001016,0.1
4334,0,0.000255,0.999999,0.999744,392041.1
4335,0,0.00036,0.999999,0.999639,277669.79
4336,0,0.000136,0.999999,0.999863,735139.33
4337,1,0.999913,0.999999,8.6e-05,0.01
4338,0,0.003328,0.999999,0.996671,29947.96
4339,1,0.999937,0.999999,6.2e-05,0.01
4340,0,0.000352,0.999999,0.999647,283982.56
4341,1,0.999958,0.999999,4e-05,0.0
4342,0,0.000122,0.999999,0.999877,819504.14
4343,1,0.999874,0.999999,0.000125,0.01
4344,0,0.00023,0.999999,0.999769,434663.28
4345,1,0.994512,0.999999,0.005487,0.55
4346,1,0.999601,0.999999,0.000398,0.04
4347,1,0.999927,0.999999,7.2e-05,0.01
4348,1,0.999693,0.999999,0.000306,0.03
4349,1,0.999893,0.999999,0.000106,0.01
4350,1,0.999973,0.999999,2.6e-05,0.0
4351,1,0.999895,0.999999,0.000104,0.01
4352,1,0.99994,0.999999,5.9e-05,0.01
4353,0,0.000181,0.999999,0.999818,552355.12
4354,0,0.001333,0.999999,0.998666,74918.12
4355,1,0.9999,0.999999,9.9e-05,0.01
4356,0,6.5e-05,0.999999,0.999934,1538123.37
4357,1,0.999934,0.999999,6.5e-05,0.01
4358,0,0.000225,0.999999,0.999774,444324.25
4359,1,0.999933,0.999999,6.6e-05,0.01
4360,0,0.084974,0.999999,0.915025,1076.83
4361,1,0.999956,0.999999,4.3e-05,0.0
4362,0,0.000402,0.999999,0.999597,248649.78
4363,1,0.999959,0.999999,4e-05,0.0
4364,1,0.999952,0.999999,4.7e-05,0.0
4365,0,0.000467,0.999999,0.999532,214027.97
4366,1,0.999773,0.999999,0.000226,0.02
4367,0,0.000241,0.999999,0.999758,414820.13
4368,1,0.999882,0.999999,0.000117,0.01
4369,0,0.000202,0.999999,0.999797,494924.51
4370,1,0.999911,0.999999,8.8e-05,0.01
4371,0,0.000791,0.999999,0.999208,126320.53
4372,0,0.000681,0.999999,0.999318,146740.58
4373,0,2e-05,0.999999,0.999979,4997396.3
4374,0,2.5e-05,0.999999,0.999974,3998296.68
4375,0,0.000421,0.999999,0.999578,237423.81
4376,0,0.000634,0.999999,0.999365,157626.06
4377,0,0.000114,0.999999,0.999885,877015.17
4378,0,0.000199,0.999999,0.9998,502386.81
4379,0,0.000107,0.999999,0.999892,934391.18
4380,1,0.999907,0.999999,9.2e-05,0.01
4381,0,0.000428,0.999999,0.999571,233539.17
4382,1,0.999874,0.999999,0.000125,0.01
4383,0,2.2e-05,0.999999,0.999977,4543284.87
4384,0,0.000284,0.999999,0.999715,351999.93
4385,1,0.999399,0.999999,0.0006,0.06
4386,1,0.999561,0.999999,0.000438,0.04
4387,1,0.99996,0.999999,3.9e-05,0.0
4388,0,0.01185,0.999999,0.988149,8338.8
4389,1,0.917548,0.999999,0.082451,8.99
4390,0,0.0006,0.999999,0.999399,166563.72
4391,0,0.000112,0.999999,0.999887,892676.55
4392,0,0.000164,0.999999,0.999835,609618.32
4393,0,0.000169,0.999999,0.99983,591580.38
4394,1,0.99996,0.999999,3.9e-05,0.0
4395,0,0.000379,0.999999,0.99962,263745.02
4396,1,0.999903,0.999999,9.6e-05,0.01
4397,1,0.9999,0.999999,9.9e-05,0.01
4398,1,0.999951,0.999999,4.8e-05,0.0
4399,1,0.999943,0.999999,5.6e-05,0.01
4400,1,0.914386,0.999999,0.085613,9.36
4401,1,0.999949,0.999999,5e-05,0.01
4402,1,0.99992,0.999999,7.9e-05,0.01
4403,0,1.3e-05,0.999999,0.999986,7686287.47
4404,0,0.000468,0.999999,0.999531,213570.44
4405,1,0.999916,0.999999,8.3e-05,0.01
4406,0,3.9e-05,0.999999,0.99996,2563342.73
4407,0,0.000399,0.999999,0.9996,250520.04
4408,0,6.6e-05,0.999999,0.999933,1514820.48
4409,0,5.5e-05,0.999999,0.999944,1817749.5
4410,1,0.999904,0.999999,9.5e-05,0.01
4411,1,0.999949,0.999999,5e-05,0.01
4412,1,0.998984,0.999999,0.001015,0.1
4413,0,0.000263,0.999999,0.999736,380113.3
4414,0,0.000105,0.999999,0.999894,952189.32
4415,0,0.001001,0.999999,0.998998,99799.0
4416,0,0.003969,0.999999,0.99603,25095.17
4417,1,0.99995,0.999999,4.9e-05,0.0
4418,0,0.001375,0.999999,0.998624,72626.67
4419,1,0.999147,0.999999,0.000852,0.09
4420,0,0.009718,0.999999,0.990281,10190.16
4421,1,0.999968,0.999999,3.1e-05,0.0
4422,1,0.999921,0.999999,7.8e-05,0.01
4423,0,0.00038,0.999999,0.999619,263050.71
4424,0,0.000618,0.999999,0.999381,161709.52
4425,0,0.000293,0.999999,0.999706,341184.94
4426,0,0.00016,0.999999,0.999839,624860.32
4427,0,0.013664,0.999999,0.986335,7218.49
4428,1,0.999954,0.999999,4.5e-05,0.0
4429,1,0.999965,0.999999,3.4e-05,0.0
4430,1,0.99997,0.999999,2.9e-05,0.0
4431,0,0.000121,0.999999,0.999878,826277.17
4432,0,0.000465,0.999999,0.999534,214948.93
4433,0,8.2e-05,0.999999,0.999917,1219262.29
4434,1,0.999819,0.999999,0.00018,0.02
4435,0,0.000624,0.999999,0.999375,160153.68
4436,1,0.999957,0.999999,4.2e-05,0.0
4437,0,8.5e-05,0.999999,0.999914,1176231.03
4438,0,0.00679,0.999999,0.993209,14627.5
4439,1,0.999841,0.999999,0.000158,0.02
4440,1,0.999954,0.999999,4.5e-05,0.0
4441,0,0.000212,0.999999,0.999787,471575.4
4442,1,0.999984,0.999999,1.5e-05,0.0
4443,0,0.000783,0.999999,0.999216,127612.16
4444,1,0.999905,0.999999,9.4e-05,0.01
4445,1,0.999954,0.999999,4.5e-05,0.0
4446,0,0.000204,0.999999,0.999795,490071.57
4447,1,0.99997,0.999999,2.9e-05,0.0
4448,1,0.999434,0.999999,0.000565,0.06
4449,0,0.000442,0.999999,0.999557,226139.0
4450,0,0.001573,0.999999,0.998426,63472.32
4451,1,0.988536,0.999999,0.011463,1.16
4452,1,0.99993,0.999999,6.9e-05,0.01
4453,0,0.000305,0.999999,0.999694,327757.78
4454,1,0.998491,0.999999,0.001508,0.15
4455,0,0.003088,0.999999,0.996911,32283.28
4456,0,3.4e-05,0.999999,0.999965,2940208.76
4457,1,0.999876,0.999999,0.000123,0.01
4458,1,0.999475,0.999999,0.000524,0.05
4459,0,0.000226,0.999999,0.999773,442357.86
4460,1,0.999526,0.999999,0.000473,0.05
4461,1,0.999673,0.999999,0.000326,0.03
4462,0,3.5e-05,0.999999,0.999964,2856223.94
4463,0,2.3e-05,0.999999,0.999976,4345832.25
4464,0,2.5e-05,0.999999,0.999974,3998296.68
4465,0,0.000704,0.999999,0.999295,141943.3
4466,1,0.999919,0.999999,8e-05,0.01
4467,0,0.001352,0.999999,0.998647,73863.88
4468,0,0.000698,0.999999,0.999301,143164.28
4469,0,0.000846,0.999999,0.999153,118101.8
4470,1,0.999659,0.999999,0.00034,0.03
4471,1,0.999955,0.999999,4.4e-05,0.0
4472,1,0.99995,0.999999,4.9e-05,0.0
4473,0,0.000125,0.999999,0.999874,799835.21
4474,0,0.000146,0.999999,0.999853,684783.92
4475,0,0.00011,0.999999,0.999889,908907.37
4476,1,0.999946,0.999999,5.3e-05,0.01
4477,1,0.999954,0.999999,4.5e-05,0.0
4478,1,0.997868,0.999999,0.002131,0.21
4479,1,0.999844,0.999999,0.000155,0.02
4480,0,0.000154,0.999999,0.999845,649207.84
4481,0,0.000459,0.999999,0.99954,217759.96
4482,0,5.4e-05,0.999999,0.999945,1851407.15
4483,0,0.000181,0.999999,0.999818,552355.12
4484,1,0.995235,0.999999,0.004764,0.48
4485,0,4.6e-05,0.999999,0.999953,2173338.4
4486,0,4.4e-05,0.999999,0.999955,2272108.61
4487,0,0.000377,0.999999,0.999622,265144.69
4488,1,0.99988,0.999999,0.000119,0.01
4489,1,0.999782,0.999999,0.000217,0.02
4490,0,0.000437,0.999999,0.999562,228727.49
4491,0,0.001936,0.999999,0.998063,51552.57
4492,1,0.999803,0.999999,0.000196,0.02
4493,0,6.9e-05,0.999999,0.99993,1448963.92
4494,0,0.00145,0.999999,0.998549,68864.97
4495,1,0.999966,0.999999,3.3e-05,0.0
4496,1,0.999831,0.999999,0.000168,0.02
4497,1,0.999898,0.999999,0.000101,0.01
4498,1,0.999944,0.999999,5.5e-05,0.01
4499,0,2.1e-05,0.999999,0.999978,4759533.56
4500,0,6.3e-05,0.999999,0.999936,1586948.1
4501,1,0.49434,0.999999,0.505659,102.29
4502,1,0.99979,0.999999,0.000209,0.02
4503,1,0.999966,0.999999,3.3e-05,0.0
4504,1,0.99993,0.999999,6.9e-05,0.01
4505,1,0.99983,0.999999,0.000169,0.02
4506,1,0.999797,0.999999,0.000202,0.02
4507,1,0.999924,0.999999,7.5e-05,0.01
4508,1,0.988759,0.999999,0.01124,1.14
4509,0,4.5e-05,0.999999,0.999954,2221626.31
4510,0,0.005343,0.999999,0.994656,18616.02
4511,1,0.999894,0.999999,0.000105,0.01
4512,1,0.999958,0.999999,4e-05,0.0
4513,1,0.999778,0.999999,0.000221,0.02
4514,1,0.998469,0.999999,0.00153,0.15
4515,0,0.000113,0.999999,0.999886,884776.57
4516,0,0.001167,0.999999,0.998832,85588.98
4517,0,0.001999,0.999999,0.998,49924.71
4518,1,0.999732,0.999999,0.000267,0.03
4519,1,0.999469,0.999999,0.00053,0.05
4520,1,0.999879,0.999999,0.00012,0.01
4521,0,0.00115,0.999999,0.998849,86855.68
4522,1,0.971395,0.999999,0.028604,2.94
4523,1,0.999951,0.999999,4.8e-05,0.0
4524,1,0.999945,0.999999,5.4e-05,0.01
4525,0,0.000313,0.999999,0.999686,319378.29
4526,0,0.000107,0.999999,0.999892,934391.18
4527,0,7e-05,0.999999,0.999929,1428265.96
4528,0,0.000681,0.999999,0.999318,146740.58
4529,0,0.000175,0.999999,0.999824,571295.35
4530,1,0.999875,0.999999,0.000124,0.01
4531,0,0.000358,0.999999,0.999641,279221.53
4532,1,0.999929,0.999999,7e-05,0.01
4533,0,0.000724,0.999999,0.999275,138019.5
4534,0,0.000184,0.999999,0.999815,543348.19
4535,1,0.999657,0.999999,0.000342,0.03
4536,0,0.008143,0.999999,0.991856,12180.46
4537,0,3.8e-05,0.999999,0.999961,2630784.0
4538,1,0.999794,0.999999,0.000205,0.02
4539,1,0.99996,0.999999,3.9e-05,0.0
4540,0,0.000177,0.999999,0.999822,564839.27
4541,1,0.999867,0.999999,0.000132,0.01
4542,0,0.00027,0.999999,0.999729,370256.29
4543,0,0.000168,0.999999,0.999831,595102.08
4544,1,0.999934,0.999999,6.5e-05,0.01
4545,1,0.99987,0.999999,0.000129,0.01
4546,0,0.000205,0.999999,0.999794,487680.6
4547,0,5.8e-05,0.999999,0.999941,1723739.01
4548,0,0.000345,0.999999,0.999654,289746.38
4549,1,0.999907,0.999999,9.2e-05,0.01
4550,0,0.048049,0.999999,0.95195,1981.21
4551,1,0.999915,0.999999,8.4e-05,0.01
4552,0,0.000324,0.999999,0.999675,308532.14
4553,1,0.999768,0.999999,0.000231,0.02
4554,0,9.1e-05,0.999999,0.999908,1098679.27
4555,0,0.00043,0.999999,0.999569,232452.5
4556,0,4.7e-05,0.999999,0.999952,2127104.87
4557,0,9e-05,0.999999,0.999909,1110886.57
4558,0,0.000151,0.999999,0.999848,662107.15
4559,0,0.000259,0.999999,0.99974,385985.1
4560,1,0.999885,0.999999,0.000114,0.01
4561,0,0.000517,0.999999,0.999482,193319.66
4562,0,0.000128,0.999999,0.999871,781088.2
4563,0,0.000232,0.999999,0.999767,430915.48
4564,1,0.999966,0.999999,3.2e-05,0.0
4565,1,0.999797,0.999999,0.000202,0.02
4566,0,0.000129,0.999999,0.99987,775032.94
4567,0,0.018099,0.999999,0.9819,5425.16
4568,1,0.999838,0.999999,0.000161,0.02
4569,1,0.998796,0.999999,0.001203,0.12
4570,0,6.1e-05,0.999999,0.999938,1638973.94
4571,1,0.999935,0.999999,6.4e-05,0.01
4572,0,4.6e-05,0.999999,0.999953,2173338.4
4573,0,0.000479,0.999999,0.99952,208663.7
4574,1,0.999755,0.999999,0.000244,0.02
4575,1,0.999817,0.999999,0.000182,0.02
4576,1,0.999665,0.999999,0.000334,0.03
4577,1,0.999884,0.999999,0.000115,0.01
4578,1,0.999668,0.999999,0.000331,0.03
4579,0,0.000185,0.999999,0.999814,540410.79
4580,0,0.000771,0.999999,0.999228,129599.88
4581,0,4.2e-05,0.999999,0.999957,2380283.27
4582,0,1.7e-05,0.999999,0.999982,5878788.95
4583,1,0.999675,0.999999,0.000324,0.03
4584,1,0.999722,0.999999,0.000277,0.03
4585,0,0.016039,0.999999,0.98396,6134.79
4586,1,0.999939,0.999999,6e-05,0.01
4587,0,2.3e-05,0.999999,0.999976,4345832.25
4588,1,0.999721,0.999999,0.000278,0.03
4589,1,0.999893,0.999999,0.000106,0.01
4590,0,0.001128,0.999999,0.998871,88551.61
4591,0,0.001149,0.999999,0.99885,86931.36
4592,0,0.000446,0.999999,0.999553,224110.0
4593,1,0.999895,0.999999,0.000104,0.01
4594,1,0.999862,0.999999,0.000137,0.01
4595,1,0.998247,0.999999,0.001752,0.18
4596,0,0.000976,0.999999,0.999023,102357.87
4597,0,0.002245,0.999999,0.997754,44443.19
4598,1,0.999973,0.999999,2.6e-05,0.0
4599,0,0.000258,0.999999,0.999741,387481.49
4600,1,0.999935,0.999999,6.4e-05,0.01
4601,0,0.000148,0.999999,0.999851,675529.36
4602,0,0.000119,0.999999,0.99988,840164.69
4603,0,0.004642,0.999999,0.995357,21442.37
4604,1,0.999601,0.999999,0.000398,0.04
4605,0,0.008487,0.999999,0.991512,11682.7
4606,1,0.999101,0.999999,0.000898,0.09
4607,1,0.999852,0.999999,0.000147,0.01
4608,1,0.999933,0.999999,6.6e-05,0.01
4609,1,0.999862,0.999999,0.000137,0.01
4610,0,0.000683,0.999999,0.999316,146310.6
4611,1,0.999919,0.999999,8e-05,0.01
4612,0,0.00015,0.999999,0.999849,666521.57
4613,0,0.000117,0.999999,0.999882,854526.96
4614,0,4.1e-05,0.999999,0.999958,2438327.24
4615,1,0.999945,0.999999,5.4e-05,0.01
4616,0,0.000449,0.999999,0.99955,222611.97
4617,1,0.99987,0.999999,0.000129,0.01
4618,0,0.001141,0.999999,0.998858,87541.56
4619,1,0.999972,0.999999,2.7e-05,0.0
4620,1,0.999925,0.999999,7.4e-05,0.01
4621,0,0.000897,0.999999,0.999102,111381.37
4622,1,0.999905,0.999999,9.4e-05,0.01
4623,0,0.009055,0.999999,0.990944,10943.6
4624,1,0.999601,0.999999,0.000398,0.04
4625,0,0.029202,0.999999,0.970797,3324.42
4626,0,0.000978,0.999999,0.999021,102148.34
4627,1,0.999652,0.999999,0.000347,0.03
4628,0,6.8e-05,0.999999,0.999931,1470270.55
4629,1,0.999926,0.999999,7.3e-05,0.01
4630,1,0.999962,0.999999,3.8e-05,0.0
4631,0,0.624961,0.999999,0.375038,60.01
4632,1,0.999493,0.999999,0.000506,0.05
4633,1,0.618076,0.999999,0.381924,61.79
4634,0,0.000722,0.999999,0.999277,138402.1
4635,1,0.999927,0.999999,7.2e-05,0.01
4636,1,0.999817,0.999999,0.000182,0.02
4637,0,8.4e-05,0.999999,0.999915,1190233.31
4638,0,4.3e-05,0.999999,0.999956,2324938.39
4639,1,0.999931,0.999999,6.8e-05,0.01
4640,1,0.999968,0.999999,3.1e-05,0.0
4641,0,3.1e-05,0.999999,0.999968,3224663.01
4642,0,0.001149,0.999999,0.99885,86931.36
4643,0,0.000169,0.999999,0.99983,591580.38
4644,0,0.000808,0.999999,0.999191,123660.72
4645,1,0.999954,0.999999,4.5e-05,0.0
4646,1,0.999904,0.999999,9.5e-05,0.01
4647,0,9.1e-05,0.999999,0.999908,1098679.27
4648,1,0.999745,0.999999,0.000254,0.03
4649,0,7.7e-05,0.999999,0.999922,1298431.37
4650,1,0.999825,0.999999,0.000174,0.02
4651,0,8.7e-05,0.999999,0.999912,1149192.05
4652,1,0.999795,0.999999,0.000204,0.02
4653,0,5.1e-05,0.999999,0.999948,1960297.98
4654,1,0.999925,0.999999,7.4e-05,0.01
4655,0,9.1e-05,0.999999,0.999908,1098679.27
4656,0,0.000185,0.999999,0.999814,540410.79
4657,0,0.000175,0.999999,0.999824,571295.35
4658,0,9.8e-05,0.999999,0.999901,1020203.04
4659,1,0.999914,0.999999,8.4e-05,0.01
4660,0,0.000125,0.999999,0.999874,799835.21
4661,0,0.001285,0.999999,0.998714,77720.33
4662,1,0.999808,0.999999,0.000191,0.02
4663,0,0.000418,0.999999,0.999581,239128.49
4664,1,0.999945,0.999999,5.4e-05,0.01
4665,1,0.999932,0.999999,6.7e-05,0.01
4666,1,0.999898,0.999999,0.000101,0.01
4667,0,1.8e-05,0.999999,0.999981,5552365.35
4668,0,3.4e-05,0.999999,0.999965,2940208.76
4669,0,0.005804,0.999999,0.994195,17129.45
4670,0,0.000793,0.999999,0.999206,126001.69
4671,1,0.999892,0.999999,0.000107,0.01
4672,1,0.990738,0.999999,0.009261,0.93
4673,1,0.853232,0.999999,0.146767,17.2
4674,0,4.9e-05,0.999999,0.99995,2040297.9
4675,1,0.999924,0.999999,7.5e-05,0.01
4676,1,0.999311,0.999999,0.000688,0.07
4677,1,0.999947,0.999999,5.2e-05,0.01
4678,1,0.999914,0.999999,8.5e-05,0.01
4679,1,0.999819,0.999999,0.00018,0.02
4680,0,0.000313,0.999999,0.999686,319378.29
4681,1,0.999946,0.999999,5.3e-05,0.01
4682,0,0.000252,0.999999,0.999747,396709.26
4683,0,0.000333,0.999999,0.999666,300190.99
4684,1,0.99959,0.999999,0.000409,0.04
4685,0,7e-05,0.999999,0.999929,1428265.96
4686,0,0.003006,0.999999,0.996993,33166.66
4687,1,0.999895,0.999999,0.000104,0.01
4688,0,0.002101,0.999999,0.997898,47496.11
4689,0,0.000212,0.999999,0.999787,471575.4
4690,1,0.999908,0.999999,9.1e-05,0.01
4691,1,0.999732,0.999999,0.000267,0.03
4692,0,0.000223,0.999999,0.999776,448309.94
4693,0,6.9e-05,0.999999,0.99993,1448963.92
4694,0,0.00118,0.999999,0.998819,84644.96
4695,0,0.000998,0.999999,0.999001,100099.3
4696,1,0.999904,0.999999,9.5e-05,0.01
4697,1,0.999975,0.999999,2.4e-05,0.0
4698,1,0.998552,0.999999,0.001447,0.14
4699,0,4.6e-05,0.999999,0.999953,2173338.4
4700,1,0.996635,0.999999,0.003364,0.34
4701,0,0.010947,0.999999,0.989052,9034.91
4702,0,6.3e-05,0.999999,0.999936,1586948.1
4703,0,0.003327,0.999999,0.996672,29956.99
4704,1,0.999942,0.999999,5.7e-05,0.01
4705,1,0.999206,0.999999,0.000793,0.08
4706,0,4.3e-05,0.999999,0.999956,2324938.39
4707,1,0.998679,0.999999,0.00132,0.13
4708,0,0.001151,0.999999,0.998848,86780.13
4709,1,0.975526,0.999999,0.024473,2.51
4710,0,4.8e-05,0.999999,0.999951,2082797.33
4711,1,0.939802,0.999999,0.060197,6.41
4712,1,0.999029,0.999999,0.00097,0.1
4713,0,0.000663,0.999999,0.999336,150727.14
4714,1,0.999959,0.999999,4e-05,0.0
4715,1,0.257087,0.999999,0.742912,288.97
4716,0,6.3e-05,0.999999,0.999936,1586948.1
4717,0,0.000238,0.999999,0.999761,420050.0
4718,0,0.000159,0.999999,0.99984,628790.64
4719,0,5.2e-05,0.999999,0.999947,1922605.27
4720,1,0.999432,0.999999,0.000567,0.06
4721,1,0.999667,0.999999,0.000332,0.03
4722,1,0.999886,0.999999,0.000113,0.01
4723,0,3.7e-05,0.999999,0.999962,2701869.76
4724,1,0.999756,0.999999,0.000242,0.02
4725,1,0.999952,0.999999,4.7e-05,0.0
4726,1,0.999856,0.999999,0.000143,0.01
4727,0,6.7e-05,0.999999,0.999932,1492213.1
4728,1,0.99992,0.999999,7.9e-05,0.01
4729,0,0.000295,0.999999,0.999704,338871.22
4730,0,0.00019,0.999999,0.999809,526187.57
4731,0,0.001134,0.999999,0.998865,88082.56
4732,0,4.7e-05,0.999999,0.999952,2127104.87
4733,0,0.001251,0.999999,0.998748,79835.33
4734,0,7.2e-05,0.999999,0.999927,1388594.64
4735,1,0.99943,0.999999,0.000569,0.06
4736,0,0.002984,0.999999,0.997015,33411.92
4737,0,0.005185,0.999999,0.994814,19186.35
4738,0,0.000434,0.999999,0.999565,230309.21
4739,1,0.999952,0.999999,4.7e-05,0.0
4740,1,0.999828,0.999999,0.000171,0.02
4741,1,0.994443,0.999999,0.005556,0.56
4742,1,0.999851,0.999999,0.000148,0.01
4743,0,6e-05,0.999999,0.999939,1666287.29
4744,0,0.016112,0.999999,0.983887,6106.54
4745,0,0.000147,0.999999,0.999852,680125.16
4746,0,0.717778,0.999999,0.282221,39.32
4747,1,0.999947,0.999999,5.2e-05,0.01
4748,1,0.999776,0.999999,0.000223,0.02
4749,0,2e-05,0.999999,0.999979,4997396.3
4750,0,0.000194,0.999999,0.999805,515336.84
4751,1,0.988509,0.999999,0.01149,1.16
4752,1,0.999712,0.999999,0.000287,0.03
4753,1,0.999303,0.999999,0.000696,0.07
4754,0,6.2e-05,0.999999,0.999937,1612541.53
4755,1,0.999934,0.999999,6.5e-05,0.01
4756,0,0.000354,0.999999,0.999645,282377.62
4757,0,0.000169,0.999999,0.99983,591580.38
4758,0,0.000634,0.999999,0.999365,157626.06
4759,1,0.999936,0.999999,6.3e-05,0.01
4760,0,0.031665,0.999999,0.968334,3058.06
4761,1,0.999954,0.999999,4.5e-05,0.0
4762,1,0.999923,0.999999,7.6e-05,0.01
4763,0,0.001004,0.999999,0.998995,99500.5
4764,0,9.4e-05,0.999999,0.999905,1063615.57
4765,1,0.999974,0.999999,2.5e-05,0.0
4766,1,0.846164,0.999999,0.153835,18.18
4767,0,0.000102,0.999999,0.999897,980195.08
4768,1,0.999953,0.999999,4.6e-05,0.0
4769,0,7.1e-05,0.999999,0.999928,1408150.96
4770,0,0.000249,0.999999,0.99975,401489.9
4771,0,0.000172,0.999999,0.999827,581260.97
4772,0,0.208056,0.999999,0.791943,380.64
4773,0,0.00024,0.999999,0.999759,416548.89
4774,1,0.999833,0.999999,0.000166,0.02
4775,0,0.000801,0.999999,0.999198,124742.26
4776,1,0.999969,0.999999,3e-05,0.0
4777,1,0.999648,0.999999,0.000351,0.04
4778,1,0.999969,0.999999,3e-05,0.0
4779,1,0.999675,0.999999,0.000324,0.03
4780,1,0.999355,0.999999,0.000644,0.06
4781,1,0.999967,0.999999,3.2e-05,0.0
4782,0,0.002,0.999999,0.997999,49899.7
4783,1,0.999127,0.999999,0.000872,0.09
4784,0,0.000329,0.999999,0.99967,303841.83
4785,0,9.2e-05,0.999999,0.999907,1086737.31
4786,1,0.999531,0.999999,0.000468,0.05
4787,0,0.000756,0.999999,0.999243,132173.25
4788,0,0.00097,0.999999,0.999029,102991.62
4789,0,3.7e-05,0.999999,0.999962,2701869.76
4790,1,0.999547,0.999999,0.000452,0.05
4791,1,0.99996,0.999999,3.9e-05,0.0
4792,0,7.7e-05,0.999999,0.999922,1298431.37
4793,1,0.999723,0.999999,0.000276,0.03
4794,1,0.989407,0.999999,0.010592,1.07
4795,1,0.999953,0.999999,4.6e-05,0.0
4796,0,4.2e-05,0.999999,0.999957,2380283.27
4797,0,0.000717,0.999999,0.999282,139367.93
4798,1,0.999764,0.999999,0.000235,0.02
4799,0,0.000287,0.999999,0.999712,348319.57
4800,0,0.000155,0.999999,0.999844,645019.03
4801,0,0.000213,0.999999,0.999786,469361.06
4802,1,0.997634,0.999999,0.002365,0.24
4803,0,0.000482,0.999999,0.999517,207364.37
4804,0,4.7e-05,0.999999,0.999952,2127104.87
4805,0,0.000126,0.999999,0.999873,793487.02
4806,1,0.999472,0.999999,0.000527,0.05
4807,0,0.000301,0.999999,0.999698,332114.55
4808,0,0.000128,0.999999,0.999871,781088.2
4809,1,0.999576,0.999999,0.000423,0.04
4810,1,0.999853,0.999999,0.000146,0.01
4811,0,0.000335,0.999999,0.999664,298398.26
4812,0,7.6e-05,0.999999,0.999923,1315515.06
4813,1,0.99975,0.999999,0.000249,0.02
4814,0,6.6e-05,0.999999,0.999933,1514820.48
4815,0,0.00171,0.999999,0.998289,58379.13
4816,1,0.999819,0.999999,0.00018,0.02
4817,0,0.000147,0.999999,0.999852,680125.16
4818,0,6.4e-05,0.999999,0.999935,1562154.35
4819,1,0.999867,0.999999,0.000132,0.01
4820,1,0.99995,0.999999,4.9e-05,0.0
4821,0,9.9e-05,0.999999,0.9999,1009897.99
4822,1,0.99928,0.999999,0.000719,0.07
4823,0,5.5e-05,0.999999,0.999944,1817749.5
4824,0,2.8e-05,0.999999,0.999971,3570049.98
4825,1,0.999962,0.999999,3.7e-05,0.0
4826,0,0.008718,0.999999,0.991281,11370.5
4827,1,0.999947,0.999999,5.2e-05,0.01
4828,1,0.999826,0.999999,0.000173,0.02
4829,0,6.4e-05,0.999999,0.999935,1562154.35
4830,1,0.999928,0.999999,7.2e-05,0.01
4831,0,5.7e-05,0.999999,0.999942,1753976.5
4832,0,0.000133,0.999999,0.999866,751722.43
4833,1,0.999959,0.999999,4e-05,0.0
4834,0,0.000165,0.999999,0.999834,605923.28
4835,1,0.999953,0.999999,4.6e-05,0.0
4836,0,0.000613,0.999999,0.999386,163029.31
4837,1,0.999824,0.999999,0.000175,0.02
4838,1,0.999935,0.999999,6.4e-05,0.01
4839,1,0.999469,0.999999,0.00053,0.05
4840,0,0.001018,0.999999,0.998981,98130.76
4841,0,0.000357,0.999999,0.999642,280003.92
4842,1,0.99979,0.999999,0.000209,0.02
4843,0,2.2e-05,0.999999,0.999977,4543284.87
4844,0,7.7e-05,0.999999,0.999922,1298431.37
4845,1,0.999795,0.999999,0.000204,0.02
4846,1,0.999922,0.999999,7.7e-05,0.01
4847,0,0.000132,0.999999,0.999867,757417.62
4848,0,2.3e-05,0.999999,0.999976,4345832.25
4849,1,0.998313,0.999999,0.001686,0.17
4850,0,0.071011,0.999999,0.928988,1308.23
4851,0,0.003052,0.999999,0.996947,32665.26
4852,0,0.002479,0.999999,0.99752,40238.64
4853,0,4.9e-05,0.999999,0.99995,2040297.9
4854,0,0.000556,0.999999,0.999443,179752.7
4855,1,0.999861,0.999999,0.000138,0.01
4856,1,0.999746,0.999999,0.000253,0.03
4857,0,2.2e-05,0.999999,0.999977,4543284.87
4858,0,0.002162,0.999999,0.997837,46153.21
4859,0,0.000229,0.999999,0.99977,436561.72
4860,0,7e-05,0.999999,0.999929,1428265.96
4861,0,0.000136,0.999999,0.999863,735139.33
4862,0,0.000185,0.999999,0.999814,540410.79
4863,1,0.999963,0.999999,3.6e-05,0.0
4864,0,0.000214,0.999999,0.999785,467167.42
4865,1,0.999723,0.999999,0.000276,0.03
4866,0,0.002928,0.999999,0.997071,34052.86
4867,0,0.000103,0.999999,0.999896,970678.57
4868,0,0.000209,0.999999,0.99979,478345.53
4869,1,0.999933,0.999999,6.6e-05,0.01
4870,1,0.999947,0.999999,5.2e-05,0.01
4871,0,0.000301,0.999999,0.999698,332114.55
4872,0,0.000149,0.999999,0.99985,670995.24
4873,1,0.999018,0.999999,0.000981,0.1
4874,1,0.905188,0.999999,0.094811,10.47
4875,1,0.999723,0.999999,0.000276,0.03
4876,1,0.998748,0.999999,0.001251,0.13
4877,0,0.000322,0.999999,0.999677,310449.05
4878,0,0.000741,0.999999,0.999258,134850.81
4879,0,3.6e-05,0.999999,0.999963,2776903.64
4880,1,0.999975,0.999999,2.4e-05,0.0
4881,1,0.999839,0.999999,0.00016,0.02
4882,0,5.7e-05,0.999999,0.999942,1753976.5
4883,0,0.000304,0.999999,0.999695,328836.22
4884,1,0.998373,0.999999,0.001626,0.16
4885,1,0.999826,0.999999,0.000173,0.02
4886,0,0.903568,0.999999,0.096431,10.67
4887,0,4.7e-05,0.999999,0.999952,2127104.87
4888,0,0.000148,0.999999,0.999851,675529.36
4889,1,0.999924,0.999999,7.5e-05,0.01
4890,0,5.4e-05,0.999999,0.999945,1851407.15
4891,0,5.9e-05,0.999999,0.99994,1694526.35
4892,0,7.3e-05,0.999999,0.999926,1369574.03
4893,1,0.999958,0.999999,4.1e-05,0.0
4894,0,0.000255,0.999999,0.999744,392041.1
4895,0,4e-05,0.999999,0.999959,2499272.68
4896,1,0.99948,0.999999,0.000519,0.05
4897,1,0.997301,0.999999,0.002698,0.27
4898,1,0.999931,0.999999,6.8e-05,0.01
4899,1,0.996229,0.999999,0.00377,0.38
4900,1,0.999939,0.999999,6e-05,0.01
4901,0,0.000454,0.999999,0.999545,220159.25
4902,0,0.028258,0.999999,0.971741,3438.82
4903,0,0.002065,0.999999,0.997934,48325.87
4904,1,0.949158,0.999999,0.050841,5.36
4905,1,0.999656,0.999999,0.000343,0.03
4906,1,0.999793,0.999999,0.000206,0.02
4907,0,0.00326,0.999999,0.996739,30574.72
4908,0,0.000245,0.999999,0.999754,408046.2
4909,1,0.99982,0.999999,0.000179,0.02
4910,0,0.000278,0.999999,0.999721,359598.94
4911,0,5.9e-05,0.999999,0.99994,1694526.35
4912,1,0.999894,0.999999,0.000104,0.01
4913,0,7.2e-05,0.999999,0.999927,1388594.64
4914,0,3.4e-05,0.999999,0.999965,2940208.76
4915,0,0.001494,0.999999,0.998505,66833.89
4916,1,0.999925,0.999999,7.4e-05,0.01
4917,0,0.000377,0.999999,0.999622,265144.69
4918,0,0.00019,0.999999,0.999809,526187.57
4919,1,0.999911,0.999999,8.8e-05,0.01
4920,1,0.999822,0.999999,0.000177,0.02
4921,1,0.999954,0.999999,4.5e-05,0.0
4922,0,0.000203,0.999999,0.999796,492486.08
4923,0,0.00024,0.999999,0.999759,416548.89
4924,1,0.998404,0.999999,0.001595,0.16
4925,0,8.1e-05,0.999999,0.999918,1234314.28
4926,0,0.004591,0.999999,0.995408,21681.68
4927,0,0.000544,0.999999,0.999455,183719.97
4928,0,5.2e-05,0.999999,0.999947,1922605.27
4929,0,7e-05,0.999999,0.999929,1428265.96
4930,1,0.999875,0.999999,0.000124,0.01
4931,1,0.999958,0.999999,4e-05,0.0
4932,0,0.000323,0.999999,0.999676,309487.63
4933,0,0.000111,0.999999,0.999888,900718.85
4934,1,0.999949,0.999999,5e-05,0.01
4935,0,0.000823,0.999999,0.999176,121405.09
4936,1,0.99993,0.999999,6.9e-05,0.01
4937,0,4e-05,0.999999,0.999959,2499272.68
4938,0,4.4e-05,0.999999,0.999955,2272108.61
4939,0,0.000126,0.999999,0.999873,793487.02
4940,0,0.000206,0.999999,0.999793,485312.85
4941,1,0.999815,0.999999,0.000184,0.02
4942,1,0.999955,0.999999,4.4e-05,0.0
4943,0,0.000272,0.999999,0.999727,367533.18
4944,1,0.999921,0.999999,7.8e-05,0.01
4945,0,0.000133,0.999999,0.999866,751722.43
4946,0,0.00641,0.999999,0.993589,15500.58
4947,0,0.000102,0.999999,0.999897,980195.08
4948,0,5.2e-05,0.999999,0.999947,1922605.27
4949,1,0.999906,0.999999,9.3e-05,0.01
4950,0,0.000198,0.999999,0.999801,504924.5
4951,0,0.000387,0.999999,0.999612,258291.0
4952,0,5.7e-05,0.999999,0.999942,1753976.5
4953,0,0.000264,0.999999,0.999735,378673.16
4954,0,0.000107,0.999999,0.999892,934391.18
4955,1,0.999836,0.999999,0.000163,0.02
4956,1,0.999947,0.999999,5.2e-05,0.01
4957,0,8.5e-05,0.999999,0.999914,1176231.03
4958,1,0.413239,0.999999,0.58676,141.99
4959,0,0.001452,0.999999,0.998547,68769.98
4960,0,0.000288,0.999999,0.999711,347109.82
4961,1,0.999828,0.999999,0.000171,0.02
4962,0,0.000106,0.999999,0.999893,943206.3
4963,1,0.999931,0.999999,6.8e-05,0.01
4964,0,0.000462,0.999999,0.999537,216345.32
4965,1,0.999787,0.999999,0.000212,0.02
4966,1,0.999931,0.999999,6.8e-05,0.01
4967,0,9.5e-05,0.999999,0.999904,1052419.75
4968,1,0.999888,0.999999,0.000111,0.01
4969,0,0.000739,0.999999,0.99926,135216.03
4970,0,0.00143,0.999999,0.998569,69829.51
4971,0,3.5e-05,0.999999,0.999964,2856223.94
4972,1,0.999017,0.999999,0.000982,0.1
4973,0,7.4e-05,0.999999,0.999925,1351067.42
4974,1,0.999542,0.999999,0.000456,0.05
4975,0,0.000552,0.999999,0.999447,181055.96
4976,1,0.999978,0.999999,2.1e-05,0.0
4977,1,0.999767,0.999999,0.000232,0.02
4978,0,1.9e-05,0.999999,0.99998,5260284.06
4979,0,0.000346,0.999999,0.999653,288908.7
4980,1,0.999945,0.999999,5.4e-05,0.01
4981,1,0.999576,0.999999,0.000423,0.04
4982,0,7.1e-05,0.999999,0.999928,1408150.96
4983,1,0.516764,0.999999,0.483235,93.51
4984,0,5.1e-05,0.999999,0.999948,1960297.98
4985,1,0.999935,0.999999,6.4e-05,0.01
4986,0,0.000234,0.999999,0.999765,427231.74
4987,0,0.001713,0.999999,0.998286,58276.72
4988,1,0.505752,0.999999,0.494247,97.73
4989,1,0.999768,0.999999,0.000231,0.02
4990,0,0.001012,0.999999,0.998987,98713.16
4991,0,0.00011,0.999999,0.999889,908907.37
4992,1,0.999953,0.999999,4.6e-05,0.0
4993,1,0.998574,0.999999,0.001425,0.14
4994,0,0.00041,0.999999,0.999589,243796.25
4995,0,0.001192,0.999999,0.998807,83791.83
4996,0,0.000493,0.999999,0.999506,202735.44
4997,1,0.999948,0.999999,5.1e-05,0.01
4998,1,0.999894,0.999999,0.000105,0.01
4999,1,0.999808,0.999999,0.000191,0.02
5000,0,0.000574,0.999999,0.999425,174112.82
5001,0,0.000126,0.999999,0.999873,793487.02
5002,1,0.99991,0.999999,8.9e-05,0.01
5003,0,0.000174,0.999999,0.999825,574579.05
5004,0,0.000119,0.999999,0.99988,840164.69
5005,0,5.2e-05,0.999999,0.999947,1922605.27
5006,1,0.999878,0.999999,0.000121,0.01
5007,1,0.999861,0.999999,0.000138,0.01
5008,0,8.2e-05,0.999999,0.999917,1219262.29
5009,1,0.999958,0.999999,4e-05,0.0
5010,1,0.999935,0.999999,6.4e-05,0.01
5011,0,0.590344,0.999999,0.409655,69.39
5012,1,0.980373,0.999999,0.019626,2.0
5013,1,0.99992,0.999999,7.9e-05,0.01
5014,1,0.999939,0.999999,6e-05,0.01
5015,0,0.000623,0.999999,0.999376,160410.91
5016,0,5.2e-05,0.999999,0.999947,1922605.27
5017,1,0.985575,0.999999,0.014424,1.46
5018,0,0.000102,0.999999,0.999897,980195.08
5019,0,0.000381,0.999999,0.999618,262360.04
5020,0,0.000271,0.999999,0.999728,368889.71
5021,0,0.000237,0.999999,0.999762,421822.71
5022,0,0.000249,0.999999,0.99975,401489.9
5023,0,8.3e-05,0.999999,0.999916,1204572.94
5024,1,0.999732,0.999999,0.000267,0.03
5025,1,0.997541,0.999999,0.002458,0.25
5026,0,0.000117,0.999999,0.999882,854526.96
5027,0,0.00026,0.999999,0.999739,384500.21
5028,1,0.999896,0.999999,0.000103,0.01
5029,0,0.000141,0.999999,0.999858,709068.86
5030,0,0.000107,0.999999,0.999892,934391.18
5031,0,4.8e-05,0.999999,0.999951,2082797.33
5032,0,0.000115,0.999999,0.999884,869388.75
5033,0,4.9e-05,0.999999,0.99995,2040297.9
5034,0,0.000214,0.999999,0.999785,467167.42
5035,1,0.999938,0.999999,6.1e-05,0.01
5036,0,0.000437,0.999999,0.999562,228727.49
5037,1,0.999831,0.999999,0.000168,0.02
5038,0,0.00011,0.999999,0.999889,908907.37
5039,0,0.000106,0.999999,0.999893,943206.3
5040,1,0.99947,0.999999,0.000529,0.05
5041,0,0.001557,0.999999,0.998442,64125.6
5042,1,0.999769,0.999999,0.00023,0.02
5043,1,0.994204,0.999999,0.005795,0.58
5044,1,0.998335,0.999999,0.001664,0.17
5045,1,0.999157,0.999999,0.000842,0.08
5046,0,4.2e-05,0.999999,0.999957,2380283.27
5047,1,0.999715,0.999999,0.000284,0.03
5048,0,0.001444,0.999999,0.998555,69151.53
5049,1,0.999956,0.999999,4.3e-05,0.0
5050,0,0.00022,0.999999,0.999779,454424.34
5051,1,0.999503,0.999999,0.000496,0.05
5052,1,0.999945,0.999999,5.4e-05,0.01
5053,0,4.4e-05,0.999999,0.999955,2272108.61
5054,1,0.999935,0.999999,6.4e-05,0.01
5055,1,0.999665,0.999999,0.000334,0.03
5056,0,0.000768,0.999999,0.999231,130106.51
5057,1,0.999554,0.999999,0.000445,0.04
5058,0,0.000232,0.999999,0.999767,430915.48
5059,0,2.8e-05,0.999999,0.999971,3570049.98
5060,0,3.9e-05,0.999999,0.99996,2563342.73
5061,0,0.010039,0.999999,0.98996,9861.13
5062,1,0.999904,0.999999,9.5e-05,0.01
5063,1,0.999926,0.999999,7.3e-05,0.01
5064,1,0.999946,0.999999,5.3e-05,0.01
5065,0,0.000906,0.999999,0.999093,110273.95
5066,0,8.8e-05,0.999999,0.999911,1136133.39
5067,1,0.999984,0.999999,1.5e-05,0.0
5068,1,0.999928,0.999999,7.1e-05,0.01
5069,1,0.998471,0.999999,0.001528,0.15
5070,0,0.000571,0.999999,0.999428,175028.11
5071,1,0.99983,0.999999,0.000169,0.02
5072,0,0.000399,0.999999,0.9996,250520.04
5073,1,0.991685,0.999999,0.008314,0.84
5074,1,0.999962,0.999999,3.8e-05,0.0
5075,0,9.1e-05,0.999999,0.999908,1098679.27
5076,0,0.000208,0.999999,0.999791,480645.64
5077,0,0.000459,0.999999,0.99954,217759.96
5078,0,0.00014,0.999999,0.999859,714133.99
5079,0,0.001842,0.999999,0.998157,54188.47
5080,0,0.000137,0.999999,0.999862,729773.01
5081,0,0.000156,0.999999,0.999843,640883.92
5082,0,0.000578,0.999999,0.999421,172907.22
5083,0,0.000113,0.999999,0.999886,884776.57
5084,0,1.4e-05,0.999999,0.999985,7137651.68
5085,0,0.001618,0.999999,0.998381,61704.25
5086,1,0.999914,0.999999,8.5e-05,0.01
5087,0,0.000465,0.999999,0.999534,214948.93
5088,0,3.3e-05,0.999999,0.999966,3029282.04
5089,1,0.999734,0.999999,0.000265,0.03
5090,1,0.996,0.999999,0.003999,0.4
5091,0,0.000157,0.999999,0.999842,636801.48
5092,1,0.999871,0.999999,0.000128,0.01
5093,1,0.999954,0.999999,4.5e-05,0.0
5094,1,0.999963,0.999999,3.6e-05,0.0
5095,0,0.000427,0.999999,0.999572,234086.32
5096,1,0.999096,0.999999,0.000903,0.09
5097,0,0.016117,0.999999,0.983882,6104.62
5098,0,2.9e-05,0.999999,0.99997,3446983.8
5099,0,0.096953,0.999999,0.903046,931.43
5100,0,0.000133,0.999999,0.999866,751722.43
5101,1,0.99997,0.999999,2.9e-05,0.0
5102,0,0.000335,0.999999,0.999664,298398.26
5103,1,0.999958,0.999999,4.1e-05,0.0
5104,1,0.999836,0.999999,0.000163,0.02
5105,0,0.000339,0.999999,0.99966,294876.26
5106,1,0.999912,0.999999,8.6e-05,0.01
5107,1,0.999091,0.999999,0.000908,0.09
5108,1,0.999962,0.999999,3.7e-05,0.0
5109,1,0.999875,0.999999,0.000124,0.01
5110,1,0.999956,0.999999,4.3e-05,0.0
5111,0,0.002715,0.999999,0.997284,36732.24
5112,0,0.000215,0.999999,0.999784,464994.19
5113,1,0.999653,0.999999,0.000346,0.03
5114,1,0.999866,0.999999,0.000133,0.01
5115,0,6.8e-05,0.999999,0.999931,1470270.55
5116,1,0.999462,0.999999,0.000537,0.05
5117,0,0.000179,0.999999,0.99982,558527.46
5118,1,0.99983,0.999999,0.000169,0.02
5119,1,0.999803,0.999999,0.000196,0.02
5120,1,0.999941,0.999999,5.8e-05,0.01
5121,1,0.999837,0.999999,0.000162,0.02
5122,1,0.999352,0.999999,0.000647,0.06
5123,1,0.999825,0.999999,0.000174,0.02
5124,0,0.000115,0.999999,0.999884,869388.75
5125,1,0.999962,0.999999,3.7e-05,0.0
5126,1,0.999886,0.999999,0.000113,0.01
5127,0,0.000149,0.999999,0.99985,670995.24
5128,0,3.9e-05,0.999999,0.99996,2563342.73
5129,0,8.5e-05,0.999999,0.999914,1176231.03
5130,1,0.999677,0.999999,0.000322,0.03
5131,1,0.999796,0.999999,0.000203,0.02
5132,1,0.998298,0.999999,0.001701,0.17
5133,1,0.999775,0.999999,0.000224,0.02
5134,1,0.999927,0.999999,7.2e-05,0.01
5135,0,0.000327,0.999999,0.999672,305700.74
5136,0,2.6e-05,0.999999,0.999973,3844571.32
5137,1,0.99993,0.999999,6.9e-05,0.01
5138,0,0.00024,0.999999,0.999759,416548.89
5139,1,0.999879,0.999999,0.00012,0.01
5140,1,0.999492,0.999999,0.000507,0.05
5141,1,0.999952,0.999999,4.7e-05,0.0
5142,0,0.000378,0.999999,0.999621,264443.0
5143,0,0.000673,0.999999,0.999326,148486.06
5144,1,0.999889,0.999999,0.00011,0.01
5145,0,4.1e-05,0.999999,0.999958,2438327.24
5146,1,0.999964,0.999999,3.5e-05,0.0
5147,0,0.000296,0.999999,0.999703,337726.09
5148,1,0.99989,0.999999,0.000109,0.01
5149,1,0.999854,0.999999,0.000146,0.01
5150,1,0.999893,0.999999,0.000106,0.01
5151,1,0.999478,0.999999,0.000521,0.05
5152,0,7.9e-05,0.999999,0.99992,1265561.32
5153,0,0.000563,0.999999,0.999436,177516.56
5154,0,0.000795,0.999999,0.999204,125684.46
5155,1,0.981695,0.999999,0.018304,1.86
5156,0,0.00394,0.999999,0.996059,25280.62
5157,0,0.000133,0.999999,0.999866,751722.43
5158,1,0.999886,0.999999,0.000113,0.01
5159,1,0.991597,0.999999,0.008402,0.85
5160,0,0.001784,0.999999,0.998215,55953.44
5161,0,0.003004,0.999999,0.996995,33188.8
5162,1,0.999491,0.999999,0.000508,0.05
5163,0,0.000244,0.999999,0.999755,409718.86
5164,0,7.4e-05,0.999999,0.999925,1351067.42
5165,1,0.999958,0.999999,4.1e-05,0.0
5166,1,0.999907,0.999999,9.2e-05,0.01
5167,1,0.999828,0.999999,0.000171,0.02
5168,0,9.7e-05,0.999999,0.999902,1030720.54
5169,0,0.004183,0.999999,0.995816,23806.21
5170,0,4.7e-05,0.999999,0.999952,2127104.87
5171,0,0.00019,0.999999,0.999809,526187.57
5172,0,0.000439,0.999999,0.99956,227685.02
5173,0,0.000153,0.999999,0.999846,653451.41
5174,0,0.000241,0.999999,0.999758,414820.13
5175,1,0.99997,0.999999,2.9e-05,0.0
5176,1,0.999945,0.999999,5.4e-05,0.01
5177,0,0.000879,0.999999,0.99912,113664.24
5178,0,0.000114,0.999999,0.999885,877015.17
5179,0,0.00067,0.999999,0.999329,149151.36
5180,0,8.8e-05,0.999999,0.999911,1136133.39
5181,0,0.003036,0.999999,0.996963,32837.94
5182,0,0.000228,0.999999,0.999771,438476.82
5183,1,0.999924,0.999999,7.5e-05,0.01
5184,0,0.00165,0.999999,0.998349,60505.63
5185,0,3.1e-05,0.999999,0.999968,3224663.01
5186,1,0.981667,0.999999,0.018332,1.87
5187,0,0.001042,0.999999,0.998957,95868.27
5188,1,0.999929,0.999999,7e-05,0.01
5189,1,0.99611,0.999999,0.003889,0.39
5190,0,0.001106,0.999999,0.998893,90315.01
5191,0,0.000534,0.999999,0.999465,187162.23
5192,1,0.999939,0.999999,6e-05,0.01
5193,0,0.000144,0.999999,0.999855,694295.54
5194,1,0.999956,0.999999,4.3e-05,0.0
5195,1,0.999972,0.999999,2.7e-05,0.0
5196,0,0.006205,0.999999,0.993794,16015.99
5197,1,0.457172,0.999999,0.542827,118.74
5198,0,0.00045,0.999999,0.999549,222117.06
5199,1,0.99991,0.999999,8.9e-05,0.01
5200,0,0.000415,0.999999,0.999584,240857.81
5201,1,0.999911,0.999999,8.8e-05,0.01
5202,0,0.152547,0.999999,0.847452,555.53
5203,0,0.000195,0.999999,0.999804,512693.71
5204,0,0.000106,0.999999,0.999893,943206.3
5205,1,0.999926,0.999999,7.3e-05,0.01
5206,0,0.000493,0.999999,0.999506,202735.44
5207,1,0.999978,0.999999,2.1e-05,0.0
5208,1,0.99529,0.999999,0.004709,0.47
5209,1,0.998576,0.999999,0.001423,0.14
5210,0,6e-05,0.999999,0.999939,1666287.29
5211,1,0.999965,0.999999,3.4e-05,0.0
5212,0,0.006209,0.999999,0.99379,16005.61
5213,1,0.996656,0.999999,0.003343,0.34
5214,0,0.000125,0.999999,0.999874,799835.21
5215,0,0.000791,0.999999,0.999208,126320.53
5216,1,0.974004,0.999999,0.025995,2.67
5217,1,0.999572,0.999999,0.000427,0.04
5218,1,0.999344,0.999999,0.000655,0.07
5219,0,6.1e-05,0.999999,0.999938,1638973.94
5220,1,0.999616,0.999999,0.000383,0.04
5221,0,0.003744,0.999999,0.996255,26609.3
5222,0,5.1e-05,0.999999,0.999948,1960297.98
5223,0,0.000318,0.999999,0.999681,314355.21
5224,1,0.999786,0.999999,0.000213,0.02
5225,0,2.4e-05,0.999999,0.999975,4164827.16
5226,0,0.00021,0.999999,0.999789,476067.33
5227,0,0.000213,0.999999,0.999786,469361.06
5228,1,0.999955,0.999999,4.4e-05,0.0
5229,0,0.000949,0.999999,0.99905,105272.86
5230,0,0.004085,0.999999,0.995914,24379.72
5231,0,0.000141,0.999999,0.999858,709068.86
5232,1,0.999965,0.999999,3.4e-05,0.0
5233,1,0.999962,0.999999,3.7e-05,0.0
5234,1,0.999977,0.999999,2.2e-05,0.0
5235,0,0.000152,0.999999,0.999847,657750.81
5236,1,0.999559,0.999999,0.00044,0.04
5237,1,0.999688,0.999999,0.000311,0.03
5238,0,0.000278,0.999999,0.999721,359598.94
5239,0,0.007132,0.999999,0.992867,13921.28
5240,0,0.000375,0.999999,0.999624,266559.29
5241,0,0.001752,0.999999,0.998247,56977.24
5242,1,0.999952,0.999999,4.7e-05,0.0
5243,1,0.999773,0.999999,0.000226,0.02
5244,0,0.000266,0.999999,0.999733,375825.34
5245,0,0.000177,0.999999,0.999822,564839.27
5246,0,4.7e-05,0.999999,0.999952,2127104.87
5247,0,0.000183,0.999999,0.999816,546317.69
5248,1,0.998956,0.999999,0.001043,0.1
5249,0,0.000354,0.999999,0.999645,282377.62
5250,1,0.999803,0.999999,0.000196,0.02
5251,1,0.999268,0.999999,0.000731,0.07
5252,1,0.999878,0.999999,0.000121,0.01
5253,0,0.000197,0.999999,0.999802,507487.94
5254,1,0.99997,0.999999,2.9e-05,0.0
5255,0,0.000778,0.999999,0.999221,128432.93
5256,0,0.000185,0.999999,0.999814,540410.79
5257,0,2.1e-05,0.999999,0.999978,4759533.56
5258,0,4.6e-05,0.999999,0.999953,2173338.4
5259,0,0.000205,0.999999,0.999794,487680.6
5260,0,8.2e-05,0.999999,0.999917,1219262.29
5261,0,0.000374,0.999999,0.999625,267272.27
5262,0,0.482756,0.999999,0.517243,107.14
5263,1,0.999871,0.999999,0.000128,0.01
5264,1,0.999937,0.999999,6.2e-05,0.01
5265,0,0.000254,0.999999,0.999745,393584.9
5266,0,0.000323,0.999999,0.999676,309487.63
5267,1,0.999908,0.999999,9.1e-05,0.01
5268,0,0.000887,0.999999,0.999112,112638.19
5269,0,0.001344,0.999999,0.998655,74304.13
5270,1,0.999929,0.999999,7e-05,0.01
5271,0,0.000898,0.999999,0.999101,111257.22
5272,1,0.999429,0.999999,0.00057,0.06
5273,0,0.00168,0.999999,0.998319,59423.4
5274,0,4.6e-05,0.999999,0.999953,2173338.4
5275,0,2.5e-05,0.999999,0.999974,3998296.68
5276,0,0.000125,0.999999,0.999874,799835.21
5277,0,0.000133,0.999999,0.999866,751722.43
5278,1,0.999938,0.999999,6.1e-05,0.01
5279,0,0.000284,0.999999,0.999715,351999.93
5280,1,0.999875,0.999999,0.000124,0.01
5281,0,0.000209,0.999999,0.99979,478345.53
5282,0,0.000129,0.999999,0.99987,775032.94
5283,1,0.999841,0.999999,0.000158,0.02
5284,1,0.999926,0.999999,7.3e-05,0.01
5285,1,0.99818,0.999999,0.001819,0.18
5286,0,0.006848,0.999999,0.993151,14502.77
5287,0,0.000126,0.999999,0.999873,793487.02
5288,0,0.000172,0.999999,0.999827,581260.97
5289,1,0.999958,0.999999,4.1e-05,0.0
5290,0,0.004235,0.999999,0.995764,23512.67
5291,1,0.99709,0.999999,0.002909,0.29
5292,0,0.00274,0.999999,0.997259,36396.18
5293,0,0.009562,0.999999,0.990437,10358.04
5294,0,0.000838,0.999999,0.999161,119230.2
5295,1,0.999911,0.999999,8.8e-05,0.01
5296,0,0.000139,0.999999,0.99986,719271.99
5297,1,0.99976,0.999999,0.000239,0.02
5298,0,5.8e-05,0.999999,0.999941,1723739.01
5299,1,0.999985,0.999999,1.4e-05,0.0
5300,1,0.739328,0.999999,0.260671,35.26
5301,0,1.4e-05,0.999999,0.999985,7137651.68
5302,1,0.9997,0.999999,0.0003,0.03
5303,0,0.002087,0.999999,0.997912,47815.39
5304,1,0.999364,0.999999,0.000635,0.06
5305,0,0.000107,0.999999,0.999892,934391.18
5306,1,0.999199,0.999999,0.0008,0.08
5307,0,0.002491,0.999999,0.997508,40044.32
5308,0,0.001647,0.999999,0.998352,60616.03
5309,0,0.00015,0.999999,0.999849,666521.57
5310,1,0.999949,0.999999,5e-05,0.01
5311,1,0.999511,0.999999,0.000488,0.05
5312,0,6.7e-05,0.999999,0.999932,1492213.1
5313,0,7.6e-05,0.999999,0.999923,1315515.06
5314,1,0.999708,0.999999,0.000291,0.03
5315,1,0.99993,0.999999,6.9e-05,0.01
5316,0,5.9e-05,0.999999,0.99994,1694526.35
5317,0,6.9e-05,0.999999,0.99993,1448963.92
5318,1,0.944781,0.999999,0.055218,5.84
5319,0,0.000504,0.999999,0.999495,198308.57
5320,0,0.000383,0.999999,0.999616,260989.53
5321,0,6.8e-05,0.999999,0.999931,1470270.55
5322,0,6.2e-05,0.999999,0.999937,1612541.53
5323,1,0.999897,0.999999,0.000102,0.01
5324,0,1.6e-05,0.999999,0.999983,6245990.01
5325,1,0.999841,0.999999,0.000158,0.02
5326,0,0.000284,0.999999,0.999715,351999.93
5327,0,6.1e-05,0.999999,0.999938,1638973.94
5328,1,0.99901,0.999999,0.000989,0.1
5329,1,0.999933,0.999999,6.6e-05,0.01
5330,1,0.99721,0.999999,0.002789,0.28
5331,0,0.000836,0.999999,0.999163,119515.68
5332,0,0.001292,0.999999,0.998707,77298.71
5333,0,7.1e-05,0.999999,0.999928,1408150.96
5334,0,0.000364,0.999999,0.999635,274617.46
5335,0,0.008664,0.999999,0.991335,11441.99
5336,0,0.00197,0.999999,0.998029,50661.11
5337,0,0.000798,0.999999,0.999201,125211.59
5338,0,6.6e-05,0.999999,0.999933,1514820.48
5339,1,0.999832,0.999999,0.000167,0.02
5340,1,0.999958,0.999999,4.1e-05,0.0
5341,1,0.997051,0.999999,0.002948,0.3
5342,1,0.999947,0.999999,5.2e-05,0.01
5343,1,0.996785,0.999999,0.003214,0.32
5344,0,0.000181,0.999999,0.999818,552355.12
5345,1,0.99989,0.999999,0.000109,0.01
5346,1,0.998684,0.999999,0.001315,0.13
5347,1,0.99988,0.999999,0.000119,0.01
5348,0,0.002613,0.999999,0.997386,38170.0
5349,1,0.999928,0.999999,7.2e-05,0.01
5350,1,0.999934,0.999999,6.5e-05,0.01
5351,1,0.999944,0.999999,5.5e-05,0.01
5352,1,0.99871,0.999999,0.001289,0.13
5353,0,0.001403,0.999999,0.998596,71175.26
5354,1,0.999906,0.999999,9.3e-05,0.01
5355,0,0.000321,0.999999,0.999678,311416.47
5356,0,6.8e-05,0.999999,0.999931,1470270.55
5357,1,0.989765,0.999999,0.010234,1.03
5358,1,0.998552,0.999999,0.001447,0.14
5359,0,0.000117,0.999999,0.999882,854526.96
5360,0,0.000335,0.999999,0.999664,298398.26
5361,1,0.999971,0.999999,2.8e-05,0.0
5362,0,9.8e-05,0.999999,0.999901,1020203.04
5363,0,0.000907,0.999999,0.999092,110152.26
5364,0,6.4e-05,0.999999,0.999935,1562154.35
5365,0,0.000418,0.999999,0.999581,239128.49
5366,1,0.99992,0.999999,7.9e-05,0.01
5367,1,0.999684,0.999999,0.000315,0.03
5368,1,0.999743,0.999999,0.000256,0.03
5369,0,0.000505,0.999999,0.999494,197915.68
5370,0,0.004015,0.999999,0.995984,24806.51
5371,1,0.999924,0.999999,7.5e-05,0.01
5372,0,2.9e-05,0.999999,0.99997,3446983.8
5373,1,0.999967,0.999999,3.2e-05,0.0
5374,0,0.003602,0.999999,0.996397,27662.25
5375,0,3e-05,0.999999,0.999969,3332119.29
5376,1,0.999932,0.999999,6.7e-05,0.01
5377,0,3.7e-05,0.999999,0.999962,2701869.76
5378,0,0.000594,0.999999,0.999405,168247.17
5379,0,0.000124,0.999999,0.999875,806285.78
5380,1,0.999598,0.999999,0.000401,0.04
5381,1,0.99997,0.999999,2.9e-05,0.0
5382,1,0.999955,0.999999,4.4e-05,0.0
5383,1,0.999748,0.999999,0.000251,0.03
5384,1,0.999916,0.999999,8.3e-05,0.01
5385,0,0.000146,0.999999,0.999853,684783.92
5386,0,0.041167,0.999999,0.958832,2329.13
5387,1,0.999948,0.999999,5.1e-05,0.01
5388,0,0.550064,0.999999,0.449935,81.8
5389,0,5.4e-05,0.999999,0.999945,1851407.15
5390,0,0.00018,0.999999,0.999819,555424.14
5391,1,0.999146,0.999999,0.000853,0.09
5392,0,0.950263,0.999999,0.049736,5.23
5393,1,0.999964,0.999999,3.5e-05,0.0
5394,1,0.998609,0.999999,0.00139,0.14
5395,1,0.999551,0.999999,0.000448,0.04
5396,1,0.999714,0.999999,0.000285,0.03
5397,1,0.999914,0.999999,8.5e-05,0.01
5398,0,6.7e-05,0.999999,0.999932,1492213.1
5399,0,6.2e-05,0.999999,0.999937,1612541.53
5400,0,0.001358,0.999999,0.998641,73537.09
5401,0,1.5e-05,0.999999,0.999984,6662118.59
5402,1,0.99997,0.999999,2.9e-05,0.0
5403,0,0.000103,0.999999,0.999896,970678.57
5404,1,0.999849,0.999999,0.00015,0.02
5405,1,0.999915,0.999999,8.4e-05,0.01
5406,0,0.000251,0.999999,0.999748,398290.11
5407,1,0.848406,0.999999,0.151593,17.87
5408,0,0.137839,0.999999,0.86216,625.48
5409,0,0.000238,0.999999,0.999761,420050.0
5410,0,9.5e-05,0.999999,0.999904,1052419.75
5411,1,0.99879,0.999999,0.001209,0.12
5412,0,0.000145,0.999999,0.999854,689506.93
5413,1,0.999895,0.999999,0.000104,0.01
5414,0,0.000411,0.999999,0.999588,243202.84
5415,1,0.999947,0.999999,5.2e-05,0.01
5416,0,0.000192,0.999999,0.999807,520705.69
5417,1,0.686743,0.999999,0.313256,45.61
5418,0,7.1e-05,0.999999,0.999928,1408150.96
5419,1,0.999936,0.999999,6.3e-05,0.01
5420,0,6.9e-05,0.999999,0.99993,1448963.92
5421,1,0.999874,0.999999,0.000125,0.01
5422,1,0.999959,0.999999,4e-05,0.0
5423,0,0.002525,0.999999,0.997474,39503.76
5424,1,0.999748,0.999999,0.000251,0.03
5425,0,0.00036,0.999999,0.999639,277669.79
5426,1,0.999945,0.999999,5.4e-05,0.01
5427,1,0.999941,0.999999,5.8e-05,0.01
5428,0,0.000101,0.999999,0.999898,989900.01
5429,0,0.000275,0.999999,0.999724,363522.78
5430,0,5.1e-05,0.999999,0.999948,1960297.98
5431,1,0.999923,0.999999,7.6e-05,0.01
5432,1,0.999956,0.999999,4.3e-05,0.0
5433,1,0.999948,0.999999,5.1e-05,0.01
5434,0,6.3e-05,0.999999,0.999936,1586948.1
5435,1,0.999959,0.999999,4e-05,0.0
5436,1,0.937578,0.999999,0.062421,6.66
5437,0,0.000672,0.999999,0.999327,148707.16
5438,0,0.000179,0.999999,0.99982,558527.46
5439,0,9.7e-05,0.999999,0.999902,1030720.54
5440,0,0.14172,0.999999,0.858279,605.62
5441,1,0.999874,0.999999,0.000125,0.01
5442,1,0.998378,0.999999,0.001621,0.16
5443,0,0.00116,0.999999,0.998839,86106.07
5444,0,0.006153,0.999999,0.993846,16152.19
5445,1,0.999894,0.999999,0.000105,0.01
5446,1,0.999795,0.999999,0.000204,0.02
5447,1,0.999881,0.999999,0.000118,0.01
5448,0,3.2e-05,0.999999,0.999967,3123920.65
5449,0,0.000549,0.999999,0.99945,182045.86
5450,1,0.999951,0.999999,4.8e-05,0.0
5451,0,0.004983,0.999999,0.995016,19968.17
5452,0,9.3e-05,0.999999,0.999906,1075052.14
5453,1,0.999968,0.999999,3.1e-05,0.0
5454,0,0.000178,0.999999,0.999821,561665.64
5455,1,0.99988,0.999999,0.000119,0.01
5456,0,0.001239,0.999999,0.99876,80609.52
5457,0,0.000525,0.999999,0.999474,190372.37
5458,1,0.999983,0.999999,1.6e-05,0.0
5459,0,0.001268,0.999999,0.998731,78763.65
5460,1,0.999857,0.999999,0.000142,0.01
5461,0,0.000133,0.999999,0.999866,751722.43
5462,1,0.999875,0.999999,0.000124,0.01
5463,1,0.999914,0.999999,8.5e-05,0.01
5464,0,0.000125,0.999999,0.999874,799835.21
5465,1,0.999948,0.999999,5.1e-05,0.01
5466,1,0.99172,0.999999,0.008279,0.83
5467,1,0.999941,0.999999,5.8e-05,0.01
5468,0,8.2e-05,0.999999,0.999917,1219262.29
5469,0,0.037046,0.999999,0.962953,2599.34
5470,0,0.001351,0.999999,0.998648,73918.62
5471,0,0.001452,0.999999,0.998547,68769.98
5472,1,0.999793,0.999999,0.000206,0.02
5473,0,0.000129,0.999999,0.99987,775032.94
5474,0,0.001316,0.999999,0.998683,75887.19
5475,1,0.997512,0.999999,0.002487,0.25
5476,0,0.000215,0.999999,0.999784,464994.19
5477,0,8e-05,0.999999,0.999919,1249742.53
5478,0,0.001032,0.999999,0.998967,96798.19
5479,1,0.998884,0.999999,0.001115,0.11
5480,0,0.002882,0.999999,0.997117,34597.97
5481,0,0.002345,0.999999,0.997654,42543.7
5482,0,7.6e-05,0.999999,0.999923,1315515.06
5483,0,9.5e-05,0.999999,0.999904,1052419.75
5484,0,0.004917,0.999999,0.995082,20237.54
5485,0,0.001535,0.999999,0.998464,65046.09
5486,0,0.005937,0.999999,0.994062,16743.48
5487,1,0.999929,0.999999,7e-05,0.01
5488,0,0.000323,0.999999,0.999676,309487.63
5489,0,0.000379,0.999999,0.99962,263745.02
5490,0,7.3e-05,0.999999,0.999926,1369574.03
5491,0,0.000145,0.999999,0.999854,689506.93
5492,1,0.995692,0.999999,0.004307,0.43
5493,1,0.999721,0.999999,0.000278,0.03
5494,0,5.9e-05,0.999999,0.99994,1694526.35
5495,0,0.000411,0.999999,0.999588,243202.84
5496,1,0.999533,0.999999,0.000466,0.05
5497,0,0.000341,0.999999,0.999658,293146.24
5498,0,6.2e-05,0.999999,0.999937,1612541.53
5499,0,0.000117,0.999999,0.999882,854526.96
5500,1,0.999861,0.999999,0.000138,0.01
5501,0,0.67395,0.999999,0.326049,48.38
5502,1,0.9885,0.999999,0.011499,1.16
5503,0,0.001105,0.999999,0.998894,90396.83
5504,0,4.6e-05,0.999999,0.999953,2173338.4
5505,0,0.002164,0.999999,0.997835,46110.46
5506,1,0.999919,0.999999,8e-05,0.01
5507,0,0.000124,0.999999,0.999875,806285.78
5508,0,0.002001,0.999999,0.997998,49874.71
5509,1,0.999762,0.999999,0.000236,0.02
5510,0,2.3e-05,0.999999,0.999976,4345832.25
5511,1,0.999965,0.999999,3.4e-05,0.0
5512,0,5.5e-05,0.999999,0.999944,1817749.5
5513,0,3.6e-05,0.999999,0.999963,2776903.64
5514,0,0.00048,0.999999,0.999519,208228.79
5515,0,0.00012,0.999999,0.999879,833163.07
5516,0,0.000379,0.999999,0.99962,263745.02
5517,0,6.2e-05,0.999999,0.999937,1612541.53
5518,1,0.99998,0.999999,1.9e-05,0.0
5519,1,0.962297,0.999999,0.037702,3.92
5520,0,0.002635,0.999999,0.997364,37850.48
5521,0,0.000154,0.999999,0.999845,649207.84
5522,0,0.000129,0.999999,0.99987,775032.94
5523,0,0.002263,0.999999,0.997736,44088.89
5524,1,0.999909,0.999999,9e-05,0.01
5525,0,0.000123,0.999999,0.999876,812841.23
5526,0,0.001983,0.999999,0.998016,50328.34
5527,0,9.9e-05,0.999999,0.9999,1009897.99
5528,0,0.001603,0.999999,0.998396,62282.58
5529,1,0.999953,0.999999,4.6e-05,0.0
5530,1,0.999577,0.999999,0.000422,0.04
5531,1,0.99971,0.999999,0.000289,0.03
5532,1,0.999707,0.999999,0.000292,0.03
5533,1,0.178401,0.999999,0.821598,460.53
5534,0,0.001088,0.999999,0.998911,91810.83
5535,0,0.000199,0.999999,0.9998,502386.81
5536,0,0.000511,0.999999,0.999488,195590.69
5537,0,0.003908,0.999999,0.996091,25488.45
5538,1,0.999958,0.999999,4.1e-05,0.0
5539,0,0.000118,0.999999,0.999881,847284.98
5540,1,0.987753,0.999999,0.012246,1.24
5541,0,0.000681,0.999999,0.999318,146740.58
5542,0,0.000305,0.999999,0.999694,327757.78
5543,1,0.926274,0.999999,0.073725,7.96
5544,0,0.0002,0.999999,0.999799,499874.51
5545,1,0.999882,0.999999,0.000117,0.01
5546,1,0.999465,0.999999,0.000534,0.05
5547,1,0.998766,0.999999,0.001233,0.12
5548,0,9e-05,0.999999,0.999909,1110886.57
5549,1,0.996165,0.999999,0.003834,0.38
5550,1,0.999917,0.999999,8.2e-05,0.01
5551,1,0.999926,0.999999,7.3e-05,0.01
5552,0,3.2e-05,0.999999,0.999967,3123920.65
5553,0,0.000585,0.999999,0.999414,170837.08
5554,0,0.000763,0.999999,0.999236,130959.75
5555,1,0.992958,0.999999,0.007041,0.71
5556,0,0.000813,0.999999,0.999186,122899.6
5557,0,0.00016,0.999999,0.999839,624860.32
5558,1,0.999957,0.999999,4.2e-05,0.0
5559,1,0.999971,0.999999,2.8e-05,0.0
5560,0,0.000167,0.999999,0.999832,598665.95
5561,1,0.999898,0.999999,0.000101,0.01
5562,0,0.000265,0.999999,0.999734,377243.88
5563,1,0.999871,0.999999,0.000128,0.01
5564,1,0.999794,0.999999,0.000205,0.02
5565,1,0.999754,0.999999,0.000245,0.02
5566,0,0.002971,0.999999,0.997028,33558.55
5567,0,0.000121,0.999999,0.999878,826277.17
5568,1,0.999805,0.999999,0.000194,0.02
5569,0,6.2e-05,0.999999,0.999937,1612541.53
5570,1,0.999955,0.999999,4.4e-05,0.0
5571,1,0.999653,0.999999,0.000346,0.03
5572,0,0.000168,0.999999,0.999831,595102.08
5573,0,3.7e-05,0.999999,0.999962,2701869.76
5574,0,0.000587,0.999999,0.999412,170254.68
5575,0,0.000655,0.999999,0.999344,152569.27
5576,1,0.999845,0.999999,0.000154,0.02
5577,0,0.00351,0.999999,0.996489,28389.92
5578,0,0.000658,0.999999,0.999341,151873.22
5579,1,0.999839,0.999999,0.00016,0.02
5580,0,0.000164,0.999999,0.999835,609618.32
5581,0,0.002749,0.999999,0.99725,36276.7
5582,1,0.999916,0.999999,8.3e-05,0.01
5583,1,0.999632,0.999999,0.000367,0.04
5584,1,0.999172,0.999999,0.000827,0.08
5585,1,0.999441,0.999999,0.000558,0.06
5586,0,0.005469,0.999999,0.99453,18184.83
5587,0,0.000365,0.999999,0.999634,273864.83
5588,1,0.999967,0.999999,3.2e-05,0.0
5589,0,0.00141,0.999999,0.998589,70821.41
5590,0,0.00014,0.999999,0.999859,714133.99
5591,1,0.999897,0.999999,0.000102,0.01
5592,0,0.015576,0.999999,0.984423,6320.12
5593,0,0.000149,0.999999,0.99985,670995.24
5594,1,0.999924,0.999999,7.5e-05,0.01
5595,1,0.999914,0.999999,8.5e-05,0.01
5596,1,0.999749,0.999999,0.00025,0.03
5597,1,0.999888,0.999999,0.000111,0.01
5598,1,0.999537,0.999999,0.000462,0.05
5599,1,0.99983,0.999999,0.000169,0.02
5600,1,0.99989,0.999999,0.000109,0.01
5601,0,0.000373,0.999999,0.999626,267989.06
5602,1,0.999942,0.999999,5.7e-05,0.01
5603,1,0.451855,0.999999,0.548144,121.31
5604,1,0.999813,0.999999,0.000186,0.02
5605,1,0.999962,0.999999,3.7e-05,0.0
5606,1,0.999965,0.999999,3.4e-05,0.0
5607,1,0.999875,0.999999,0.000124,0.01
5608,0,0.000324,0.999999,0.999675,308532.14
5609,1,0.999894,0.999999,0.000105,0.01
5610,1,0.999958,0.999999,4.1e-05,0.0
5611,1,0.999848,0.999999,0.00015,0.02
5612,1,0.999966,0.999999,3.3e-05,0.0
5613,1,0.997821,0.999999,0.002178,0.22
5614,1,0.99914,0.999999,0.000859,0.09
5615,1,0.999927,0.999999,7.2e-05,0.01
5616,1,0.999963,0.999999,3.6e-05,0.0
5617,1,0.999904,0.999999,9.5e-05,0.01
5618,0,5.5e-05,0.999999,0.999944,1817749.5
5619,0,0.000511,0.999999,0.999488,195590.69
5620,0,0.003043,0.999999,0.996956,32762.17
5621,1,0.999868,0.999999,0.000131,0.01
5622,0,0.000312,0.999999,0.999687,320402.23
5623,1,0.999696,0.999999,0.000303,0.03
5624,1,0.999929,0.999999,7e-05,0.01
5625,0,0.002324,0.999999,0.997675,42929.03
5626,1,0.999892,0.999999,0.000107,0.01
5627,1,0.999955,0.999999,4.4e-05,0.0
5628,1,0.999982,0.999999,1.7e-05,0.0
5629,1,0.99972,0.999999,0.000279,0.03
5630,1,0.999965,0.999999,3.4e-05,0.0
5631,0,0.000202,0.999999,0.999797,494924.51
5632,1,0.998967,0.999999,0.001032,0.1
5633,0,0.001537,0.999999,0.998462,64961.32
5634,0,0.000391,0.999999,0.999608,255647.68
5635,0,0.000478,0.999999,0.999521,209100.44
5636,0,0.000141,0.999999,0.999858,709068.86
5637,1,0.999724,0.999999,0.000275,0.03
5638,1,0.998575,0.999999,0.001424,0.14
5639,1,0.999356,0.999999,0.000643,0.06
5640,0,7.2e-05,0.999999,0.999927,1388594.64
5641,0,0.000259,0.999999,0.99974,385985.1
5642,1,0.999914,0.999999,8.5e-05,0.01
5643,1,0.999696,0.999999,0.000303,0.03
5644,1,0.998967,0.999999,0.001032,0.1
5645,0,0.000699,0.999999,0.9993,142959.33
5646,1,0.999618,0.999999,0.000381,0.04
5647,0,0.000395,0.999999,0.999604,253057.9
5648,0,0.000766,0.999999,0.999233,130446.47
5649,0,0.00115,0.999999,0.998849,86855.68
5650,1,0.999864,0.999999,0.000135,0.01
5651,0,0.000681,0.999999,0.999318,146740.58
5652,0,0.256196,0.999999,0.743803,290.33
5653,0,0.000567,0.999999,0.999432,176263.56
5654,0,0.000473,0.999999,0.999526,211311.81
5655,0,0.000161,0.999999,0.999838,620978.82
5656,0,8.1e-05,0.999999,0.999918,1234314.28
5657,0,0.000114,0.999999,0.999885,877015.17
5658,0,0.000365,0.999999,0.999634,273864.83
5659,0,9.9e-05,0.999999,0.9999,1009897.99
5660,0,0.000112,0.999999,0.999887,892676.55
5661,1,0.999889,0.999999,0.00011,0.01
5662,0,0.001028,0.999999,0.998971,97175.22
5663,0,0.00558,0.999999,0.994419,17821.1
5664,1,0.99986,0.999999,0.000139,0.01
5665,0,3.2e-05,0.999999,0.999967,3123920.65
5666,1,0.999943,0.999999,5.6e-05,0.01
5667,1,0.999611,0.999999,0.000388,0.04
5668,1,0.999922,0.999999,7.6e-05,0.01
5669,0,0.002586,0.999999,0.997413,38569.57
5670,0,4e-05,0.999999,0.999959,2499272.68
5671,0,0.000961,0.999999,0.999038,103957.09
5672,1,0.999981,0.999999,1.8e-05,0.0
5673,0,0.000475,0.999999,0.999524,210421.68
5674,1,0.999933,0.999999,6.6e-05,0.01
5675,0,6.1e-05,0.999999,0.999938,1638973.94
5676,0,0.000106,0.999999,0.999893,943206.3
5677,1,0.999974,0.999999,2.5e-05,0.0
5678,1,0.999704,0.999999,0.000295,0.03
5679,0,0.000762,0.999999,0.999237,131131.74
5680,1,0.999897,0.999999,0.000102,0.01
5681,1,0.99994,0.999999,5.9e-05,0.01
5682,1,0.999863,0.999999,0.000136,0.01
5683,0,0.006056,0.999999,0.993943,16412.51
5684,1,0.999964,0.999999,3.5e-05,0.0
5685,0,0.000629,0.999999,0.99937,158879.83
5686,1,0.999193,0.999999,0.000806,0.08
5687,0,0.000505,0.999999,0.999494,197915.68
5688,0,0.000349,0.999999,0.99965,286424.46
5689,0,0.00088,0.999999,0.999119,113534.96
5690,1,0.99974,0.999999,0.000259,0.03
5691,1,0.999822,0.999999,0.000177,0.02
5692,1,0.999931,0.999999,6.8e-05,0.01
5693,1,0.996879,0.999999,0.00312,0.31
5694,1,0.97293,0.999999,0.027069,2.78
5695,1,0.999698,0.999999,0.000301,0.03
5696,1,0.999813,0.999999,0.000186,0.02
5697,0,0.023519,0.999999,0.97648,4151.88
5698,1,0.999963,0.999999,3.6e-05,0.0
5699,1,0.99994,0.999999,5.9e-05,0.01
5700,0,0.000209,0.999999,0.99979,478345.53
5701,1,0.99994,0.999999,5.9e-05,0.01
5702,1,0.999939,0.999999,6e-05,0.01
5703,1,0.99957,0.999999,0.000429,0.04
5704,1,0.993866,0.999999,0.006133,0.62
5705,0,4.6e-05,0.999999,0.999953,2173338.4
5706,0,0.000348,0.999999,0.999651,287247.78
5707,1,0.999847,0.999999,0.000152,0.02
5708,1,0.999949,0.999999,5e-05,0.01
5709,0,0.000232,0.999999,0.999767,430915.48
5710,1,0.999866,0.999999,0.000133,0.01
5711,0,5.1e-05,0.999999,0.999948,1960297.98
5712,1,0.999333,0.999999,0.000666,0.07
5713,0,4.8e-05,0.999999,0.999951,2082797.33
5714,1,0.99966,0.999999,0.000339,0.03
5715,1,0.999882,0.999999,0.000117,0.01
5716,0,0.000143,0.999999,0.999856,699151.11
5717,0,6.3e-05,0.999999,0.999936,1586948.1
5718,1,0.99973,0.999999,0.000269,0.03
5719,1,0.999968,0.999999,3.1e-05,0.0
5720,0,0.000381,0.999999,0.999618,262360.04
5721,0,7.2e-05,0.999999,0.999927,1388594.64
5722,1,0.999511,0.999999,0.000488,0.05
5723,0,4.8e-05,0.999999,0.999951,2082797.33
5724,1,0.999859,0.999999,0.00014,0.01
5725,0,9.1e-05,0.999999,0.999908,1098679.27
5726,1,0.999941,0.999999,5.8e-05,0.01
5727,0,0.000402,0.999999,0.999597,248649.78
5728,0,0.000182,0.999999,0.999817,549319.82
5729,0,0.000124,0.999999,0.999875,806285.78
5730,0,9e-05,0.999999,0.999909,1110886.57
5731,1,0.998867,0.999999,0.001132,0.11
5732,0,6.6e-05,0.999999,0.999933,1514820.48
5733,1,0.999945,0.999999,5.4e-05,0.01
5734,0,0.000684,0.999999,0.999315,146096.55
5735,1,0.999919,0.999999,8e-05,0.01
5736,0,0.000673,0.999999,0.999326,148486.06
5737,1,0.999975,0.999999,2.4e-05,0.0
5738,1,0.999928,0.999999,7.1e-05,0.01
5739,1,0.999795,0.999999,0.000204,0.02
5740,1,0.99997,0.999999,2.9e-05,0.0
5741,1,0.99852,0.999999,0.001479,0.15
5742,1,0.999886,0.999999,0.000113,0.01
5743,0,0.000196,0.999999,0.999803,510077.55
5744,0,0.005514,0.999999,0.994485,18035.6
5745,0,2.5e-05,0.999999,0.999974,3998296.68
5746,0,0.000554,0.999999,0.999445,180401.98
5747,1,0.999813,0.999999,0.000186,0.02
5748,0,4.3e-05,0.999999,0.999956,2324938.39
5749,0,0.127336,0.999999,0.872663,685.32
5750,0,0.000349,0.999999,0.99965,286424.46
5751,0,0.00215,0.999999,0.997849,46411.37
5752,0,0.000162,0.999999,0.999837,617145.24
5753,1,0.999841,0.999999,0.000158,0.02
5754,0,0.000309,0.999999,0.99969,323513.8
5755,0,4.8e-05,0.999999,0.999951,2082797.33
5756,1,0.999962,0.999999,3.7e-05,0.0
5757,0,8.3e-05,0.999999,0.999916,1204572.94
5758,1,0.99988,0.999999,0.000119,0.01
5759,1,0.999558,0.999999,0.000441,0.04
5760,1,0.999955,0.999999,4.4e-05,0.0
5761,0,7.7e-05,0.999999,0.999922,1298431.37
5762,0,0.002766,0.999999,0.997233,36053.12
5763,1,0.999568,0.999999,0.000431,0.04
5764,1,0.999959,0.999999,4e-05,0.0
5765,1,0.999949,0.999999,5e-05,0.01
5766,1,0.999886,0.999999,0.000112,0.01
5767,0,3.3e-05,0.999999,0.999966,3029282.04
5768,0,5.5e-05,0.999999,0.999944,1817749.5
5769,1,0.999954,0.999999,4.5e-05,0.0
5770,0,0.000439,0.999999,0.99956,227685.02
5771,1,0.169853,0.999999,0.830146,488.74
5772,0,0.010484,0.999999,0.989515,9438.33
5773,1,0.999959,0.999999,4e-05,0.0
5774,1,0.999674,0.999999,0.000325,0.03
5775,1,0.999978,0.999999,2.1e-05,0.0
5776,1,0.995097,0.999999,0.004902,0.49
5777,0,0.000366,0.999999,0.999633,273116.31
5778,1,0.999938,0.999999,6.1e-05,0.01
5779,0,0.003964,0.999999,0.996035,25126.95
5780,1,0.999773,0.999999,0.000226,0.02
5781,0,0.000119,0.999999,0.99988,840164.69
5782,0,4.1e-05,0.999999,0.999958,2438327.24
5783,0,7.1e-05,0.999999,0.999928,1408150.96
5784,0,0.000308,0.999999,0.999691,324564.46
5785,0,0.00031,0.999999,0.999689,322469.92
5786,0,0.000125,0.999999,0.999874,799835.21
5787,1,0.999578,0.999999,0.000421,0.04
5788,0,5e-05,0.999999,0.999949,1999498.1
5789,1,0.999556,0.999999,0.000443,0.04
5790,1,0.999506,0.999999,0.000493,0.05
5791,1,0.999605,0.999999,0.000394,0.04
5792,0,0.006729,0.999999,0.99327,14761.01
5793,1,0.999846,0.999999,0.000153,0.02
5794,1,0.996799,0.999999,0.0032,0.32
5795,1,0.999943,0.999999,5.6e-05,0.01
5796,1,0.999694,0.999999,0.000305,0.03
5797,0,5.6e-05,0.999999,0.999943,1785293.7
5798,1,0.999816,0.999999,0.000183,0.02
5799,0,0.007175,0.999999,0.992824,13837.25
5800,0,0.000196,0.999999,0.999803,510077.55
5801,0,0.00237,0.999999,0.997629,42093.87
5802,1,0.999866,0.999999,0.000133,0.01
5803,0,2.6e-05,0.999999,0.999973,3844571.32
5804,1,0.998634,0.999999,0.001365,0.14
5805,0,0.000219,0.999999,0.99978,456499.7
5806,1,0.999795,0.999999,0.000204,0.02
5807,0,0.000129,0.999999,0.99987,775032.94
5808,1,0.995114,0.999999,0.004885,0.49
5809,1,0.999819,0.999999,0.00018,0.02
5810,0,0.000108,0.999999,0.999891,925739.28
5811,1,0.999963,0.999999,3.6e-05,0.0
5812,0,0.000865,0.999999,0.999134,115505.49
5813,0,2.7e-05,0.999999,0.999972,3702228.8
5814,1,0.99958,0.999999,0.000419,0.04
5815,0,0.000865,0.999999,0.999134,115505.49
5816,1,0.999907,0.999999,9.2e-05,0.01
5817,0,5.6e-05,0.999999,0.999943,1785293.7
5818,0,0.000165,0.999999,0.999834,605923.28
5819,0,5.8e-05,0.999999,0.999941,1723739.01
5820,0,8.6e-05,0.999999,0.999913,1162554.35
5821,0,0.00065,0.999999,0.999349,153743.63
5822,0,0.001107,0.999999,0.998892,90233.33
5823,0,0.000623,0.999999,0.999376,160410.91
5824,0,7.1e-05,0.999999,0.999928,1408150.96
5825,0,0.000952,0.999999,0.999047,104940.81
5826,0,0.00068,0.999999,0.999319,146956.52
5827,1,0.99988,0.999999,0.000119,0.01
5828,1,0.999967,0.999999,3.2e-05,0.0
5829,0,4.7e-05,0.999999,0.999952,2127104.87
5830,0,0.001403,0.999999,0.998596,71175.26
5831,1,0.999965,0.999999,3.4e-05,0.0
5832,0,6.1e-05,0.999999,0.999938,1638973.94
5833,1,0.999955,0.999999,4.4e-05,0.0
5834,0,0.000168,0.999999,0.999831,595102.08
5835,0,0.000107,0.999999,0.999892,934391.18
5836,1,0.999386,0.999999,0.000613,0.06
5837,1,0.999975,0.999999,2.4e-05,0.0
5838,0,8.3e-05,0.999999,0.999916,1204572.94
5839,1,0.998523,0.999999,0.001476,0.15
5840,1,0.999958,0.999999,4.1e-05,0.0
5841,0,0.000286,0.999999,0.999713,349537.78
5842,0,0.000123,0.999999,0.999876,812841.23
5843,0,4.4e-05,0.999999,0.999955,2272108.61
5844,1,0.997612,0.999999,0.002387,0.24
5845,1,0.99987,0.999999,0.000129,0.01
5846,1,0.996104,0.999999,0.003895,0.39
5847,1,0.999638,0.999999,0.000361,0.04
5848,0,0.000245,0.999999,0.999754,408046.2
5849,1,0.999719,0.999999,0.00028,0.03
5850,1,0.999956,0.999999,4.3e-05,0.0
5851,0,6.7e-05,0.999999,0.999932,1492213.1
5852,1,0.999932,0.999999,6.7e-05,0.01
5853,1,0.999945,0.999999,5.4e-05,0.01
5854,1,0.999781,0.999999,0.000218,0.02
5855,1,0.999903,0.999999,9.6e-05,0.01
5856,0,0.00169,0.999999,0.998309,59071.19
5857,1,0.998938,0.999999,0.001061,0.11
5858,1,0.999738,0.999999,0.000261,0.03
5859,1,0.999834,0.999999,0.000165,0.02
5860,1,0.988961,0.999999,0.011038,1.12
5861,1,0.999936,0.999999,6.3e-05,0.01
5862,0,1.7e-05,0.999999,0.999982,5878788.95
5863,1,0.999676,0.999999,0.000323,0.03
5864,1,0.998273,0.999999,0.001726,0.17
5865,1,0.999414,0.999999,0.000585,0.06
5866,1,0.999618,0.999999,0.000381,0.04
5867,1,0.999775,0.999999,0.000224,0.02
5868,0,0.00011,0.999999,0.999889,908907.37
5869,0,0.001194,0.999999,0.998805,83651.31
5870,0,0.000611,0.999999,0.999388,163563.28
5871,0,0.000733,0.999999,0.999266,136323.65
5872,0,0.000116,0.999999,0.999883,861893.8
5873,0,0.00013,0.999999,0.999869,769070.84
5874,0,0.00024,0.999999,0.999759,416548.89
5875,0,0.004729,0.999999,0.99527,21046.05
5876,0,0.000145,0.999999,0.999854,689506.93
5877,1,0.99981,0.999999,0.000189,0.02
5878,1,0.999948,0.999999,5.1e-05,0.01
5879,0,0.003946,0.999999,0.996053,25242.03
5880,1,0.999959,0.999999,4e-05,0.0
5881,0,0.000653,0.999999,0.999346,153036.86
5882,0,4.9e-05,0.999999,0.99995,2040297.9
5883,0,0.000521,0.999999,0.999478,191834.71
5884,0,0.000229,0.999999,0.99977,436561.72
5885,1,0.999856,0.999999,0.000143,0.01
5886,0,0.000108,0.999999,0.999891,925739.28
5887,0,0.000117,0.999999,0.999882,854526.96
5888,0,0.000602,0.999999,0.999397,166010.03
5889,0,0.000118,0.999999,0.999881,847284.98
5890,1,0.999762,0.999999,0.000236,0.02
5891,0,0.000623,0.999999,0.999376,160410.91
5892,0,5.3e-05,0.999999,0.999946,1886334.65
5893,1,0.999918,0.999999,8.1e-05,0.01
5894,1,0.999942,0.999999,5.7e-05,0.01
5895,1,0.999966,0.999999,3.3e-05,0.0
5896,0,6.9e-05,0.999999,0.99993,1448963.92
5897,0,4.5e-05,0.999999,0.999954,2221626.31
5898,1,0.999953,0.999999,4.6e-05,0.0
5899,1,0.999683,0.999999,0.000316,0.03
5900,1,0.999836,0.999999,0.000163,0.02
5901,1,0.999223,0.999999,0.000776,0.08
5902,0,0.004791,0.999999,0.995208,20772.4
5903,1,0.999901,0.999999,9.8e-05,0.01
5904,1,0.998991,0.999999,0.001008,0.1
5905,0,0.000287,0.999999,0.999712,348319.57
5906,1,0.999864,0.999999,0.000135,0.01
5907,0,0.000397,0.999999,0.999602,251782.57
5908,1,0.999893,0.999999,0.000106,0.01
5909,1,0.999858,0.999999,0.000141,0.01
5910,1,0.976526,0.999999,0.023473,2.4
5911,0,0.000896,0.999999,0.999103,111505.79
5912,1,0.9999,0.999999,9.9e-05,0.01
5913,1,0.999016,0.999999,0.000983,0.1
5914,0,4.5e-05,0.999999,0.999954,2221626.31
5915,0,0.00272,0.999999,0.997279,36664.53
5916,1,0.999972,0.999999,2.7e-05,0.0
5917,0,0.000256,0.999999,0.999743,390509.36
5918,0,0.000251,0.999999,0.999748,398290.11
5919,1,0.999941,0.999999,5.8e-05,0.01
5920,0,8.5e-05,0.999999,0.999914,1176231.03
5921,1,0.988144,0.999999,0.011855,1.2
5922,0,0.001636,0.999999,0.998363,61024.26
5923,0,4e-05,0.999999,0.999959,2499272.68
5924,0,0.000165,0.999999,0.999834,605923.28
5925,0,0.000144,0.999999,0.999855,694295.54
5926,1,0.999579,0.999999,0.00042,0.04
5927,1,0.999878,0.999999,0.000121,0.01
5928,0,4.1e-05,0.999999,0.999958,2438327.24
5929,0,0.000885,0.999999,0.999114,112892.96
5930,0,0.00032,0.999999,0.999679,312389.93
5931,0,0.000455,0.999999,0.999544,219675.17
5932,1,0.999038,0.999999,0.000961,0.1
5933,1,0.999102,0.999999,0.000897,0.09
5934,0,0.000253,0.999999,0.999746,395140.9
5935,1,0.999686,0.999999,0.000313,0.03
5936,0,0.000152,0.999999,0.999847,657750.81
5937,1,0.999967,0.999999,3.2e-05,0.0
5938,0,0.000847,0.999999,0.999152,117962.24
5939,0,0.005276,0.999999,0.994723,18853.7
5940,0,2.3e-05,0.999999,0.999976,4345832.25
5941,1,0.999856,0.999999,0.000143,0.01
5942,1,0.99937,0.999999,0.000629,0.06
5943,0,7.2e-05,0.999999,0.999927,1388594.64
5944,0,9.1e-05,0.999999,0.999908,1098679.27
5945,1,0.999905,0.999999,9.4e-05,0.01
5946,0,7.7e-05,0.999999,0.999922,1298431.37
5947,0,0.000272,0.999999,0.999727,367533.18
5948,1,0.999918,0.999999,8.1e-05,0.01
5949,1,0.999526,0.999999,0.000472,0.05
5950,0,0.000373,0.999999,0.999626,267989.06
5951,1,0.973296,0.999999,0.026703,2.74
5952,0,0.000909,0.999999,0.99909,109909.68
5953,0,0.0002,0.999999,0.999799,499874.51
5954,1,0.999501,0.999999,0.000498,0.05
5955,0,6.2e-05,0.999999,0.999937,1612541.53
5956,1,0.999315,0.999999,0.000684,0.07
5957,0,0.000298,0.999999,0.999701,335458.88
5958,0,8.4e-05,0.999999,0.999915,1190233.31
5959,1,0.999736,0.999999,0.000263,0.03
5960,0,5.2e-05,0.999999,0.999947,1922605.27
5961,1,0.999929,0.999999,7e-05,0.01
5962,0,0.000134,0.999999,0.999865,746112.23
5963,0,6.2e-05,0.999999,0.999937,1612541.53
5964,0,5.8e-05,0.999999,0.999941,1723739.01
5965,1,0.999211,0.999999,0.000788,0.08
5966,0,4.6e-05,0.999999,0.999953,2173338.4
5967,0,0.000833,0.999999,0.999166,119946.46
5968,0,3.9e-05,0.999999,0.99996,2563342.73
5969,0,0.000414,0.999999,0.999585,241439.82
5970,0,0.000815,0.999999,0.999184,122597.76
5971,0,0.000157,0.999999,0.999842,636801.48
5972,0,5.2e-05,0.999999,0.999947,1922605.27
5973,0,0.000209,0.999999,0.99979,478345.53
5974,1,0.999835,0.999999,0.000164,0.02
5975,0,0.000129,0.999999,0.99987,775032.94
5976,0,0.000229,0.999999,0.99977,436561.72
5977,1,0.999516,0.999999,0.000483,0.05
5978,0,0.000906,0.999999,0.999093,110273.95
5979,0,0.002608,0.999999,0.997391,38243.37
5980,1,0.99996,0.999999,3.9e-05,0.0
5981,1,0.99995,0.999999,4.9e-05,0.0
5982,1,0.9999,0.999999,9.9e-05,0.01
5983,0,0.000385,0.999999,0.999614,259633.26
5984,1,0.999938,0.999999,6.1e-05,0.01
5985,1,0.999926,0.999999,7.3e-05,0.01
5986,0,0.000133,0.999999,0.999866,751722.43
5987,0,0.000707,0.999999,0.999292,141340.58
5988,1,0.999409,0.999999,0.00059,0.06
5989,1,0.999846,0.999999,0.000153,0.02
5990,0,0.000157,0.999999,0.999842,636801.48
5991,0,4.5e-05,0.999999,0.999954,2221626.31
5992,1,0.999977,0.999999,2.2e-05,0.0
5993,1,0.999639,0.999999,0.00036,0.04
5994,0,0.000344,0.999999,0.999655,290588.94
5995,1,0.999873,0.999999,0.000126,0.01
5996,0,0.000123,0.999999,0.999876,812841.23
5997,0,0.000112,0.999999,0.999887,892676.55
5998,0,0.998292,0.999999,0.001707,0.17
5999,0,0.006303,0.999999,0.993696,15765.42
6000,0,5.5e-05,0.999999,0.999944,1817749.5
6001,1,0.999713,0.999999,0.000286,0.03
6002,0,0.001439,0.999999,0.99856,69392.15
6003,0,0.000373,0.999999,0.999626,267989.06
6004,0,0.000188,0.999999,0.999811,531786.08
6005,1,0.999931,0.999999,6.8e-05,0.01
6006,1,0.999736,0.999999,0.000263,0.03
6007,0,0.000151,0.999999,0.999848,662107.15
6008,1,0.999866,0.999999,0.000133,0.01
6009,1,0.999946,0.999999,5.3e-05,0.01
6010,1,0.99986,0.999999,0.000139,0.01
6011,1,0.999977,0.999999,2.2e-05,0.0
6012,0,0.001535,0.999999,0.998464,65046.09
6013,0,0.000371,0.999999,0.999628,269434.25
6014,0,0.000111,0.999999,0.999888,900718.85
6015,0,0.00122,0.999999,0.998779,81866.46
6016,1,0.999912,0.999999,8.6e-05,0.01
6017,0,0.000448,0.999999,0.999551,223109.08
6018,0,0.000309,0.999999,0.99969,323513.8
6019,0,0.000142,0.999999,0.999857,704075.07
6020,1,0.999946,0.999999,5.3e-05,0.01
6021,1,0.999292,0.999999,0.000707,0.07
6022,1,0.999915,0.999999,8.4e-05,0.01
6023,1,0.999957,0.999999,4.2e-05,0.0
6024,0,0.000561,0.999999,0.999438,178149.77
6025,1,0.999896,0.999999,0.000103,0.01
6026,0,0.003127,0.999999,0.996872,31879.4
6027,0,0.000415,0.999999,0.999584,240857.81
6028,0,0.000374,0.999999,0.999625,267272.27
6029,1,0.999924,0.999999,7.5e-05,0.01
6030,0,0.000304,0.999999,0.999695,328836.22
6031,1,0.999924,0.999999,7.5e-05,0.01
6032,0,0.000234,0.999999,0.999765,427231.74
6033,1,0.999915,0.999999,8.4e-05,0.01
6034,1,0.999768,0.999999,0.000231,0.02
6035,0,8.4e-05,0.999999,0.999915,1190233.31
6036,1,0.999909,0.999999,9e-05,0.01
6037,1,0.999941,0.999999,5.8e-05,0.01
6038,1,0.999094,0.999999,0.000904,0.09
6039,0,0.002432,0.999999,0.997567,41018.21
6040,1,0.99964,0.999999,0.000359,0.04
6041,0,0.000143,0.999999,0.999856,699151.11
6042,0,0.011437,0.999999,0.988562,8643.54
6043,1,0.998858,0.999999,0.001141,0.11
6044,1,0.999763,0.999999,0.000236,0.02
6045,1,0.99993,0.999999,6.9e-05,0.01
6046,0,0.000124,0.999999,0.999875,806285.78
6047,0,0.000245,0.999999,0.999754,408046.2
6048,1,0.999956,0.999999,4.3e-05,0.0
6049,1,0.999934,0.999999,6.5e-05,0.01
6050,1,0.999965,0.999999,3.4e-05,0.0
6051,0,0.012264,0.999999,0.987735,8053.93
6052,0,0.000842,0.999999,0.999157,118663.32
6053,1,0.997548,0.999999,0.002451,0.25
6054,0,0.000513,0.999999,0.999486,194827.78
6055,1,0.999935,0.999999,6.4e-05,0.01
6056,0,0.001623,0.999999,0.998376,61513.85
6057,0,0.010917,0.999999,0.989082,9060.01
6058,1,0.999931,0.999999,6.8e-05,0.01
6059,0,4.1e-05,0.999999,0.999958,2438327.24
6060,1,0.996449,0.999999,0.00355,0.36
6061,0,8.7e-05,0.999999,0.999912,1149192.05
6062,1,0.999852,0.999999,0.000147,0.01
6063,1,0.999948,0.999999,5.1e-05,0.01
6064,1,0.999944,0.999999,5.5e-05,0.01
6065,0,2.1e-05,0.999999,0.999978,4759533.56
6066,0,0.000383,0.999999,0.999616,260989.53
6067,0,5.6e-05,0.999999,0.999943,1785293.7
6068,1,0.999874,0.999999,0.000125,0.01
6069,0,0.030451,0.999999,0.969548,3183.96
6070,0,4.7e-05,0.999999,0.999952,2127104.87
6071,0,0.01832,0.999999,0.981679,5358.51
6072,0,5.9e-05,0.999999,0.99994,1694526.35
6073,1,0.999792,0.999999,0.000207,0.02
6074,0,0.000193,0.999999,0.999806,518007.36
6075,0,0.001185,0.999999,0.998814,84287.39
6076,1,0.999011,0.999999,0.000988,0.1
6077,0,6.9e-05,0.999999,0.99993,1448963.92
6078,1,0.999899,0.999999,0.0001,0.01
6079,0,0.000199,0.999999,0.9998,502386.81
6080,0,0.000359,0.999999,0.99964,278443.5
6081,0,0.001239,0.999999,0.99876,80609.52
6082,0,6.7e-05,0.999999,0.999932,1492213.1
6083,1,0.999836,0.999999,0.000163,0.02
6084,1,0.999782,0.999999,0.000217,0.02
6085,0,9e-05,0.999999,0.999909,1110886.57
6086,0,0.002289,0.999999,0.99771,43586.97
6087,1,0.869009,0.999999,0.13099,15.07
6088,1,0.99986,0.999999,0.000139,0.01
6089,0,0.000264,0.999999,0.999735,378673.16
6090,0,5.8e-05,0.999999,0.999941,1723739.01
6091,0,0.000435,0.999999,0.999564,229779.55
6092,0,0.000224,0.999999,0.999775,446308.2
6093,0,0.000253,0.999999,0.999746,395140.9
6094,1,0.999826,0.999999,0.000173,0.02
6095,0,0.00037,0.999999,0.999629,270162.7
6096,0,0.00023,0.999999,0.999769,434663.28
6097,0,1.8e-05,0.999999,0.999981,5552365.35
6098,0,0.000258,0.999999,0.999741,387481.49
6099,0,0.000271,0.999999,0.999728,368889.71
6100,0,0.000439,0.999999,0.99956,227685.02
6101,0,0.000448,0.999999,0.999551,223109.08
6102,1,0.010676,0.999999,0.989323,9266.79
6103,0,0.00031,0.999999,0.999689,322469.92
6104,0,0.000663,0.999999,0.999336,150727.14
6105,0,0.000202,0.999999,0.999797,494924.51
6106,0,8.7e-05,0.999999,0.999912,1149192.05
6107,0,0.187758,0.999999,0.812241,432.6
6108,0,0.000157,0.999999,0.999842,636801.48
6109,0,5.2e-05,0.999999,0.999947,1922605.27
6110,1,0.999233,0.999999,0.000766,0.08
6111,1,0.997469,0.999999,0.00253,0.25
6112,0,0.000256,0.999999,0.999743,390509.36
6113,1,0.999781,0.999999,0.000218,0.02
6114,1,0.99944,0.999999,0.000559,0.06
6115,1,0.997877,0.999999,0.002122,0.21
6116,1,0.999974,0.999999,2.5e-05,0.0
6117,0,3.1e-05,0.999999,0.999968,3224663.01
6118,0,0.001463,0.999999,0.998536,68252.17
6119,1,0.999945,0.999999,5.4e-05,0.01
6120,1,0.99667,0.999999,0.003329,0.33
6121,0,7.9e-05,0.999999,0.99992,1265561.32
6122,0,0.00018,0.999999,0.999819,555424.14
6123,0,0.001399,0.999999,0.9986,71379.05
6124,0,0.000375,0.999999,0.999624,266559.29
6125,1,0.99733,0.999999,0.002669,0.27
6126,0,0.000124,0.999999,0.999875,806285.78
6127,0,0.001642,0.999999,0.998357,60800.91
6128,1,0.999968,0.999999,3.1e-05,0.0
6129,1,0.999906,0.999999,9.3e-05,0.01
6130,1,0.999915,0.999999,8.4e-05,0.01
6131,0,0.001161,0.999999,0.998838,86031.82
6132,1,0.999844,0.999999,0.000155,0.02
6133,0,8.5e-05,0.999999,0.999914,1176231.03
6134,1,0.999882,0.999999,0.000117,0.01
6135,0,0.001694,0.999999,0.998305,58931.47
6136,1,0.999797,0.999999,0.000202,0.02
6137,1,0.982861,0.999999,0.017138,1.74
6138,0,0.000209,0.999999,0.99979,478345.53
6139,0,0.000821,0.999999,0.999178,121701.08
6140,0,0.000403,0.999999,0.999596,248032.56
6141,1,0.999944,0.999999,5.5e-05,0.01
6142,0,6e-05,0.999999,0.999939,1666287.29
6143,0,0.000124,0.999999,0.999875,806285.78
6144,0,0.000178,0.999999,0.999821,561665.64
6145,1,0.999575,0.999999,0.000424,0.04
6146,0,0.000151,0.999999,0.999848,662107.15
6147,0,8.5e-05,0.999999,0.999914,1176231.03
6148,0,0.000376,0.999999,0.999623,265850.11
6149,0,0.000249,0.999999,0.99975,401489.9
6150,0,3.6e-05,0.999999,0.999963,2776903.64
6151,0,0.000103,0.999999,0.999896,970678.57
6152,0,2.7e-05,0.999999,0.999972,3702228.8
6153,0,0.000985,0.999999,0.999014,101421.71
6154,0,4e-05,0.999999,0.999959,2499272.68
6155,1,0.999952,0.999999,4.7e-05,0.0
6156,0,8.8e-05,0.999999,0.999911,1136133.39
6157,0,0.161303,0.999999,0.838696,519.95
6158,0,0.000719,0.999999,0.99928,138979.99
6159,0,0.000434,0.999999,0.999565,230309.21
6160,0,0.000153,0.999999,0.999846,653451.41
6161,0,0.002386,0.999999,0.997613,41810.93
6162,0,0.000175,0.999999,0.999824,571295.35
6163,1,0.999958,0.999999,4.1e-05,0.0
6164,1,0.999934,0.999999,6.5e-05,0.01
6165,1,0.999953,0.999999,4.6e-05,0.0
6166,1,0.999911,0.999999,8.8e-05,0.01
6167,1,0.9998,0.999999,0.000199,0.02
6168,0,0.003052,0.999999,0.996947,32665.26
6169,0,5e-05,0.999999,0.999949,1999498.1
6170,1,0.99994,0.999999,5.9e-05,0.01
6171,1,0.999786,0.999999,0.000213,0.02
6172,1,0.999674,0.999999,0.000325,0.03
6173,0,0.000184,0.999999,0.999815,543348.19
6174,0,0.05571,0.999999,0.944289,1695.01
6175,0,7.4e-05,0.999999,0.999925,1351067.42
6176,1,0.999927,0.999999,7.2e-05,0.01
6177,1,0.999968,0.999999,3.1e-05,0.0
6178,0,0.000298,0.999999,0.999701,335458.88
6179,0,0.000773,0.999999,0.999226,129264.3
6180,1,0.999959,0.999999,4e-05,0.0
6181,1,0.999914,0.999999,8.5e-05,0.01
6182,0,0.000301,0.999999,0.999698,332114.55
6183,0,9.2e-05,0.999999,0.999907,1086737.31
6184,0,8.5e-05,0.999999,0.999914,1176231.03
6185,0,0.000409,0.999999,0.99959,244392.56
6186,0,8.6e-05,0.999999,0.999913,1162554.35
6187,1,0.999962,0.999999,3.7e-05,0.0
6188,1,0.999953,0.999999,4.6e-05,0.0
6189,0,6.1e-05,0.999999,0.999938,1638973.94
6190,1,0.999916,0.999999,8.3e-05,0.01
6191,1,0.999911,0.999999,8.8e-05,0.01
6192,0,0.006836,0.999999,0.993163,14528.4
6193,0,9.8e-05,0.999999,0.999901,1020203.04
6194,1,0.994579,0.999999,0.00542,0.54
6195,1,0.999955,0.999999,4.4e-05,0.0
6196,1,0.999952,0.999999,4.7e-05,0.0
6197,0,8.3e-05,0.999999,0.999916,1204572.94
6198,1,0.999956,0.999999,4.2e-05,0.0
6199,0,6.8e-05,0.999999,0.999931,1470270.55
6200,0,0.000575,0.999999,0.999424,173809.85
6201,0,4.3e-05,0.999999,0.999956,2324938.39
6202,0,0.00149,0.999999,0.998509,67013.58
6203,1,0.995027,0.999999,0.004972,0.5
6204,0,0.05285,0.999999,0.947149,1792.15
6205,0,0.000221,0.999999,0.999778,452367.77
6206,1,0.998948,0.999999,0.001051,0.11
6207,0,0.000217,0.999999,0.999782,460707.8
6208,0,0.000655,0.999999,0.999344,152569.27
6209,0,8.8e-05,0.999999,0.999911,1136133.39
6210,1,0.999647,0.999999,0.000352,0.04
6211,0,0.001438,0.999999,0.998561,69440.48
6212,1,0.999918,0.999999,8.1e-05,0.01
6213,1,0.996909,0.999999,0.00309,0.31
6214,1,0.99977,0.999999,0.000229,0.02
6215,1,0.999884,0.999999,0.000115,0.01
6216,0,0.000614,0.999999,0.999385,162763.64
6217,0,0.000127,0.999999,0.999872,787238.8
6218,0,0.000244,0.999999,0.999755,409718.86
6219,1,0.99995,0.999999,4.9e-05,0.0
6220,0,0.000139,0.999999,0.99986,719271.99
6221,0,0.000332,0.999999,0.999667,301095.45
6222,1,0.982935,0.999999,0.017064,1.74
6223,0,0.000255,0.999999,0.999744,392041.1
6224,1,0.999926,0.999999,7.3e-05,0.01
6225,0,5.9e-05,0.999999,0.99994,1694526.35
6226,1,0.999607,0.999999,0.000392,0.04
6227,1,0.999292,0.999999,0.000707,0.07
6228,0,7.4e-05,0.999999,0.999925,1351067.42
6229,1,0.999959,0.999999,4e-05,0.0
6230,1,0.999317,0.999999,0.000682,0.07
6231,0,0.003854,0.999999,0.996145,25846.97
6232,0,0.001326,0.999999,0.998673,75314.14
6233,1,0.999972,0.999999,2.7e-05,0.0
6234,0,0.000354,0.999999,0.999645,282377.62
6235,0,0.000674,0.999999,0.999325,148265.6
6236,0,0.000537,0.999999,0.999462,186116.09
6237,1,0.99995,0.999999,4.9e-05,0.0
6238,0,0.000215,0.999999,0.999784,464994.19
6239,1,0.999518,0.999999,0.000481,0.05
6240,1,0.999843,0.999999,0.000156,0.02
6241,0,0.0001,0.999999,0.999899,999799.02
6242,0,0.000114,0.999999,0.999885,877015.17
6243,0,0.000225,0.999999,0.999774,444324.25
6244,1,0.999962,0.999999,3.7e-05,0.0
6245,1,0.999804,0.999999,0.000195,0.02
6246,1,0.999623,0.999999,0.000376,0.04
6247,0,0.000187,0.999999,0.999812,534630.23
6248,0,0.000125,0.999999,0.999874,799835.21
6249,0,0.000262,0.999999,0.999737,381564.44
6250,0,8.4e-05,0.999999,0.999915,1190233.31
6251,0,0.000212,0.999999,0.999787,471575.4
6252,0,0.00024,0.999999,0.999759,416548.89
6253,1,0.999975,0.999999,2.4e-05,0.0
6254,1,0.999589,0.999999,0.00041,0.04
6255,1,0.999949,0.999999,5e-05,0.01
6256,1,0.217328,0.999999,0.782671,360.13
6257,0,4.9e-05,0.999999,0.99995,2040297.9
6258,1,0.99991,0.999999,8.9e-05,0.01
6259,0,0.000319,0.999999,0.99968,313369.49
6260,0,0.000116,0.999999,0.999883,861893.8
6261,1,0.999874,0.999999,0.000126,0.01
6262,0,7.3e-05,0.999999,0.999926,1369574.03
6263,1,0.999951,0.999999,4.8e-05,0.0
6264,0,0.001036,0.999999,0.998963,96424.07
6265,0,0.003632,0.999999,0.996367,27432.94
6266,1,0.999963,0.999999,3.6e-05,0.0
6267,0,0.002831,0.999999,0.997168,35223.05
6268,1,0.999958,0.999999,4e-05,0.0
6269,1,0.999782,0.999999,0.000217,0.02
6270,0,0.000112,0.999999,0.999887,892676.55
6271,0,0.0014,0.999999,0.998599,71327.99
6272,1,0.9999,0.999999,9.9e-05,0.01
6273,1,0.999123,0.999999,0.000876,0.09
6274,0,0.00012,0.999999,0.999879,833163.07
6275,0,5.6e-05,0.999999,0.999943,1785293.7
6276,1,0.999087,0.999999,0.000912,0.09
6277,0,0.000183,0.999999,0.999816,546317.69
6278,0,0.000565,0.999999,0.999434,176887.84
6279,0,1.6e-05,0.999999,0.999983,6245990.01
6280,1,0.566675,0.999999,0.433324,76.47
6281,0,0.000317,0.999999,0.999682,315347.15
6282,1,0.999949,0.999999,5e-05,0.01
6283,0,0.000183,0.999999,0.999816,546317.69
6284,1,0.985121,0.999999,0.014878,1.51
6285,0,0.006505,0.999999,0.993494,15272.75
6286,0,0.003931,0.999999,0.996068,25338.73
6287,1,0.999907,0.999999,9.2e-05,0.01
6288,0,0.000159,0.999999,0.99984,628790.64
6289,1,0.999663,0.999999,0.000336,0.03
6290,0,0.000291,0.999999,0.999708,343530.46
6291,0,0.000587,0.999999,0.999412,170254.68
6292,0,0.001613,0.999999,0.998386,61895.83
6293,1,0.999955,0.999999,4.4e-05,0.0
6294,0,0.000108,0.999999,0.999891,925739.28
6295,1,0.995543,0.999999,0.004456,0.45
6296,0,0.00029,0.999999,0.999709,344715.35
6297,0,0.000257,0.999999,0.999742,388989.53
6298,1,0.99987,0.999999,0.000129,0.01
6299,1,0.999257,0.999999,0.000742,0.07
6300,1,0.999853,0.999999,0.000146,0.01
6301,0,0.000116,0.999999,0.999883,861893.8
6302,0,0.001086,0.999999,0.998913,91980.09
6303,0,0.000419,0.999999,0.99958,238557.55
6304,1,0.999795,0.999999,0.000204,0.02
6305,1,0.999892,0.999999,0.000107,0.01
6306,1,0.999858,0.999999,0.000141,0.01
6307,1,0.999534,0.999999,0.000465,0.05
6308,0,0.025497,0.999999,0.974502,3822.02
6309,1,0.99878,0.999999,0.001219,0.12
6310,0,0.002921,0.999999,0.997078,34134.7
6311,0,2.7e-05,0.999999,0.999972,3702228.8
6312,1,0.999784,0.999999,0.000215,0.02
6313,0,0.001709,0.999999,0.99829,58413.35
6314,0,0.001344,0.999999,0.998655,74304.13
6315,1,0.999891,0.999999,0.000108,0.01
6316,0,0.000578,0.999999,0.999421,172907.22
6317,1,0.999338,0.999999,0.000661,0.07
6318,1,0.999953,0.999999,4.6e-05,0.0
6319,1,0.995751,0.999999,0.004248,0.43
6320,1,0.999963,0.999999,3.6e-05,0.0
6321,1,0.999937,0.999999,6.2e-05,0.01
6322,1,0.999802,0.999999,0.000197,0.02
6323,0,5.4e-05,0.999999,0.999945,1851407.15
6324,1,0.999947,0.999999,5.2e-05,0.01
6325,1,0.999962,0.999999,3.8e-05,0.0
6326,1,0.999808,0.999999,0.000191,0.02
6327,0,0.000235,0.999999,0.999764,425413.39
6328,0,0.023032,0.999999,0.976967,4241.78
6329,1,0.999947,0.999999,5.2e-05,0.01
6330,1,0.999884,0.999999,0.000115,0.01
6331,0,5.8e-05,0.999999,0.999941,1723739.01
6332,0,0.013171,0.999999,0.986828,7492.42
6333,1,0.999923,0.999999,7.6e-05,0.01
6334,0,0.000987,0.999999,0.999012,101216.0
6335,0,5.5e-05,0.999999,0.999944,1817749.5
6336,0,0.000329,0.999999,0.99967,303841.83
6337,0,4.2e-05,0.999999,0.999957,2380283.27
6338,1,0.999938,0.999999,6.1e-05,0.01
6339,0,5e-05,0.999999,0.999949,1999498.1
6340,0,0.001856,0.999999,0.998143,53778.97
6341,1,0.998461,0.999999,0.001538,0.15
6342,0,0.000181,0.999999,0.999818,552355.12
6343,1,0.99964,0.999999,0.000359,0.04
6344,1,0.999814,0.999999,0.000185,0.02
6345,1,0.999944,0.999999,5.5e-05,0.01
6346,0,0.000181,0.999999,0.999818,552355.12
6347,1,0.999896,0.999999,0.000103,0.01
6348,1,0.999961,0.999999,3.8e-05,0.0
6349,1,0.997311,0.999999,0.002688,0.27
6350,1,0.999949,0.999999,5e-05,0.01
6351,0,0.000349,0.999999,0.99965,286424.46
6352,1,0.99959,0.999999,0.000409,0.04
6353,0,0.000161,0.999999,0.999838,620978.82
6354,0,9.4e-05,0.999999,0.999905,1063615.57
6355,1,0.993607,0.999999,0.006392,0.64
6356,1,0.999913,0.999999,8.6e-05,0.01
6357,1,0.999206,0.999999,0.000793,0.08
6358,1,0.999982,0.999999,1.7e-05,0.0
6359,0,0.000151,0.999999,0.999848,662107.15
6360,1,0.999963,0.999999,3.6e-05,0.0
6361,1,0.999461,0.999999,0.000538,0.05
6362,0,0.001981,0.999999,0.998018,50379.25
6363,1,0.999941,0.999999,5.8e-05,0.01
6364,0,0.634967,0.999999,0.365032,57.49
6365,0,0.000432,0.999999,0.999567,231375.89
6366,0,5.7e-05,0.999999,0.999942,1753976.5
6367,1,0.99993,0.999999,6.9e-05,0.01
6368,1,0.999611,0.999999,0.000388,0.04
6369,1,0.999948,0.999999,5.1e-05,0.01
6370,1,0.569017,0.999999,0.430982,75.74
6371,0,3.6e-05,0.999999,0.999963,2776903.64
6372,1,0.999984,0.999999,1.5e-05,0.0
6373,0,0.001175,0.999999,0.998824,85005.57
6374,0,0.009515,0.999999,0.990484,10409.7
6375,0,4.7e-05,0.999999,0.999952,2127104.87
6376,1,0.999927,0.999999,7.2e-05,0.01
6377,0,0.00012,0.999999,0.999879,833163.07
6378,1,0.993551,0.999999,0.006448,0.65
6379,1,0.999956,0.999999,4.3e-05,0.0
6380,1,0.997932,0.999999,0.002067,0.21
6381,1,0.999762,0.999999,0.000238,0.02
6382,0,0.000434,0.999999,0.999565,230309.21
6383,0,0.002083,0.999999,0.997916,47907.4
6384,0,9.4e-05,0.999999,0.999905,1063615.57
6385,0,0.000148,0.999999,0.999851,675529.36
6386,1,0.999923,0.999999,7.6e-05,0.01
6387,0,0.000239,0.999999,0.99976,418292.12
6388,0,3.5e-05,0.999999,0.999964,2856223.94
6389,0,0.001548,0.999999,0.998451,64499.0
6390,1,0.99993,0.999999,6.8e-05,0.01
6391,0,0.000683,0.999999,0.999316,146310.6
6392,1,0.999768,0.999999,0.000231,0.02
6393,1,0.999817,0.999999,0.000182,0.02
6394,0,0.022315,0.999999,0.977684,4381.28
6395,0,0.000302,0.999999,0.999697,331014.54
6396,0,0.000281,0.999999,0.999718,355758.87
6397,0,0.0002,0.999999,0.999799,499874.51
6398,0,6.9e-05,0.999999,0.99993,1448963.92
6399,1,0.999961,0.999999,3.8e-05,0.0
6400,0,0.000176,0.999999,0.999823,568048.97
6401,1,0.999914,0.999999,8.5e-05,0.01
6402,0,0.004505,0.999999,0.995494,22097.49
6403,0,0.000882,0.999999,0.999117,113277.29
6404,1,0.999937,0.999999,6.2e-05,0.01
6405,0,0.000336,0.999999,0.999663,297509.9
6406,0,3.1e-05,0.999999,0.999968,3224663.01
6407,1,0.990873,0.999999,0.009126,0.92
6408,0,0.000162,0.999999,0.999837,617145.24
6409,0,2.8e-05,0.999999,0.999971,3570049.98
6410,0,0.007719,0.999999,0.99228,12855.02
6411,0,6.4e-05,0.999999,0.999935,1562154.35
6412,1,0.99269,0.999999,0.007309,0.74
6413,0,6e-05,0.999999,0.999939,1666287.29
6414,1,0.999729,0.999999,0.00027,0.03
6415,1,0.999147,0.999999,0.000852,0.09
6416,0,0.000234,0.999999,0.999765,427231.74
6417,0,5e-05,0.999999,0.999949,1999498.1
6418,0,0.001096,0.999999,0.998903,91139.95
6419,1,0.999294,0.999999,0.000705,0.07
6420,0,0.00022,0.999999,0.999779,454424.34
6421,1,0.999936,0.999999,6.3e-05,0.01
6422,0,0.014039,0.999999,0.98596,7023.0
6423,0,0.000137,0.999999,0.999862,729773.01
6424,0,0.001167,0.999999,0.998832,85588.98
6425,0,5.5e-05,0.999999,0.999944,1817749.5
6426,0,0.000723,0.999999,0.999276,138210.54
6427,1,0.9999,0.999999,9.9e-05,0.01
6428,0,0.001315,0.999999,0.998684,75944.97
6429,1,0.999811,0.999999,0.000188,0.02
6430,0,0.000126,0.999999,0.999873,793487.02
6431,0,0.027001,0.999999,0.972998,3603.56
6432,0,7.4e-05,0.999999,0.999925,1351067.42
6433,0,0.004146,0.999999,0.995853,24019.55
6434,0,0.003732,0.999999,0.996267,26695.19
6435,0,0.000215,0.999999,0.999784,464994.19
6436,0,0.002904,0.999999,0.997095,34335.11
6437,0,0.000155,0.999999,0.999844,645019.03
6438,0,8.1e-05,0.999999,0.999918,1234314.28
6439,0,0.000238,0.999999,0.999761,420050.0
6440,1,0.987359,0.999999,0.01264,1.28
6441,1,0.999631,0.999999,0.000368,0.04
6442,0,0.000336,0.999999,0.999663,297509.9
6443,0,0.00113,0.999999,0.998869,88394.7
6444,1,0.999895,0.999999,0.000104,0.01
6445,0,0.000365,0.999999,0.999634,273864.83
6446,1,0.990484,0.999999,0.009515,0.96
6447,1,0.999862,0.999999,0.000137,0.01
6448,1,0.999518,0.999999,0.000481,0.05
6449,0,0.000126,0.999999,0.999873,793487.02
6450,1,0.999897,0.999999,0.000102,0.01
6451,0,0.000353,0.999999,0.999646,283177.81
6452,1,0.99992,0.999999,7.9e-05,0.01
6453,0,3.5e-05,0.999999,0.999964,2856223.94
6454,0,0.007928,0.999999,0.992071,12513.49
6455,1,0.999843,0.999999,0.000156,0.02
6456,0,0.000169,0.999999,0.99983,591580.38
6457,0,0.001712,0.999999,0.998287,58310.82
6458,1,0.999785,0.999999,0.000214,0.02
6459,1,0.999985,0.999999,1.4e-05,0.0
6460,1,0.999853,0.999999,0.000146,0.01
6461,1,0.999734,0.999999,0.000265,0.03
6462,0,2.6e-05,0.999999,0.999973,3844571.32
6463,0,0.000169,0.999999,0.99983,591580.38
6464,1,0.998198,0.999999,0.001801,0.18
6465,0,0.000536,0.999999,0.999463,186463.5
6466,1,0.994276,0.999999,0.005723,0.58
6467,0,5.6e-05,0.999999,0.999943,1785293.7
6468,1,0.999855,0.999999,0.000144,0.01
6469,0,0.002909,0.999999,0.99709,34275.92
6470,1,0.999634,0.999999,0.000365,0.04
6471,1,0.999931,0.999999,6.8e-05,0.01
6472,1,0.998198,0.999999,0.001801,0.18
6473,0,4.5e-05,0.999999,0.999954,2221626.31
6474,1,0.999955,0.999999,4.4e-05,0.0
6475,1,0.9999,0.999999,9.9e-05,0.01
6476,0,8.6e-05,0.999999,0.999913,1162554.35
6477,1,0.999459,0.999999,0.00054,0.05
6478,0,9.6e-05,0.999999,0.999903,1041457.14
6479,0,8.2e-05,0.999999,0.999917,1219262.29
6480,0,6.4e-05,0.999999,0.999935,1562154.35
6481,1,0.993907,0.999999,0.006092,0.61
6482,1,0.999966,0.999999,3.3e-05,0.0
6483,1,0.999842,0.999999,0.000157,0.02
6484,0,0.000453,0.999999,0.999546,220645.46
