window_idx,true_label,root_cause,recommended_action,score_isolation_forest,score_copod,score_xgboost_supervised
0,0,subtle_anomaly,monitor closely + collect more contextual data,0.43776898314285,57.665079223598745,0.00033914123
1,1,temporal_pattern_anomaly,analyze time-series behavior + review LSTM/Transformer features,0.450201978395728,61.75304358706471,0.99996686
2,1,temporal_pattern_anomaly,analyze time-series behavior + review LSTM/Transformer features,0.4093944743039979,55.89605355010966,0.9998903
3,1,subtle_anomaly,monitor closely + collect more contextual data,0.4170770333593695,53.035185429707234,0.07349138
4,0,subtle_anomaly,monitor closely + collect more contextual data,0.4143838453075197,48.57285391532248,9.1459624e-05
5,1,temporal_pattern_anomaly,analyze time-series behavior + review LSTM/Transformer features,0.469671769651067,65.056073450376,0.9998512
6,0,subtle_anomaly,monitor closely + collect more contextual data,0.4274530343142946,56.19195158448152,0.00086987327
7,1,temporal_pattern_anomaly,analyze time-series behavior + review LSTM/Transformer features,0.3939751114767789,52.599693280117215,0.99991703
8,1,collective_anomaly,investigate multivariate patterns + check correlated KPIs,0.5360709139456679,102.09085271626982,0.9999138
9,0,isolation_outlier,inspect individual extreme values + check for sensor drift,0.5020238282372564,75.38717283185917,0.0010610885
10,0,subtle_anomaly,monitor closely + collect more contextual data,0.4195937201102996,53.81041111198205,6.266495e-05
11,1,temporal_pattern_anomaly,analyze time-series behavior + review LSTM/Transformer features,0.4145590106811357,50.6986709513691,0.99926716
12,0,subtle_anomaly,monitor closely + collect more contextual data,0.4734963245601651,71.48431277640414,0.00010724919
13,1,temporal_pattern_anomaly,analyze time-series behavior + review LSTM/Transformer features,0.4882516015751377,70.79498426862085,0.99990773
14,0,subtle_anomaly,monitor closely + collect more contextual data,0.3969242821229882,47.727530522382914,0.00021133132
15,0,subtle_anomaly,monitor closely + collect more contextual data,0.4452403136824138,54.77368962652155,0.00019877694
16,1,collective_anomaly,investigate multivariate patterns + check correlated KPIs,0.5494349984878522,114.97760232909154,0.9998186
17,1,temporal_pattern_anomaly,analyze time-series behavior + review LSTM/Transformer features,0.3950052788141264,50.87202069152863,0.99943334
18,1,collective_anomaly,investigate multivariate patterns + check correlated KPIs,0.5459539151882752,98.18430216039977,0.9999597
19,1,temporal_pattern_anomaly,analyze time-series behavior + review LSTM/Transformer features,0.4061852826683868,54.41786116416142,0.9998796
20,0,subtle_anomaly,monitor closely + collect more contextual data,0.4523101069429961,63.79881397337995,7.787757e-05
21,1,temporal_pattern_anomaly,analyze time-series behavior + review LSTM/Transformer features,0.4614653337871391,61.16245111712735,0.9995801
22,0,subtle_anomaly,monitor closely + collect more contextual data,0.4157398489960776,49.69875186047878,3.279577e-05
23,1,temporal_pattern_anomaly,analyze time-series behavior + review LSTM/Transformer features,0.4346581349755895,62.39139994412632,0.9996755
24,0,subtle_anomaly,monitor closely + collect more contextual data,0.3834996390911065,43.46816354726927,4.66079e-05
25,1,temporal_pattern_anomaly,analyze time-series behavior + review LSTM/Transformer features,0.4174538079677725,52.72794377311312,0.9982541
26,0,subtle_anomaly,monitor closely + collect more contextual data,0.4491211983256046,65.23933813444745,0.00021908664
27,1,temporal_pattern_anomaly,analyze time-series behavior + review LSTM/Transformer features,0.4499099583358025,59.44569798889222,0.9999628
28,0,isolation_outlier,inspect individual extreme values + check for sensor drift,0.4806041586821548,65.05376981032212,0.00012961007
29,1,temporal_pattern_anomaly,analyze time-series behavior + review LSTM/Transformer features,0.4226837123695152,55.46042354713125,0.9978114
30,1,temporal_pattern_anomaly,analyze time-series behavior + review LSTM/Transformer features,0.4672808160621414,66.81934083455701,0.99593985
31,1,temporal_pattern_anomaly,analyze time-series behavior + review LSTM/Transformer features,0.4407346704664991,58.51045327166013,0.996633
32,0,subtle_anomaly,monitor closely + collect more contextual data,0.4216681993504237,53.0887566751517,0.0019925304
33,1,temporal_pattern_anomaly,analyze time-series behavior + review LSTM/Transformer features,0.4433951707404186,58.66949480251563,0.9999658
34,1,temporal_pattern_anomaly,analyze time-series behavior + review LSTM/Transformer features,0.4255336167398378,61.92794767525818,0.9996779
35,1,temporal_pattern_anomaly,analyze time-series behavior + review LSTM/Transformer features,0.4472308723612733,62.8168029942837,0.9996737
36,1,temporal_pattern_anomaly,analyze time-series behavior + review LSTM/Transformer features,0.4142961081058329,55.91781236483876,0.9998435
37,0,subtle_anomaly,monitor closely + collect more contextual data,0.4107282913540588,49.43493358813579,0.00011663538
38,0,subtle_anomaly,monitor closely + collect more contextual data,0.4242706292202804,63.06883415177938,0.0002392186
39,1,temporal_pattern_anomaly,analyze time-series behavior + review LSTM/Transformer features,0.4294069298963865,56.159594511616326,0.9995913
40,1,temporal_pattern_anomaly,analyze time-series behavior + review LSTM/Transformer features,0.408049734684102,49.644437598926025,0.9997609
41,0,subtle_anomaly,monitor closely + collect more contextual data,0.4461194017505681,63.36511108872664,0.00015997858
42,0,subtle_anomaly,monitor closely + collect more contextual data,0.452246945162129,62.66347847057525,0.052469175
43,1,temporal_pattern_anomaly,analyze time-series behavior + review LSTM/Transformer features,0.4182219008996752,54.047376317087895,0.99971515
44,1,collective_anomaly,investigate multivariate patterns + check correlated KPIs,0.4974901420840896,91.43789186213768,0.9981318
45,1,temporal_pattern_anomaly,analyze time-series behavior + review LSTM/Transformer features,0.4370341570510781,69.46477429895917,0.9998702
46,0,subtle_anomaly,monitor closely + collect more contextual data,0.4074379520645594,47.94850361128452,3.825909e-05
47,0,subtle_anomaly,monitor closely + collect more contextual data,0.4368496158711902,62.71183949428808,2.1380807e-05
48,1,temporal_pattern_anomaly,analyze time-series behavior + review LSTM/Transformer features,0.4325078458612485,58.81573359145115,0.9999542
49,1,temporal_pattern_anomaly,analyze time-series behavior + review LSTM/Transformer features,0.4282483922117695,54.28328609743912,0.99975294
50,0,subtle_anomaly,monitor closely + collect more contextual data,0.4396499472080454,60.427807208491664,0.00020521127
51,1,temporal_pattern_anomaly,analyze time-series behavior + review LSTM/Transformer features,0.4466735505448922,61.236669610574594,0.99995065
52,0,subtle_anomaly,monitor closely + collect more contextual data,0.4387135664982958,61.62350524719167,2.3309374e-05
53,1,temporal_pattern_anomaly,analyze time-series behavior + review LSTM/Transformer features,0.4799645794002916,75.48129296685465,0.999956
54,0,subtle_anomaly,monitor closely + collect more contextual data,0.4165966194820971,55.8574542845672,3.9881827e-05
55,0,subtle_anomaly,monitor closely + collect more contextual data,0.4161978337237862,55.41831518059405,5.0275685e-05
56,0,subtle_anomaly,monitor closely + collect more contextual data,0.4250366003749785,53.63711657420046,0.00021233938
57,0,subtle_anomaly,monitor closely + collect more contextual data,0.4204370093080095,55.75361212889806,0.00020167936
58,0,subtle_anomaly,monitor closely + collect more contextual data,0.4260333304116178,59.270421667660734,0.0024164026
59,0,subtle_anomaly,monitor closely + collect more contextual data,0.3942768480335672,46.37064581731618,0.00023787806
60,0,subtle_anomaly,monitor closely + collect more contextual data,0.4782062681485226,72.8437054895406,0.00012764022
61,1,temporal_pattern_anomaly,analyze time-series behavior + review LSTM/Transformer features,0.3974639015050779,45.18362522501741,0.998747
62,1,temporal_pattern_anomaly,analyze time-series behavior + review LSTM/Transformer features,0.423467559119081,56.31229851799527,0.99991524
63,0,subtle_anomaly,monitor closely + collect more contextual data,0.3708133373928023,40.23732743366365,4.3451477e-05
64,0,subtle_anomaly,monitor closely + collect more contextual data,0.4386859280042198,58.891523095642064,5.5624452e-05
65,0,subtle_anomaly,monitor closely + collect more contextual data,0.4059133320839603,50.35088399651254,9.4841074e-05
66,1,temporal_pattern_anomaly,analyze time-series behavior + review LSTM/Transformer features,0.413304990434868,55.952965869124455,0.9999285
67,1,temporal_pattern_anomaly,analyze time-series behavior + review LSTM/Transformer features,0.3932111739186699,50.3296657912941,0.9999604
68,1,collective_anomaly,investigate multivariate patterns + check correlated KPIs,0.4938061799263687,81.61069497738016,0.9993918
69,1,temporal_pattern_anomaly,analyze time-series behavior + review LSTM/Transformer features,0.4400631259203498,63.57268341076795,0.99993145
70,0,subtle_anomaly,monitor closely + collect more contextual data,0.4440673571904219,61.98410508345968,0.0028684963
71,0,subtle_anomaly,monitor closely + collect more contextual data,0.4510464696084427,57.41231399038447,0.00028805886
72,0,subtle_anomaly,monitor closely + collect more contextual data,0.4725528193088565,66.24073716116732,6.9139234e-05
73,0,subtle_anomaly,monitor closely + collect more contextual data,0.4328188151721424,55.90273531167257,0.00035065398
74,0,subtle_anomaly,monitor closely + collect more contextual data,0.4661255293285595,67.26565488869862,5.904227e-05
75,0,subtle_anomaly,monitor closely + collect more contextual data,0.4497453596285861,67.35405791536328,0.00028117493
76,0,subtle_anomaly,monitor closely + collect more contextual data,0.4169678742555741,53.48918438098232,9.2091585e-05
77,0,subtle_anomaly,monitor closely + collect more contextual data,0.4641828117166673,67.86164944044585,0.00020495571
78,0,subtle_anomaly,monitor closely + collect more contextual data,0.446869742706882,55.4360485324075,0.01739647
79,1,temporal_pattern_anomaly,analyze time-series behavior + review LSTM/Transformer features,0.4219310735479867,60.582909741374536,0.99982375
80,0,subtle_anomaly,monitor closely + collect more contextual data,0.4568697885678733,60.358276821522566,0.00010011269
81,0,subtle_anomaly,monitor closely + collect more contextual data,0.4516447477216089,56.5549304367534,0.0003431068
82,1,temporal_pattern_anomaly,analyze time-series behavior + review LSTM/Transformer features,0.4109593332187283,48.81380633389358,0.99952495
83,0,subtle_anomaly,monitor closely + collect more contextual data,0.416318000682273,51.265177285671584,4.8655154e-05
84,1,collective_anomaly,investigate multivariate patterns + check correlated KPIs,0.5422323246525677,103.77445942867622,0.99944
85,1,temporal_pattern_anomaly,analyze time-series behavior + review LSTM/Transformer features,0.4331184006586611,65.83888595368715,0.99997425
86,1,collective_anomaly,investigate multivariate patterns + check correlated KPIs,0.5764757557888738,111.55235314349832,0.9990226
87,1,collective_anomaly,investigate multivariate patterns + check correlated KPIs,0.4909678167535283,85.0364908341795,0.9998118
88,0,subtle_anomaly,monitor closely + collect more contextual data,0.4758406819199497,74.12278764390989,0.0005326226
89,1,temporal_pattern_anomaly,analyze time-series behavior + review LSTM/Transformer features,0.4116773558709787,53.36207673726297,0.038058836
90,0,subtle_anomaly,monitor closely + collect more contextual data,0.4658807829184659,71.85577462370291,0.00010350867
91,0,subtle_anomaly,monitor closely + collect more contextual data,0.4133223436020935,49.0677328629429,0.00013127629
92,0,subtle_anomaly,monitor closely + collect more contextual data,0.408075865263627,50.69946817688253,0.00042809293
93,1,temporal_pattern_anomaly,analyze time-series behavior + review LSTM/Transformer features,0.4053865358054239,53.32945755810054,0.99727505
94,1,temporal_pattern_anomaly,analyze time-series behavior + review LSTM/Transformer features,0.4123363686635865,53.63242625551613,0.9998466
95,1,temporal_pattern_anomaly,analyze time-series behavior + review LSTM/Transformer features,0.423849579831345,53.18475862930868,0.9993855
96,0,subtle_anomaly,monitor closely + collect more contextual data,0.3928737383741585,47.25618072794396,4.5848778e-05
97,1,temporal_pattern_anomaly,analyze time-series behavior + review LSTM/Transformer features,0.3836012503468027,42.9530267828644,0.99951947
98,1,temporal_pattern_anomaly,analyze time-series behavior + review LSTM/Transformer features,0.4486695373242619,58.94079998323794,0.9999217
99,1,temporal_pattern_anomaly,analyze time-series behavior + review LSTM/Transformer features,0.4407325803927894,62.43144469507772,0.99995553
100,1,temporal_pattern_anomaly,analyze time-series behavior + review LSTM/Transformer features,0.4132224855595433,51.17826787188786,0.9998419
101,0,subtle_anomaly,monitor closely + collect more contextual data,0.4422506143845821,54.44497546175277,0.00052992906
102,0,subtle_anomaly,monitor closely + collect more contextual data,0.4151142151077319,58.463728094124974,0.0002763589
103,1,temporal_pattern_anomaly,analyze time-series behavior + review LSTM/Transformer features,0.4099455507423163,53.73854166383157,0.9998191
104,1,temporal_pattern_anomaly,analyze time-series behavior + review LSTM/Transformer features,0.4533899701382262,71.05431372150458,0.99988794
105,0,temporal_pattern_anomaly,analyze time-series behavior + review LSTM/Transformer features,0.3970514447443051,48.47758789872388,0.00025862706
106,1,temporal_pattern_anomaly,analyze time-series behavior + review LSTM/Transformer features,0.4284496010923779,56.00439887101459,0.99985754
107,1,temporal_pattern_anomaly,analyze time-series behavior + review LSTM/Transformer features,0.4023619421685196,47.22044822251495,0.9993837
108,0,subtle_anomaly,monitor closely + collect more contextual data,0.442901862595848,58.96452292883002,5.5140572e-05
109,1,temporal_pattern_anomaly,analyze time-series behavior + review LSTM/Transformer features,0.4386549337543768,53.65224017140306,0.99976534
110,0,isolation_outlier,inspect individual extreme values + check for sensor drift,0.4830955694676853,67.6433057755581,0.000117955635
111,0,subtle_anomaly,monitor closely + collect more contextual data,0.4086782964797197,50.707510551982615,0.00029695453
112,1,temporal_pattern_anomaly,analyze time-series behavior + review LSTM/Transformer features,0.3937202656984235,49.304354524161134,0.98658574
113,1,temporal_pattern_anomaly,analyze time-series behavior + review LSTM/Transformer features,0.4310215301365555,58.41239561230636,0.99994326
114,0,subtle_anomaly,monitor closely + collect more contextual data,0.4148409394165164,48.700202764052406,0.0055061243
115,0,subtle_anomaly,monitor closely + collect more contextual data,0.4431842842284015,58.55093933870926,5.5065113e-05
116,0,subtle_anomaly,monitor closely + collect more contextual data,0.4518336909969518,54.89921138326861,0.00012314598
117,0,subtle_anomaly,monitor closely + collect more contextual data,0.4395188817974472,53.12273849663978,0.00010770607
118,0,subtle_anomaly,monitor closely + collect more contextual data,0.4258629895623307,58.22649751185828,0.00036054672
119,0,subtle_anomaly,monitor closely + collect more contextual data,0.435688489964434,56.620860504675775,0.00014402538
120,0,subtle_anomaly,monitor closely + collect more contextual data,0.3905306128775929,42.39706877606661,0.00014426137
121,0,subtle_anomaly,monitor closely + collect more contextual data,0.4209551966523345,57.74367421378381,5.0458202e-05
122,0,subtle_anomaly,monitor closely + collect more contextual data,0.4217830375806436,56.27348225836078,4.2699397e-05
123,0,subtle_anomaly,monitor closely + collect more contextual data,0.4110544851134176,54.22598049099208,0.00035101353
124,1,temporal_pattern_anomaly,analyze time-series behavior + review LSTM/Transformer features,0.3862307159191693,47.96624207065479,0.99915004
125,1,temporal_pattern_anomaly,analyze time-series behavior + review LSTM/Transformer features,0.4500398852677518,62.3108532940114,0.9998192
126,0,subtle_anomaly,monitor closely + collect more contextual data,0.4764785780194502,62.95491757414543,0.00010217127
127,1,temporal_pattern_anomaly,analyze time-series behavior + review LSTM/Transformer features,0.4092348911077657,58.72126167612296,0.99991345
128,0,subtle_anomaly,monitor closely + collect more contextual data,0.454974261908493,61.360691235816255,0.00022078794
129,0,subtle_anomaly,monitor closely + collect more contextual data,0.4057466221162008,50.70887352692464,0.0011144542
130,1,temporal_pattern_anomaly,analyze time-series behavior + review LSTM/Transformer features,0.4185299215355245,50.41908134707439,0.999962
131,1,temporal_pattern_anomaly,analyze time-series behavior + review LSTM/Transformer features,0.4030675500688174,49.665903630088046,0.9998246
132,1,temporal_pattern_anomaly,analyze time-series behavior + review LSTM/Transformer features,0.4420870646926638,56.30295023989793,0.9997495
133,1,temporal_pattern_anomaly,analyze time-series behavior + review LSTM/Transformer features,0.4199297275156282,60.13407135172557,0.99996924
134,1,collective_anomaly,investigate multivariate patterns + check correlated KPIs,0.5072488356019956,90.39935159013116,0.9999361
135,0,subtle_anomaly,monitor closely + collect more contextual data,0.3931984779999513,46.80040315952996,2.648933e-05
136,0,subtle_anomaly,monitor closely + collect more contextual data,0.4329565034819415,57.79332060546346,0.00025415374
137,1,collective_anomaly,investigate multivariate patterns + check correlated KPIs,0.5041019589812157,85.72449221058926,0.9972677
138,0,subtle_anomaly,monitor closely + collect more contextual data,0.4411062618793481,49.572871282732585,0.00031817515
139,1,temporal_pattern_anomaly,analyze time-series behavior + review LSTM/Transformer features,0.3975780916250044,53.04995141503287,0.9999263
140,1,temporal_pattern_anomaly,analyze time-series behavior + review LSTM/Transformer features,0.4655465283531048,69.33729755527708,0.9998758
141,0,subtle_anomaly,monitor closely + collect more contextual data,0.4287677689473818,52.555411955168985,0.0011014784
142,1,collective_anomaly,investigate multivariate patterns + check correlated KPIs,0.5198358179120843,99.57355840452234,0.9992073
143,0,subtle_anomaly,monitor closely + collect more contextual data,0.4549789486048514,59.98661561046267,0.00081817014
144,1,temporal_pattern_anomaly,analyze time-series behavior + review LSTM/Transformer features,0.4397061109866251,55.94178116085013,0.99996006
145,0,subtle_anomaly,monitor closely + collect more contextual data,0.4348987993953391,59.41548311039059,0.000259355
146,1,temporal_pattern_anomaly,analyze time-series behavior + review LSTM/Transformer features,0.3968930117773188,52.3685327889859,0.9997861
147,0,subtle_anomaly,monitor closely + collect more contextual data,0.4447667877680554,63.46079658531784,0.00042695692
148,0,subtle_anomaly,monitor closely + collect more contextual data,0.4029594454681014,50.93968319388666,0.0009817282
149,0,subtle_anomaly,monitor closely + collect more contextual data,0.4355856516229941,55.35687379535004,0.0008809562
150,0,subtle_anomaly,monitor closely + collect more contextual data,0.4429854161886049,57.434308063747714,0.0013711002
151,0,subtle_anomaly,monitor closely + collect more contextual data,0.4359674050658041,64.85232423347553,3.968708e-05
152,0,subtle_anomaly,monitor closely + collect more contextual data,0.4370446503297714,59.99915165841936,6.512032e-05
153,1,temporal_pattern_anomaly,analyze time-series behavior + review LSTM/Transformer features,0.5164521536494171,79.45731646915594,0.9998791
154,0,subtle_anomaly,monitor closely + collect more contextual data,0.4075776975903841,46.96318820839121,0.00012689315
155,0,subtle_anomaly,monitor closely + collect more contextual data,0.4225044596863311,57.104426150215545,2.746897e-05
156,0,subtle_anomaly,monitor closely + collect more contextual data,0.4302910189069088,56.23754063753236,0.00019237511
157,0,subtle_anomaly,monitor closely + collect more contextual data,0.4604091865411981,63.79174617738733,0.00031596152
158,1,collective_anomaly,investigate multivariate patterns + check correlated KPIs,0.5832901136772789,127.77080539071886,0.99713045
159,1,temporal_pattern_anomaly,analyze time-series behavior + review LSTM/Transformer features,0.4332362434243988,55.82841101533151,0.99992967
160,0,temporal_pattern_anomaly,analyze time-series behavior + review LSTM/Transformer features,0.4157369741981643,58.46470997068562,0.057579353
161,0,subtle_anomaly,monitor closely + collect more contextual data,0.4093664896910173,48.39137619407084,0.00020955216
162,0,subtle_anomaly,monitor closely + collect more contextual data,0.3974735667740121,48.53286896665681,0.00021733646
163,1,temporal_pattern_anomaly,analyze time-series behavior + review LSTM/Transformer features,0.3928629835324415,54.94277314841812,0.999941
164,0,subtle_anomaly,monitor closely + collect more contextual data,0.4368828107657929,58.57686891002769,7.1706454e-05
165,0,subtle_anomaly,monitor closely + collect more contextual data,0.4358453442836536,53.909882449427165,6.0497347e-05
166,0,subtle_anomaly,monitor closely + collect more contextual data,0.409642470032754,51.08717405575136,0.00010776741
167,1,temporal_pattern_anomaly,analyze time-series behavior + review LSTM/Transformer features,0.4705891552512883,70.72185491311566,0.99911886
168,0,subtle_anomaly,monitor closely + collect more contextual data,0.4684505416514117,64.74429766789987,6.942776e-05
169,1,temporal_pattern_anomaly,analyze time-series behavior + review LSTM/Transformer features,0.4331336414908071,58.0106500297254,0.99991345
170,1,temporal_pattern_anomaly,analyze time-series behavior + review LSTM/Transformer features,0.4226571422573562,54.56776198309615,0.9999498
171,0,subtle_anomaly,monitor closely + collect more contextual data,0.4122667414428833,53.5782328425422,1.889624e-05
172,1,temporal_pattern_anomaly,analyze time-series behavior + review LSTM/Transformer features,0.4087745840083607,52.23213566829105,0.9995803
173,1,temporal_pattern_anomaly,analyze time-series behavior + review LSTM/Transformer features,0.4314442723433981,49.42033526233184,0.9997968
174,0,subtle_anomaly,monitor closely + collect more contextual data,0.4256845044017244,52.6162352394254,0.0006218547
175,1,temporal_pattern_anomaly,analyze time-series behavior + review LSTM/Transformer features,0.3919192503431733,45.50228018325272,0.99957293
176,0,subtle_anomaly,monitor closely + collect more contextual data,0.4481151814175094,63.4529346915322,8.79774e-05
177,0,subtle_anomaly,monitor closely + collect more contextual data,0.4157749339018668,47.09603954525526,0.0009509659
178,0,subtle_anomaly,monitor closely + collect more contextual data,0.4294941427151418,58.32369341269066,0.00018327411
179,0,subtle_anomaly,monitor closely + collect more contextual data,0.4500208847782489,58.89570388735254,0.00018130119
180,0,subtle_anomaly,monitor closely + collect more contextual data,0.4072188533338641,47.52104670969605,5.2704214e-05
181,1,temporal_pattern_anomaly,analyze time-series behavior + review LSTM/Transformer features,0.3817847710083372,43.83058899116778,0.9986125
182,1,temporal_pattern_anomaly,analyze time-series behavior + review LSTM/Transformer features,0.4069488486506526,51.29623293337973,0.9998995
183,0,subtle_anomaly,monitor closely + collect more contextual data,0.4173718261975627,51.64609135172696,0.00021699835
184,1,temporal_pattern_anomaly,analyze time-series behavior + review LSTM/Transformer features,0.434811546853751,60.157671578171936,0.9726451
185,1,temporal_pattern_anomaly,analyze time-series behavior + review LSTM/Transformer features,0.4318844679790882,66.46236214375897,0.9757572
186,1,temporal_pattern_anomaly,analyze time-series behavior + review LSTM/Transformer features,0.4174913051820698,57.735787935319706,0.9998803
187,0,subtle_anomaly,monitor closely + collect more contextual data,0.3878360966807029,44.68194184879904,5.080396e-05
188,0,collective_anomaly,investigate multivariate patterns + check correlated KPIs,0.4943097155777454,87.99075626510327,0.00038826352
189,1,collective_anomaly,investigate multivariate patterns + check correlated KPIs,0.5625214296751706,118.09740387521008,0.9995609
190,1,temporal_pattern_anomaly,analyze time-series behavior + review LSTM/Transformer features,0.4284666421695078,55.85114513533186,0.9999604
191,0,subtle_anomaly,monitor closely + collect more contextual data,0.4242689967128428,57.35785453812763,0.00025647623
192,0,subtle_anomaly,monitor closely + collect more contextual data,0.3783359476258924,43.11208067309192,0.0022331711
193,0,subtle_anomaly,monitor closely + collect more contextual data,0.3878217980510651,45.06515357836479,8.0440004e-05
194,0,subtle_anomaly,monitor closely + collect more contextual data,0.4160703670152614,59.15029150946194,0.0005097504
195,0,collective_anomaly,investigate multivariate patterns + check correlated KPIs,0.4961418728587918,89.99506491473083,0.019236863
196,0,subtle_anomaly,monitor closely + collect more contextual data,0.4154251833424845,48.96136930960011,0.0076891063
197,0,subtle_anomaly,monitor closely + collect more contextual data,0.3960019061006465,50.58553714691009,0.00092785916
198,0,subtle_anomaly,monitor closely + collect more contextual data,0.3931990343465714,43.94573939497639,3.6352616e-05
199,1,collective_anomaly,investigate multivariate patterns + check correlated KPIs,0.5391865369094384,104.39711429805276,0.9988158
200,0,subtle_anomaly,monitor closely + collect more contextual data,0.423191619941945,53.9506828230094,0.0049351696
201,1,collective_anomaly,investigate multivariate patterns + check correlated KPIs,0.5332994468224503,103.53635821350964,0.9999497
202,1,temporal_pattern_anomaly,analyze time-series behavior + review LSTM/Transformer features,0.393538416549909,46.28404589371687,0.99984384
203,1,temporal_pattern_anomaly,analyze time-series behavior + review LSTM/Transformer features,0.4435420321861817,56.506991946942776,0.9998479
204,0,subtle_anomaly,monitor closely + collect more contextual data,0.4094765443042525,53.385847802016286,0.0019755804
205,0,subtle_anomaly,monitor closely + collect more contextual data,0.3813634957388998,41.88502541806988,0.00011018966
206,1,temporal_pattern_anomaly,analyze time-series behavior + review LSTM/Transformer features,0.4632628266127714,61.24558941464565,0.99995375
207,0,subtle_anomaly,monitor closely + collect more contextual data,0.4216161290301543,64.72871135904026,0.0026524654
208,1,temporal_pattern_anomaly,analyze time-series behavior + review LSTM/Transformer features,0.4003553625455834,54.62277784579379,0.9999658
209,0,subtle_anomaly,monitor closely + collect more contextual data,0.4277523372226242,56.19132328180278,2.8200277e-05
210,1,temporal_pattern_anomaly,analyze time-series behavior + review LSTM/Transformer features,0.403420550423712,47.76030370198546,0.9983266
211,0,subtle_anomaly,monitor closely + collect more contextual data,0.4395062460773726,59.21630868259182,0.000102343656
212,1,temporal_pattern_anomaly,analyze time-series behavior + review LSTM/Transformer features,0.4328411387194961,61.06535817968128,0.9999348
213,0,subtle_anomaly,monitor closely + collect more contextual data,0.43808615757907,65.71718369865059,7.1596376e-05
214,1,temporal_pattern_anomaly,analyze time-series behavior + review LSTM/Transformer features,0.3988227677071852,53.496314517972266,0.994317
215,1,temporal_pattern_anomaly,analyze time-series behavior + review LSTM/Transformer features,0.4081935513241733,54.59632539638661,0.9999348
216,0,subtle_anomaly,monitor closely + collect more contextual data,0.4292861788872449,56.1655589030152,8.305752e-05
217,1,temporal_pattern_anomaly,analyze time-series behavior + review LSTM/Transformer features,0.3867801798898579,47.46895593273663,0.9997646
218,0,subtle_anomaly,monitor closely + collect more contextual data,0.4788701513661211,72.69545848519512,0.00057070586
219,0,subtle_anomaly,monitor closely + collect more contextual data,0.4173893474086539,54.098224647165054,8.71973e-05
220,0,subtle_anomaly,monitor closely + collect more contextual data,0.4264970509064415,47.249821675054825,0.0018351175
221,0,subtle_anomaly,monitor closely + collect more contextual data,0.4551092318503353,59.95125045453692,0.00015845087
222,0,subtle_anomaly,monitor closely + collect more contextual data,0.4359470106006539,56.8168719318726,0.0009632706
223,1,temporal_pattern_anomaly,analyze time-series behavior + review LSTM/Transformer features,0.4095277459542365,48.69281605045745,0.9984213
224,0,subtle_anomaly,monitor closely + collect more contextual data,0.3955831684442898,48.44832964751995,0.00020483515
225,1,collective_anomaly,investigate multivariate patterns + check correlated KPIs,0.568610837435359,113.49790259228686,0.99800664
226,0,subtle_anomaly,monitor closely + collect more contextual data,0.3916230735421359,48.318032191165294,0.00010603319
227,1,temporal_pattern_anomaly,analyze time-series behavior + review LSTM/Transformer features,0.4789578806159998,75.08418487730778,0.9998803
228,1,temporal_pattern_anomaly,analyze time-series behavior + review LSTM/Transformer features,0.4402074180002215,57.28786172904646,0.92655045
229,1,temporal_pattern_anomaly,analyze time-series behavior + review LSTM/Transformer features,0.4363426635471191,59.48169740807651,0.9999038
230,1,temporal_pattern_anomaly,analyze time-series behavior + review LSTM/Transformer features,0.4386980383029932,56.12547830503551,0.999918
231,0,subtle_anomaly,monitor closely + collect more contextual data,0.4218924314760147,54.38114493305805,0.00041675524
232,1,temporal_pattern_anomaly,analyze time-series behavior + review LSTM/Transformer features,0.4580511951360255,67.66999919535814,0.999946
233,1,temporal_pattern_anomaly,analyze time-series behavior + review LSTM/Transformer features,0.4619499542308462,64.28272800556638,0.99991
234,0,subtle_anomaly,monitor closely + collect more contextual data,0.4052775041789128,51.15731644403824,0.00046527738
235,1,temporal_pattern_anomaly,analyze time-series behavior + review LSTM/Transformer features,0.4269376184544292,58.26597660528377,0.9999057
236,1,temporal_pattern_anomaly,analyze time-series behavior + review LSTM/Transformer features,0.4636409288501621,63.33529967030387,0.9999572
237,0,subtle_anomaly,monitor closely + collect more contextual data,0.4031437610052085,52.52592202173306,1.6471371e-05
238,1,temporal_pattern_anomaly,analyze time-series behavior + review LSTM/Transformer features,0.4459089212212063,66.067272944673,0.9988782
239,1,temporal_pattern_anomaly,analyze time-series behavior + review LSTM/Transformer features,0.4053505118796822,48.60102093508097,0.99945253
240,0,subtle_anomaly,monitor closely + collect more contextual data,0.4424937509552201,55.81490918574116,0.0030393417
241,1,temporal_pattern_anomaly,analyze time-series behavior + review LSTM/Transformer features,0.4031410438460211,51.43570197354872,0.9994618
242,1,temporal_pattern_anomaly,analyze time-series behavior + review LSTM/Transformer features,0.4369376651467844,68.54899047944392,0.99983644
243,0,subtle_anomaly,monitor closely + collect more contextual data,0.4540682280118524,57.43924873854738,9.102815e-05
244,0,subtle_anomaly,monitor closely + collect more contextual data,0.4124155273136631,52.07025854429373,5.495301e-05
245,0,subtle_anomaly,monitor closely + collect more contextual data,0.4470736356619765,63.64948574862249,0.0003341002
246,0,subtle_anomaly,monitor closely + collect more contextual data,0.3786563325902257,46.8039558144792,0.00020303536
247,0,isolation_outlier,inspect individual extreme values + check for sensor drift,0.4960898376164257,76.74713696566671,0.0002565978
248,1,collective_anomaly,investigate multivariate patterns + check correlated KPIs,0.4978134594815904,94.4526308248458,0.99990535
249,0,subtle_anomaly,monitor closely + collect more contextual data,0.4030483590819351,45.21674330223552,0.0007325916
250,1,temporal_pattern_anomaly,analyze time-series behavior + review LSTM/Transformer features,0.453979028338548,63.05376587161927,0.99941456
251,1,temporal_pattern_anomaly,analyze time-series behavior + review LSTM/Transformer features,0.443155120569647,59.2114596999733,0.99903286
252,1,temporal_pattern_anomaly,analyze time-series behavior + review LSTM/Transformer features,0.4149804037008758,57.80936556186454,0.9997491
253,0,subtle_anomaly,monitor closely + collect more contextual data,0.4718607148668794,66.35209186029466,0.00023253469
254,0,subtle_anomaly,monitor closely + collect more contextual data,0.4161603237772722,56.77248301492364,0.0019868503
255,0,subtle_anomaly,monitor closely + collect more contextual data,0.4442302866517145,63.198880519017706,0.00021994792
256,0,subtle_anomaly,monitor closely + collect more contextual data,0.4624166959723096,59.26066425196231,9.381878e-05
257,1,collective_anomaly,investigate multivariate patterns + check correlated KPIs,0.5045572172353564,89.33248147192124,0.99997747
258,1,temporal_pattern_anomaly,analyze time-series behavior + review LSTM/Transformer features,0.4188101784749674,55.99249639130424,0.975216
259,1,temporal_pattern_anomaly,analyze time-series behavior + review LSTM/Transformer features,0.4343871878260733,63.62149475218055,0.99972934
260,1,temporal_pattern_anomaly,analyze time-series behavior + review LSTM/Transformer features,0.4233775851465547,53.84635655742578,0.99975866
261,0,subtle_anomaly,monitor closely + collect more contextual data,0.3953085879664443,50.50376439555692,8.591549e-05
262,1,temporal_pattern_anomaly,analyze time-series behavior + review LSTM/Transformer features,0.4363338543986869,63.11473889634256,0.9999602
263,0,subtle_anomaly,monitor closely + collect more contextual data,0.382174095128275,46.35844576636642,0.0009947887
264,0,subtle_anomaly,monitor closely + collect more contextual data,0.4249005137807831,49.40622522378101,0.008675952
265,1,temporal_pattern_anomaly,analyze time-series behavior + review LSTM/Transformer features,0.4159099109099375,52.14246499131619,0.99991655
266,1,temporal_pattern_anomaly,analyze time-series behavior + review LSTM/Transformer features,0.4447411081729768,60.05501962485879,0.9999341
267,0,collective_anomaly,investigate multivariate patterns + check correlated KPIs,0.5454908701357992,98.03650494314614,0.012509181
268,1,temporal_pattern_anomaly,analyze time-series behavior + review LSTM/Transformer features,0.4066709240676184,52.10443680116386,0.99974877
269,1,temporal_pattern_anomaly,analyze time-series behavior + review LSTM/Transformer features,0.5146680025072987,78.62643621929399,0.99991655
270,1,temporal_pattern_anomaly,analyze time-series behavior + review LSTM/Transformer features,0.415160193078438,60.874485161214864,0.9999652
271,0,subtle_anomaly,monitor closely + collect more contextual data,0.38699054006492,51.152276765971486,0.6387337
272,0,subtle_anomaly,monitor closely + collect more contextual data,0.3961671355144446,48.02203158878493,0.0003861886
273,0,subtle_anomaly,monitor closely + collect more contextual data,0.4374707988021962,59.18247111937948,0.008667439
274,0,subtle_anomaly,monitor closely + collect more contextual data,0.4156806155852148,50.74256650746761,0.00018761666
275,0,subtle_anomaly,monitor closely + collect more contextual data,0.4354618462842419,65.92562819175191,0.005134934
276,1,collective_anomaly,investigate multivariate patterns + check correlated KPIs,0.5179107005176327,91.50025189989717,0.9987832
277,1,temporal_pattern_anomaly,analyze time-series behavior + review LSTM/Transformer features,0.4191676016827647,56.13590529398529,0.9998703
278,1,temporal_pattern_anomaly,analyze time-series behavior + review LSTM/Transformer features,0.4681081137628928,65.4803227596693,0.99986947
279,1,temporal_pattern_anomaly,analyze time-series behavior + review LSTM/Transformer features,0.4424989040228514,71.04643021417458,0.9985281
280,1,temporal_pattern_anomaly,analyze time-series behavior + review LSTM/Transformer features,0.4420470623859798,59.75556559998841,0.999453
281,0,subtle_anomaly,monitor closely + collect more contextual data,0.3959728010308682,48.99011737759598,0.06793778
282,0,collective_anomaly,investigate multivariate patterns + check correlated KPIs,0.5710672220355686,105.27225276933004,0.00051706296
283,0,subtle_anomaly,monitor closely + collect more contextual data,0.4485185868822375,63.99710909986887,0.0013014575
284,0,subtle_anomaly,monitor closely + collect more contextual data,0.4322198236404931,58.567782669717154,0.00016810736
285,0,subtle_anomaly,monitor closely + collect more contextual data,0.4226954239447274,50.94926366474007,0.0002402071
286,0,isolation_outlier,inspect individual extreme values + check for sensor drift,0.4839615068655446,68.30137760112854,4.0177558e-05
287,0,subtle_anomaly,monitor closely + collect more contextual data,0.3980470046043087,48.15000561900206,0.0001356982
288,0,subtle_anomaly,monitor closely + collect more contextual data,0.451936356119164,58.51310864455189,0.00025046075
289,0,subtle_anomaly,monitor closely + collect more contextual data,0.4297760378555123,59.06908620038683,0.00047323457
290,1,temporal_pattern_anomaly,analyze time-series behavior + review LSTM/Transformer features,0.441038091459853,58.13715251481917,0.99972934
291,0,subtle_anomaly,monitor closely + collect more contextual data,0.4221202803888372,53.82959157017085,0.2278418
292,1,collective_anomaly,investigate multivariate patterns + check correlated KPIs,0.528356969768607,98.97758528631428,0.9997725
293,0,subtle_anomaly,monitor closely + collect more contextual data,0.4521974023842839,73.19017113891171,0.0007612167
294,0,subtle_anomaly,monitor closely + collect more contextual data,0.3875953989456751,44.54652977078905,5.1577248e-05
295,1,temporal_pattern_anomaly,analyze time-series behavior + review LSTM/Transformer features,0.4394223343558963,54.90684181485975,0.99908006
296,0,subtle_anomaly,monitor closely + collect more contextual data,0.4320287246506793,57.48015294716974,0.00055384263
297,1,temporal_pattern_anomaly,analyze time-series behavior + review LSTM/Transformer features,0.4082954049143538,57.21096792979159,0.9999727
298,0,subtle_anomaly,monitor closely + collect more contextual data,0.4364302177001978,55.97754335380368,0.00078212336
299,1,collective_anomaly,investigate multivariate patterns + check correlated KPIs,0.5137889936675435,91.72329251077636,0.99955994
300,0,subtle_anomaly,monitor closely + collect more contextual data,0.3978894780371902,48.011057030373735,0.00016480124
301,0,subtle_anomaly,monitor closely + collect more contextual data,0.4117086534087193,51.14242316916087,0.00021078615
302,0,subtle_anomaly,monitor closely + collect more contextual data,0.4246906761463572,54.54898488178305,2.407392e-05
303,1,temporal_pattern_anomaly,analyze time-series behavior + review LSTM/Transformer features,0.4301832995252828,54.21786111276749,0.99995744
304,1,temporal_pattern_anomaly,analyze time-series behavior + review LSTM/Transformer features,0.4719500758189496,69.8851687690839,0.99998426
305,1,temporal_pattern_anomaly,analyze time-series behavior + review LSTM/Transformer features,0.4271081159654997,55.56942168159155,0.9998902
306,1,collective_anomaly,investigate multivariate patterns + check correlated KPIs,0.5391610711917701,108.26480400998508,0.9998839
307,0,isolation_outlier,inspect individual extreme values + check for sensor drift,0.4869258675514978,78.86213502162482,0.00012510562
308,0,subtle_anomaly,monitor closely + collect more contextual data,0.427990457624414,53.4827774117577,0.0011930827
309,1,temporal_pattern_anomaly,analyze time-series behavior + review LSTM/Transformer features,0.4366999589913224,63.5428619393035,0.9999498
310,0,subtle_anomaly,monitor closely + collect more contextual data,0.4013347833733338,43.74499390893212,0.0011038912
311,1,temporal_pattern_anomaly,analyze time-series behavior + review LSTM/Transformer features,0.4071596584458164,56.76387094960504,0.9999777
312,1,temporal_pattern_anomaly,analyze time-series behavior + review LSTM/Transformer features,0.4502777966774627,54.04436399642744,0.9998629
313,1,collective_anomaly,investigate multivariate patterns + check correlated KPIs,0.4821233875941665,83.95753403715729,0.63320774
314,1,temporal_pattern_anomaly,analyze time-series behavior + review LSTM/Transformer features,0.4077307705227197,58.70163994819754,0.999944
315,0,subtle_anomaly,monitor closely + collect more contextual data,0.422743202753693,56.62176036579726,0.00011567907
316,1,temporal_pattern_anomaly,analyze time-series behavior + review LSTM/Transformer features,0.4020949000581928,48.671221631283565,0.9087535
317,1,temporal_pattern_anomaly,analyze time-series behavior + review LSTM/Transformer features,0.3958639353396332,52.54530101196983,0.9973041
318,1,temporal_pattern_anomaly,analyze time-series behavior + review LSTM/Transformer features,0.4096007181160951,52.67151681421274,0.9999565
319,0,subtle_anomaly,monitor closely + collect more contextual data,0.4194791102529947,51.89389456541962,0.00020790113
320,0,subtle_anomaly,monitor closely + collect more contextual data,0.4756682363215319,68.23487569520582,4.9236925e-05
321,0,subtle_anomaly,monitor closely + collect more contextual data,0.3989824255297765,50.43215186691082,4.9868668e-05
322,1,collective_anomaly,investigate multivariate patterns + check correlated KPIs,0.5233991800293971,98.9399717232408,0.9999689
323,0,subtle_anomaly,monitor closely + collect more contextual data,0.3827642564484276,44.68998800666952,0.0001325112
324,0,subtle_anomaly,monitor closely + collect more contextual data,0.45787717317028,61.82511465689214,0.00035032805
325,1,temporal_pattern_anomaly,analyze time-series behavior + review LSTM/Transformer features,0.4667278802374844,66.2749328997185,0.99994504
326,1,temporal_pattern_anomaly,analyze time-series behavior + review LSTM/Transformer features,0.469802100379852,62.937813898297605,0.9999281
327,1,temporal_pattern_anomaly,analyze time-series behavior + review LSTM/Transformer features,0.4083518812397756,53.99027969640083,0.99982774
328,0,subtle_anomaly,monitor closely + collect more contextual data,0.4045746356807774,53.61727925548347,0.00064776174
329,1,temporal_pattern_anomaly,analyze time-series behavior + review LSTM/Transformer features,0.4351799668142516,57.98595353741787,0.999835
330,0,subtle_anomaly,monitor closely + collect more contextual data,0.4064456577974811,49.83470847712641,1.343488e-05
331,0,subtle_anomaly,monitor closely + collect more contextual data,0.424471929965263,56.02234954637916,0.046102185
332,0,subtle_anomaly,monitor closely + collect more contextual data,0.4127516331441229,52.077697287514894,8.4623454e-05
333,1,temporal_pattern_anomaly,analyze time-series behavior + review LSTM/Transformer features,0.4104786876103717,54.80298767388258,0.99991107
334,0,subtle_anomaly,monitor closely + collect more contextual data,0.4040331244805787,51.57142107721564,0.00029976462
335,1,temporal_pattern_anomaly,analyze time-series behavior + review LSTM/Transformer features,0.4214862226096549,50.44359503813038,0.99943274
336,0,subtle_anomaly,monitor closely + collect more contextual data,0.4754160225062357,70.92901028753997,0.000103161125
337,0,subtle_anomaly,monitor closely + collect more contextual data,0.3947938109785127,44.07260764445811,0.0010210815
338,1,temporal_pattern_anomaly,analyze time-series behavior + review LSTM/Transformer features,0.420467053885791,51.64090153004575,0.9999654
339,0,subtle_anomaly,monitor closely + collect more contextual data,0.4404179552093313,59.72879806379582,0.00079889747
340,0,subtle_anomaly,monitor closely + collect more contextual data,0.3933737204147642,47.56675232585173,2.2640957e-05
341,0,subtle_anomaly,monitor closely + collect more contextual data,0.4349325587657429,55.11229153897119,0.0028880564
342,1,temporal_pattern_anomaly,analyze time-series behavior + review LSTM/Transformer features,0.4305912082457134,58.89461253755743,0.9997814
343,1,temporal_pattern_anomaly,analyze time-series behavior + review LSTM/Transformer features,0.4503762913088922,60.53237190025937,0.999871
344,1,collective_anomaly,investigate multivariate patterns + check correlated KPIs,0.5213324622416861,95.54256414160632,0.99988115
345,1,temporal_pattern_anomaly,analyze time-series behavior + review LSTM/Transformer features,0.4321806028101719,59.85050738509031,0.9999542
346,1,temporal_pattern_anomaly,analyze time-series behavior + review LSTM/Transformer features,0.4422078547096773,58.437475676784175,0.9999653
347,0,subtle_anomaly,monitor closely + collect more contextual data,0.4118047509254365,47.20708309733673,0.0002869326
348,0,subtle_anomaly,monitor closely + collect more contextual data,0.4563517854067389,63.73901741185539,5.523304e-05
349,0,subtle_anomaly,monitor closely + collect more contextual data,0.398103003340049,48.6703765919829,7.4673626e-05
350,0,subtle_anomaly,monitor closely + collect more contextual data,0.4143107474849704,49.49684649273504,5.115974e-05
351,0,subtle_anomaly,monitor closely + collect more contextual data,0.4372063315863925,54.94583974401149,0.0002307893
352,1,temporal_pattern_anomaly,analyze time-series behavior + review LSTM/Transformer features,0.4263857397320715,53.35958726362706,0.9920156
353,1,temporal_pattern_anomaly,analyze time-series behavior + review LSTM/Transformer features,0.4437217547368767,54.16961291227251,0.9999336
354,0,subtle_anomaly,monitor closely + collect more contextual data,0.3955358648360523,47.27137541663404,0.0006779623
355,1,temporal_pattern_anomaly,analyze time-series behavior + review LSTM/Transformer features,0.4652680934965056,75.94248415528165,0.9999205
356,0,subtle_anomaly,monitor closely + collect more contextual data,0.4048139722343033,48.33052277632044,0.0006935661
357,0,subtle_anomaly,monitor closely + collect more contextual data,0.445738752969915,58.93429785340579,0.00056588213
358,0,subtle_anomaly,monitor closely + collect more contextual data,0.3697377796036303,39.96545344667467,0.055946026
359,1,temporal_pattern_anomaly,analyze time-series behavior + review LSTM/Transformer features,0.4235135937915958,56.12015422355324,0.99985766
360,1,temporal_pattern_anomaly,analyze time-series behavior + review LSTM/Transformer features,0.429780040895967,65.36656692315226,0.9998454
361,1,temporal_pattern_anomaly,analyze time-series behavior + review LSTM/Transformer features,0.3969789919033061,50.04738947192257,0.9995943
362,0,subtle_anomaly,monitor closely + collect more contextual data,0.4057121577570557,49.17709912544092,9.877977e-05
363,1,temporal_pattern_anomaly,analyze time-series behavior + review LSTM/Transformer features,0.4728943958300514,66.40083313096738,0.9998184
364,0,subtle_anomaly,monitor closely + collect more contextual data,0.4365253656370493,53.65415163021119,0.00039281845
365,1,temporal_pattern_anomaly,analyze time-series behavior + review LSTM/Transformer features,0.4630037226513899,67.7374899428995,0.999918
366,1,temporal_pattern_anomaly,analyze time-series behavior + review LSTM/Transformer features,0.4437298577822733,61.0672350738933,0.9999362
367,1,temporal_pattern_anomaly,analyze time-series behavior + review LSTM/Transformer features,0.4039488870476873,54.97824262872585,0.999902
368,1,temporal_pattern_anomaly,analyze time-series behavior + review LSTM/Transformer features,0.4166651187617831,56.12283993335152,0.9999589
369,0,subtle_anomaly,monitor closely + collect more contextual data,0.4215186882816477,57.05842264338481,9.2398484e-05
370,0,subtle_anomaly,monitor closely + collect more contextual data,0.4317000086152152,55.4876298086872,0.00038972718
371,0,subtle_anomaly,monitor closely + collect more contextual data,0.4214421498828308,53.24759077402872,0.00026740812
372,1,temporal_pattern_anomaly,analyze time-series behavior + review LSTM/Transformer features,0.4001735503952237,53.60470584978937,0.9999684
373,1,collective_anomaly,investigate multivariate patterns + check correlated KPIs,0.5158284387313997,85.73560530146803,0.9569945
374,1,temporal_pattern_anomaly,analyze time-series behavior + review LSTM/Transformer features,0.4243585233375661,60.6920243417231,0.9996761
375,0,subtle_anomaly,monitor closely + collect more contextual data,0.4276824077311039,62.86701987987136,0.0007081078
376,0,subtle_anomaly,monitor closely + collect more contextual data,0.3746707303566482,42.98218789715198,0.00044473654
377,1,temporal_pattern_anomaly,analyze time-series behavior + review LSTM/Transformer features,0.409832644829906,55.21532384494442,0.99997413
378,0,subtle_anomaly,monitor closely + collect more contextual data,0.4027428754759971,52.01576148484969,0.00022918831
379,1,temporal_pattern_anomaly,analyze time-series behavior + review LSTM/Transformer features,0.4118783361899011,47.60521933286432,0.99933654
380,0,subtle_anomaly,monitor closely + collect more contextual data,0.3979738026492402,48.621720978053965,6.4576074e-05
381,1,temporal_pattern_anomaly,analyze time-series behavior + review LSTM/Transformer features,0.447379379071755,56.719386819483866,0.99994457
382,1,temporal_pattern_anomaly,analyze time-series behavior + review LSTM/Transformer features,0.4126782307239934,52.109175330052025,0.99995136
383,0,subtle_anomaly,monitor closely + collect more contextual data,0.421305825235709,56.039963473545846,0.00034013833
384,0,subtle_anomaly,monitor closely + collect more contextual data,0.4114371097373504,55.50638436126507,0.00076437433
385,0,subtle_anomaly,monitor closely + collect more contextual data,0.4669981040593668,77.84042170050598,0.00041681956
386,0,subtle_anomaly,monitor closely + collect more contextual data,0.3897172732333229,46.77744112068867,7.3126066e-05
387,0,subtle_anomaly,monitor closely + collect more contextual data,0.4514061756474134,59.92352522110341,0.0017827274
388,0,subtle_anomaly,monitor closely + collect more contextual data,0.407970728653686,53.30932863667976,9.4088995e-05
389,1,collective_anomaly,investigate multivariate patterns + check correlated KPIs,0.5430292717948064,98.00582055685948,0.99988675
390,0,subtle_anomaly,monitor closely + collect more contextual data,0.4291372552688289,57.09250294268544,0.00015649738
391,1,temporal_pattern_anomaly,analyze time-series behavior + review LSTM/Transformer features,0.425486343622261,59.22959764972335,0.9999567
392,0,subtle_anomaly,monitor closely + collect more contextual data,0.4736770074510356,74.03062552710908,0.000322281
393,0,subtle_anomaly,monitor closely + collect more contextual data,0.4352015207259033,50.63158472824108,0.00032530524
394,1,temporal_pattern_anomaly,analyze time-series behavior + review LSTM/Transformer features,0.4706462682867328,65.3660096360595,0.9999448
395,0,subtle_anomaly,monitor closely + collect more contextual data,0.454221781922729,71.31832913155769,0.00035602922
396,1,temporal_pattern_anomaly,analyze time-series behavior + review LSTM/Transformer features,0.4237802353881224,53.89724841637744,0.9998265
397,1,temporal_pattern_anomaly,analyze time-series behavior + review LSTM/Transformer features,0.4057217730423505,46.50378576273065,0.99991417
398,1,collective_anomaly,investigate multivariate patterns + check correlated KPIs,0.5878815684017566,130.71970092518222,0.9999403
399,1,temporal_pattern_anomaly,analyze time-series behavior + review LSTM/Transformer features,0.432919380441003,56.52431317187091,0.99981683
400,0,subtle_anomaly,monitor closely + collect more contextual data,0.4120728079626667,47.23930656601914,0.0029106555
401,1,temporal_pattern_anomaly,analyze time-series behavior + review LSTM/Transformer features,0.4332122129949131,58.06321649859213,0.99954516
402,0,subtle_anomaly,monitor closely + collect more contextual data,0.4194935737022188,52.57787302857584,0.0002921879
403,0,subtle_anomaly,monitor closely + collect more contextual data,0.4409107761286768,53.590587626396086,7.45893e-05
404,1,temporal_pattern_anomaly,analyze time-series behavior + review LSTM/Transformer features,0.4244840546295292,54.89391805701908,0.99987817
405,1,collective_anomaly,investigate multivariate patterns + check correlated KPIs,0.5748272766772722,118.00745628991513,0.99991953
406,1,temporal_pattern_anomaly,analyze time-series behavior + review LSTM/Transformer features,0.4190169621431764,55.50800496966678,0.9998116
407,1,collective_anomaly,investigate multivariate patterns + check correlated KPIs,0.535402630221435,81.33893763577048,0.99991345
408,0,subtle_anomaly,monitor closely + collect more contextual data,0.4492569914201908,66.30219475569898,0.00014114099
409,0,subtle_anomaly,monitor closely + collect more contextual data,0.3982428998880232,47.68785981490746,0.00016300866
410,0,subtle_anomaly,monitor closely + collect more contextual data,0.4516141157840317,64.30683326250261,0.00015498356
411,0,subtle_anomaly,monitor closely + collect more contextual data,0.3893209972587923,43.85711429453788,0.00035293688
412,0,subtle_anomaly,monitor closely + collect more contextual data,0.4574963597848177,65.54496986207224,0.00019142401
413,0,subtle_anomaly,monitor closely + collect more contextual data,0.4246635318107588,57.86376442424298,0.00013979341
414,1,temporal_pattern_anomaly,analyze time-series behavior + review LSTM/Transformer features,0.4207543483572755,52.30020216116165,0.99977607
415,0,subtle_anomaly,monitor closely + collect more contextual data,0.4212314011196394,54.32367549745359,2.4797142e-05
416,0,subtle_anomaly,monitor closely + collect more contextual data,0.4459358495016175,62.12083541609417,6.17385e-05
417,0,subtle_anomaly,monitor closely + collect more contextual data,0.4788532423760885,70.38417805010423,0.0011762348
418,0,subtle_anomaly,monitor closely + collect more contextual data,0.3892219193752914,44.51765304150377,0.00013639184
419,0,subtle_anomaly,monitor closely + collect more contextual data,0.4005846266962705,44.88302387705876,0.0055434415
420,1,temporal_pattern_anomaly,analyze time-series behavior + review LSTM/Transformer features,0.4088782119440007,50.31877917099999,0.9454618
421,0,subtle_anomaly,monitor closely + collect more contextual data,0.4168300834238623,53.77508387459013,2.6203059e-05
422,0,subtle_anomaly,monitor closely + collect more contextual data,0.4111623906244578,47.176039727816026,0.00038687175
423,1,collective_anomaly,investigate multivariate patterns + check correlated KPIs,0.5118660067431863,101.61364051852156,0.9999405
424,0,subtle_anomaly,monitor closely + collect more contextual data,0.4302561848866681,59.22956308426828,5.7464156e-05
425,0,subtle_anomaly,monitor closely + collect more contextual data,0.4530107015802085,62.91881211174729,0.00015529554
426,0,subtle_anomaly,monitor closely + collect more contextual data,0.42854625282267,51.86656705401914,3.846128e-05
427,1,collective_anomaly,investigate multivariate patterns + check correlated KPIs,0.5699191103191565,112.7585078175087,0.99987876
428,1,temporal_pattern_anomaly,analyze time-series behavior + review LSTM/Transformer features,0.3986105290450248,49.73245108661213,0.99982566
429,1,temporal_pattern_anomaly,analyze time-series behavior + review LSTM/Transformer features,0.4434831962791069,58.83317960999123,0.99993336
430,0,subtle_anomaly,monitor closely + collect more contextual data,0.3986752058108075,52.73787481448928,2.872204e-05
431,1,temporal_pattern_anomaly,analyze time-series behavior + review LSTM/Transformer features,0.4455209002704509,60.98764590691766,0.9999511
432,1,temporal_pattern_anomaly,analyze time-series behavior + review LSTM/Transformer features,0.4734289436247302,67.43721408629952,0.9998204
433,0,subtle_anomaly,monitor closely + collect more contextual data,0.4094711516119228,53.01978464900701,0.00024939678
434,0,subtle_anomaly,monitor closely + collect more contextual data,0.434372467886511,61.543034610696594,5.287709e-05
435,1,temporal_pattern_anomaly,analyze time-series behavior + review LSTM/Transformer features,0.4072627847706213,54.921838322964845,0.98246
436,1,temporal_pattern_anomaly,analyze time-series behavior + review LSTM/Transformer features,0.4526280017196309,57.10240617791669,0.9998185
437,1,temporal_pattern_anomaly,analyze time-series behavior + review LSTM/Transformer features,0.4161930742347534,60.10799318901445,0.9999504
438,0,subtle_anomaly,monitor closely + collect more contextual data,0.4341660682265634,57.67951240350997,0.00010007259
439,0,subtle_anomaly,monitor closely + collect more contextual data,0.3974688957248016,46.025575185424,0.00021511014
440,0,subtle_anomaly,monitor closely + collect more contextual data,0.414514705104678,53.14445854041395,4.827562e-05
441,0,subtle_anomaly,monitor closely + collect more contextual data,0.4220936877717914,55.909390685075685,0.0003600322
442,0,subtle_anomaly,monitor closely + collect more contextual data,0.429552419328977,52.28292842457535,0.0016956748
443,0,subtle_anomaly,monitor closely + collect more contextual data,0.3877587361569116,48.05885897105805,2.5659821e-05
444,0,subtle_anomaly,monitor closely + collect more contextual data,0.4254568913048494,54.250603622062734,0.001434965
445,0,subtle_anomaly,monitor closely + collect more contextual data,0.456979292796021,59.503208344948845,0.013901182
446,1,temporal_pattern_anomaly,analyze time-series behavior + review LSTM/Transformer features,0.3908797483142903,48.48583732161119,0.99487126
447,0,subtle_anomaly,monitor closely + collect more contextual data,0.4730128167291662,63.342946873452085,0.00059622223
448,1,temporal_pattern_anomaly,analyze time-series behavior + review LSTM/Transformer features,0.4384639420592786,60.6606882806153,0.9997075
449,0,subtle_anomaly,monitor closely + collect more contextual data,0.3743816879106679,40.29766346860048,0.00015453421
450,1,temporal_pattern_anomaly,analyze time-series behavior + review LSTM/Transformer features,0.4287202035516755,52.939967204907305,0.9999523
451,1,temporal_pattern_anomaly,analyze time-series behavior + review LSTM/Transformer features,0.4627020271629076,62.81348770494145,0.99994004
452,0,subtle_anomaly,monitor closely + collect more contextual data,0.4107969852232603,44.66866767350279,0.042118218
453,1,temporal_pattern_anomaly,analyze time-series behavior + review LSTM/Transformer features,0.407591299786144,53.50584713000508,0.9998826
454,0,subtle_anomaly,monitor closely + collect more contextual data,0.4795036673992041,67.31050151990148,0.00014718146
455,0,subtle_anomaly,monitor closely + collect more contextual data,0.4120574642314589,53.11419117493956,2.8213757e-05
456,0,subtle_anomaly,monitor closely + collect more contextual data,0.4364552417561697,58.93110404695752,0.0008557106
457,0,isolation_outlier,inspect individual extreme values + check for sensor drift,0.483406601293854,69.47949622258143,9.7397155e-05
458,1,temporal_pattern_anomaly,analyze time-series behavior + review LSTM/Transformer features,0.4336593644159672,58.64724630252029,0.99977475
459,1,temporal_pattern_anomaly,analyze time-series behavior + review LSTM/Transformer features,0.4098996733919234,54.27319672074142,0.99960333
460,1,collective_anomaly,investigate multivariate patterns + check correlated KPIs,0.5636980316197217,106.31883949360096,0.9890592
461,0,subtle_anomaly,monitor closely + collect more contextual data,0.4450987357564194,62.16740208733712,0.00037240563
462,1,temporal_pattern_anomaly,analyze time-series behavior + review LSTM/Transformer features,0.4178919117384831,63.07885028263183,0.9999839
463,0,collective_anomaly,investigate multivariate patterns + check correlated KPIs,0.5045614831075194,84.21198945473577,5.3054533e-05
464,1,temporal_pattern_anomaly,analyze time-series behavior + review LSTM/Transformer features,0.4493639593876611,60.90996739678177,0.99987245
465,0,subtle_anomaly,monitor closely + collect more contextual data,0.4194859689182241,53.59061247123261,0.0016495105
466,0,subtle_anomaly,monitor closely + collect more contextual data,0.4407150836836951,51.66809094673961,0.00039251673
467,1,temporal_pattern_anomaly,analyze time-series behavior + review LSTM/Transformer features,0.401869251354553,54.18613124194888,0.9998745
468,0,subtle_anomaly,monitor closely + collect more contextual data,0.4711831940911958,71.83783748458491,0.00028489443
469,0,subtle_anomaly,monitor closely + collect more contextual data,0.4010571525279037,51.92303458413805,0.0004886304
470,1,temporal_pattern_anomaly,analyze time-series behavior + review LSTM/Transformer features,0.4425811313315309,62.84726508254416,0.99991584
471,0,subtle_anomaly,monitor closely + collect more contextual data,0.3815384180514882,45.15458064420113,0.0003481864
472,0,subtle_anomaly,monitor closely + collect more contextual data,0.4206000163303651,54.58794931875709,0.0005647326
473,0,subtle_anomaly,monitor closely + collect more contextual data,0.401783454366315,48.53968259390714,0.00017919925
474,0,subtle_anomaly,monitor closely + collect more contextual data,0.4159010351013487,54.89485666269299,0.00043122168
475,1,temporal_pattern_anomaly,analyze time-series behavior + review LSTM/Transformer features,0.4038210614203949,51.48153530314913,0.9990552
476,0,subtle_anomaly,monitor closely + collect more contextual data,0.3880557938651469,46.64239878744999,0.013590898
477,1,temporal_pattern_anomaly,analyze time-series behavior + review LSTM/Transformer features,0.4085184825658038,60.70604330858973,0.9996413
478,0,subtle_anomaly,monitor closely + collect more contextual data,0.3895284916338782,49.64046040697383,0.00037634716
479,0,subtle_anomaly,monitor closely + collect more contextual data,0.4380311837619712,58.71629023802839,5.6315366e-05
480,1,collective_anomaly,investigate multivariate patterns + check correlated KPIs,0.5136232903874787,87.32761991116271,0.99995613
481,0,subtle_anomaly,monitor closely + collect more contextual data,0.4633106493827168,63.8079950364178,4.2238065e-05
482,1,temporal_pattern_anomaly,analyze time-series behavior + review LSTM/Transformer features,0.4284685217743935,63.391279122929234,0.9999713
483,1,collective_anomaly,investigate multivariate patterns + check correlated KPIs,0.5560471782890154,106.35524927937593,0.999977
484,0,subtle_anomaly,monitor closely + collect more contextual data,0.4469327491184086,59.11223249695816,0.0004251674
485,1,temporal_pattern_anomaly,analyze time-series behavior + review LSTM/Transformer features,0.4422479784398464,54.798895960761,0.99964523
486,1,collective_anomaly,investigate multivariate patterns + check correlated KPIs,0.5727515763743796,117.46801455587324,0.99974567
487,0,subtle_anomaly,monitor closely + collect more contextual data,0.4301013087865514,58.057334748953714,0.00014684768
488,0,subtle_anomaly,monitor closely + collect more contextual data,0.4475223660943498,59.423021701068855,0.00031976067
489,0,subtle_anomaly,monitor closely + collect more contextual data,0.4496836157131667,64.29185832026565,0.00016374004
490,0,isolation_outlier,inspect individual extreme values + check for sensor drift,0.4908108905980528,69.61615624605585,6.747652e-05
491,1,temporal_pattern_anomaly,analyze time-series behavior + review LSTM/Transformer features,0.4204028208448448,65.74569118963697,0.9999794
492,0,subtle_anomaly,monitor closely + collect more contextual data,0.4385389623170893,66.80435093936448,0.00012215583
493,0,subtle_anomaly,monitor closely + collect more contextual data,0.4433926484634241,55.43791676514851,0.00044939536
494,0,subtle_anomaly,monitor closely + collect more contextual data,0.4237922180427238,57.402590983266784,7.56561e-05
495,1,temporal_pattern_anomaly,analyze time-series behavior + review LSTM/Transformer features,0.3803982880084509,47.0975031517711,0.99981636
496,0,subtle_anomaly,monitor closely + collect more contextual data,0.4376530010189501,56.38170623165741,0.00011294882
497,1,temporal_pattern_anomaly,analyze time-series behavior + review LSTM/Transformer features,0.3984286397803521,50.35626961668605,0.9988433
498,1,collective_anomaly,investigate multivariate patterns + check correlated KPIs,0.5284767210203842,86.0013132056911,0.9999311
499,0,subtle_anomaly,monitor closely + collect more contextual data,0.4160470055130647,53.44450622928568,3.3660002e-05
500,0,subtle_anomaly,monitor closely + collect more contextual data,0.4070427617799845,51.70249174134497,7.322377e-05
501,1,temporal_pattern_anomaly,analyze time-series behavior + review LSTM/Transformer features,0.439308913361938,61.4655875637623,0.9999746
502,0,subtle_anomaly,monitor closely + collect more contextual data,0.384035177067794,42.00304246038832,8.110472e-05
503,1,temporal_pattern_anomaly,analyze time-series behavior + review LSTM/Transformer features,0.3952952645862526,52.73086686436801,0.99980146
504,0,subtle_anomaly,monitor closely + collect more contextual data,0.3749547665361736,47.28970201507501,0.00017597195
505,1,temporal_pattern_anomaly,analyze time-series behavior + review LSTM/Transformer features,0.4136247119048667,49.07517485408765,0.9994954
506,0,subtle_anomaly,monitor closely + collect more contextual data,0.4130069809886055,50.967809714947535,0.0010760009
507,1,temporal_pattern_anomaly,analyze time-series behavior + review LSTM/Transformer features,0.3792270533515026,46.29730114828674,0.9387111
508,0,subtle_anomaly,monitor closely + collect more contextual data,0.4722219090066283,78.61413562047359,6.2731015e-05
509,0,subtle_anomaly,monitor closely + collect more contextual data,0.4213355344236081,51.52151594158283,0.00021208565
510,0,subtle_anomaly,monitor closely + collect more contextual data,0.4353023231718972,62.78429339084267,0.00017915279
511,0,subtle_anomaly,monitor closely + collect more contextual data,0.3997123747624413,46.37944376178149,0.00027798486
512,0,subtle_anomaly,monitor closely + collect more contextual data,0.4239700195987234,57.32558953763341,0.0015556205
513,0,subtle_anomaly,monitor closely + collect more contextual data,0.3785879799197581,45.9063221672015,3.600299e-05
514,0,subtle_anomaly,monitor closely + collect more contextual data,0.3965196060227907,46.53585836963587,0.0029828614
515,0,subtle_anomaly,monitor closely + collect more contextual data,0.4259618734627997,53.13153542417948,0.0006312742
516,1,collective_anomaly,investigate multivariate patterns + check correlated KPIs,0.5083716295750662,92.2436246990458,0.9998733
517,1,temporal_pattern_anomaly,analyze time-series behavior + review LSTM/Transformer features,0.4658464789751952,65.95769943961028,0.99989235
518,1,temporal_pattern_anomaly,analyze time-series behavior + review LSTM/Transformer features,0.4733305712006612,79.13906639127852,0.99993193
519,1,temporal_pattern_anomaly,analyze time-series behavior + review LSTM/Transformer features,0.3929775366599529,44.21225754657833,0.9985833
520,1,temporal_pattern_anomaly,analyze time-series behavior + review LSTM/Transformer features,0.4201615672147488,57.27555911623821,0.9997893
521,1,collective_anomaly,investigate multivariate patterns + check correlated KPIs,0.4799274640810459,85.281797141729,0.99986374
522,0,subtle_anomaly,monitor closely + collect more contextual data,0.4359420980669604,58.54212463091026,0.00021002624
523,1,temporal_pattern_anomaly,analyze time-series behavior + review LSTM/Transformer features,0.4222264025520654,56.263958281340486,0.9998895
524,0,subtle_anomaly,monitor closely + collect more contextual data,0.4023350733844595,47.46868965434786,0.00022600364
525,1,temporal_pattern_anomaly,analyze time-series behavior + review LSTM/Transformer features,0.4230871985709784,59.84052128166567,0.9998938
526,1,temporal_pattern_anomaly,analyze time-series behavior + review LSTM/Transformer features,0.4187219059400999,51.72125059211928,0.9998715
527,0,subtle_anomaly,monitor closely + collect more contextual data,0.4088615443729677,51.33342309713943,0.00015553828
528,1,temporal_pattern_anomaly,analyze time-series behavior + review LSTM/Transformer features,0.4373787927446545,58.0215298707627,0.9998603
529,0,subtle_anomaly,monitor closely + collect more contextual data,0.3979151750074979,47.663446997612176,4.5487053e-05
530,1,collective_anomaly,investigate multivariate patterns + check correlated KPIs,0.525838882361518,99.10361300258216,0.9999082
531,1,temporal_pattern_anomaly,analyze time-series behavior + review LSTM/Transformer features,0.4214822970635473,52.57990192385011,0.99706346
532,0,subtle_anomaly,monitor closely + collect more contextual data,0.4169709097734684,54.91002879881296,3.57699e-05
533,1,collective_anomaly,investigate multivariate patterns + check correlated KPIs,0.5035673205351852,92.17554991991534,0.9998696
534,0,subtle_anomaly,monitor closely + collect more contextual data,0.3851682214261233,46.34008580616103,0.0001268404
535,0,subtle_anomaly,monitor closely + collect more contextual data,0.3855869141749127,44.77819778364914,0.0005522288
536,1,temporal_pattern_anomaly,analyze time-series behavior + review LSTM/Transformer features,0.4349838073759723,59.17646864403108,0.9999236
537,1,temporal_pattern_anomaly,analyze time-series behavior + review LSTM/Transformer features,0.4269615177010055,60.82479628228712,0.9999337
538,1,temporal_pattern_anomaly,analyze time-series behavior + review LSTM/Transformer features,0.4074514010699549,52.91520963491275,0.99961096
539,1,temporal_pattern_anomaly,analyze time-series behavior + review LSTM/Transformer features,0.4113212528390016,45.46232927522198,0.99934345
540,0,subtle_anomaly,monitor closely + collect more contextual data,0.4522901232936488,63.82533247893302,0.00044317808
541,0,subtle_anomaly,monitor closely + collect more contextual data,0.4745124997843565,66.71821093553923,9.843919e-05
542,1,temporal_pattern_anomaly,analyze time-series behavior + review LSTM/Transformer features,0.469765240816978,68.25327862572509,0.9998727
543,1,temporal_pattern_anomaly,analyze time-series behavior + review LSTM/Transformer features,0.4199383957066013,49.68622384558571,0.9997607
544,0,subtle_anomaly,monitor closely + collect more contextual data,0.385401409840624,46.4669195744351,0.16289109
545,0,subtle_anomaly,monitor closely + collect more contextual data,0.4070052364183928,50.24106004247589,0.007352846
546,0,temporal_pattern_anomaly,analyze time-series behavior + review LSTM/Transformer features,0.4327837723166545,62.3787243716949,0.19580199
547,1,temporal_pattern_anomaly,analyze time-series behavior + review LSTM/Transformer features,0.4308950105868878,59.677919579673,0.99996173
548,1,temporal_pattern_anomaly,analyze time-series behavior + review LSTM/Transformer features,0.4285170714712473,49.806049261424654,0.99929786
549,0,subtle_anomaly,monitor closely + collect more contextual data,0.4154116192224695,51.35178685575337,0.00073154096
550,0,subtle_anomaly,monitor closely + collect more contextual data,0.4422380098547896,52.9219262483187,0.001194032
551,1,temporal_pattern_anomaly,analyze time-series behavior + review LSTM/Transformer features,0.4112649510302159,56.19530404851533,0.9799068
552,0,subtle_anomaly,monitor closely + collect more contextual data,0.416344906029865,52.66405208689304,0.0019627803
553,1,temporal_pattern_anomaly,analyze time-series behavior + review LSTM/Transformer features,0.5182310312608757,71.22661206768065,0.99966264
554,1,temporal_pattern_anomaly,analyze time-series behavior + review LSTM/Transformer features,0.4353574564218178,58.25880679188228,0.9973748
555,0,subtle_anomaly,monitor closely + collect more contextual data,0.3876112966411404,40.71348018044291,0.00031789162
556,0,subtle_anomaly,monitor closely + collect more contextual data,0.4090140542749845,46.05380965434886,0.00024194407
557,0,subtle_anomaly,monitor closely + collect more contextual data,0.4658359944180973,60.16036721536109,0.0037374385
558,0,subtle_anomaly,monitor closely + collect more contextual data,0.3764872296388246,42.39811927022468,0.00056043424
559,1,collective_anomaly,investigate multivariate patterns + check correlated KPIs,0.5033027581659049,82.66430522080051,0.99994516
560,0,subtle_anomaly,monitor closely + collect more contextual data,0.4047617278242926,47.71653901327294,0.00037653287
561,1,temporal_pattern_anomaly,analyze time-series behavior + review LSTM/Transformer features,0.4020731344926907,53.32077931878342,0.9996997
562,0,temporal_pattern_anomaly,analyze time-series behavior + review LSTM/Transformer features,0.396996576391211,48.397821665203686,0.07373313
563,1,collective_anomaly,investigate multivariate patterns + check correlated KPIs,0.4933337600629298,90.35485822197364,0.9999094
564,0,subtle_anomaly,monitor closely + collect more contextual data,0.4679881444925434,61.792130417398106,0.0019003648
565,0,subtle_anomaly,monitor closely + collect more contextual data,0.4332776543335404,53.28450208785028,0.0001520265
566,1,temporal_pattern_anomaly,analyze time-series behavior + review LSTM/Transformer features,0.4346805286699651,57.179307038094365,0.99980146
567,1,temporal_pattern_anomaly,analyze time-series behavior + review LSTM/Transformer features,0.4418691022548089,63.380542892650126,0.9999361
568,1,temporal_pattern_anomaly,analyze time-series behavior + review LSTM/Transformer features,0.4297619454476973,58.12982051424324,0.99991906
569,0,subtle_anomaly,monitor closely + collect more contextual data,0.4416576943154913,63.13571519235255,6.3171035e-05
570,1,temporal_pattern_anomaly,analyze time-series behavior + review LSTM/Transformer features,0.4530655022512569,60.37693038371685,0.99992657
571,1,temporal_pattern_anomaly,analyze time-series behavior + review LSTM/Transformer features,0.4054445117585791,56.23305229791123,0.99990714
572,1,temporal_pattern_anomaly,analyze time-series behavior + review LSTM/Transformer features,0.4689499036319213,73.71218036169239,0.9996778
573,0,subtle_anomaly,monitor closely + collect more contextual data,0.4521150801522501,61.86775380647676,7.66561e-05
574,0,subtle_anomaly,monitor closely + collect more contextual data,0.4520280864631641,60.59805194678468,0.0003300237
575,0,temporal_pattern_anomaly,analyze time-series behavior + review LSTM/Transformer features,0.4379127457930454,64.40402609859991,0.0076161018
576,0,subtle_anomaly,monitor closely + collect more contextual data,0.439262347579838,57.90434845919489,0.00043109243
577,0,subtle_anomaly,monitor closely + collect more contextual data,0.407277202506969,49.72684806724523,0.012570623
578,0,subtle_anomaly,monitor closely + collect more contextual data,0.4316274939886606,62.99435463912016,4.8728292e-05
579,0,subtle_anomaly,monitor closely + collect more contextual data,0.4623960435576483,64.65941321507452,0.00020271927
580,0,subtle_anomaly,monitor closely + collect more contextual data,0.4492684004193339,63.53484890317476,0.0019265201
581,0,subtle_anomaly,monitor closely + collect more contextual data,0.4284433072581046,56.89591426429632,0.00022208663
582,1,temporal_pattern_anomaly,analyze time-series behavior + review LSTM/Transformer features,0.4724177266227329,69.08668811158759,0.99993396
583,0,subtle_anomaly,monitor closely + collect more contextual data,0.4425082417887779,57.99220893924644,0.00010853894
584,1,temporal_pattern_anomaly,analyze time-series behavior + review LSTM/Transformer features,0.4220960015556271,50.69433437347645,0.9997274
585,1,temporal_pattern_anomaly,analyze time-series behavior + review LSTM/Transformer features,0.3949343240614631,53.77833584618451,0.998857
586,1,temporal_pattern_anomaly,analyze time-series behavior + review LSTM/Transformer features,0.4275238025456444,55.09175560682724,0.99975663
587,0,subtle_anomaly,monitor closely + collect more contextual data,0.4147013570706269,50.89389276301889,3.8543563e-05
588,0,subtle_anomaly,monitor closely + collect more contextual data,0.467950550301486,60.2609948510472,0.0003701282
589,0,subtle_anomaly,monitor closely + collect more contextual data,0.4677608575094873,68.89119247649442,0.004574047
590,0,subtle_anomaly,monitor closely + collect more contextual data,0.4399549166011571,56.75306592528029,0.00090214534
591,0,subtle_anomaly,monitor closely + collect more contextual data,0.4336559012840894,57.937073474779645,0.0021874167
592,1,temporal_pattern_anomaly,analyze time-series behavior + review LSTM/Transformer features,0.4027603083955155,48.663513361231615,0.9992599
593,0,subtle_anomaly,monitor closely + collect more contextual data,0.3897497408724309,45.13303647663632,0.00022950298
594,1,temporal_pattern_anomaly,analyze time-series behavior + review LSTM/Transformer features,0.3840446971377033,47.494634980057214,0.999772
595,1,temporal_pattern_anomaly,analyze time-series behavior + review LSTM/Transformer features,0.452512733488512,66.74822715659045,0.99949574
596,0,subtle_anomaly,monitor closely + collect more contextual data,0.4310435922065678,63.53027274146009,0.0002843173
597,0,isolation_outlier,inspect individual extreme values + check for sensor drift,0.4809648524097817,67.58563381322607,0.00038811346
598,0,subtle_anomaly,monitor closely + collect more contextual data,0.3907738164583111,48.6137698019153,0.00010607213
599,0,subtle_anomaly,monitor closely + collect more contextual data,0.4177413493944398,55.01688376828547,0.00018633304
600,1,temporal_pattern_anomaly,analyze time-series behavior + review LSTM/Transformer features,0.4514847776295261,63.146382301775816,0.9999428
601,0,subtle_anomaly,monitor closely + collect more contextual data,0.4485644667820008,60.132588992916645,0.00016885341
602,1,collective_anomaly,investigate multivariate patterns + check correlated KPIs,0.5797445622355931,118.39487213267432,0.999866
603,0,subtle_anomaly,monitor closely + collect more contextual data,0.4618099472324534,72.3179675687649,0.00013047125
604,0,subtle_anomaly,monitor closely + collect more contextual data,0.3941704916071972,49.478409754308366,0.00027693386
605,0,subtle_anomaly,monitor closely + collect more contextual data,0.4050968243601381,47.97991117297503,0.0016493708
606,1,temporal_pattern_anomaly,analyze time-series behavior + review LSTM/Transformer features,0.4926101939247588,75.55413804597865,0.9999299
607,0,subtle_anomaly,monitor closely + collect more contextual data,0.4170737086830773,52.84926968215898,0.00012957065
608,1,temporal_pattern_anomaly,analyze time-series behavior + review LSTM/Transformer features,0.4235188215512213,55.488182186225885,0.99967015
609,1,collective_anomaly,investigate multivariate patterns + check correlated KPIs,0.5473115746629682,119.42961185544664,0.9998795
610,1,temporal_pattern_anomaly,analyze time-series behavior + review LSTM/Transformer features,0.4325337536455387,61.0645844106454,0.99988115
611,1,temporal_pattern_anomaly,analyze time-series behavior + review LSTM/Transformer features,0.4545876626165284,55.81714613392043,0.99982953
612,0,subtle_anomaly,monitor closely + collect more contextual data,0.4606903441521051,66.45188854984933,3.824749e-05
613,1,temporal_pattern_anomaly,analyze time-series behavior + review LSTM/Transformer features,0.4183678551982405,48.87975416806858,0.9997408
614,0,subtle_anomaly,monitor closely + collect more contextual data,0.384526362381332,47.2381831928171,0.00028351956
615,0,subtle_anomaly,monitor closely + collect more contextual data,0.4627002701578863,63.81275489645611,0.00014547921
616,1,temporal_pattern_anomaly,analyze time-series behavior + review LSTM/Transformer features,0.4203457817782057,59.01072984349276,0.99993956
617,0,isolation_outlier,inspect individual extreme values + check for sensor drift,0.4918096108975154,72.95547101407203,0.00032625158
618,0,subtle_anomaly,monitor closely + collect more contextual data,0.4378574803007849,58.4857742274,0.0012159813
619,1,temporal_pattern_anomaly,analyze time-series behavior + review LSTM/Transformer features,0.4025475009355261,50.895419924077984,0.99978215
620,1,temporal_pattern_anomaly,analyze time-series behavior + review LSTM/Transformer features,0.4394875463840509,59.33305955994536,0.9999602
621,1,collective_anomaly,investigate multivariate patterns + check correlated KPIs,0.4964877575141223,81.35044995121939,0.99996114
622,1,temporal_pattern_anomaly,analyze time-series behavior + review LSTM/Transformer features,0.3837797637337318,47.74362912993431,0.9997756
623,1,subtle_anomaly,monitor closely + collect more contextual data,0.4760885368141758,69.4547401396556,0.90070933
624,0,subtle_anomaly,monitor closely + collect more contextual data,0.3932579445942646,43.132339329420425,4.3608263e-05
625,1,collective_anomaly,investigate multivariate patterns + check correlated KPIs,0.4764816288727072,81.23496646022758,0.99986374
626,1,temporal_pattern_anomaly,analyze time-series behavior + review LSTM/Transformer features,0.4532481773070044,62.33536510097976,0.99992037
627,1,collective_anomaly,investigate multivariate patterns + check correlated KPIs,0.5119458496109556,92.57132455970428,0.99652267
628,0,subtle_anomaly,monitor closely + collect more contextual data,0.4533499017380906,61.53812720815576,0.0003147451
629,0,subtle_anomaly,monitor closely + collect more contextual data,0.3843426737791036,41.10642345574317,7.0404836e-05
630,0,subtle_anomaly,monitor closely + collect more contextual data,0.4093196686994242,52.65138983542572,4.5843793e-05
631,1,temporal_pattern_anomaly,analyze time-series behavior + review LSTM/Transformer features,0.4060012032007167,50.19039462583069,0.99985325
632,0,subtle_anomaly,monitor closely + collect more contextual data,0.4581772229002674,63.8465163373795,0.00010501337
633,0,subtle_anomaly,monitor closely + collect more contextual data,0.4414296371743693,58.27786611795712,0.0003971603
634,0,collective_anomaly,investigate multivariate patterns + check correlated KPIs,0.5050373837771138,93.12292544483287,0.00063194265
635,0,subtle_anomaly,monitor closely + collect more contextual data,0.4348208700652747,66.07957049039301,3.3744884e-05
636,0,subtle_anomaly,monitor closely + collect more contextual data,0.460706294936877,62.33065809026491,4.5998822e-05
637,0,subtle_anomaly,monitor closely + collect more contextual data,0.3885065604183594,47.10198485212119,0.0035113983
638,1,temporal_pattern_anomaly,analyze time-series behavior + review LSTM/Transformer features,0.4225693376610641,51.115422487856456,0.99989367
639,1,temporal_pattern_anomaly,analyze time-series behavior + review LSTM/Transformer features,0.4165996765548127,57.86383279768364,0.999869
640,0,subtle_anomaly,monitor closely + collect more contextual data,0.4730073274061669,72.30375121202528,6.604037e-05
641,0,subtle_anomaly,monitor closely + collect more contextual data,0.4144710400510123,49.86847148841542,0.00024093628
642,1,collective_anomaly,investigate multivariate patterns + check correlated KPIs,0.4834138612140067,83.63292491622381,0.99719465
643,1,temporal_pattern_anomaly,analyze time-series behavior + review LSTM/Transformer features,0.4137245771804114,49.264295297882505,0.99983037
644,1,temporal_pattern_anomaly,analyze time-series behavior + review LSTM/Transformer features,0.4156108321412369,57.815486619912,0.999977
645,1,temporal_pattern_anomaly,analyze time-series behavior + review LSTM/Transformer features,0.3910530983318838,44.239837923904936,0.9997651
646,0,subtle_anomaly,monitor closely + collect more contextual data,0.4127598216728015,50.93012588971884,0.00015145238
647,0,subtle_anomaly,monitor closely + collect more contextual data,0.4419742679680151,62.34036744005117,0.00028752218
648,1,temporal_pattern_anomaly,analyze time-series behavior + review LSTM/Transformer features,0.4063572241588679,56.10278732010086,0.9999356
649,1,temporal_pattern_anomaly,analyze time-series behavior + review LSTM/Transformer features,0.4391375867164477,63.08124609446658,0.9995522
650,1,temporal_pattern_anomaly,analyze time-series behavior + review LSTM/Transformer features,0.4423080846725751,74.31007044858794,0.9998361
651,1,temporal_pattern_anomaly,analyze time-series behavior + review LSTM/Transformer features,0.4349428578427469,48.903831133204925,0.99816567
652,1,temporal_pattern_anomaly,analyze time-series behavior + review LSTM/Transformer features,0.3888178849203597,48.39127494202968,0.999683
653,0,subtle_anomaly,monitor closely + collect more contextual data,0.4623697885149118,69.17534915212485,5.8006408e-05
654,1,temporal_pattern_anomaly,analyze time-series behavior + review LSTM/Transformer features,0.4460532418719299,65.62974939742405,0.99990404
655,1,collective_anomaly,investigate multivariate patterns + check correlated KPIs,0.5123336194427125,93.70489654996022,0.99987006
656,0,subtle_anomaly,monitor closely + collect more contextual data,0.3903764452841529,44.571295369983474,3.4146127e-05
657,0,subtle_anomaly,monitor closely + collect more contextual data,0.3809305982055137,45.89786712581881,0.0013954485
658,0,subtle_anomaly,monitor closely + collect more contextual data,0.461990547871395,62.3534379756819,0.00026533983
659,0,subtle_anomaly,monitor closely + collect more contextual data,0.3690544980786978,38.26295177142831,0.00092423277
660,1,collective_anomaly,investigate multivariate patterns + check correlated KPIs,0.5866975240256869,110.9939757934674,0.9997018
661,0,subtle_anomaly,monitor closely + collect more contextual data,0.4151040022510683,56.97635053839788,0.0003914172
662,0,subtle_anomaly,monitor closely + collect more contextual data,0.4083756158321465,49.1558174535755,0.00023619257
663,0,subtle_anomaly,monitor closely + collect more contextual data,0.4284905663389639,60.43075278359827,0.00014775376
664,0,subtle_anomaly,monitor closely + collect more contextual data,0.3984770594716926,45.12128624674396,0.0012350767
665,1,temporal_pattern_anomaly,analyze time-series behavior + review LSTM/Transformer features,0.424240763390428,54.76409863764148,0.99983525
666,0,subtle_anomaly,monitor closely + collect more contextual data,0.3712564587519859,37.49610882306613,4.2346237e-05
667,1,temporal_pattern_anomaly,analyze time-series behavior + review LSTM/Transformer features,0.4000102906233717,51.31199808207951,0.9999479
668,1,temporal_pattern_anomaly,analyze time-series behavior + review LSTM/Transformer features,0.4473730851273947,57.91258425730665,0.99974376
669,1,temporal_pattern_anomaly,analyze time-series behavior + review LSTM/Transformer features,0.4433031855364399,63.37473950326577,0.9999746
670,0,subtle_anomaly,monitor closely + collect more contextual data,0.4214999583366255,48.74984025729388,0.0007055958
671,0,subtle_anomaly,monitor closely + collect more contextual data,0.4166579757509484,58.534822760622376,8.41689e-05
672,0,isolation_outlier,inspect individual extreme values + check for sensor drift,0.4948866843598562,75.8781837012968,0.00029758087
673,1,temporal_pattern_anomaly,analyze time-series behavior + review LSTM/Transformer features,0.4341459757548849,63.07252468201764,0.999967
674,1,temporal_pattern_anomaly,analyze time-series behavior + review LSTM/Transformer features,0.4322099403392446,51.85763171262482,0.9999219
675,0,subtle_anomaly,monitor closely + collect more contextual data,0.4074783593328214,45.090166121240415,0.00056505186
676,1,temporal_pattern_anomaly,analyze time-series behavior + review LSTM/Transformer features,0.479474602973532,71.77824626924381,0.999969
677,1,collective_anomaly,investigate multivariate patterns + check correlated KPIs,0.5135304810300894,97.906063752039,0.9998115
678,1,temporal_pattern_anomaly,analyze time-series behavior + review LSTM/Transformer features,0.418824811131509,58.823782712218645,0.999956
679,1,temporal_pattern_anomaly,analyze time-series behavior + review LSTM/Transformer features,0.4549488877322636,64.11114629880711,0.9999608
680,0,subtle_anomaly,monitor closely + collect more contextual data,0.3906879241249055,43.969603909520245,0.0016121017
681,0,subtle_anomaly,monitor closely + collect more contextual data,0.3908394276692232,47.64373073301781,0.0012878107
682,1,temporal_pattern_anomaly,analyze time-series behavior + review LSTM/Transformer features,0.4488344960059771,59.7471341070177,0.98602146
683,0,subtle_anomaly,monitor closely + collect more contextual data,0.4662479877929861,68.76888816709221,0.00013799514
684,1,temporal_pattern_anomaly,analyze time-series behavior + review LSTM/Transformer features,0.4200264009957395,58.06505398185164,0.99998605
685,0,subtle_anomaly,monitor closely + collect more contextual data,0.4146561781534774,55.46185157507984,0.00018947013
686,1,temporal_pattern_anomaly,analyze time-series behavior + review LSTM/Transformer features,0.4231243281791453,53.46879599884976,0.99857163
687,0,subtle_anomaly,monitor closely + collect more contextual data,0.4171506511475609,45.56482503433935,0.0015177189
688,0,subtle_anomaly,monitor closely + collect more contextual data,0.4471711681196333,60.72369728365067,0.0002183428
689,0,subtle_anomaly,monitor closely + collect more contextual data,0.4062221715972572,53.03462809335239,0.00013781828
690,1,temporal_pattern_anomaly,analyze time-series behavior + review LSTM/Transformer features,0.389946240737913,45.56350872423256,0.9998073
691,0,subtle_anomaly,monitor closely + collect more contextual data,0.4397486663513001,54.72769942399051,0.003081327
692,1,temporal_pattern_anomaly,analyze time-series behavior + review LSTM/Transformer features,0.4225279887021394,50.24450923399705,0.9999664
693,1,temporal_pattern_anomaly,analyze time-series behavior + review LSTM/Transformer features,0.4703774941568453,64.6966675195134,0.81985587
694,1,temporal_pattern_anomaly,analyze time-series behavior + review LSTM/Transformer features,0.4301419398768193,59.92139987001813,0.999954
695,1,temporal_pattern_anomaly,analyze time-series behavior + review LSTM/Transformer features,0.4393731945795817,59.051283855440126,0.999838
696,0,isolation_outlier,inspect individual extreme values + check for sensor drift,0.4866642238990062,74.30776872486175,0.00022373718
697,0,subtle_anomaly,monitor closely + collect more contextual data,0.4085538809199054,49.51679165490132,0.0005381523
698,1,temporal_pattern_anomaly,analyze time-series behavior + review LSTM/Transformer features,0.4391699535448097,63.77297665775887,0.9999176
699,1,temporal_pattern_anomaly,analyze time-series behavior + review LSTM/Transformer features,0.4054055269406124,57.2465956431884,0.9997768
700,0,subtle_anomaly,monitor closely + collect more contextual data,0.4161375837276552,52.42981725019176,0.0013769993
701,1,temporal_pattern_anomaly,analyze time-series behavior + review LSTM/Transformer features,0.4277827553541661,52.96726829922345,0.9999018
702,0,subtle_anomaly,monitor closely + collect more contextual data,0.4327025300152022,56.02573287073905,3.2552078e-05
703,0,subtle_anomaly,monitor closely + collect more contextual data,0.4362231118441439,60.94318081851204,0.00023874352
704,0,subtle_anomaly,monitor closely + collect more contextual data,0.4673515446703579,64.67235155509192,0.00056317885
705,0,subtle_anomaly,monitor closely + collect more contextual data,0.4225426696693193,56.38505821722927,0.000549007
706,0,isolation_outlier,inspect individual extreme values + check for sensor drift,0.4841640171398495,68.85181890899358,6.931424e-05
707,1,collective_anomaly,investigate multivariate patterns + check correlated KPIs,0.4931042594411568,90.71122418819876,0.9999032
708,0,subtle_anomaly,monitor closely + collect more contextual data,0.3924095703294867,46.02405069974191,8.518316e-05
709,1,collective_anomaly,investigate multivariate patterns + check correlated KPIs,0.5236999619210336,85.74334203210486,0.99986553
710,0,subtle_anomaly,monitor closely + collect more contextual data,0.4383968433297764,49.20647380189063,0.00019905137
711,1,temporal_pattern_anomaly,analyze time-series behavior + review LSTM/Transformer features,0.4072792130433774,54.752884881047535,0.9998877
712,0,subtle_anomaly,monitor closely + collect more contextual data,0.4572459188420006,63.56570983857249,3.365111e-05
713,0,subtle_anomaly,monitor closely + collect more contextual data,0.4466413714205067,55.08883556107656,0.0001431251
714,1,temporal_pattern_anomaly,analyze time-series behavior + review LSTM/Transformer features,0.3921254367502557,49.51446658702755,0.9999236
715,0,subtle_anomaly,monitor closely + collect more contextual data,0.3952604475429048,44.44279504906078,0.0006075392
716,1,temporal_pattern_anomaly,analyze time-series behavior + review LSTM/Transformer features,0.4310866834837011,60.75160701014881,0.9998722
717,1,temporal_pattern_anomaly,analyze time-series behavior + review LSTM/Transformer features,0.4729805387904436,67.75082502700504,0.99989593
718,0,collective_anomaly,investigate multivariate patterns + check correlated KPIs,0.5987425025605938,114.35736946564016,0.012477003
719,1,temporal_pattern_anomaly,analyze time-series behavior + review LSTM/Transformer features,0.4634478071899054,67.52675073775471,0.99988747
720,0,subtle_anomaly,monitor closely + collect more contextual data,0.4700967900867315,66.04920039967699,0.00019130467
721,0,subtle_anomaly,monitor closely + collect more contextual data,0.476045842835932,63.1387428986408,7.460409e-05
722,0,subtle_anomaly,monitor closely + collect more contextual data,0.4089689833846004,55.538609517268654,0.000302771
723,0,subtle_anomaly,monitor closely + collect more contextual data,0.4399169540649768,59.00284585763829,0.00010843734
724,1,temporal_pattern_anomaly,analyze time-series behavior + review LSTM/Transformer features,0.4471366362578378,67.18194014127613,0.9998548
725,0,subtle_anomaly,monitor closely + collect more contextual data,0.4044275886673437,49.45243344630529,0.00039585924
726,1,temporal_pattern_anomaly,analyze time-series behavior + review LSTM/Transformer features,0.4498086521372423,60.48793918253873,0.9999336
727,0,subtle_anomaly,monitor closely + collect more contextual data,0.3686079827587105,40.81793130261181,0.001388083
728,1,temporal_pattern_anomaly,analyze time-series behavior + review LSTM/Transformer features,0.4115143710115401,54.25535780597981,0.9997377
729,1,collective_anomaly,investigate multivariate patterns + check correlated KPIs,0.4925548416881058,80.91380016042916,0.99944407
730,0,subtle_anomaly,monitor closely + collect more contextual data,0.4210740345319754,57.01701754465001,0.00016103
731,0,subtle_anomaly,monitor closely + collect more contextual data,0.4471328890211108,66.74392738955223,0.00011898955
732,0,subtle_anomaly,monitor closely + collect more contextual data,0.4666304939138316,62.07084319321159,0.00029505359
733,0,subtle_anomaly,monitor closely + collect more contextual data,0.4087378819858332,55.504865191905566,3.4392637e-05
734,0,subtle_anomaly,monitor closely + collect more contextual data,0.4397913968909833,61.06125015137138,7.432219e-05
735,1,collective_anomaly,investigate multivariate patterns + check correlated KPIs,0.5128702015203015,88.26703540645187,0.9997607
736,0,subtle_anomaly,monitor closely + collect more contextual data,0.4634390753632881,68.15416266354296,0.00011058586
737,0,subtle_anomaly,monitor closely + collect more contextual data,0.4254618360580489,53.0444142789474,0.00037405512
738,0,subtle_anomaly,monitor closely + collect more contextual data,0.4043369578061392,53.341436719262745,2.1903134e-05
739,0,subtle_anomaly,monitor closely + collect more contextual data,0.4071564141828231,53.20895709940796,0.00024360072
740,1,temporal_pattern_anomaly,analyze time-series behavior + review LSTM/Transformer features,0.4258561104677609,59.58695380377781,0.99996495
741,1,collective_anomaly,investigate multivariate patterns + check correlated KPIs,0.4892727591258422,89.58157196072219,0.9996939
742,1,temporal_pattern_anomaly,analyze time-series behavior + review LSTM/Transformer features,0.4035197186031034,48.181105251514,0.99996126
743,1,temporal_pattern_anomaly,analyze time-series behavior + review LSTM/Transformer features,0.3934085778685916,49.3236602469414,0.9998944
744,1,temporal_pattern_anomaly,analyze time-series behavior + review LSTM/Transformer features,0.3908126934090797,49.7819649531952,0.99998224
745,0,subtle_anomaly,monitor closely + collect more contextual data,0.4372602901482975,55.086285123829086,0.002308993
746,0,subtle_anomaly,monitor closely + collect more contextual data,0.4439749734542338,56.37399651106151,0.00013972959
747,0,subtle_anomaly,monitor closely + collect more contextual data,0.4213611919623103,53.770520575979006,4.5061224e-05
748,1,temporal_pattern_anomaly,analyze time-series behavior + review LSTM/Transformer features,0.4282189096937029,59.08696544365014,0.999954
749,1,temporal_pattern_anomaly,analyze time-series behavior + review LSTM/Transformer features,0.4544937826967919,58.9306446844378,0.9999306
750,1,temporal_pattern_anomaly,analyze time-series behavior + review LSTM/Transformer features,0.4526982860803537,56.77761940050619,0.99991846
751,1,temporal_pattern_anomaly,analyze time-series behavior + review LSTM/Transformer features,0.4535691002277862,60.74769952311723,0.9999651
752,0,temporal_pattern_anomaly,analyze time-series behavior + review LSTM/Transformer features,0.4461143472803094,73.14355388980812,0.0054565724
753,0,subtle_anomaly,monitor closely + collect more contextual data,0.4037861872271515,49.51028699062377,0.0014301696
754,1,temporal_pattern_anomaly,analyze time-series behavior + review LSTM/Transformer features,0.413262637637021,48.90944227420762,0.99579453
755,1,temporal_pattern_anomaly,analyze time-series behavior + review LSTM/Transformer features,0.4320336339509728,51.02544217089567,0.99970514
756,1,temporal_pattern_anomaly,analyze time-series behavior + review LSTM/Transformer features,0.4072022980876067,52.07519862191746,0.9998895
757,1,collective_anomaly,investigate multivariate patterns + check correlated KPIs,0.5363135607335257,98.0420730805854,0.99988043
758,1,temporal_pattern_anomaly,analyze time-series behavior + review LSTM/Transformer features,0.3817160200603711,44.60527761816613,0.9935229
759,0,subtle_anomaly,monitor closely + collect more contextual data,0.4258848870699874,56.15453656060387,0.00014462775
760,0,subtle_anomaly,monitor closely + collect more contextual data,0.4100316378983956,51.1806676097233,8.6907094e-05
761,0,subtle_anomaly,monitor closely + collect more contextual data,0.4306113881485656,58.15519697704852,2.2600316e-05
762,0,subtle_anomaly,monitor closely + collect more contextual data,0.4301292856204766,54.83421643021057,0.00015392817
763,1,temporal_pattern_anomaly,analyze time-series behavior + review LSTM/Transformer features,0.3982655313743516,48.16543174950044,0.9999654
764,1,temporal_pattern_anomaly,analyze time-series behavior + review LSTM/Transformer features,0.4470795689635566,50.97380703454623,0.99910057
765,0,subtle_anomaly,monitor closely + collect more contextual data,0.4574202237060243,70.41536657573089,8.8905515e-05
766,1,temporal_pattern_anomaly,analyze time-series behavior + review LSTM/Transformer features,0.4089900872098977,59.6218030019717,0.99994755
767,1,temporal_pattern_anomaly,analyze time-series behavior + review LSTM/Transformer features,0.3850519022787399,46.32684280491166,0.99993765
768,0,subtle_anomaly,monitor closely + collect more contextual data,0.4396776310902272,59.81687572077212,0.00019512507
769,0,subtle_anomaly,monitor closely + collect more contextual data,0.4621618037390642,65.87177722022545,0.00077253534
770,0,subtle_anomaly,monitor closely + collect more contextual data,0.4194614903549615,51.81080303627862,0.0040473044
771,0,subtle_anomaly,monitor closely + collect more contextual data,0.4456393897788699,60.968284112109565,0.0006704365
772,1,temporal_pattern_anomaly,analyze time-series behavior + review LSTM/Transformer features,0.4229872663109553,56.37188798971187,0.99986625
773,1,temporal_pattern_anomaly,analyze time-series behavior + review LSTM/Transformer features,0.3878901072110161,45.9603952857494,0.9990195
774,1,temporal_pattern_anomaly,analyze time-series behavior + review LSTM/Transformer features,0.4905525891422525,79.00760551625174,0.99994206
775,0,subtle_anomaly,monitor closely + collect more contextual data,0.4217908497424408,54.26090700671831,0.000996219
776,0,isolation_outlier,inspect individual extreme values + check for sensor drift,0.4863734783135973,65.97225605441366,0.00032104884
777,1,temporal_pattern_anomaly,analyze time-series behavior + review LSTM/Transformer features,0.4127969478692743,57.28757469982415,0.9999441
778,1,temporal_pattern_anomaly,analyze time-series behavior + review LSTM/Transformer features,0.4481534167596996,59.264689012383336,0.9998734
779,1,temporal_pattern_anomaly,analyze time-series behavior + review LSTM/Transformer features,0.426864480794988,54.01394850904384,0.99998105
780,1,temporal_pattern_anomaly,analyze time-series behavior + review LSTM/Transformer features,0.4225904641988194,60.0951692891499,0.9999368
781,1,collective_anomaly,investigate multivariate patterns + check correlated KPIs,0.5313520300196299,103.99682917889666,0.99992824
782,0,subtle_anomaly,monitor closely + collect more contextual data,0.4143628814347081,54.72564019161024,8.577027e-05
783,0,subtle_anomaly,monitor closely + collect more contextual data,0.4403457760527873,61.095702257207904,0.00013274401
784,0,subtle_anomaly,monitor closely + collect more contextual data,0.4120941608161811,49.38703577530304,0.0008738933
785,0,subtle_anomaly,monitor closely + collect more contextual data,0.4093068241861534,47.46865320345955,0.0011774539
786,0,subtle_anomaly,monitor closely + collect more contextual data,0.4348362577529911,60.9975347368084,4.169543e-05
787,1,temporal_pattern_anomaly,analyze time-series behavior + review LSTM/Transformer features,0.4306275932396738,50.92377306137098,0.8685547
788,1,temporal_pattern_anomaly,analyze time-series behavior + review LSTM/Transformer features,0.4039979285827911,53.3402793040346,0.99985623
789,0,subtle_anomaly,monitor closely + collect more contextual data,0.3883378166675005,47.40018199312557,4.195813e-05
790,1,temporal_pattern_anomaly,analyze time-series behavior + review LSTM/Transformer features,0.4075042791349359,55.06389980980053,0.9999275
791,0,subtle_anomaly,monitor closely + collect more contextual data,0.4103051811926548,45.44404184486493,0.0001259764
792,0,subtle_anomaly,monitor closely + collect more contextual data,0.4245991491719743,54.7869798687172,0.0015786843
793,0,subtle_anomaly,monitor closely + collect more contextual data,0.3829522895644202,43.79393729247047,0.00011801257
794,1,temporal_pattern_anomaly,analyze time-series behavior + review LSTM/Transformer features,0.3967975753484231,50.39109103567364,0.99992657
795,1,temporal_pattern_anomaly,analyze time-series behavior + review LSTM/Transformer features,0.409008213722874,53.27708259470225,0.99992085
796,1,temporal_pattern_anomaly,analyze time-series behavior + review LSTM/Transformer features,0.4672305991461808,73.16319588886616,0.99988043
797,0,subtle_anomaly,monitor closely + collect more contextual data,0.3978615710246651,44.31785485714861,9.386174e-05
798,1,temporal_pattern_anomaly,analyze time-series behavior + review LSTM/Transformer features,0.4216871603975712,55.61844061775497,0.99994946
799,0,subtle_anomaly,monitor closely + collect more contextual data,0.3907203548268025,45.99274692112781,9.7527925e-05
800,1,temporal_pattern_anomaly,analyze time-series behavior + review LSTM/Transformer features,0.4500244096787225,59.92175313737909,0.999948
801,1,temporal_pattern_anomaly,analyze time-series behavior + review LSTM/Transformer features,0.435841412453116,59.4355874835631,0.9999609
802,1,collective_anomaly,investigate multivariate patterns + check correlated KPIs,0.5149779182385694,100.95705873456404,0.99987006
803,1,temporal_pattern_anomaly,analyze time-series behavior + review LSTM/Transformer features,0.4270729845123154,52.98890061448117,0.999964
804,0,temporal_pattern_anomaly,analyze time-series behavior + review LSTM/Transformer features,0.4472361253557644,74.01689431547017,0.0004881446
805,0,temporal_pattern_anomaly,analyze time-series behavior + review LSTM/Transformer features,0.3941328678728489,47.946494315414576,0.043427877
806,0,subtle_anomaly,monitor closely + collect more contextual data,0.4073060205095921,56.75961109589621,0.0009243138
807,1,temporal_pattern_anomaly,analyze time-series behavior + review LSTM/Transformer features,0.4587574452374016,68.39274466742789,0.99996483
808,1,collective_anomaly,investigate multivariate patterns + check correlated KPIs,0.4998821888267427,81.0376949751691,0.9981729
809,0,subtle_anomaly,monitor closely + collect more contextual data,0.4205757109989682,60.36590248225115,0.002956854
810,0,subtle_anomaly,monitor closely + collect more contextual data,0.3833302435415786,43.27190144801057,0.00017778174
811,1,temporal_pattern_anomaly,analyze time-series behavior + review LSTM/Transformer features,0.4905411177508774,69.55534812534633,0.99993527
812,0,subtle_anomaly,monitor closely + collect more contextual data,0.4206006119524941,55.4763128845,0.00012397792
813,1,temporal_pattern_anomaly,analyze time-series behavior + review LSTM/Transformer features,0.4528004172544577,65.97105727740326,0.9997048
814,0,subtle_anomaly,monitor closely + collect more contextual data,0.435064217372109,49.89229641912296,0.006258593
815,0,subtle_anomaly,monitor closely + collect more contextual data,0.4483663350842874,60.65262841422079,9.762748e-05
816,0,subtle_anomaly,monitor closely + collect more contextual data,0.4025789686005164,51.73093388168543,0.00029533447
817,1,temporal_pattern_anomaly,analyze time-series behavior + review LSTM/Transformer features,0.3965308560773856,48.63949075921318,0.99910563
818,0,subtle_anomaly,monitor closely + collect more contextual data,0.4341171942323173,54.62693818780966,0.0013384337
819,0,subtle_anomaly,monitor closely + collect more contextual data,0.4163848534014854,52.84799750462589,2.9230896e-05
820,0,subtle_anomaly,monitor closely + collect more contextual data,0.4799790332878367,67.4750614613491,0.0003145672
821,0,subtle_anomaly,monitor closely + collect more contextual data,0.4104556539670039,51.15843492341834,8.481517e-05
822,1,temporal_pattern_anomaly,analyze time-series behavior + review LSTM/Transformer features,0.4578212243670472,66.1801131383735,0.9994137
823,1,temporal_pattern_anomaly,analyze time-series behavior + review LSTM/Transformer features,0.4314139915889475,58.85432880205023,0.999941
824,0,subtle_anomaly,monitor closely + collect more contextual data,0.4087445036827972,46.86113442489626,0.0008703089
825,0,collective_anomaly,investigate multivariate patterns + check correlated KPIs,0.5016040157142984,82.38990583548097,0.00041416488
826,1,temporal_pattern_anomaly,analyze time-series behavior + review LSTM/Transformer features,0.426160503853785,49.28985280861125,0.9978818
827,0,subtle_anomaly,monitor closely + collect more contextual data,0.4217888889064399,55.84831882610128,0.00022835421
828,1,temporal_pattern_anomaly,analyze time-series behavior + review LSTM/Transformer features,0.4386497531073889,65.18497402770281,0.9999429
829,0,subtle_anomaly,monitor closely + collect more contextual data,0.3822583892904377,46.72944355324699,0.0032571463
830,0,collective_anomaly,investigate multivariate patterns + check correlated KPIs,0.560118724331345,114.25768681520088,0.022947902
831,0,subtle_anomaly,monitor closely + collect more contextual data,0.3832560559544926,42.62121688634,3.5539808e-05
832,0,isolation_outlier,inspect individual extreme values + check for sensor drift,0.4903293071829727,78.96715282545253,0.00021091524
833,0,subtle_anomaly,monitor closely + collect more contextual data,0.4682695186984773,67.3157259411567,0.00024003196
834,0,subtle_anomaly,monitor closely + collect more contextual data,0.4253201862021258,59.19946179036831,0.00041013458
835,0,subtle_anomaly,monitor closely + collect more contextual data,0.3844824341640817,42.55194827198537,9.065678e-05
836,1,collective_anomaly,investigate multivariate patterns + check correlated KPIs,0.4969563175496354,88.65519090906973,0.9999877
837,0,subtle_anomaly,monitor closely + collect more contextual data,0.4351515170799383,53.30878089770797,0.00016197567
838,1,temporal_pattern_anomaly,analyze time-series behavior + review LSTM/Transformer features,0.4338529349133734,55.273022436982224,0.9999441
839,1,temporal_pattern_anomaly,analyze time-series behavior + review LSTM/Transformer features,0.4254861298215356,50.911135294376166,0.9978676
840,1,collective_anomaly,investigate multivariate patterns + check correlated KPIs,0.5576988054890175,111.87807795374312,0.99961674
841,0,subtle_anomaly,monitor closely + collect more contextual data,0.3694526322850452,39.97244715594632,0.00028414684
842,1,temporal_pattern_anomaly,analyze time-series behavior + review LSTM/Transformer features,0.3941449153196038,45.16798920115384,0.9998161
843,0,subtle_anomaly,monitor closely + collect more contextual data,0.3910312302335703,44.93674208646637,0.009063012
844,0,subtle_anomaly,monitor closely + collect more contextual data,0.4327857301970167,61.59009067910575,0.0002180322
845,1,temporal_pattern_anomaly,analyze time-series behavior + review LSTM/Transformer features,0.4306475643093296,57.442633347887785,0.9999484
846,1,temporal_pattern_anomaly,analyze time-series behavior + review LSTM/Transformer features,0.409983718391866,54.70200830274717,0.9995098
847,0,subtle_anomaly,monitor closely + collect more contextual data,0.4635394380898376,72.62632191891669,4.585993e-05
848,0,subtle_anomaly,monitor closely + collect more contextual data,0.3890251032144347,46.12416075492783,4.4059423e-05
849,0,subtle_anomaly,monitor closely + collect more contextual data,0.407003454416722,52.20931319242175,2.0981195e-05
850,1,temporal_pattern_anomaly,analyze time-series behavior + review LSTM/Transformer features,0.4427211329023413,59.61664582310438,0.9999397
851,1,temporal_pattern_anomaly,analyze time-series behavior + review LSTM/Transformer features,0.4071526547779303,54.0280961693354,0.9999399
852,1,temporal_pattern_anomaly,analyze time-series behavior + review LSTM/Transformer features,0.4335064870310703,70.6393905609437,0.9998217
853,1,collective_anomaly,investigate multivariate patterns + check correlated KPIs,0.4966168354617071,87.6265586723771,0.9997873
854,1,collective_anomaly,investigate multivariate patterns + check correlated KPIs,0.5886578436230032,116.22829597500804,0.9999422
855,0,subtle_anomaly,monitor closely + collect more contextual data,0.3919105974666229,42.03060177601775,0.0015348821
856,0,subtle_anomaly,monitor closely + collect more contextual data,0.4108360827714233,49.101687315665366,0.00015113616
857,1,temporal_pattern_anomaly,analyze time-series behavior + review LSTM/Transformer features,0.3864351288068411,49.52362184016851,0.9999877
858,0,subtle_anomaly,monitor closely + collect more contextual data,0.4519210916355028,68.78405969606598,3.9336097e-05
859,0,subtle_anomaly,monitor closely + collect more contextual data,0.4348051570526161,50.274386457971865,0.25984526
860,1,collective_anomaly,investigate multivariate patterns + check correlated KPIs,0.5081948198323036,82.57134908737136,0.9998472
861,0,subtle_anomaly,monitor closely + collect more contextual data,0.3918805594107801,43.55913315923146,0.00022517188
862,1,temporal_pattern_anomaly,analyze time-series behavior + review LSTM/Transformer features,0.4390176269702841,58.373214073935,0.9994091
863,0,subtle_anomaly,monitor closely + collect more contextual data,0.4285985731090039,52.26420858912976,4.506518e-05
864,0,subtle_anomaly,monitor closely + collect more contextual data,0.4023869364668673,49.318382213793015,4.523374e-05
865,1,temporal_pattern_anomaly,analyze time-series behavior + review LSTM/Transformer features,0.4492869431645243,59.3040714068093,0.999905
866,1,temporal_pattern_anomaly,analyze time-series behavior + review LSTM/Transformer features,0.4674814982139815,68.63575366066968,0.99995625
867,0,subtle_anomaly,monitor closely + collect more contextual data,0.386606941259396,47.66825442227759,0.07168848
868,0,subtle_anomaly,monitor closely + collect more contextual data,0.3790878072129403,44.571031988663705,0.00010894781
869,0,collective_anomaly,investigate multivariate patterns + check correlated KPIs,0.5123013782595163,84.30642303560198,0.012724756
870,1,temporal_pattern_anomaly,analyze time-series behavior + review LSTM/Transformer features,0.3915567820322905,49.7949641717211,0.99994993
871,1,temporal_pattern_anomaly,analyze time-series behavior + review LSTM/Transformer features,0.4483803561920756,73.53805800737065,0.99981683
872,0,subtle_anomaly,monitor closely + collect more contextual data,0.479710920024896,66.74841281533446,0.0011940758
873,0,subtle_anomaly,monitor closely + collect more contextual data,0.4307426399601223,52.50693466099034,0.013347603
874,1,temporal_pattern_anomaly,analyze time-series behavior + review LSTM/Transformer features,0.4106753510705809,50.60460724415807,0.9999304
875,1,temporal_pattern_anomaly,analyze time-series behavior + review LSTM/Transformer features,0.4255267544698402,55.55118150308814,0.99996936
876,0,subtle_anomaly,monitor closely + collect more contextual data,0.3857760310517286,42.55649138806849,0.00018689872
877,1,temporal_pattern_anomaly,analyze time-series behavior + review LSTM/Transformer features,0.4241067958900482,53.624570925701775,0.99975485
878,1,temporal_pattern_anomaly,analyze time-series behavior + review LSTM/Transformer features,0.4397704412289925,61.32257699327309,0.9999027
879,0,isolation_outlier,inspect individual extreme values + check for sensor drift,0.4853514562344706,75.28539774667169,0.00018970946
880,1,temporal_pattern_anomaly,analyze time-series behavior + review LSTM/Transformer features,0.4454848302441812,60.190476395809725,0.9999573
881,1,temporal_pattern_anomaly,analyze time-series behavior + review LSTM/Transformer features,0.3913275646226135,45.31416210226368,0.99887735
882,1,temporal_pattern_anomaly,analyze time-series behavior + review LSTM/Transformer features,0.4605481109174793,70.77248199158853,0.9999604
883,1,temporal_pattern_anomaly,analyze time-series behavior + review LSTM/Transformer features,0.421230051461846,61.73590339290938,0.9997838
884,1,temporal_pattern_anomaly,analyze time-series behavior + review LSTM/Transformer features,0.428004814649652,51.94098559301737,0.99979633
885,1,collective_anomaly,investigate multivariate patterns + check correlated KPIs,0.5461038999159583,99.66095832151098,0.99809664
886,0,subtle_anomaly,monitor closely + collect more contextual data,0.4674449863797584,63.67144214534287,0.00040080879
887,0,subtle_anomaly,monitor closely + collect more contextual data,0.4201491067427747,54.62341105399217,0.000932469
888,0,subtle_anomaly,monitor closely + collect more contextual data,0.414097293403128,49.94116295150849,0.00012942284
889,1,temporal_pattern_anomaly,analyze time-series behavior + review LSTM/Transformer features,0.4183548886112983,60.05942355107533,0.9992053
890,0,subtle_anomaly,monitor closely + collect more contextual data,0.4331571046083576,50.65372620190409,7.316443e-05
891,0,subtle_anomaly,monitor closely + collect more contextual data,0.3999909309547163,52.62081999678493,0.00032952256
892,1,temporal_pattern_anomaly,analyze time-series behavior + review LSTM/Transformer features,0.449905605325332,63.67404147928799,0.99992263
893,1,temporal_pattern_anomaly,analyze time-series behavior + review LSTM/Transformer features,0.4221571312930637,60.4816736799262,0.99722904
894,1,temporal_pattern_anomaly,analyze time-series behavior + review LSTM/Transformer features,0.4542770518837973,69.97410987583983,0.99971884
895,0,subtle_anomaly,monitor closely + collect more contextual data,0.4236715240431152,51.67743821696878,0.00017811175
896,1,collective_anomaly,investigate multivariate patterns + check correlated KPIs,0.5055828394566618,99.01780309737076,0.9998963
897,1,temporal_pattern_anomaly,analyze time-series behavior + review LSTM/Transformer features,0.4220873381590931,52.144008762961214,0.99993503
898,1,temporal_pattern_anomaly,analyze time-series behavior + review LSTM/Transformer features,0.4666992877903169,73.4381102021383,0.9999198
899,1,temporal_pattern_anomaly,analyze time-series behavior + review LSTM/Transformer features,0.4399618539497562,54.12776506233191,0.9999801
900,1,temporal_pattern_anomaly,analyze time-series behavior + review LSTM/Transformer features,0.4027875163004662,50.09018499557701,0.9999254
901,1,temporal_pattern_anomaly,analyze time-series behavior + review LSTM/Transformer features,0.4184227971573392,50.46895195808086,0.9773227
902,1,temporal_pattern_anomaly,analyze time-series behavior + review LSTM/Transformer features,0.4354504239923246,51.97181167029014,0.9995951
903,0,subtle_anomaly,monitor closely + collect more contextual data,0.419478455529795,50.52059492467142,0.0003658752
904,0,subtle_anomaly,monitor closely + collect more contextual data,0.4397093027929822,65.46738573833146,0.00014781831
905,0,subtle_anomaly,monitor closely + collect more contextual data,0.3927365984545975,46.18180582458609,0.0014740427
906,1,collective_anomaly,investigate multivariate patterns + check correlated KPIs,0.5352643801110477,102.62973163546434,0.99994135
907,1,collective_anomaly,investigate multivariate patterns + check correlated KPIs,0.5556087355103687,97.5756093793392,0.79277974
908,1,collective_anomaly,investigate multivariate patterns + check correlated KPIs,0.5393991843900513,106.72967824045492,0.99993014
909,1,temporal_pattern_anomaly,analyze time-series behavior + review LSTM/Transformer features,0.4188539132327455,51.95507605048673,0.9993011
910,1,temporal_pattern_anomaly,analyze time-series behavior + review LSTM/Transformer features,0.4246664009785208,58.72858095521472,0.99987733
911,1,temporal_pattern_anomaly,analyze time-series behavior + review LSTM/Transformer features,0.4302266837623839,56.050232046413534,0.9999691
912,0,subtle_anomaly,monitor closely + collect more contextual data,0.4390742758298869,55.13336889644093,0.0001514056
913,0,subtle_anomaly,monitor closely + collect more contextual data,0.389727067820917,43.44988789054075,0.00035211266
914,0,subtle_anomaly,monitor closely + collect more contextual data,0.457372858434992,57.88561744794069,7.0006696e-05
915,1,temporal_pattern_anomaly,analyze time-series behavior + review LSTM/Transformer features,0.3926331518611061,50.28429247324731,0.99990726
916,1,temporal_pattern_anomaly,analyze time-series behavior + review LSTM/Transformer features,0.3942623780243971,43.91504494664312,0.99988055
917,0,subtle_anomaly,monitor closely + collect more contextual data,0.4120611532656696,54.1308150518495,3.2583976e-05
918,1,temporal_pattern_anomaly,analyze time-series behavior + review LSTM/Transformer features,0.4453256032278589,61.875200510475736,0.9999063
919,1,temporal_pattern_anomaly,analyze time-series behavior + review LSTM/Transformer features,0.4185619737907226,57.03499247949388,0.9999199
920,1,temporal_pattern_anomaly,analyze time-series behavior + review LSTM/Transformer features,0.45744367965151,63.30163364920388,0.9975274
921,1,temporal_pattern_anomaly,analyze time-series behavior + review LSTM/Transformer features,0.4227810318250419,49.5072969687816,0.9997008
922,0,subtle_anomaly,monitor closely + collect more contextual data,0.4567462143771424,74.2067508531359,9.8747936e-05
923,1,temporal_pattern_anomaly,analyze time-series behavior + review LSTM/Transformer features,0.4091183047919528,53.79659908199888,0.99973255
924,1,temporal_pattern_anomaly,analyze time-series behavior + review LSTM/Transformer features,0.4709456504429717,68.3111817592953,0.9999399
925,0,subtle_anomaly,monitor closely + collect more contextual data,0.44622012702981,61.99739800263706,0.0002760147
926,0,subtle_anomaly,monitor closely + collect more contextual data,0.4114990842927702,48.06413607814356,0.00046189904
927,1,temporal_pattern_anomaly,analyze time-series behavior + review LSTM/Transformer features,0.4354399683592154,56.75408908093206,0.999933
928,1,temporal_pattern_anomaly,analyze time-series behavior + review LSTM/Transformer features,0.400606628012211,52.5401632279033,0.9999411
929,0,subtle_anomaly,monitor closely + collect more contextual data,0.4504320034782677,61.1808216065626,8.836837e-05
930,1,collective_anomaly,investigate multivariate patterns + check correlated KPIs,0.5250879257664799,83.25401895952746,0.9999435
931,0,subtle_anomaly,monitor closely + collect more contextual data,0.388798170414114,44.79759776100896,0.00010806295
932,0,subtle_anomaly,monitor closely + collect more contextual data,0.4552317668677706,60.313747398589335,0.00031920543
933,0,subtle_anomaly,monitor closely + collect more contextual data,0.4380699479922358,52.10921044200748,6.8220375e-05
934,1,temporal_pattern_anomaly,analyze time-series behavior + review LSTM/Transformer features,0.4271009003566449,59.62487719828432,0.9999349
935,1,temporal_pattern_anomaly,analyze time-series behavior + review LSTM/Transformer features,0.4466099922799874,55.14498544436711,0.9998951
936,0,subtle_anomaly,monitor closely + collect more contextual data,0.4569070577716434,61.06406468156899,0.00079511566
937,0,subtle_anomaly,monitor closely + collect more contextual data,0.4626185274327151,62.80559570520264,0.00024633994
938,1,temporal_pattern_anomaly,analyze time-series behavior + review LSTM/Transformer features,0.4631424878354402,62.93720530761595,0.9997576
939,0,subtle_anomaly,monitor closely + collect more contextual data,0.3942060675973454,49.17025909437219,0.008895546
940,0,subtle_anomaly,monitor closely + collect more contextual data,0.4613153923907672,68.25901652582006,0.00020356377
941,0,collective_anomaly,investigate multivariate patterns + check correlated KPIs,0.5612638862961101,105.15465406879498,0.010250251
942,0,subtle_anomaly,monitor closely + collect more contextual data,0.3870754018884135,45.92260682700776,0.0003144029
943,0,isolation_outlier,inspect individual extreme values + check for sensor drift,0.4891633037789641,67.04723484023921,0.00032738262
944,1,temporal_pattern_anomaly,analyze time-series behavior + review LSTM/Transformer features,0.4343540933763762,53.31763291234747,0.9998964
945,0,subtle_anomaly,monitor closely + collect more contextual data,0.4427476340636606,56.54528293944582,3.768281e-05
946,0,subtle_anomaly,monitor closely + collect more contextual data,0.4511576680551692,62.15754823255538,8.690502e-05
947,1,temporal_pattern_anomaly,analyze time-series behavior + review LSTM/Transformer features,0.441548181464696,59.452406961105225,0.9999548
948,0,subtle_anomaly,monitor closely + collect more contextual data,0.3814024733324339,43.51719697160149,8.014133e-05
949,0,subtle_anomaly,monitor closely + collect more contextual data,0.3905738070087161,41.41293758571451,0.00020392997
950,0,collective_anomaly,investigate multivariate patterns + check correlated KPIs,0.4961478091120613,82.88286062547746,0.0006690255
951,0,temporal_pattern_anomaly,analyze time-series behavior + review LSTM/Transformer features,0.4080224683676692,53.19674675519661,0.00019081791
952,1,temporal_pattern_anomaly,analyze time-series behavior + review LSTM/Transformer features,0.4169714082749227,58.33703541535265,0.99995446
953,0,subtle_anomaly,monitor closely + collect more contextual data,0.4021530371957525,43.81119255148107,0.000113640875
954,1,collective_anomaly,investigate multivariate patterns + check correlated KPIs,0.547253938319528,113.83959615785632,0.9997507
955,0,subtle_anomaly,monitor closely + collect more contextual data,0.4298749237218965,52.598546199119326,0.0014689546
956,0,subtle_anomaly,monitor closely + collect more contextual data,0.4474151615690385,60.82503250370405,4.7549696e-05
957,0,subtle_anomaly,monitor closely + collect more contextual data,0.4087110999171244,51.83018198006249,4.9130078e-05
958,0,collective_anomaly,investigate multivariate patterns + check correlated KPIs,0.4845901338483205,82.95826696128104,0.0014999547
959,1,collective_anomaly,investigate multivariate patterns + check correlated KPIs,0.4950522409000035,94.70201835726448,0.99995327
960,0,subtle_anomaly,monitor closely + collect more contextual data,0.4043489022981868,46.45458032022608,0.0014719246
961,1,temporal_pattern_anomaly,analyze time-series behavior + review LSTM/Transformer features,0.4112668943739938,55.72296740474832,0.99994504
962,1,temporal_pattern_anomaly,analyze time-series behavior + review LSTM/Transformer features,0.4514741912796393,61.56034086068167,0.99995995
963,0,subtle_anomaly,monitor closely + collect more contextual data,0.4528999764835562,58.52338386731665,0.00011514443
964,1,temporal_pattern_anomaly,analyze time-series behavior + review LSTM/Transformer features,0.4469363178468576,70.5119195273393,0.9997875
965,1,temporal_pattern_anomaly,analyze time-series behavior + review LSTM/Transformer features,0.422624641798406,57.316448132419175,0.9999653
966,0,subtle_anomaly,monitor closely + collect more contextual data,0.4131859222741182,49.484827866447056,0.00082454144
967,0,subtle_anomaly,monitor closely + collect more contextual data,0.4473127816012409,52.18389932301008,0.012930195
968,1,confirmed_anomaly,high-confidence alert - trigger immediate investigation,0.3941087955499164,45.9554769132232,0.99769706
969,0,subtle_anomaly,monitor closely + collect more contextual data,0.4419708057211777,60.53501354258995,7.156798e-05
970,0,subtle_anomaly,monitor closely + collect more contextual data,0.4336321914489406,56.96393847880744,0.0011068522
971,0,subtle_anomaly,monitor closely + collect more contextual data,0.436824692539215,55.07844314295822,0.000689815
972,1,temporal_pattern_anomaly,analyze time-series behavior + review LSTM/Transformer features,0.4007622674127833,48.42915784912367,0.99810636
973,0,subtle_anomaly,monitor closely + collect more contextual data,0.3993739415906501,46.1937539721858,7.780356e-05
974,0,subtle_anomaly,monitor closely + collect more contextual data,0.3966671753606596,43.427005908295925,0.0002486401
975,0,subtle_anomaly,monitor closely + collect more contextual data,0.4180297004269447,52.54919277030136,0.00010839021
976,1,temporal_pattern_anomaly,analyze time-series behavior + review LSTM/Transformer features,0.4526161661299875,61.13637790231176,0.99985206
977,1,temporal_pattern_anomaly,analyze time-series behavior + review LSTM/Transformer features,0.4118710856494439,54.56000972817005,0.9993874
978,1,temporal_pattern_anomaly,analyze time-series behavior + review LSTM/Transformer features,0.4655094468508948,62.04019895483201,0.99953437
979,0,isolation_outlier,inspect individual extreme values + check for sensor drift,0.4908267264062258,66.640405179954,0.0002417149
980,0,subtle_anomaly,monitor closely + collect more contextual data,0.4211919931496706,55.295591745835736,0.03107129
981,1,temporal_pattern_anomaly,analyze time-series behavior + review LSTM/Transformer features,0.3828210548387827,48.01885854523972,0.99982387
982,0,subtle_anomaly,monitor closely + collect more contextual data,0.4287655472415569,53.18299110948942,0.00023436744
983,1,temporal_pattern_anomaly,analyze time-series behavior + review LSTM/Transformer features,0.4532374911185444,60.98673112619142,0.9997552
984,0,subtle_anomaly,monitor closely + collect more contextual data,0.4071566193889779,53.16204909423595,1.942387e-05
985,0,subtle_anomaly,monitor closely + collect more contextual data,0.4276811459947723,49.31204601210873,0.0001245911
986,0,subtle_anomaly,monitor closely + collect more contextual data,0.4622393866809295,62.10030440664354,4.4073837e-05
987,0,subtle_anomaly,monitor closely + collect more contextual data,0.4061995012400566,51.75287208660825,2.4024495e-05
988,1,temporal_pattern_anomaly,analyze time-series behavior + review LSTM/Transformer features,0.4232633105473815,58.12827744932935,0.9999448
989,0,subtle_anomaly,monitor closely + collect more contextual data,0.3854070737237741,44.35246861380041,4.2211694e-05
990,0,collective_anomaly,investigate multivariate patterns + check correlated KPIs,0.5181426236737,93.55046409861848,0.0016451002
991,0,subtle_anomaly,monitor closely + collect more contextual data,0.3997098150059621,50.162789662106064,0.00020086815
992,0,subtle_anomaly,monitor closely + collect more contextual data,0.4259347688717617,53.59326923504447,0.00041798287
993,1,temporal_pattern_anomaly,analyze time-series behavior + review LSTM/Transformer features,0.4095170624497475,53.986377848550205,0.9998528
994,0,isolation_outlier,inspect individual extreme values + check for sensor drift,0.5040197698668863,70.91116726982871,6.31281e-05
995,0,subtle_anomaly,monitor closely + collect more contextual data,0.4159607760784327,57.1001193772276,2.754985e-05
996,0,subtle_anomaly,monitor closely + collect more contextual data,0.4671462503499876,61.64386185418457,0.0005844234
997,0,subtle_anomaly,monitor closely + collect more contextual data,0.478231022139271,64.58798917187505,0.004040023
998,1,temporal_pattern_anomaly,analyze time-series behavior + review LSTM/Transformer features,0.3973125059845598,49.61766925318436,0.99990845
999,0,subtle_anomaly,monitor closely + collect more contextual data,0.4156911021600466,51.71038552847477,3.443934e-05
1000,0,isolation_outlier,inspect individual extreme values + check for sensor drift,0.5043305442234263,71.56987081246375,9.7636694e-05
1001,1,collective_anomaly,investigate multivariate patterns + check correlated KPIs,0.4944327360523771,80.91359070801052,0.9999516
1002,1,temporal_pattern_anomaly,analyze time-series behavior + review LSTM/Transformer features,0.4028808174041423,52.21966645832904,0.99982953
1003,1,temporal_pattern_anomaly,analyze time-series behavior + review LSTM/Transformer features,0.4489645949480366,67.74320127215861,0.9999708
1004,0,subtle_anomaly,monitor closely + collect more contextual data,0.4205502181570745,55.02065665720126,3.9586117e-05
1005,1,temporal_pattern_anomaly,analyze time-series behavior + review LSTM/Transformer features,0.4646872780165117,64.33999668290703,0.99986124
1006,1,temporal_pattern_anomaly,analyze time-series behavior + review LSTM/Transformer features,0.4723218099175771,64.54209170529036,0.9975696
1007,1,temporal_pattern_anomaly,analyze time-series behavior + review LSTM/Transformer features,0.4125766940327766,52.67372571459823,0.99965453
1008,0,subtle_anomaly,monitor closely + collect more contextual data,0.4632227923461066,62.059075478390525,0.001017643
1009,1,collective_anomaly,investigate multivariate patterns + check correlated KPIs,0.5838083193748144,113.33486246327875,0.99951255
1010,0,subtle_anomaly,monitor closely + collect more contextual data,0.4372399489420792,60.22687899390734,0.00014554428
1011,0,subtle_anomaly,monitor closely + collect more contextual data,0.4428834503149126,55.45928007378442,0.00012150412
1012,0,subtle_anomaly,monitor closely + collect more contextual data,0.4292726720946084,56.14706874333382,0.02172014
1013,1,temporal_pattern_anomaly,analyze time-series behavior + review LSTM/Transformer features,0.4089211213672582,53.22514123614808,0.9999553
1014,0,subtle_anomaly,monitor closely + collect more contextual data,0.4164835337599821,55.862502311587626,0.00020541663
1015,0,isolation_outlier,inspect individual extreme values + check for sensor drift,0.4879453072651286,75.2993040539729,0.00022307834
1016,1,temporal_pattern_anomaly,analyze time-series behavior + review LSTM/Transformer features,0.3973684199474682,50.06522250434115,0.999948
1017,0,subtle_anomaly,monitor closely + collect more contextual data,0.4031297300035832,45.9272817089532,6.9686714e-05
1018,1,temporal_pattern_anomaly,analyze time-series behavior + review LSTM/Transformer features,0.3989950377589851,47.71740394166336,0.9998667
1019,1,temporal_pattern_anomaly,analyze time-series behavior + review LSTM/Transformer features,0.4677244461334354,66.64691204107233,0.9999199
1020,1,temporal_pattern_anomaly,analyze time-series behavior + review LSTM/Transformer features,0.4338447022933215,59.86369917094817,0.99993
1021,0,subtle_anomaly,monitor closely + collect more contextual data,0.4098128152190539,50.438077780924615,0.00018124537
1022,0,subtle_anomaly,monitor closely + collect more contextual data,0.4033485504996525,51.2547845300974,4.656943e-05
1023,0,subtle_anomaly,monitor closely + collect more contextual data,0.4666547782749342,63.60593131969141,0.000702244
1024,1,collective_anomaly,investigate multivariate patterns + check correlated KPIs,0.5818529774251199,125.78319558340316,0.9944891
1025,0,subtle_anomaly,monitor closely + collect more contextual data,0.4240293577438012,53.40512833922902,4.9749586e-05
1026,0,subtle_anomaly,monitor closely + collect more contextual data,0.4118132775486269,50.22452935039747,0.00012517591
1027,1,temporal_pattern_anomaly,analyze time-series behavior + review LSTM/Transformer features,0.4217463172079798,51.265511212128274,0.9984565
1028,0,subtle_anomaly,monitor closely + collect more contextual data,0.4225883548917291,53.37473241685519,0.08108434
1029,0,subtle_anomaly,monitor closely + collect more contextual data,0.4012407571006762,49.70326452462111,6.202997e-05
1030,1,temporal_pattern_anomaly,analyze time-series behavior + review LSTM/Transformer features,0.4843167028854601,71.99259681802401,0.9999422
1031,0,collective_anomaly,investigate multivariate patterns + check correlated KPIs,0.5675720425721251,102.8124152085634,0.0042208517
1032,1,temporal_pattern_anomaly,analyze time-series behavior + review LSTM/Transformer features,0.3817280428022147,45.0134905028938,0.9996457
1033,0,subtle_anomaly,monitor closely + collect more contextual data,0.4629396240862054,68.8311257844425,0.00014080144
1034,0,subtle_anomaly,monitor closely + collect more contextual data,0.4227350548396684,52.54792608621009,0.0011287556
1035,0,subtle_anomaly,monitor closely + collect more contextual data,0.4573161652918632,67.63170135405488,0.00023670995
1036,0,subtle_anomaly,monitor closely + collect more contextual data,0.4094928483230314,53.47385972510136,0.00028672666
1037,0,subtle_anomaly,monitor closely + collect more contextual data,0.4127946184188932,55.74551557654687,0.027764674
1038,1,temporal_pattern_anomaly,analyze time-series behavior + review LSTM/Transformer features,0.4223626697982653,54.92889989863197,0.9994522
1039,0,subtle_anomaly,monitor closely + collect more contextual data,0.4067070369750898,52.12696536497212,9.455427e-05
1040,0,subtle_anomaly,monitor closely + collect more contextual data,0.4175877883485027,55.75262228634656,0.00045352432
1041,0,subtle_anomaly,monitor closely + collect more contextual data,0.4212302086464859,47.534252474844784,0.04734246
1042,1,temporal_pattern_anomaly,analyze time-series behavior + review LSTM/Transformer features,0.4297650950885088,53.54411718136258,0.99976486
1043,1,temporal_pattern_anomaly,analyze time-series behavior + review LSTM/Transformer features,0.451430124154791,58.66100651138131,0.99988735
1044,1,temporal_pattern_anomaly,analyze time-series behavior + review LSTM/Transformer features,0.4683606593736836,73.5579132462083,0.9999106
1045,1,temporal_pattern_anomaly,analyze time-series behavior + review LSTM/Transformer features,0.4333933098786474,57.55977699771593,0.9999237
1046,1,temporal_pattern_anomaly,analyze time-series behavior + review LSTM/Transformer features,0.3726805511439051,45.49834091091925,0.9998305
1047,1,temporal_pattern_anomaly,analyze time-series behavior + review LSTM/Transformer features,0.3766016440111326,41.69215524678579,0.9014174
1048,1,temporal_pattern_anomaly,analyze time-series behavior + review LSTM/Transformer features,0.4497381650051263,63.97132384450413,0.99993575
1049,0,subtle_anomaly,monitor closely + collect more contextual data,0.4367268142847776,46.63310100613455,0.0001953943
1050,0,subtle_anomaly,monitor closely + collect more contextual data,0.4201229444622906,53.93935366281867,0.0001596144
1051,1,temporal_pattern_anomaly,analyze time-series behavior + review LSTM/Transformer features,0.4389964080694562,59.16870952836469,0.99994767
1052,0,subtle_anomaly,monitor closely + collect more contextual data,0.3968982863608898,48.57913774074884,1.8776962e-05
1053,0,subtle_anomaly,monitor closely + collect more contextual data,0.4144309686318782,56.99677775089152,0.00022208494
1054,1,temporal_pattern_anomaly,analyze time-series behavior + review LSTM/Transformer features,0.435602436940552,55.32146311280069,0.9982237
1055,0,subtle_anomaly,monitor closely + collect more contextual data,0.4321658617096123,60.30210470425168,3.091237e-05
1056,1,temporal_pattern_anomaly,analyze time-series behavior + review LSTM/Transformer features,0.4092304501079189,52.7138313934852,0.9994898
1057,0,subtle_anomaly,monitor closely + collect more contextual data,0.445299833547973,57.15380256777645,8.0099155e-05
1058,0,subtle_anomaly,monitor closely + collect more contextual data,0.4039198243686101,50.72009132905156,0.0011100243
1059,1,temporal_pattern_anomaly,analyze time-series behavior + review LSTM/Transformer features,0.4045158529965223,46.52650468355272,0.053389158
1060,1,temporal_pattern_anomaly,analyze time-series behavior + review LSTM/Transformer features,0.4635370300975659,75.90597059629084,0.99886936
1061,0,collective_anomaly,investigate multivariate patterns + check correlated KPIs,0.5390725302928692,94.73840269263168,0.014775742
1062,0,subtle_anomaly,monitor closely + collect more contextual data,0.4283940503823903,58.15257465774796,0.00063723524
1063,0,subtle_anomaly,monitor closely + collect more contextual data,0.4146508977731218,50.13052697393939,0.00036123136
1064,1,temporal_pattern_anomaly,analyze time-series behavior + review LSTM/Transformer features,0.3851304660967346,43.63220684773302,0.9996505
1065,0,subtle_anomaly,monitor closely + collect more contextual data,0.4179045138527026,54.67398750489468,0.00015027668
1066,0,collective_anomaly,investigate multivariate patterns + check correlated KPIs,0.4744450829194671,81.12148142760286,0.000119221
1067,1,temporal_pattern_anomaly,analyze time-series behavior + review LSTM/Transformer features,0.4183722582415883,54.8250245578472,0.99978846
1068,1,temporal_pattern_anomaly,analyze time-series behavior + review LSTM/Transformer features,0.4261107459537101,54.957852969347286,0.9206833
1069,0,subtle_anomaly,monitor closely + collect more contextual data,0.4025908524692951,50.35277341213377,8.733161e-05
1070,1,temporal_pattern_anomaly,analyze time-series behavior + review LSTM/Transformer features,0.3852112105513339,42.550277218199085,0.9998635
1071,1,temporal_pattern_anomaly,analyze time-series behavior + review LSTM/Transformer features,0.4073785620706607,55.67686733911672,0.99996865
1072,1,temporal_pattern_anomaly,analyze time-series behavior + review LSTM/Transformer features,0.4304228455252295,54.904224022822106,0.99989533
1073,1,temporal_pattern_anomaly,analyze time-series behavior + review LSTM/Transformer features,0.4322707523072335,66.07284924900506,0.99996173
1074,1,temporal_pattern_anomaly,analyze time-series behavior + review LSTM/Transformer features,0.393190121801415,47.630875801726745,0.99994206
1075,1,temporal_pattern_anomaly,analyze time-series behavior + review LSTM/Transformer features,0.4263773625224075,62.68221189307423,0.99985814
1076,1,temporal_pattern_anomaly,analyze time-series behavior + review LSTM/Transformer features,0.3954773534507179,53.2238341673778,0.9999515
1077,1,temporal_pattern_anomaly,analyze time-series behavior + review LSTM/Transformer features,0.4424237132468057,53.97499931559335,0.9994764
1078,0,subtle_anomaly,monitor closely + collect more contextual data,0.398584954670063,48.02614373088483,0.005646568
1079,0,subtle_anomaly,monitor closely + collect more contextual data,0.4070817570098188,51.73216263958004,5.3240285e-05
1080,1,temporal_pattern_anomaly,analyze time-series behavior + review LSTM/Transformer features,0.4131746303211223,57.71193277425253,0.99974996
1081,0,subtle_anomaly,monitor closely + collect more contextual data,0.4121461115476627,50.10639498080942,4.5921548e-05
1082,0,subtle_anomaly,monitor closely + collect more contextual data,0.4262458780991014,58.7810559481755,0.00069448084
1083,1,temporal_pattern_anomaly,analyze time-series behavior + review LSTM/Transformer features,0.4052995408617812,46.98058494511471,0.9998882
1084,1,temporal_pattern_anomaly,analyze time-series behavior + review LSTM/Transformer features,0.4361363601346099,56.57697907815282,0.99926335
1085,0,subtle_anomaly,monitor closely + collect more contextual data,0.4155593986891446,53.55213329536098,3.846414e-05
1086,1,temporal_pattern_anomaly,analyze time-series behavior + review LSTM/Transformer features,0.4095070728733366,50.97205592771113,0.9996809
1087,1,temporal_pattern_anomaly,analyze time-series behavior + review LSTM/Transformer features,0.413217131723557,50.01717425334077,0.9995609
1088,1,collective_anomaly,investigate multivariate patterns + check correlated KPIs,0.5250041392537143,105.1172046924668,0.999944
1089,1,temporal_pattern_anomaly,analyze time-series behavior + review LSTM/Transformer features,0.4264813927115005,53.61041283471013,0.9995852
1090,0,subtle_anomaly,monitor closely + collect more contextual data,0.4533433887366577,55.99513211493291,0.00033365455
1091,0,subtle_anomaly,monitor closely + collect more contextual data,0.3963368503620716,46.756932440075445,7.130081e-05
1092,1,temporal_pattern_anomaly,analyze time-series behavior + review LSTM/Transformer features,0.466627672684847,72.17551584242682,0.99949086
1093,1,temporal_pattern_anomaly,analyze time-series behavior + review LSTM/Transformer features,0.4273668237982971,57.63077515501895,0.999785
1094,1,temporal_pattern_anomaly,analyze time-series behavior + review LSTM/Transformer features,0.3830793867572238,47.62647827038112,0.9996487
1095,1,collective_anomaly,investigate multivariate patterns + check correlated KPIs,0.4870087732425686,80.3287524396562,0.9981067
1096,0,subtle_anomaly,monitor closely + collect more contextual data,0.3888121516701481,44.95431722440159,8.255791e-05
1097,0,subtle_anomaly,monitor closely + collect more contextual data,0.4116022166709824,48.44360506407429,0.0019143597
1098,1,temporal_pattern_anomaly,analyze time-series behavior + review LSTM/Transformer features,0.4381628672850082,65.08264497783391,0.99974436
1099,0,subtle_anomaly,monitor closely + collect more contextual data,0.4003616790494794,50.320938549740205,0.0004804701
1100,0,collective_anomaly,investigate multivariate patterns + check correlated KPIs,0.5074213743313706,87.0385790777458,0.0003816663
1101,0,subtle_anomaly,monitor closely + collect more contextual data,0.4349823701146835,54.63348673960409,0.0019356571
1102,0,subtle_anomaly,monitor closely + collect more contextual data,0.3771320595761654,44.061921450056325,0.057264738
1103,0,subtle_anomaly,monitor closely + collect more contextual data,0.417957808526831,49.80579560392885,0.00079267734
1104,0,subtle_anomaly,monitor closely + collect more contextual data,0.4271152907032828,53.42824676351184,0.0058934484
1105,1,temporal_pattern_anomaly,analyze time-series behavior + review LSTM/Transformer features,0.431239669552216,52.11325275867054,0.999785
1106,0,subtle_anomaly,monitor closely + collect more contextual data,0.4231748072594892,63.6648411015698,0.00012329637
1107,0,subtle_anomaly,monitor closely + collect more contextual data,0.4595352983258082,62.91465096637646,0.0016630238
1108,0,subtle_anomaly,monitor closely + collect more contextual data,0.3986693855979944,48.37705478194628,0.00072770077
1109,1,temporal_pattern_anomaly,analyze time-series behavior + review LSTM/Transformer features,0.4629284008824293,57.26274357180575,0.9996132
1110,0,subtle_anomaly,monitor closely + collect more contextual data,0.4414011300392857,60.44037992694391,0.00011129613
1111,0,subtle_anomaly,monitor closely + collect more contextual data,0.4399961543292182,56.74070653900462,0.009116225
1112,1,temporal_pattern_anomaly,analyze time-series behavior + review LSTM/Transformer features,0.4074505470827088,52.1550250581232,0.9954822
1113,0,subtle_anomaly,monitor closely + collect more contextual data,0.418368814871963,49.0020990446988,0.0001593568
1114,1,temporal_pattern_anomaly,analyze time-series behavior + review LSTM/Transformer features,0.4202287502501081,61.11911001994258,0.99994934
1115,1,temporal_pattern_anomaly,analyze time-series behavior + review LSTM/Transformer features,0.3871344790603453,45.613247469240505,0.99867636
1116,0,subtle_anomaly,monitor closely + collect more contextual data,0.4197374064644438,50.347487988872885,3.982421e-05
1117,0,isolation_outlier,inspect individual extreme values + check for sensor drift,0.4803838852313922,65.10642591866666,0.00038021352
1118,1,temporal_pattern_anomaly,analyze time-series behavior + review LSTM/Transformer features,0.4235820045647361,49.36136070944136,0.9995603
1119,0,subtle_anomaly,monitor closely + collect more contextual data,0.4312509840104233,52.097695186180594,0.03386984
1120,0,collective_anomaly,investigate multivariate patterns + check correlated KPIs,0.5256880080243607,94.47972429553997,0.061880738
1121,1,temporal_pattern_anomaly,analyze time-series behavior + review LSTM/Transformer features,0.3870723551282293,45.721911757576486,0.9975042
1122,1,temporal_pattern_anomaly,analyze time-series behavior + review LSTM/Transformer features,0.402050352867721,55.45187872791597,0.99976546
1123,1,collective_anomaly,investigate multivariate patterns + check correlated KPIs,0.5323600574413235,101.021489219431,0.99996114
1124,0,subtle_anomaly,monitor closely + collect more contextual data,0.445181353727321,59.08915188388863,0.0010852634
1125,1,temporal_pattern_anomaly,analyze time-series behavior + review LSTM/Transformer features,0.4117008778728498,53.80237310568557,0.99990284
1126,0,subtle_anomaly,monitor closely + collect more contextual data,0.4175124748809096,54.49828132821344,6.873933e-05
1127,0,subtle_anomaly,monitor closely + collect more contextual data,0.4644176191301211,65.20137096286736,0.00016863957
1128,1,temporal_pattern_anomaly,analyze time-series behavior + review LSTM/Transformer features,0.4131637776397368,55.15853267597319,0.9999709
1129,1,temporal_pattern_anomaly,analyze time-series behavior + review LSTM/Transformer features,0.4052624809203927,53.63942597369998,0.9999659
1130,1,collective_anomaly,investigate multivariate patterns + check correlated KPIs,0.5276345692301077,95.6669315405436,0.9981688
1131,1,temporal_pattern_anomaly,analyze time-series behavior + review LSTM/Transformer features,0.4204613789429071,53.51103683293476,0.9997712
1132,0,temporal_pattern_anomaly,analyze time-series behavior + review LSTM/Transformer features,0.4333631386078969,58.01613713186607,0.00036575142
1133,1,temporal_pattern_anomaly,analyze time-series behavior + review LSTM/Transformer features,0.4099285536906758,51.586644235654205,0.9998802
1134,0,subtle_anomaly,monitor closely + collect more contextual data,0.4073820377561764,43.94049164925267,0.0005144393
1135,0,subtle_anomaly,monitor closely + collect more contextual data,0.4157784794604223,49.360544600524506,6.675681e-05
1136,1,temporal_pattern_anomaly,analyze time-series behavior + review LSTM/Transformer features,0.4128826303841537,55.13729567699137,0.99979085
1137,0,subtle_anomaly,monitor closely + collect more contextual data,0.414447103918271,53.44843274254479,0.00035589974
1138,0,subtle_anomaly,monitor closely + collect more contextual data,0.3841745166646077,44.429069574947015,0.00466543
1139,1,temporal_pattern_anomaly,analyze time-series behavior + review LSTM/Transformer features,0.4268978123113191,57.5199984796254,0.99974483
1140,1,temporal_pattern_anomaly,analyze time-series behavior + review LSTM/Transformer features,0.4221856833434102,51.13658824025377,0.9995596
1141,0,subtle_anomaly,monitor closely + collect more contextual data,0.4375672178848919,55.94313345323941,0.00033325463
1142,1,temporal_pattern_anomaly,analyze time-series behavior + review LSTM/Transformer features,0.4465937284937977,62.30800630078239,0.9846697
1143,0,subtle_anomaly,monitor closely + collect more contextual data,0.4374073409634046,58.50386742078639,0.00018156243
1144,0,subtle_anomaly,monitor closely + collect more contextual data,0.4329307372006387,60.094895182924034,0.00023293566
1145,1,temporal_pattern_anomaly,analyze time-series behavior + review LSTM/Transformer features,0.4137679036412273,57.04627413741703,0.99995947
1146,1,temporal_pattern_anomaly,analyze time-series behavior + review LSTM/Transformer features,0.433845532456675,49.30212563943393,0.99928576
1147,1,temporal_pattern_anomaly,analyze time-series behavior + review LSTM/Transformer features,0.4418617632942945,64.40433072512937,0.99994636
1148,1,temporal_pattern_anomaly,analyze time-series behavior + review LSTM/Transformer features,0.4081238228348544,51.01356066194765,0.9975199
1149,1,temporal_pattern_anomaly,analyze time-series behavior + review LSTM/Transformer features,0.4182000627611615,54.049962031064304,0.9997675
1150,1,temporal_pattern_anomaly,analyze time-series behavior + review LSTM/Transformer features,0.3943095428903952,47.1364337666399,0.9994186
1151,1,temporal_pattern_anomaly,analyze time-series behavior + review LSTM/Transformer features,0.4316054914723755,52.47096508063093,0.9985114
1152,1,temporal_pattern_anomaly,analyze time-series behavior + review LSTM/Transformer features,0.4507686590097453,62.28341411835353,0.9993105
1153,0,subtle_anomaly,monitor closely + collect more contextual data,0.4102846304111919,55.07097238917429,0.00012370702
1154,0,subtle_anomaly,monitor closely + collect more contextual data,0.4213471477401408,54.29498722569934,7.039121e-05
1155,0,subtle_anomaly,monitor closely + collect more contextual data,0.3971131895400165,44.27647805143593,0.00010097219
1156,0,subtle_anomaly,monitor closely + collect more contextual data,0.4427032129600965,67.19903735942115,3.9112634e-05
1157,1,temporal_pattern_anomaly,analyze time-series behavior + review LSTM/Transformer features,0.4178085981949537,59.563650637839416,0.99992394
1158,1,temporal_pattern_anomaly,analyze time-series behavior + review LSTM/Transformer features,0.4161099335884151,55.12195344138126,0.99991846
1159,1,temporal_pattern_anomaly,analyze time-series behavior + review LSTM/Transformer features,0.4154184331405372,53.72046115687345,0.9999633
1160,0,subtle_anomaly,monitor closely + collect more contextual data,0.4084107028007961,47.485242494283376,0.0007037423
1161,1,temporal_pattern_anomaly,analyze time-series behavior + review LSTM/Transformer features,0.426092434700716,52.57060215760976,0.99962294
1162,0,subtle_anomaly,monitor closely + collect more contextual data,0.4275883773803678,62.78049750126729,0.00025708706
1163,0,subtle_anomaly,monitor closely + collect more contextual data,0.4495501240449464,62.85121891356457,5.9214977e-05
1164,0,subtle_anomaly,monitor closely + collect more contextual data,0.4666997128796422,65.91900979625233,0.00020038741
1165,1,collective_anomaly,investigate multivariate patterns + check correlated KPIs,0.5154894011632496,93.08968661775944,0.9997849
1166,0,subtle_anomaly,monitor closely + collect more contextual data,0.4029073307255728,50.69739626850401,0.00014802057
1167,0,subtle_anomaly,monitor closely + collect more contextual data,0.4106699059648035,55.710146237929145,4.0080813e-05
1168,0,subtle_anomaly,monitor closely + collect more contextual data,0.4284587748627161,61.19036114530985,0.00016594525
1169,0,isolation_outlier,inspect individual extreme values + check for sensor drift,0.4999034706028191,70.61382468580463,4.0402054e-05
1170,1,temporal_pattern_anomaly,analyze time-series behavior + review LSTM/Transformer features,0.4291768430544543,53.48982885764142,0.9999523
1171,1,temporal_pattern_anomaly,analyze time-series behavior + review LSTM/Transformer features,0.4436903221436094,57.35998406857906,0.99945563
1172,1,temporal_pattern_anomaly,analyze time-series behavior + review LSTM/Transformer features,0.4271919980828001,58.64910180230475,0.999915
1173,0,subtle_anomaly,monitor closely + collect more contextual data,0.4378035876759755,59.187115306258086,5.5926932e-05
1174,1,temporal_pattern_anomaly,analyze time-series behavior + review LSTM/Transformer features,0.4410643951298493,56.1265110589144,0.99990726
1175,1,temporal_pattern_anomaly,analyze time-series behavior + review LSTM/Transformer features,0.4324789264383237,55.77701403004602,0.99984646
1176,1,collective_anomaly,investigate multivariate patterns + check correlated KPIs,0.4914242582679337,90.58977358059676,0.99974245
1177,1,temporal_pattern_anomaly,analyze time-series behavior + review LSTM/Transformer features,0.4486254974518892,60.15947538361315,0.99989974
1178,0,subtle_anomaly,monitor closely + collect more contextual data,0.4108656183877747,54.04410875362076,0.00014063345
1179,0,subtle_anomaly,monitor closely + collect more contextual data,0.4196863082937359,53.09899981683114,0.0010091489
1180,0,subtle_anomaly,monitor closely + collect more contextual data,0.4079804338114009,44.506205686776354,0.008207212
1181,0,subtle_anomaly,monitor closely + collect more contextual data,0.4480511875948253,63.27950567942236,0.00010226786
1182,0,temporal_pattern_anomaly,analyze time-series behavior + review LSTM/Transformer features,0.4775681742723378,78.17716644528946,0.026847266
1183,1,temporal_pattern_anomaly,analyze time-series behavior + review LSTM/Transformer features,0.4195494827704971,55.98896109206713,0.9999666
1184,0,subtle_anomaly,monitor closely + collect more contextual data,0.4216203767809863,54.94290959240549,0.0010040785
1185,1,temporal_pattern_anomaly,analyze time-series behavior + review LSTM/Transformer features,0.4533920008259351,70.11392118803346,0.9818507
1186,1,temporal_pattern_anomaly,analyze time-series behavior + review LSTM/Transformer features,0.422133072308169,57.40395159513245,0.9998597
1187,1,temporal_pattern_anomaly,analyze time-series behavior + review LSTM/Transformer features,0.4036040695291145,54.1833487538275,0.9999442
1188,0,subtle_anomaly,monitor closely + collect more contextual data,0.4265328490505993,52.06747978559675,3.6333626e-05
1189,0,subtle_anomaly,monitor closely + collect more contextual data,0.4604717159448852,64.45737917847445,0.0006721945
1190,0,subtle_anomaly,monitor closely + collect more contextual data,0.4149697144766395,49.88314340927848,0.00031970214
1191,1,temporal_pattern_anomaly,analyze time-series behavior + review LSTM/Transformer features,0.4232082099453804,57.639539932957,0.99995923
1192,1,temporal_pattern_anomaly,analyze time-series behavior + review LSTM/Transformer features,0.4540791658935331,68.83509845950083,0.999915
1193,0,subtle_anomaly,monitor closely + collect more contextual data,0.4138040717272838,55.6638798632713,0.00020831682
1194,1,temporal_pattern_anomaly,analyze time-series behavior + review LSTM/Transformer features,0.462398126034496,69.74837811090345,0.9999416
1195,0,subtle_anomaly,monitor closely + collect more contextual data,0.4161256520227427,47.204415610969086,0.00027579034
1196,0,collective_anomaly,investigate multivariate patterns + check correlated KPIs,0.5142294698552511,80.7641875456789,0.00022756742
1197,1,collective_anomaly,investigate multivariate patterns + check correlated KPIs,0.5109490561587879,92.13108975544188,0.9996797
1198,0,subtle_anomaly,monitor closely + collect more contextual data,0.4084439351943382,50.49993653962196,0.0009364577
1199,0,subtle_anomaly,monitor closely + collect more contextual data,0.4248599459106002,54.78062364340187,0.0019744723
1200,1,temporal_pattern_anomaly,analyze time-series behavior + review LSTM/Transformer features,0.4084186271487703,51.75318055034231,0.9992126
1201,1,temporal_pattern_anomaly,analyze time-series behavior + review LSTM/Transformer features,0.4229502854127224,56.54689121454954,0.9996232
1202,0,subtle_anomaly,monitor closely + collect more contextual data,0.4506026356157397,57.262734979895,0.00041559973
1203,1,temporal_pattern_anomaly,analyze time-series behavior + review LSTM/Transformer features,0.4097454503002386,52.60820673153946,0.9999546
1204,1,collective_anomaly,investigate multivariate patterns + check correlated KPIs,0.4677586901095519,81.38445545437182,0.99989474
1205,0,subtle_anomaly,monitor closely + collect more contextual data,0.4042395263913819,50.70545528519684,0.0005602244
1206,0,subtle_anomaly,monitor closely + collect more contextual data,0.4785485468297678,66.43117686378194,0.00040708017
1207,1,temporal_pattern_anomaly,analyze time-series behavior + review LSTM/Transformer features,0.4268895073271226,52.73683738721657,0.9998939
1208,1,collective_anomaly,investigate multivariate patterns + check correlated KPIs,0.510989493301812,87.09975565821637,0.999951
1209,0,subtle_anomaly,monitor closely + collect more contextual data,0.3929284167964183,46.6426481568596,0.00010250804
1210,1,temporal_pattern_anomaly,analyze time-series behavior + review LSTM/Transformer features,0.4547422716152455,63.78787822842246,0.99994993
1211,1,temporal_pattern_anomaly,analyze time-series behavior + review LSTM/Transformer features,0.4061698140842042,51.83755854890994,0.9999765
1212,0,subtle_anomaly,monitor closely + collect more contextual data,0.4023139979378077,48.035790093874645,4.6851437e-05
1213,0,subtle_anomaly,monitor closely + collect more contextual data,0.4454381694771316,68.37942261649386,1.9899944e-05
1214,0,subtle_anomaly,monitor closely + collect more contextual data,0.3994313848403575,48.46560139859668,0.9154773
1215,1,temporal_pattern_anomaly,analyze time-series behavior + review LSTM/Transformer features,0.3888240360759861,47.64407955106222,0.9981115
1216,0,temporal_pattern_anomaly,analyze time-series behavior + review LSTM/Transformer features,0.3831547592427962,45.52089730302232,0.00082053937
1217,1,temporal_pattern_anomaly,analyze time-series behavior + review LSTM/Transformer features,0.4325372262358654,63.502570876946685,0.99966395
1218,1,temporal_pattern_anomaly,analyze time-series behavior + review LSTM/Transformer features,0.4354205054084193,64.58340260175197,0.99997246
1219,1,temporal_pattern_anomaly,analyze time-series behavior + review LSTM/Transformer features,0.4129236832917421,54.31460761146872,0.9999484
1220,1,temporal_pattern_anomaly,analyze time-series behavior + review LSTM/Transformer features,0.4379122810691435,58.71321165061963,0.99982786
1221,1,temporal_pattern_anomaly,analyze time-series behavior + review LSTM/Transformer features,0.4243749513912199,54.39953107727141,0.999071
1222,0,subtle_anomaly,monitor closely + collect more contextual data,0.396533941826038,50.039416052845816,0.00095343817
1223,0,subtle_anomaly,monitor closely + collect more contextual data,0.43259240038675,59.85049577947343,2.5681093e-05
1224,0,subtle_anomaly,monitor closely + collect more contextual data,0.4088592315237281,50.27391463999624,0.00015406149
1225,0,subtle_anomaly,monitor closely + collect more contextual data,0.4577514360699984,66.850259366066,0.09259138
1226,0,subtle_anomaly,monitor closely + collect more contextual data,0.4017491567198671,49.75514383426061,4.4369455e-05
1227,0,subtle_anomaly,monitor closely + collect more contextual data,0.4376052028144292,59.9700627207696,0.06819885
1228,1,temporal_pattern_anomaly,analyze time-series behavior + review LSTM/Transformer features,0.4268018315330999,55.488821869381546,0.99970883
1229,0,subtle_anomaly,monitor closely + collect more contextual data,0.4480619799451978,59.32424377596161,0.00096179463
1230,0,subtle_anomaly,monitor closely + collect more contextual data,0.4008596775392021,47.56356005674651,0.0001893132
1231,1,subtle_anomaly,monitor closely + collect more contextual data,0.4159609182414299,52.2100369323019,0.12295264
1232,0,subtle_anomaly,monitor closely + collect more contextual data,0.438176765172025,59.11297685095465,0.0005035222
1233,1,temporal_pattern_anomaly,analyze time-series behavior + review LSTM/Transformer features,0.4372889615917107,60.29486369467368,0.99992096
1234,0,subtle_anomaly,monitor closely + collect more contextual data,0.4624396929334888,70.82811323981949,0.00028801573
1235,1,temporal_pattern_anomaly,analyze time-series behavior + review LSTM/Transformer features,0.4380889188871405,65.94654177186636,0.9997595
1236,0,subtle_anomaly,monitor closely + collect more contextual data,0.4089854074510291,44.91837833401882,0.004093138
1237,0,subtle_anomaly,monitor closely + collect more contextual data,0.4204426253310645,50.944004651310166,0.00923944
1238,1,temporal_pattern_anomaly,analyze time-series behavior + review LSTM/Transformer features,0.424726250258319,56.89073579060315,0.9999465
1239,0,subtle_anomaly,monitor closely + collect more contextual data,0.4694514580740019,65.5441313797756,0.00048009903
1240,0,subtle_anomaly,monitor closely + collect more contextual data,0.4346432133584911,58.521274019302346,0.00013943583
1241,0,subtle_anomaly,monitor closely + collect more contextual data,0.4291273152938647,56.22476480753002,0.0003746745
1242,1,temporal_pattern_anomaly,analyze time-series behavior + review LSTM/Transformer features,0.4238270294988931,59.45744867282867,0.9999809
1243,1,temporal_pattern_anomaly,analyze time-series behavior + review LSTM/Transformer features,0.3877493036886473,49.33135159852924,0.99986124
1244,0,subtle_anomaly,monitor closely + collect more contextual data,0.4026315398413458,43.7012981132942,0.00013132488
1245,1,temporal_pattern_anomaly,analyze time-series behavior + review LSTM/Transformer features,0.4747493190229961,71.96340467000039,0.99990284
1246,1,collective_anomaly,investigate multivariate patterns + check correlated KPIs,0.4805151259239882,81.85048641851947,0.9996247
1247,0,subtle_anomaly,monitor closely + collect more contextual data,0.4349544798321881,55.58189184357271,4.836109e-05
1248,0,subtle_anomaly,monitor closely + collect more contextual data,0.439572383223079,55.16560278526909,0.0001323064
1249,1,temporal_pattern_anomaly,analyze time-series behavior + review LSTM/Transformer features,0.4451287516216765,54.57864372769926,0.99997115
1250,1,temporal_pattern_anomaly,analyze time-series behavior + review LSTM/Transformer features,0.4258454107304192,57.58791331269968,0.9998863
1251,1,temporal_pattern_anomaly,analyze time-series behavior + review LSTM/Transformer features,0.4474763965912013,58.52809413721149,0.99968493
1252,0,subtle_anomaly,monitor closely + collect more contextual data,0.4454382901255105,59.628262507479945,4.0544244e-05
1253,0,subtle_anomaly,monitor closely + collect more contextual data,0.3980582075154449,46.4172866037772,0.00013594687
1254,1,temporal_pattern_anomaly,analyze time-series behavior + review LSTM/Transformer features,0.444351216706868,61.56031631800501,0.9998994
1255,0,subtle_anomaly,monitor closely + collect more contextual data,0.4173588673615582,56.10205614097383,0.00053195975
1256,1,temporal_pattern_anomaly,analyze time-series behavior + review LSTM/Transformer features,0.4975261831188994,76.58967649254292,0.99996305
1257,1,collective_anomaly,investigate multivariate patterns + check correlated KPIs,0.5542121297611048,101.23997578504893,0.99869496
1258,0,subtle_anomaly,monitor closely + collect more contextual data,0.4107645350026505,47.57924296261587,0.00016508842
1259,0,subtle_anomaly,monitor closely + collect more contextual data,0.457223434573232,66.84396276552519,0.002104365
1260,1,temporal_pattern_anomaly,analyze time-series behavior + review LSTM/Transformer features,0.3986621853626922,45.53328457374442,0.9976568
1261,0,subtle_anomaly,monitor closely + collect more contextual data,0.4434974370129734,63.92440111228512,0.0006386693
1262,1,temporal_pattern_anomaly,analyze time-series behavior + review LSTM/Transformer features,0.4132236311789715,58.58402378473345,0.99997747
1263,1,temporal_pattern_anomaly,analyze time-series behavior + review LSTM/Transformer features,0.4498882751434844,65.4013620910458,0.99705935
1264,1,temporal_pattern_anomaly,analyze time-series behavior + review LSTM/Transformer features,0.4028901793430197,50.28497379948008,0.99985886
1265,0,subtle_anomaly,monitor closely + collect more contextual data,0.4115895608452339,52.728372192481885,4.387615e-05
1266,0,subtle_anomaly,monitor closely + collect more contextual data,0.4075720665169604,51.83145275694366,4.0970735e-05
1267,1,temporal_pattern_anomaly,analyze time-series behavior + review LSTM/Transformer features,0.45092449556504,56.68166895450852,0.999869
1268,1,temporal_pattern_anomaly,analyze time-series behavior + review LSTM/Transformer features,0.4669836394242354,63.11434275209343,0.99994266
1269,1,temporal_pattern_anomaly,analyze time-series behavior + review LSTM/Transformer features,0.44319776842286,57.91019833412437,0.99984646
1270,1,temporal_pattern_anomaly,analyze time-series behavior + review LSTM/Transformer features,0.470517402095426,70.31425290301189,0.9997125
1271,1,temporal_pattern_anomaly,analyze time-series behavior + review LSTM/Transformer features,0.4235707965287053,62.60736396419264,0.99993
1272,1,temporal_pattern_anomaly,analyze time-series behavior + review LSTM/Transformer features,0.4287425412335279,55.40582824836281,0.9999584
1273,0,subtle_anomaly,monitor closely + collect more contextual data,0.390981167960912,45.03305304854477,0.00012842142
1274,0,subtle_anomaly,monitor closely + collect more contextual data,0.4252410421614421,50.532783729354094,0.00020307563
1275,0,subtle_anomaly,monitor closely + collect more contextual data,0.4209743875295598,56.32846936608773,0.0028456796
1276,1,temporal_pattern_anomaly,analyze time-series behavior + review LSTM/Transformer features,0.4859383871353142,78.38113086646503,0.9898728
1277,0,subtle_anomaly,monitor closely + collect more contextual data,0.427160009012504,56.46995612184738,0.00021479165
1278,0,collective_anomaly,investigate multivariate patterns + check correlated KPIs,0.5406498982529,99.39039653383556,0.013324521
1279,0,subtle_anomaly,monitor closely + collect more contextual data,0.385788783064087,44.03542485408957,7.961332e-05
1280,0,subtle_anomaly,monitor closely + collect more contextual data,0.3703663118420026,40.94405086629304,0.0024034418
1281,0,subtle_anomaly,monitor closely + collect more contextual data,0.3851251896517634,47.76953585441768,0.00013932618
1282,0,subtle_anomaly,monitor closely + collect more contextual data,0.3933270683357813,45.46220613614988,0.0010451254
1283,1,temporal_pattern_anomaly,analyze time-series behavior + review LSTM/Transformer features,0.4769141101417668,64.14606572690617,0.999899
1284,0,subtle_anomaly,monitor closely + collect more contextual data,0.4236651270802646,52.71223588151507,0.000793184
1285,1,temporal_pattern_anomaly,analyze time-series behavior + review LSTM/Transformer features,0.456829937723251,68.3347776430638,0.9998919
1286,0,subtle_anomaly,monitor closely + collect more contextual data,0.3999220172055442,48.22981228633064,0.00033629363
1287,1,temporal_pattern_anomaly,analyze time-series behavior + review LSTM/Transformer features,0.4711335994304723,70.41882265155482,0.99986064
1288,1,temporal_pattern_anomaly,analyze time-series behavior + review LSTM/Transformer features,0.3920037204898978,49.21196171823613,0.99929106
1289,0,subtle_anomaly,monitor closely + collect more contextual data,0.4402576786610214,60.29868205220551,0.00018850138
1290,0,subtle_anomaly,monitor closely + collect more contextual data,0.4349026245250668,49.94214206402143,0.00018751096
1291,1,temporal_pattern_anomaly,analyze time-series behavior + review LSTM/Transformer features,0.4294911634827886,48.03717278073758,0.9997143
1292,0,subtle_anomaly,monitor closely + collect more contextual data,0.3831840229522036,45.43885424690693,7.573651e-05
1293,1,temporal_pattern_anomaly,analyze time-series behavior + review LSTM/Transformer features,0.4245449298344215,60.7034642612087,0.9999846
1294,0,subtle_anomaly,monitor closely + collect more contextual data,0.4448648617893437,67.57525316736803,0.000108074804
1295,0,subtle_anomaly,monitor closely + collect more contextual data,0.3823931646912701,44.14788855717394,0.0002201888
1296,1,collective_anomaly,investigate multivariate patterns + check correlated KPIs,0.4867062094513214,86.105666144975,0.99997485
1297,0,subtle_anomaly,monitor closely + collect more contextual data,0.3907842143949512,46.05608894321864,0.0004444187
1298,1,temporal_pattern_anomaly,analyze time-series behavior + review LSTM/Transformer features,0.3880925728911833,47.33223405714461,0.999343
1299,0,subtle_anomaly,monitor closely + collect more contextual data,0.4659704034172763,64.37634235899668,7.6805074e-05
1300,1,temporal_pattern_anomaly,analyze time-series behavior + review LSTM/Transformer features,0.4363475467118252,60.48805576513386,0.9999503
1301,0,subtle_anomaly,monitor closely + collect more contextual data,0.4323269333722355,57.90097712384129,0.00013641044
1302,1,temporal_pattern_anomaly,analyze time-series behavior + review LSTM/Transformer features,0.4372305106609311,67.0321689137405,0.99989927
1303,1,collective_anomaly,investigate multivariate patterns + check correlated KPIs,0.4918606079375149,81.2927358389506,0.99988806
1304,0,subtle_anomaly,monitor closely + collect more contextual data,0.4271147740054594,53.35716642237482,0.00019915313
1305,1,collective_anomaly,investigate multivariate patterns + check correlated KPIs,0.5079640823539805,84.78508324351075,0.999902
1306,1,temporal_pattern_anomaly,analyze time-series behavior + review LSTM/Transformer features,0.4320366589164093,55.20034813549893,0.99820256
1307,0,subtle_anomaly,monitor closely + collect more contextual data,0.453446049654298,60.88729178630052,0.00018926788
1308,1,collective_anomaly,investigate multivariate patterns + check correlated KPIs,0.5094041436311499,89.83119755425534,0.9998516
1309,1,temporal_pattern_anomaly,analyze time-series behavior + review LSTM/Transformer features,0.4374216965738122,54.81274028929782,0.9998522
1310,0,subtle_anomaly,monitor closely + collect more contextual data,0.4621906294362948,64.12830068214478,0.00036978876
1311,0,subtle_anomaly,monitor closely + collect more contextual data,0.4332195074669104,56.49469883868592,0.00051072455
1312,0,subtle_anomaly,monitor closely + collect more contextual data,0.4283935229426082,48.78756021884077,0.0019550119
1313,0,subtle_anomaly,monitor closely + collect more contextual data,0.4023301296279903,51.56908543033173,0.00010615115
1314,0,subtle_anomaly,monitor closely + collect more contextual data,0.442376885998472,57.9334074383965,0.00053922384
1315,0,subtle_anomaly,monitor closely + collect more contextual data,0.4358416773121162,56.18180678292144,0.0003223698
1316,1,temporal_pattern_anomaly,analyze time-series behavior + review LSTM/Transformer features,0.4510960581438545,59.29408028322277,0.9999
1317,1,temporal_pattern_anomaly,analyze time-series behavior + review LSTM/Transformer features,0.3981259139250221,51.73890087337573,0.9999045
1318,1,collective_anomaly,investigate multivariate patterns + check correlated KPIs,0.5657584044755816,105.47995370349405,0.9998965
1319,1,temporal_pattern_anomaly,analyze time-series behavior + review LSTM/Transformer features,0.4049767854205203,47.27959497437288,0.9161621
1320,1,temporal_pattern_anomaly,analyze time-series behavior + review LSTM/Transformer features,0.4510455146067645,65.19891740269121,0.9998591
1321,0,subtle_anomaly,monitor closely + collect more contextual data,0.4178713027973507,51.58785006132558,0.00035363963
1322,0,subtle_anomaly,monitor closely + collect more contextual data,0.4473351359782724,66.45182444062603,0.00040201473
1323,0,subtle_anomaly,monitor closely + collect more contextual data,0.4414453478519127,61.88379114853727,6.3327316e-05
1324,0,subtle_anomaly,monitor closely + collect more contextual data,0.4292076926256017,48.41187186079642,0.00042270246
1325,0,subtle_anomaly,monitor closely + collect more contextual data,0.4126903208200501,54.353162678393154,3.286932e-05
1326,0,collective_anomaly,investigate multivariate patterns + check correlated KPIs,0.4974422660917241,80.06715310825963,0.00020245639
1327,0,subtle_anomaly,monitor closely + collect more contextual data,0.4147225078874494,51.14222624016685,5.6459743e-05
1328,0,subtle_anomaly,monitor closely + collect more contextual data,0.3997002906944647,50.547898860068926,0.00066791574
1329,1,temporal_pattern_anomaly,analyze time-series behavior + review LSTM/Transformer features,0.432769175759397,53.56455812963216,0.9998572
1330,1,temporal_pattern_anomaly,analyze time-series behavior + review LSTM/Transformer features,0.4085639876147872,51.60628162638322,0.9990176
1331,1,temporal_pattern_anomaly,analyze time-series behavior + review LSTM/Transformer features,0.4615808382792787,63.26845609654337,0.99992573
1332,0,subtle_anomaly,monitor closely + collect more contextual data,0.4125323510698004,47.21934167189903,0.0009503573
1333,0,subtle_anomaly,monitor closely + collect more contextual data,0.4213427028100415,59.95078086328608,8.91626e-05
1334,1,temporal_pattern_anomaly,analyze time-series behavior + review LSTM/Transformer features,0.4608072442782757,53.87886028059939,0.99943525
1335,0,subtle_anomaly,monitor closely + collect more contextual data,0.4098894558986579,48.45064617168275,7.4444906e-05
1336,1,temporal_pattern_anomaly,analyze time-series behavior + review LSTM/Transformer features,0.4605960493668903,71.5415632517316,0.999627
1337,0,subtle_anomaly,monitor closely + collect more contextual data,0.4620977781181291,72.80582325234799,0.0001061632
1338,1,temporal_pattern_anomaly,analyze time-series behavior + review LSTM/Transformer features,0.4391286161133788,54.82984097805588,0.99990284
1339,1,temporal_pattern_anomaly,analyze time-series behavior + review LSTM/Transformer features,0.419034730539896,49.76073267633617,0.99977976
1340,1,temporal_pattern_anomaly,analyze time-series behavior + review LSTM/Transformer features,0.4228687008981889,49.4965445510214,0.9999504
1341,1,temporal_pattern_anomaly,analyze time-series behavior + review LSTM/Transformer features,0.3939919653565576,49.74924939333848,0.99714905
1342,1,temporal_pattern_anomaly,analyze time-series behavior + review LSTM/Transformer features,0.4397166054247659,62.33015280280729,0.9999747
1343,1,temporal_pattern_anomaly,analyze time-series behavior + review LSTM/Transformer features,0.4224574955047019,50.45746764379847,0.99981695
1344,1,temporal_pattern_anomaly,analyze time-series behavior + review LSTM/Transformer features,0.4113728460153955,50.80584783994491,0.99674916
1345,1,temporal_pattern_anomaly,analyze time-series behavior + review LSTM/Transformer features,0.4443685942097451,60.6121151683267,0.9999201
1346,0,subtle_anomaly,monitor closely + collect more contextual data,0.3775361754169629,41.65782306214994,0.00013306034
1347,1,temporal_pattern_anomaly,analyze time-series behavior + review LSTM/Transformer features,0.4310585803458407,55.79147707158433,0.9997198
1348,1,temporal_pattern_anomaly,analyze time-series behavior + review LSTM/Transformer features,0.4348431527479718,62.67407311325904,0.9999584
1349,0,subtle_anomaly,monitor closely + collect more contextual data,0.4756657236271685,65.9961055340953,0.00013007261
1350,0,subtle_anomaly,monitor closely + collect more contextual data,0.4270790270319805,58.757716985096685,9.212596e-06
1351,1,temporal_pattern_anomaly,analyze time-series behavior + review LSTM/Transformer features,0.4654718800643221,70.48173682666247,0.99982446
1352,1,temporal_pattern_anomaly,analyze time-series behavior + review LSTM/Transformer features,0.4263611114607497,50.991023864569286,0.99993813
1353,1,temporal_pattern_anomaly,analyze time-series behavior + review LSTM/Transformer features,0.4316786976331455,64.73579725193557,0.9880006
1354,1,temporal_pattern_anomaly,analyze time-series behavior + review LSTM/Transformer features,0.4366280126360139,62.49725590533966,0.9998374
1355,0,subtle_anomaly,monitor closely + collect more contextual data,0.4007570766766766,48.20510049210549,2.1163341e-05
1356,0,isolation_outlier,inspect individual extreme values + check for sensor drift,0.4888309042547334,65.79144440790513,0.032986626
1357,0,subtle_anomaly,monitor closely + collect more contextual data,0.4090536511670175,48.08992962201307,0.0004012377
1358,1,temporal_pattern_anomaly,analyze time-series behavior + review LSTM/Transformer features,0.4429272502358771,58.61583637011031,0.99911445
1359,1,collective_anomaly,investigate multivariate patterns + check correlated KPIs,0.5144247003830932,98.41733219417053,0.9991855
1360,1,temporal_pattern_anomaly,analyze time-series behavior + review LSTM/Transformer features,0.424171301876965,49.58112169906058,0.9999521
1361,0,isolation_outlier,inspect individual extreme values + check for sensor drift,0.4803506891298539,65.24085134256421,0.0013295372
1362,1,temporal_pattern_anomaly,analyze time-series behavior + review LSTM/Transformer features,0.3930974816925589,48.03538487032005,0.99992526
1363,1,temporal_pattern_anomaly,analyze time-series behavior + review LSTM/Transformer features,0.4382121476540803,66.00578773747841,0.9999466
1364,1,temporal_pattern_anomaly,analyze time-series behavior + review LSTM/Transformer features,0.3915604282872504,51.9092488418006,0.999944
1365,0,subtle_anomaly,monitor closely + collect more contextual data,0.4087500505520008,51.116151350341646,0.00011457249
1366,1,collective_anomaly,investigate multivariate patterns + check correlated KPIs,0.5186428789500599,102.140178979239,0.9999634
1367,1,temporal_pattern_anomaly,analyze time-series behavior + review LSTM/Transformer features,0.4570201635351618,65.84861106396875,0.9999454
1368,1,collective_anomaly,investigate multivariate patterns + check correlated KPIs,0.5648970527818264,112.03867795313444,0.999936
1369,0,subtle_anomaly,monitor closely + collect more contextual data,0.4076148061530076,54.151262174038976,6.3995954e-05
1370,1,temporal_pattern_anomaly,analyze time-series behavior + review LSTM/Transformer features,0.4079748029630575,56.67156882442977,0.999824
1371,1,temporal_pattern_anomaly,analyze time-series behavior + review LSTM/Transformer features,0.4308981736906755,67.04952470383276,0.99985874
1372,1,temporal_pattern_anomaly,analyze time-series behavior + review LSTM/Transformer features,0.4487680597316865,72.65773780057926,0.99996686
1373,1,temporal_pattern_anomaly,analyze time-series behavior + review LSTM/Transformer features,0.4648366836589408,66.34184188516682,0.9999249
1374,1,temporal_pattern_anomaly,analyze time-series behavior + review LSTM/Transformer features,0.4597630870300155,63.974572949870215,0.9999112
1375,1,collective_anomaly,investigate multivariate patterns + check correlated KPIs,0.5373223575760089,104.09320873245991,0.99984705
1376,0,subtle_anomaly,monitor closely + collect more contextual data,0.4708728867448961,67.56581911085951,4.1212672e-05
1377,0,subtle_anomaly,monitor closely + collect more contextual data,0.4490610166551704,71.13976379912178,6.0939772e-05
1378,1,temporal_pattern_anomaly,analyze time-series behavior + review LSTM/Transformer features,0.475273011460839,68.26649129212414,0.9999223
1379,1,temporal_pattern_anomaly,analyze time-series behavior + review LSTM/Transformer features,0.3908708818670067,49.95896654620162,0.99990475
1380,0,subtle_anomaly,monitor closely + collect more contextual data,0.4192385066082089,56.30687963794927,0.00039294933
1381,0,subtle_anomaly,monitor closely + collect more contextual data,0.4590388985050127,71.45187423571633,0.003580039
1382,1,temporal_pattern_anomaly,analyze time-series behavior + review LSTM/Transformer features,0.4672636543513661,64.70516791313585,0.99993587
1383,0,temporal_pattern_anomaly,analyze time-series behavior + review LSTM/Transformer features,0.4525684968096106,71.54215844286001,0.018147936
1384,1,collective_anomaly,investigate multivariate patterns + check correlated KPIs,0.5095496821711628,97.28879907209856,0.9998223
1385,1,collective_anomaly,investigate multivariate patterns + check correlated KPIs,0.5305192262796081,95.82235253409505,0.9948323
1386,0,subtle_anomaly,monitor closely + collect more contextual data,0.4664642526459657,64.01581957181175,0.00094715506
1387,0,collective_anomaly,investigate multivariate patterns + check correlated KPIs,0.4953260314947418,81.09669811270395,0.0022726269
1388,1,temporal_pattern_anomaly,analyze time-series behavior + review LSTM/Transformer features,0.3896638002132291,49.87178487057464,0.9999056
1389,0,subtle_anomaly,monitor closely + collect more contextual data,0.4346228405118461,52.907486656519225,0.049706094
1390,1,temporal_pattern_anomaly,analyze time-series behavior + review LSTM/Transformer features,0.394968073587137,47.7378785554969,0.9990914
1391,0,subtle_anomaly,monitor closely + collect more contextual data,0.4635050063578595,68.48731453403246,0.016967358
1392,0,subtle_anomaly,monitor closely + collect more contextual data,0.457477009555818,68.80956739254084,5.2334803e-05
1393,0,subtle_anomaly,monitor closely + collect more contextual data,0.3865530226771863,42.30583513115442,0.00019602354
1394,0,subtle_anomaly,monitor closely + collect more contextual data,0.4152691944270267,55.572348098888746,0.0001655039
1395,0,subtle_anomaly,monitor closely + collect more contextual data,0.440071792407933,58.08703805492659,7.8278805e-05
1396,1,temporal_pattern_anomaly,analyze time-series behavior + review LSTM/Transformer features,0.4180640301269417,48.52694080838936,0.99613404
1397,0,subtle_anomaly,monitor closely + collect more contextual data,0.4045183269803364,47.28887520928362,0.00026223456
1398,1,temporal_pattern_anomaly,analyze time-series behavior + review LSTM/Transformer features,0.4176051441049871,60.31085641270179,0.9999546
1399,0,subtle_anomaly,monitor closely + collect more contextual data,0.4113769225062615,50.7079535707212,0.0008656543
1400,0,subtle_anomaly,monitor closely + collect more contextual data,0.4063744125190063,52.12767972021994,3.4936056e-05
1401,0,subtle_anomaly,monitor closely + collect more contextual data,0.4174820326745425,53.23332660502464,0.0002897354
1402,1,temporal_pattern_anomaly,analyze time-series behavior + review LSTM/Transformer features,0.3861732565040965,46.49916640741325,0.9998845
1403,1,temporal_pattern_anomaly,analyze time-series behavior + review LSTM/Transformer features,0.4529571693060812,63.19634495110876,0.9997571
1404,0,subtle_anomaly,monitor closely + collect more contextual data,0.4005011251977019,47.61877520456995,4.1181596e-05
1405,0,subtle_anomaly,monitor closely + collect more contextual data,0.4135216781703236,52.08765027745533,0.0009036194
1406,1,temporal_pattern_anomaly,analyze time-series behavior + review LSTM/Transformer features,0.436461380193428,57.4127559124245,0.99987555
1407,1,temporal_pattern_anomaly,analyze time-series behavior + review LSTM/Transformer features,0.4609653629934641,74.46265937281366,0.99997556
1408,1,temporal_pattern_anomaly,analyze time-series behavior + review LSTM/Transformer features,0.3819890419141691,48.82640780153599,0.99995756
1409,1,collective_anomaly,investigate multivariate patterns + check correlated KPIs,0.4910041299696144,85.65616295374737,0.9999597
1410,1,collective_anomaly,investigate multivariate patterns + check correlated KPIs,0.5123253013381599,92.60462865752096,0.9996253
1411,0,subtle_anomaly,monitor closely + collect more contextual data,0.4401047664727806,55.20295951428495,0.00042873024
1412,1,temporal_pattern_anomaly,analyze time-series behavior + review LSTM/Transformer features,0.4549575138391437,57.56203261918561,0.9981779
1413,0,subtle_anomaly,monitor closely + collect more contextual data,0.4412438141472251,49.36027902740824,0.001079008
1414,1,temporal_pattern_anomaly,analyze time-series behavior + review LSTM/Transformer features,0.4037249360570309,48.32964374219871,0.9998318
1415,0,subtle_anomaly,monitor closely + collect more contextual data,0.4153022802702497,50.468533481375815,0.0031037736
1416,0,subtle_anomaly,monitor closely + collect more contextual data,0.4173331460403942,49.76878303681181,0.0016371033
1417,0,collective_anomaly,investigate multivariate patterns + check correlated KPIs,0.5317693999450461,100.3326674051302,0.0029636093
1418,0,subtle_anomaly,monitor closely + collect more contextual data,0.392207997161749,45.63160597116639,8.107526e-05
1419,0,subtle_anomaly,monitor closely + collect more contextual data,0.4202352742269564,52.62793957650013,9.690578e-05
1420,0,subtle_anomaly,monitor closely + collect more contextual data,0.4201020617052818,55.51144874359868,0.00012080978
1421,1,temporal_pattern_anomaly,analyze time-series behavior + review LSTM/Transformer features,0.4610192718672086,68.16718431449753,0.9994524
1422,0,subtle_anomaly,monitor closely + collect more contextual data,0.4088252312599023,45.88904393816595,0.00021667768
1423,0,temporal_pattern_anomaly,analyze time-series behavior + review LSTM/Transformer features,0.4185373698551455,58.31379692496103,0.019443821
1424,1,temporal_pattern_anomaly,analyze time-series behavior + review LSTM/Transformer features,0.4531081852100563,68.66388517811762,0.9999316
1425,0,subtle_anomaly,monitor closely + collect more contextual data,0.4130012521205394,49.984551321535136,4.2393833e-05
1426,0,subtle_anomaly,monitor closely + collect more contextual data,0.4386811832915248,64.11530002316148,0.00022470862
1427,0,subtle_anomaly,monitor closely + collect more contextual data,0.4475256034984093,62.1590669530804,0.00014696816
1428,1,temporal_pattern_anomaly,analyze time-series behavior + review LSTM/Transformer features,0.4173224527906325,60.50420945839031,0.9999013
1429,1,temporal_pattern_anomaly,analyze time-series behavior + review LSTM/Transformer features,0.4792437278995913,69.7440337165359,0.9993105
1430,0,subtle_anomaly,monitor closely + collect more contextual data,0.4079023525622637,48.746209292108446,0.00021439185
1431,1,temporal_pattern_anomaly,analyze time-series behavior + review LSTM/Transformer features,0.4889474270871506,73.50628678085303,0.9998354
1432,1,temporal_pattern_anomaly,analyze time-series behavior + review LSTM/Transformer features,0.4125694218158862,51.16880973620336,0.9999614
1433,0,subtle_anomaly,monitor closely + collect more contextual data,0.3939962833445636,49.08483208063539,8.5635256e-05
1434,0,subtle_anomaly,monitor closely + collect more contextual data,0.3964883851157955,46.36705433584249,0.00018015302
1435,0,subtle_anomaly,monitor closely + collect more contextual data,0.4084109044253407,46.86629569618746,0.001352615
1436,0,subtle_anomaly,monitor closely + collect more contextual data,0.3957212203804564,47.22589899479181,0.0006613107
1437,1,temporal_pattern_anomaly,analyze time-series behavior + review LSTM/Transformer features,0.3954472519397601,50.246584824183365,0.9967349
1438,0,subtle_anomaly,monitor closely + collect more contextual data,0.4476330058027297,58.23880817228399,8.364163e-05
1439,1,collective_anomaly,investigate multivariate patterns + check correlated KPIs,0.4653580446700452,81.60438897954148,0.9988147
1440,1,temporal_pattern_anomaly,analyze time-series behavior + review LSTM/Transformer features,0.4179688818764505,54.68453838770103,0.9997739
1441,0,subtle_anomaly,monitor closely + collect more contextual data,0.4113835203837606,53.99700710852336,0.00041412047
1442,1,collective_anomaly,investigate multivariate patterns + check correlated KPIs,0.5137959760849936,93.27416017137536,0.99984765
1443,1,temporal_pattern_anomaly,analyze time-series behavior + review LSTM/Transformer features,0.4425764359300242,50.41133680829118,0.99990547
1444,1,temporal_pattern_anomaly,analyze time-series behavior + review LSTM/Transformer features,0.4279832115134964,63.38488754190612,0.9986438
1445,0,subtle_anomaly,monitor closely + collect more contextual data,0.4431873479397152,53.30275530898144,0.0002348701
1446,1,temporal_pattern_anomaly,analyze time-series behavior + review LSTM/Transformer features,0.41175549520199,54.905537633479,0.9992409
1447,1,temporal_pattern_anomaly,analyze time-series behavior + review LSTM/Transformer features,0.4306322554515462,57.46219163424824,0.9999136
1448,0,subtle_anomaly,monitor closely + collect more contextual data,0.4409277885672562,58.716166655438975,2.16064e-05
1449,0,isolation_outlier,inspect individual extreme values + check for sensor drift,0.4904590559110713,75.51158387129865,0.001480129
1450,1,temporal_pattern_anomaly,analyze time-series behavior + review LSTM/Transformer features,0.4696589608659519,73.54103567156412,0.9996221
1451,0,subtle_anomaly,monitor closely + collect more contextual data,0.4387227970300483,53.53213103243249,0.00011094435
1452,1,temporal_pattern_anomaly,analyze time-series behavior + review LSTM/Transformer features,0.4307332063099485,59.948227296781226,0.99987876
1453,0,subtle_anomaly,monitor closely + collect more contextual data,0.3822738752681255,43.98139227934022,8.659695e-05
1454,1,temporal_pattern_anomaly,analyze time-series behavior + review LSTM/Transformer features,0.4342908955094117,56.01375448735412,0.9999337
1455,1,temporal_pattern_anomaly,analyze time-series behavior + review LSTM/Transformer features,0.4622393088680667,64.18371728498991,0.9997613
1456,1,temporal_pattern_anomaly,analyze time-series behavior + review LSTM/Transformer features,0.4562953997409766,57.1091888743188,0.9999286
1457,1,collective_anomaly,investigate multivariate patterns + check correlated KPIs,0.4927534464835667,88.39495703022418,0.9999162
1458,1,temporal_pattern_anomaly,analyze time-series behavior + review LSTM/Transformer features,0.4375801531191685,58.28690380080947,0.9940606
1459,0,subtle_anomaly,monitor closely + collect more contextual data,0.4320591047427117,66.44228292563102,9.0716545e-05
1460,1,temporal_pattern_anomaly,analyze time-series behavior + review LSTM/Transformer features,0.4786526372272607,73.29071442140672,0.99549615
1461,0,subtle_anomaly,monitor closely + collect more contextual data,0.4577315924200173,61.74511065284332,9.2395225e-05
1462,1,temporal_pattern_anomaly,analyze time-series behavior + review LSTM/Transformer features,0.4726619837569905,63.87061006414804,0.99992514
1463,0,subtle_anomaly,monitor closely + collect more contextual data,0.383602519402367,42.27380872687838,8.19087e-05
1464,1,temporal_pattern_anomaly,analyze time-series behavior + review LSTM/Transformer features,0.4560587335259294,64.0812368416881,0.99995685
1465,0,subtle_anomaly,monitor closely + collect more contextual data,0.4178503979691121,52.51070761478152,0.00016596107
1466,0,subtle_anomaly,monitor closely + collect more contextual data,0.4104513655467157,54.1360552470092,0.00013234185
1467,1,temporal_pattern_anomaly,analyze time-series behavior + review LSTM/Transformer features,0.4739880114834663,68.64072169010976,0.9999373
1468,1,temporal_pattern_anomaly,analyze time-series behavior + review LSTM/Transformer features,0.4348841823696947,56.75405260497332,0.9996178
1469,0,subtle_anomaly,monitor closely + collect more contextual data,0.4384146218660451,60.68440224670282,0.0008338943
1470,1,collective_anomaly,investigate multivariate patterns + check correlated KPIs,0.5422315329705617,112.71434595699316,0.9999176
1471,0,subtle_anomaly,monitor closely + collect more contextual data,0.4070696083425886,51.78723345747122,7.6019795e-05
1472,1,temporal_pattern_anomaly,analyze time-series behavior + review LSTM/Transformer features,0.4536364608510961,56.774681966140605,0.9999646
1473,0,subtle_anomaly,monitor closely + collect more contextual data,0.4508139524469296,65.03608197455755,0.0028707546
1474,1,temporal_pattern_anomaly,analyze time-series behavior + review LSTM/Transformer features,0.4265797823285609,58.78692348506895,0.9998356
1475,0,subtle_anomaly,monitor closely + collect more contextual data,0.4385988169260112,61.07343478404093,0.00025071402
1476,0,subtle_anomaly,monitor closely + collect more contextual data,0.4340280372894817,56.60418087877673,0.8797688
1477,0,subtle_anomaly,monitor closely + collect more contextual data,0.410150413308252,47.40508845771483,0.00011479536
1478,0,subtle_anomaly,monitor closely + collect more contextual data,0.4390173163675254,56.38223274168652,0.0010129947
1479,1,temporal_pattern_anomaly,analyze time-series behavior + review LSTM/Transformer features,0.430679542249966,60.81498238833919,0.99986446
1480,0,subtle_anomaly,monitor closely + collect more contextual data,0.3954074268547439,49.61621566799528,3.724523e-05
1481,1,collective_anomaly,investigate multivariate patterns + check correlated KPIs,0.5307916509979063,104.68824490515372,0.9996908
1482,1,temporal_pattern_anomaly,analyze time-series behavior + review LSTM/Transformer features,0.4180391314336573,57.177887558815975,0.9999126
1483,0,subtle_anomaly,monitor closely + collect more contextual data,0.4559378201036789,66.81497101861335,0.0017890654
1484,0,isolation_outlier,inspect individual extreme values + check for sensor drift,0.4856070796621165,73.69857462037204,0.00011110908
1485,1,temporal_pattern_anomaly,analyze time-series behavior + review LSTM/Transformer features,0.4245679670920465,54.39649558698888,0.999902
1486,0,subtle_anomaly,monitor closely + collect more contextual data,0.4474517571590473,60.893157873589146,0.0007601822
1487,0,subtle_anomaly,monitor closely + collect more contextual data,0.4478937166727216,54.60903394568258,0.0003820072
1488,0,subtle_anomaly,monitor closely + collect more contextual data,0.4465715727334781,63.31817642142825,4.6596393e-05
1489,0,subtle_anomaly,monitor closely + collect more contextual data,0.4059328985580349,50.858212109315794,0.0031733147
1490,1,temporal_pattern_anomaly,analyze time-series behavior + review LSTM/Transformer features,0.4058422374998076,44.65157617960891,0.9995177
1491,0,subtle_anomaly,monitor closely + collect more contextual data,0.4430332711021704,63.0394797801982,0.00012287301
1492,0,subtle_anomaly,monitor closely + collect more contextual data,0.3923460438561405,46.62530975406632,0.0073978794
1493,0,subtle_anomaly,monitor closely + collect more contextual data,0.4538797710401125,66.40189075517507,4.3811888e-05
1494,1,temporal_pattern_anomaly,analyze time-series behavior + review LSTM/Transformer features,0.4498523969293568,57.85357202435593,0.99987257
1495,0,subtle_anomaly,monitor closely + collect more contextual data,0.3986135808439636,47.259610554186494,0.00015909414
1496,1,collective_anomaly,investigate multivariate patterns + check correlated KPIs,0.5051054029207815,82.02172850868727,0.9999629
1497,0,subtle_anomaly,monitor closely + collect more contextual data,0.4268627489869255,57.19984162517687,0.0011430461
1498,1,temporal_pattern_anomaly,analyze time-series behavior + review LSTM/Transformer features,0.4206369716328524,49.87508974885579,0.99922
1499,1,temporal_pattern_anomaly,analyze time-series behavior + review LSTM/Transformer features,0.4329224368704629,61.46376198777138,0.99958414
1500,1,temporal_pattern_anomaly,analyze time-series behavior + review LSTM/Transformer features,0.4342251218164765,63.38789986311367,0.99964917
1501,0,subtle_anomaly,monitor closely + collect more contextual data,0.4167133607313483,55.94322408447803,0.00087204087
1502,1,temporal_pattern_anomaly,analyze time-series behavior + review LSTM/Transformer features,0.4343536526741715,55.41220314880351,0.99971646
1503,1,temporal_pattern_anomaly,analyze time-series behavior + review LSTM/Transformer features,0.4202586560624533,57.37967100506009,0.9998627
1504,1,temporal_pattern_anomaly,analyze time-series behavior + review LSTM/Transformer features,0.4435359746403418,58.47503774166861,0.9999521
1505,0,subtle_anomaly,monitor closely + collect more contextual data,0.4343498583142319,52.753469025752544,0.00016803844
1506,1,temporal_pattern_anomaly,analyze time-series behavior + review LSTM/Transformer features,0.4367720951414084,65.9270829921767,0.99990726
1507,1,temporal_pattern_anomaly,analyze time-series behavior + review LSTM/Transformer features,0.3923803604664873,50.16476078238123,0.9999424
1508,1,temporal_pattern_anomaly,analyze time-series behavior + review LSTM/Transformer features,0.43938500057827,53.86310067718891,0.9998944
1509,0,subtle_anomaly,monitor closely + collect more contextual data,0.4282844409483586,55.96695931723332,0.0005053426
1510,0,subtle_anomaly,monitor closely + collect more contextual data,0.4126796062512421,50.58902123353512,0.000101538775
1511,0,subtle_anomaly,monitor closely + collect more contextual data,0.4490457228926967,65.96461170008484,0.00021622343
1512,1,temporal_pattern_anomaly,analyze time-series behavior + review LSTM/Transformer features,0.4490588094537543,62.30151240585856,0.99990904
1513,0,subtle_anomaly,monitor closely + collect more contextual data,0.4051431639919215,51.09782152938069,0.00022155723
1514,1,temporal_pattern_anomaly,analyze time-series behavior + review LSTM/Transformer features,0.4604964919618679,61.51977290466581,0.9997813
1515,1,temporal_pattern_anomaly,analyze time-series behavior + review LSTM/Transformer features,0.453055855159739,60.67622282133126,0.9985055
1516,0,subtle_anomaly,monitor closely + collect more contextual data,0.4194833756694522,55.01482506066698,7.768517e-05
1517,0,subtle_anomaly,monitor closely + collect more contextual data,0.4023011261412392,46.843112965777486,0.001142338
1518,0,subtle_anomaly,monitor closely + collect more contextual data,0.4310077658611826,57.34265126060247,7.072892e-05
1519,0,isolation_outlier,inspect individual extreme values + check for sensor drift,0.4804069517876154,68.96785928083975,0.00010522668
1520,0,subtle_anomaly,monitor closely + collect more contextual data,0.4185645719518598,54.928895801066766,0.0015928615
1521,0,subtle_anomaly,monitor closely + collect more contextual data,0.4204043189112467,53.88497386634142,0.84983987
1522,0,subtle_anomaly,monitor closely + collect more contextual data,0.4272885029071342,55.48102775761728,6.6825596e-05
1523,1,temporal_pattern_anomaly,analyze time-series behavior + review LSTM/Transformer features,0.4508931303475122,57.96997312831348,0.99995744
1524,0,subtle_anomaly,monitor closely + collect more contextual data,0.3818213624840365,43.04832348106907,0.0011767206
1525,1,temporal_pattern_anomaly,analyze time-series behavior + review LSTM/Transformer features,0.4207306731633561,63.21321640579938,0.99996686
1526,0,subtle_anomaly,monitor closely + collect more contextual data,0.407359111554351,48.59894659491271,0.00071989954
1527,1,temporal_pattern_anomaly,analyze time-series behavior + review LSTM/Transformer features,0.4399212827523333,57.46446035733664,0.9995055
1528,0,subtle_anomaly,monitor closely + collect more contextual data,0.4181230732528534,49.46109204174465,0.0007949747
1529,1,temporal_pattern_anomaly,analyze time-series behavior + review LSTM/Transformer features,0.4167997725097186,50.78124476337801,0.9999298
1530,0,subtle_anomaly,monitor closely + collect more contextual data,0.3878849996422546,45.52721181623826,7.1842514e-05
1531,1,temporal_pattern_anomaly,analyze time-series behavior + review LSTM/Transformer features,0.4314859975104868,55.04226495860055,0.9970192
1532,0,subtle_anomaly,monitor closely + collect more contextual data,0.4692655918101771,66.66466071579353,0.0004319297
1533,0,subtle_anomaly,monitor closely + collect more contextual data,0.4650609893190411,73.51695890152892,5.299532e-05
1534,1,temporal_pattern_anomaly,analyze time-series behavior + review LSTM/Transformer features,0.4452339562933654,54.77166509353447,0.9917618
1535,0,subtle_anomaly,monitor closely + collect more contextual data,0.3882140272989855,50.1349317741505,5.5121698e-05
1536,0,subtle_anomaly,monitor closely + collect more contextual data,0.4048466290252642,49.78806831544953,0.00015563605
1537,1,temporal_pattern_anomaly,analyze time-series behavior + review LSTM/Transformer features,0.462429025348194,62.85649884641292,0.9999399
1538,1,temporal_pattern_anomaly,analyze time-series behavior + review LSTM/Transformer features,0.4416416254236297,62.4885891191529,0.9999057
1539,0,subtle_anomaly,monitor closely + collect more contextual data,0.4160826956403505,53.53273183646066,4.7897713e-05
1540,1,temporal_pattern_anomaly,analyze time-series behavior + review LSTM/Transformer features,0.4320723961319317,49.45543971929536,0.9998858
1541,0,subtle_anomaly,monitor closely + collect more contextual data,0.4096829256991479,48.61698014536372,8.94101e-05
1542,1,temporal_pattern_anomaly,analyze time-series behavior + review LSTM/Transformer features,0.4098579127262291,52.23102000971159,0.99932694
1543,1,temporal_pattern_anomaly,analyze time-series behavior + review LSTM/Transformer features,0.39931532450244,46.17669792409595,0.9998248
1544,1,temporal_pattern_anomaly,analyze time-series behavior + review LSTM/Transformer features,0.410863963460636,52.45981921855933,0.9851917
1545,0,subtle_anomaly,monitor closely + collect more contextual data,0.4181929907340897,54.35936491625216,6.080661e-05
1546,0,subtle_anomaly,monitor closely + collect more contextual data,0.4125144104057653,55.56384869897707,9.0425056e-05
1547,0,subtle_anomaly,monitor closely + collect more contextual data,0.38775169026176,48.70119186534495,0.00021886783
1548,0,subtle_anomaly,monitor closely + collect more contextual data,0.3973645148804192,50.653440896805314,4.3773216e-05
1549,0,subtle_anomaly,monitor closely + collect more contextual data,0.404441626583514,50.75855427882232,0.0002682674
1550,1,temporal_pattern_anomaly,analyze time-series behavior + review LSTM/Transformer features,0.4325733392828099,57.34477600224696,0.99689627
1551,1,temporal_pattern_anomaly,analyze time-series behavior + review LSTM/Transformer features,0.4435831560354638,57.21455681663001,0.89739585
1552,1,temporal_pattern_anomaly,analyze time-series behavior + review LSTM/Transformer features,0.4188113820509131,57.287100790813874,0.9998677
1553,1,temporal_pattern_anomaly,analyze time-series behavior + review LSTM/Transformer features,0.3977746142108053,49.79869076121121,0.9999666
1554,0,subtle_anomaly,monitor closely + collect more contextual data,0.4264995764108758,53.769290996107074,0.0011076313
1555,0,subtle_anomaly,monitor closely + collect more contextual data,0.4010486142544825,46.95337007616488,4.7807633e-05
1556,0,subtle_anomaly,monitor closely + collect more contextual data,0.3803846644362085,41.49628772706103,0.0036337092
1557,0,subtle_anomaly,monitor closely + collect more contextual data,0.43037112237884,53.21342960884543,0.0005328153
1558,0,subtle_anomaly,monitor closely + collect more contextual data,0.4385773850837176,65.18105674039695,0.0014867957
1559,0,subtle_anomaly,monitor closely + collect more contextual data,0.418996806494922,52.17485686657284,0.0003158856
1560,0,subtle_anomaly,monitor closely + collect more contextual data,0.421004498486408,56.33655812055688,0.000308461
1561,0,subtle_anomaly,monitor closely + collect more contextual data,0.4339862377761274,54.0711557052237,6.440873e-05
1562,0,subtle_anomaly,monitor closely + collect more contextual data,0.3982001253333823,48.447115294076056,0.00019437303
1563,1,temporal_pattern_anomaly,analyze time-series behavior + review LSTM/Transformer features,0.4227593220766786,51.45923519093582,0.99988055
1564,1,temporal_pattern_anomaly,analyze time-series behavior + review LSTM/Transformer features,0.4235263848252634,53.37906648177665,0.99992275
1565,0,subtle_anomaly,monitor closely + collect more contextual data,0.4202155504540276,51.40349054973248,0.0021966468
1566,1,collective_anomaly,investigate multivariate patterns + check correlated KPIs,0.532405385263953,95.25855773669193,0.99992096
1567,1,temporal_pattern_anomaly,analyze time-series behavior + review LSTM/Transformer features,0.4074021586174918,47.26040280813935,0.998906
1568,1,collective_anomaly,investigate multivariate patterns + check correlated KPIs,0.5268144618253024,95.08459209577752,0.9893885
1569,0,subtle_anomaly,monitor closely + collect more contextual data,0.4255338426450942,58.04465540674918,0.00018053423
1570,1,collective_anomaly,investigate multivariate patterns + check correlated KPIs,0.4929692867231671,86.66100577239258,0.99992776
1571,0,subtle_anomaly,monitor closely + collect more contextual data,0.4124840254540278,56.13818728988589,7.4263604e-05
1572,1,temporal_pattern_anomaly,analyze time-series behavior + review LSTM/Transformer features,0.4342192951284261,53.790630142568176,0.99981016
1573,0,subtle_anomaly,monitor closely + collect more contextual data,0.4197888261699636,52.79461030380688,0.00040103693
1574,0,subtle_anomaly,monitor closely + collect more contextual data,0.4278048458946445,59.10071648940412,6.9564616e-05
1575,0,subtle_anomaly,monitor closely + collect more contextual data,0.4436883663299728,62.496168124618826,0.0007160825
1576,0,subtle_anomaly,monitor closely + collect more contextual data,0.4226703048139165,52.86670446134613,0.00021045681
1577,1,temporal_pattern_anomaly,analyze time-series behavior + review LSTM/Transformer features,0.4457202796282908,62.67122169254741,0.99998283
1578,0,subtle_anomaly,monitor closely + collect more contextual data,0.4453078495719798,60.464754267613,0.00028386145
1579,1,temporal_pattern_anomaly,analyze time-series behavior + review LSTM/Transformer features,0.4010712841671902,55.074866824810655,0.99994445
1580,1,temporal_pattern_anomaly,analyze time-series behavior + review LSTM/Transformer features,0.4381173753643524,59.61998894765667,0.9998716
1581,1,temporal_pattern_anomaly,analyze time-series behavior + review LSTM/Transformer features,0.4042061352478984,52.86576050730429,0.9999229
1582,0,isolation_outlier,inspect individual extreme values + check for sensor drift,0.5151889623544945,75.23308408500237,0.00012148859
1583,1,temporal_pattern_anomaly,analyze time-series behavior + review LSTM/Transformer features,0.4290575266539587,56.28212130173133,0.9999318
1584,0,subtle_anomaly,monitor closely + collect more contextual data,0.4171612971776627,49.09667927788475,0.00055170956
1585,1,temporal_pattern_anomaly,analyze time-series behavior + review LSTM/Transformer features,0.3747563921288361,44.95381555312493,0.99978274
1586,0,subtle_anomaly,monitor closely + collect more contextual data,0.4398091480310232,57.4866653844292,4.7834357e-05
1587,1,temporal_pattern_anomaly,analyze time-series behavior + review LSTM/Transformer features,0.4110054114953493,54.081117261135866,0.99869734
1588,0,subtle_anomaly,monitor closely + collect more contextual data,0.4221473623120144,55.07347749463864,0.008759777
1589,1,temporal_pattern_anomaly,analyze time-series behavior + review LSTM/Transformer features,0.4235156604352597,58.23538027685588,0.99931335
1590,0,subtle_anomaly,monitor closely + collect more contextual data,0.4229972803164905,57.75754138205531,0.00018285187
1591,1,temporal_pattern_anomaly,analyze time-series behavior + review LSTM/Transformer features,0.4220314324222735,58.53060803747845,0.999877
1592,1,collective_anomaly,investigate multivariate patterns + check correlated KPIs,0.5268442726587903,102.3815133974417,0.99978334
1593,1,collective_anomaly,investigate multivariate patterns + check correlated KPIs,0.5131990961272486,94.51860956863038,0.9973219
1594,0,subtle_anomaly,monitor closely + collect more contextual data,0.4210024538559249,63.07216437315665,6.1251005e-05
1595,1,temporal_pattern_anomaly,analyze time-series behavior + review LSTM/Transformer features,0.4339881486942847,67.8203430266771,0.9997255
1596,1,temporal_pattern_anomaly,analyze time-series behavior + review LSTM/Transformer features,0.4425536206409344,61.161634054768,0.99990857
1597,1,temporal_pattern_anomaly,analyze time-series behavior + review LSTM/Transformer features,0.5096191260908042,76.40904175029996,0.99993134
1598,1,temporal_pattern_anomaly,analyze time-series behavior + review LSTM/Transformer features,0.4168468887592789,54.26358020515495,0.99983454
1599,0,subtle_anomaly,monitor closely + collect more contextual data,0.4565287154026707,61.06613945255014,0.0001990766
1600,1,collective_anomaly,investigate multivariate patterns + check correlated KPIs,0.4849788628344285,85.87724231607844,0.99979204
1601,1,temporal_pattern_anomaly,analyze time-series behavior + review LSTM/Transformer features,0.4527197614814423,56.81957361636763,0.9997948
1602,0,subtle_anomaly,monitor closely + collect more contextual data,0.4041690303746938,49.789695764441234,0.0001043836
1603,1,subtle_anomaly,monitor closely + collect more contextual data,0.4390858324602441,57.41715652662977,0.81043714
1604,0,subtle_anomaly,monitor closely + collect more contextual data,0.4122179094037307,52.21571685033739,0.00010396687
1605,0,subtle_anomaly,monitor closely + collect more contextual data,0.444888574865793,58.2579201200695,0.0005665678
1606,0,subtle_anomaly,monitor closely + collect more contextual data,0.3785618581224629,43.771227323643785,4.9605238e-05
1607,0,subtle_anomaly,monitor closely + collect more contextual data,0.4533402110297607,63.58627710299885,0.0001552905
1608,0,subtle_anomaly,monitor closely + collect more contextual data,0.418183184389099,49.86438063514398,0.0001312922
1609,1,temporal_pattern_anomaly,analyze time-series behavior + review LSTM/Transformer features,0.4295060111930551,61.52951815612846,0.9998776
1610,1,collective_anomaly,investigate multivariate patterns + check correlated KPIs,0.5413079414400791,94.8929947337042,0.9922897
1611,0,subtle_anomaly,monitor closely + collect more contextual data,0.411139316111379,52.95047188552648,0.00020755471
1612,1,temporal_pattern_anomaly,analyze time-series behavior + review LSTM/Transformer features,0.4760155475665267,77.01853498365293,0.9998031
1613,0,subtle_anomaly,monitor closely + collect more contextual data,0.4281249177835975,61.32136428759671,0.00012337798
1614,1,temporal_pattern_anomaly,analyze time-series behavior + review LSTM/Transformer features,0.3981943458881983,50.94614974965739,0.9999424
1615,0,subtle_anomaly,monitor closely + collect more contextual data,0.4102437912914201,52.77855601357968,0.0011550589
1616,1,temporal_pattern_anomaly,analyze time-series behavior + review LSTM/Transformer features,0.4306302719675769,52.50226807518195,0.9999535
1617,0,subtle_anomaly,monitor closely + collect more contextual data,0.4180639926968165,57.20073006081376,9.934865e-05
1618,1,temporal_pattern_anomaly,analyze time-series behavior + review LSTM/Transformer features,0.4143820326953643,53.835091238207056,0.99994695
1619,1,temporal_pattern_anomaly,analyze time-series behavior + review LSTM/Transformer features,0.4129155722487525,46.54606537209867,0.9996706
1620,0,subtle_anomaly,monitor closely + collect more contextual data,0.4707129032877825,68.8125800735715,7.7364246e-05
1621,1,collective_anomaly,investigate multivariate patterns + check correlated KPIs,0.5054022032450833,81.86598666634615,0.9999548
1622,0,collective_anomaly,investigate multivariate patterns + check correlated KPIs,0.5640514067968107,125.05158689493116,0.00016772789
1623,1,temporal_pattern_anomaly,analyze time-series behavior + review LSTM/Transformer features,0.4311192105730586,56.15324346735626,0.99957865
1624,0,subtle_anomaly,monitor closely + collect more contextual data,0.3841331751104911,44.622379772385024,0.0005738791
1625,1,temporal_pattern_anomaly,analyze time-series behavior + review LSTM/Transformer features,0.4210454019105863,58.66473766742823,0.9999434
1626,1,temporal_pattern_anomaly,analyze time-series behavior + review LSTM/Transformer features,0.4098885633133627,56.1628298763633,0.99827075
1627,0,subtle_anomaly,monitor closely + collect more contextual data,0.4259799868458487,58.429034168471794,0.00021583107
1628,1,temporal_pattern_anomaly,analyze time-series behavior + review LSTM/Transformer features,0.4003602871271552,48.08294712250586,0.99988425
1629,0,subtle_anomaly,monitor closely + collect more contextual data,0.4376964098943345,58.423078734831584,9.228595e-05
1630,1,temporal_pattern_anomaly,analyze time-series behavior + review LSTM/Transformer features,0.4969817196320689,72.23532877639097,0.9999436
1631,1,temporal_pattern_anomaly,analyze time-series behavior + review LSTM/Transformer features,0.3993910772819968,49.61235796177928,0.9999715
1632,1,temporal_pattern_anomaly,analyze time-series behavior + review LSTM/Transformer features,0.4375929420175163,59.49458169792013,0.99995553
1633,0,subtle_anomaly,monitor closely + collect more contextual data,0.3887698078372403,47.19220818686983,0.00031690698
1634,0,subtle_anomaly,monitor closely + collect more contextual data,0.3938520521742671,43.54694774203317,0.0002688435
1635,0,subtle_anomaly,monitor closely + collect more contextual data,0.4378736362365222,55.75625370608629,7.528718e-05
1636,0,subtle_anomaly,monitor closely + collect more contextual data,0.4104321086385842,50.44164043989132,8.5571344e-05
1637,1,temporal_pattern_anomaly,analyze time-series behavior + review LSTM/Transformer features,0.4135855073281214,56.15097175794728,0.9999689
1638,0,subtle_anomaly,monitor closely + collect more contextual data,0.3991062430849399,48.254266165445614,3.199633e-05
1639,0,subtle_anomaly,monitor closely + collect more contextual data,0.4254086124801808,54.63894747252592,0.00027354088
1640,0,subtle_anomaly,monitor closely + collect more contextual data,0.4500930541219318,61.41423229976987,0.0004857537
1641,0,collective_anomaly,investigate multivariate patterns + check correlated KPIs,0.5091908311017228,94.888333777358,0.009812814
1642,1,collective_anomaly,investigate multivariate patterns + check correlated KPIs,0.5108335523548487,81.52114576789944,0.9998871
1643,1,collective_anomaly,investigate multivariate patterns + check correlated KPIs,0.5526000549351009,116.8246232439904,0.9999267
1644,1,temporal_pattern_anomaly,analyze time-series behavior + review LSTM/Transformer features,0.3919428021244732,52.92491140819238,0.99995756
1645,1,temporal_pattern_anomaly,analyze time-series behavior + review LSTM/Transformer features,0.42394346908253,59.005463883942106,0.9999354
1646,0,isolation_outlier,inspect individual extreme values + check for sensor drift,0.4876018668251579,71.43102362474865,6.6142726e-05
1647,0,subtle_anomaly,monitor closely + collect more contextual data,0.4059921619964355,47.07241872443253,0.00048153196
1648,0,subtle_anomaly,monitor closely + collect more contextual data,0.4578059001151606,58.82048499558275,0.0020670127
1649,0,subtle_anomaly,monitor closely + collect more contextual data,0.4202028843908329,50.5196582972533,0.0009791767
1650,0,collective_anomaly,investigate multivariate patterns + check correlated KPIs,0.5342108536835681,106.2310445235128,0.0051028724
1651,1,temporal_pattern_anomaly,analyze time-series behavior + review LSTM/Transformer features,0.4504290745106417,65.2101621402408,0.9998846
1652,1,temporal_pattern_anomaly,analyze time-series behavior + review LSTM/Transformer features,0.4292364627102122,60.56572910623869,0.99996483
1653,0,subtle_anomaly,monitor closely + collect more contextual data,0.3814851491732135,44.42135201904168,7.909338e-05
1654,1,temporal_pattern_anomaly,analyze time-series behavior + review LSTM/Transformer features,0.438323664866739,65.32575608744598,0.9995852
1655,1,temporal_pattern_anomaly,analyze time-series behavior + review LSTM/Transformer features,0.4365548994662164,57.271360582116976,0.9754244
1656,1,temporal_pattern_anomaly,analyze time-series behavior + review LSTM/Transformer features,0.4511893526497018,68.36852626464174,0.9996426
1657,0,subtle_anomaly,monitor closely + collect more contextual data,0.4026920486536217,49.59329355034272,0.00028567231
1658,1,temporal_pattern_anomaly,analyze time-series behavior + review LSTM/Transformer features,0.4755754408942387,63.85617634380488,0.9999505
1659,0,subtle_anomaly,monitor closely + collect more contextual data,0.4111925415280238,49.90743966881537,0.00060256344
1660,0,temporal_pattern_anomaly,analyze time-series behavior + review LSTM/Transformer features,0.3998067718049251,45.78364660198834,0.19575006
1661,0,isolation_outlier,inspect individual extreme values + check for sensor drift,0.4874294958349148,73.29262600558663,5.755245e-05
1662,0,isolation_outlier,inspect individual extreme values + check for sensor drift,0.4810444347212974,74.88330000142194,0.003267325
1663,0,subtle_anomaly,monitor closely + collect more contextual data,0.4245961740580121,55.77876171765239,4.988255e-05
1664,0,subtle_anomaly,monitor closely + collect more contextual data,0.4030691233412375,42.89765253018859,0.00014707386
1665,1,collective_anomaly,investigate multivariate patterns + check correlated KPIs,0.5154354163256133,88.72426570737353,0.9998964
1666,1,collective_anomaly,investigate multivariate patterns + check correlated KPIs,0.5393458267590924,101.3407398045568,0.99963987
1667,0,subtle_anomaly,monitor closely + collect more contextual data,0.4705542996967797,63.48967614303839,6.756679e-05
1668,0,subtle_anomaly,monitor closely + collect more contextual data,0.4702694519264822,63.07510958857194,7.246128e-05
1669,1,temporal_pattern_anomaly,analyze time-series behavior + review LSTM/Transformer features,0.4059249485740825,53.467757910814505,0.99888045
1670,1,temporal_pattern_anomaly,analyze time-series behavior + review LSTM/Transformer features,0.4308686534462171,61.92742869332093,0.99980825
1671,1,temporal_pattern_anomaly,analyze time-series behavior + review LSTM/Transformer features,0.4259609838484068,61.8302640073934,0.9998099
1672,1,collective_anomaly,investigate multivariate patterns + check correlated KPIs,0.544205101396522,103.93486617893286,0.9992655
1673,1,temporal_pattern_anomaly,analyze time-series behavior + review LSTM/Transformer features,0.4295238452949204,59.20997430394845,0.9997521
1674,1,collective_anomaly,investigate multivariate patterns + check correlated KPIs,0.482150349290305,86.2634078983226,0.9995497
1675,1,temporal_pattern_anomaly,analyze time-series behavior + review LSTM/Transformer features,0.4300498755018674,65.14461450635547,0.999863
1676,0,subtle_anomaly,monitor closely + collect more contextual data,0.4415474881484422,60.55371989958039,0.0013183226
1677,0,subtle_anomaly,monitor closely + collect more contextual data,0.433685056626067,46.408607907661406,0.00040008003
1678,0,subtle_anomaly,monitor closely + collect more contextual data,0.4164477098949092,52.15367149919767,5.0932264e-05
1679,0,subtle_anomaly,monitor closely + collect more contextual data,0.4432427448554539,58.64843454161074,0.00044117827
1680,0,subtle_anomaly,monitor closely + collect more contextual data,0.4159310960296102,56.65230042380657,4.275811e-05
1681,1,temporal_pattern_anomaly,analyze time-series behavior + review LSTM/Transformer features,0.4665851215666997,62.16163224542507,0.99989617
1682,1,temporal_pattern_anomaly,analyze time-series behavior + review LSTM/Transformer features,0.4263661920550707,60.99718246943804,0.9999409
1683,1,temporal_pattern_anomaly,analyze time-series behavior + review LSTM/Transformer features,0.4330029167673819,56.7629434326185,0.9998882
1684,0,subtle_anomaly,monitor closely + collect more contextual data,0.4143396282884263,49.96802507146968,0.023128796
1685,0,subtle_anomaly,monitor closely + collect more contextual data,0.4220402864500225,59.09438106736019,0.0066940743
1686,0,subtle_anomaly,monitor closely + collect more contextual data,0.4303862161994898,54.54769559477095,0.00021051099
1687,1,temporal_pattern_anomaly,analyze time-series behavior + review LSTM/Transformer features,0.416944495124557,54.09013447588408,0.9999138
1688,1,temporal_pattern_anomaly,analyze time-series behavior + review LSTM/Transformer features,0.4218036512428273,55.43673523999068,0.99991703
1689,0,subtle_anomaly,monitor closely + collect more contextual data,0.4264346668185084,53.48176892683247,0.002520616
1690,0,subtle_anomaly,monitor closely + collect more contextual data,0.4077462544426641,50.46942962207444,0.0001973259
1691,1,temporal_pattern_anomaly,analyze time-series behavior + review LSTM/Transformer features,0.46123127202023,66.7326114792697,0.9998828
1692,1,temporal_pattern_anomaly,analyze time-series behavior + review LSTM/Transformer features,0.4132813633385985,55.66125202990293,0.99993455
1693,0,collective_anomaly,investigate multivariate patterns + check correlated KPIs,0.5283331990283852,91.27755925000724,0.0008534839
1694,0,subtle_anomaly,monitor closely + collect more contextual data,0.419884937236773,55.77966701235134,0.0005992982
1695,0,subtle_anomaly,monitor closely + collect more contextual data,0.4238073400403434,49.7536706895528,0.00020404607
1696,1,temporal_pattern_anomaly,analyze time-series behavior + review LSTM/Transformer features,0.4484394273867563,61.827090758157325,0.99993527
1697,0,isolation_outlier,inspect individual extreme values + check for sensor drift,0.4844238514990897,70.0174925365236,0.0001537042
1698,1,temporal_pattern_anomaly,analyze time-series behavior + review LSTM/Transformer features,0.4561924021155097,59.377229463633,0.9995307
1699,0,subtle_anomaly,monitor closely + collect more contextual data,0.463648694267133,65.05489791524708,0.0025373152
1700,0,subtle_anomaly,monitor closely + collect more contextual data,0.4091785163558066,53.39562657269464,1.760192e-05
1701,1,temporal_pattern_anomaly,analyze time-series behavior + review LSTM/Transformer features,0.477142109102773,72.77444921891706,0.99997056
1702,0,subtle_anomaly,monitor closely + collect more contextual data,0.4382111698094793,63.585303222479325,0.0003214957
1703,0,subtle_anomaly,monitor closely + collect more contextual data,0.3960949201526949,47.60416522342134,7.252474e-05
1704,0,subtle_anomaly,monitor closely + collect more contextual data,0.393201412152644,48.82231173398134,0.060194463
1705,0,subtle_anomaly,monitor closely + collect more contextual data,0.4717035822033804,67.11808323799562,0.0005730972
1706,1,temporal_pattern_anomaly,analyze time-series behavior + review LSTM/Transformer features,0.4051155462622751,54.002167696745815,0.999954
1707,0,subtle_anomaly,monitor closely + collect more contextual data,0.4113889446268451,50.14213220619445,0.00014874499
1708,1,temporal_pattern_anomaly,analyze time-series behavior + review LSTM/Transformer features,0.4385717010373244,54.2249811190093,0.99583554
1709,0,subtle_anomaly,monitor closely + collect more contextual data,0.4150603305492938,49.910475502106365,0.06873106
1710,0,isolation_outlier,inspect individual extreme values + check for sensor drift,0.4916113061326998,66.59491138756044,0.00035428282
1711,0,subtle_anomaly,monitor closely + collect more contextual data,0.4604477323926753,61.987935811764295,6.82781e-05
1712,1,collective_anomaly,investigate multivariate patterns + check correlated KPIs,0.5849200926382598,149.5054830650739,0.99989533
1713,0,subtle_anomaly,monitor closely + collect more contextual data,0.4173762014475746,56.49372179038622,5.5881672e-05
1714,1,temporal_pattern_anomaly,analyze time-series behavior + review LSTM/Transformer features,0.400049703348998,50.32725094486021,0.9999567
1715,0,subtle_anomaly,monitor closely + collect more contextual data,0.4419688515927641,51.1564423863141,0.0018050969
1716,0,subtle_anomaly,monitor closely + collect more contextual data,0.4513455764299149,58.32805789193791,0.00044716342
1717,0,subtle_anomaly,monitor closely + collect more contextual data,0.4021122606289725,48.10202837792904,2.4239254e-05
1718,0,subtle_anomaly,monitor closely + collect more contextual data,0.3837327013511226,42.58600410910029,0.0002077424
1719,1,temporal_pattern_anomaly,analyze time-series behavior + review LSTM/Transformer features,0.4569233836837119,62.50971894566172,0.99996805
1720,0,collective_anomaly,investigate multivariate patterns + check correlated KPIs,0.4908424457506376,89.39365409769161,0.0075601744
1721,1,temporal_pattern_anomaly,analyze time-series behavior + review LSTM/Transformer features,0.4676868931557864,62.7704225913346,0.99992085
1722,0,subtle_anomaly,monitor closely + collect more contextual data,0.4445830531054058,55.48556628044328,0.00016252705
1723,1,temporal_pattern_anomaly,analyze time-series behavior + review LSTM/Transformer features,0.4609275839187879,72.8725575603974,0.999946
1724,0,subtle_anomaly,monitor closely + collect more contextual data,0.3908730128509946,44.22036658579714,0.0009936421
1725,1,temporal_pattern_anomaly,analyze time-series behavior + review LSTM/Transformer features,0.3982797683334489,54.73181791816871,0.9999546
1726,1,collective_anomaly,investigate multivariate patterns + check correlated KPIs,0.5328779850126409,105.21449920553152,0.999723
1727,0,subtle_anomaly,monitor closely + collect more contextual data,0.4047709234984329,50.46716603599163,5.9958275e-05
1728,1,temporal_pattern_anomaly,analyze time-series behavior + review LSTM/Transformer features,0.4622791052608366,64.07258347768,0.9997799
1729,1,temporal_pattern_anomaly,analyze time-series behavior + review LSTM/Transformer features,0.441111029925732,58.081840784209525,0.9996588
1730,0,subtle_anomaly,monitor closely + collect more contextual data,0.4028334343345191,48.837328395145285,0.0005967837
1731,1,temporal_pattern_anomaly,analyze time-series behavior + review LSTM/Transformer features,0.4143794673742312,57.88014156889837,0.9996544
1732,1,collective_anomaly,investigate multivariate patterns + check correlated KPIs,0.5812752652284332,124.55379383108142,0.99962056
1733,0,subtle_anomaly,monitor closely + collect more contextual data,0.4516403718969818,63.54311855911182,0.0011082977
1734,1,collective_anomaly,investigate multivariate patterns + check correlated KPIs,0.5273281756602027,94.2828548719083,0.9330597
1735,0,subtle_anomaly,monitor closely + collect more contextual data,0.4269566001929512,58.453013405296055,0.00026403085
1736,0,subtle_anomaly,monitor closely + collect more contextual data,0.4177186205250433,53.2347602998234,0.00020609875
1737,0,subtle_anomaly,monitor closely + collect more contextual data,0.4032127487141529,49.67261100768714,0.0001492771
1738,0,subtle_anomaly,monitor closely + collect more contextual data,0.3899204314935085,46.52021491987878,0.0001125067
1739,1,temporal_pattern_anomaly,analyze time-series behavior + review LSTM/Transformer features,0.5017841320757098,79.93088095405997,0.9998932
1740,0,subtle_anomaly,monitor closely + collect more contextual data,0.4037928298714012,47.86058099336179,0.0056626783
1741,1,temporal_pattern_anomaly,analyze time-series behavior + review LSTM/Transformer features,0.4502518043554368,66.56578491835796,0.9997851
1742,0,subtle_anomaly,monitor closely + collect more contextual data,0.4071116627804279,44.98930619167313,0.0010503283
1743,0,subtle_anomaly,monitor closely + collect more contextual data,0.4152772514071476,57.29096587696713,0.0036001836
1744,1,temporal_pattern_anomaly,analyze time-series behavior + review LSTM/Transformer features,0.4434055318691107,52.7796886763215,0.9999715
1745,1,temporal_pattern_anomaly,analyze time-series behavior + review LSTM/Transformer features,0.4684018918323758,77.60811564797241,0.9991517
1746,1,temporal_pattern_anomaly,analyze time-series behavior + review LSTM/Transformer features,0.4445298552892223,64.65499307410833,0.999967
1747,1,temporal_pattern_anomaly,analyze time-series behavior + review LSTM/Transformer features,0.4288034302663693,58.46837635323662,0.9999206
1748,1,temporal_pattern_anomaly,analyze time-series behavior + review LSTM/Transformer features,0.4251589130626156,61.25556448331713,0.9999491
1749,0,subtle_anomaly,monitor closely + collect more contextual data,0.4594708381687248,62.47672839151421,0.00015899011
1750,0,subtle_anomaly,monitor closely + collect more contextual data,0.4420358742226062,59.94442844007659,5.785725e-05
1751,1,temporal_pattern_anomaly,analyze time-series behavior + review LSTM/Transformer features,0.4514877042892409,67.4733237240414,0.99985814
1752,0,subtle_anomaly,monitor closely + collect more contextual data,0.429484194390669,54.71964093304941,0.0008969928
1753,0,subtle_anomaly,monitor closely + collect more contextual data,0.383595351610945,43.06237192007714,0.00024326441
1754,0,subtle_anomaly,monitor closely + collect more contextual data,0.3815086805032098,44.39542175035616,0.00030978836
1755,1,collective_anomaly,investigate multivariate patterns + check correlated KPIs,0.5066942047647629,81.93596591867404,0.99985373
1756,0,subtle_anomaly,monitor closely + collect more contextual data,0.4564879597263884,65.1124227614254,0.00018029718
1757,1,temporal_pattern_anomaly,analyze time-series behavior + review LSTM/Transformer features,0.392908327117293,44.2638957106753,0.9950664
1758,0,subtle_anomaly,monitor closely + collect more contextual data,0.4598102931941637,64.75631745157192,0.00052139943
1759,1,temporal_pattern_anomaly,analyze time-series behavior + review LSTM/Transformer features,0.4356849688022119,57.90334411129582,0.99993145
1760,0,subtle_anomaly,monitor closely + collect more contextual data,0.4335354691737835,65.75180360468691,2.208336e-05
1761,0,subtle_anomaly,monitor closely + collect more contextual data,0.3849375538730562,42.76873204520463,0.00029621454
1762,1,temporal_pattern_anomaly,analyze time-series behavior + review LSTM/Transformer features,0.461774806508043,64.11411810421797,0.999962
1763,1,temporal_pattern_anomaly,analyze time-series behavior + review LSTM/Transformer features,0.4286291972703402,52.532020149892766,0.9999354
1764,1,temporal_pattern_anomaly,analyze time-series behavior + review LSTM/Transformer features,0.4512737191730335,58.21415226647791,0.99980205
1765,1,temporal_pattern_anomaly,analyze time-series behavior + review LSTM/Transformer features,0.439467290542303,57.86499546435857,0.9999058
1766,0,subtle_anomaly,monitor closely + collect more contextual data,0.4196930591867587,48.36390409494264,0.00033843762
1767,1,temporal_pattern_anomaly,analyze time-series behavior + review LSTM/Transformer features,0.4599632625683789,72.00221835363102,0.99951506
1768,1,temporal_pattern_anomaly,analyze time-series behavior + review LSTM/Transformer features,0.4313795634902428,56.347893692781376,0.99922526
1769,0,collective_anomaly,investigate multivariate patterns + check correlated KPIs,0.5763136958930315,104.2612985935856,0.0005394784
1770,1,temporal_pattern_anomaly,analyze time-series behavior + review LSTM/Transformer features,0.4527932607130702,60.01938267149519,0.9985688
1771,1,temporal_pattern_anomaly,analyze time-series behavior + review LSTM/Transformer features,0.4001063022277306,49.9739501263482,0.9999645
1772,0,subtle_anomaly,monitor closely + collect more contextual data,0.4184579981827598,52.63334487501716,0.00040294073
1773,0,subtle_anomaly,monitor closely + collect more contextual data,0.395486334386157,47.69605556864483,1.7723924e-05
1774,1,collective_anomaly,investigate multivariate patterns + check correlated KPIs,0.5412777033939113,97.96276899787496,0.99947935
1775,0,subtle_anomaly,monitor closely + collect more contextual data,0.4130318068157494,51.34172912245245,0.0007552857
1776,1,temporal_pattern_anomaly,analyze time-series behavior + review LSTM/Transformer features,0.4144218489841864,57.2844925200352,0.9998541
1777,1,temporal_pattern_anomaly,analyze time-series behavior + review LSTM/Transformer features,0.4448791169982977,54.623952821010455,0.9996196
1778,1,temporal_pattern_anomaly,analyze time-series behavior + review LSTM/Transformer features,0.4281320515743202,56.66444788950511,0.9999701
1779,1,temporal_pattern_anomaly,analyze time-series behavior + review LSTM/Transformer features,0.4225439039154756,54.80383526443128,0.79597473
1780,0,subtle_anomaly,monitor closely + collect more contextual data,0.4268266457584128,55.53081803760661,0.0013298924
1781,0,subtle_anomaly,monitor closely + collect more contextual data,0.4119461020956592,57.15719964188138,0.00017596222
1782,1,temporal_pattern_anomaly,analyze time-series behavior + review LSTM/Transformer features,0.4262141003700474,51.65834129710187,0.9998883
1783,1,temporal_pattern_anomaly,analyze time-series behavior + review LSTM/Transformer features,0.4269614638537781,56.849019067046754,0.99990404
1784,0,subtle_anomaly,monitor closely + collect more contextual data,0.3940709014644534,45.671830851304286,0.0005379305
1785,0,subtle_anomaly,monitor closely + collect more contextual data,0.4500027290893738,66.79886298059223,0.000119145996
1786,1,temporal_pattern_anomaly,analyze time-series behavior + review LSTM/Transformer features,0.4084236630492335,55.144321556197085,0.99996114
1787,0,subtle_anomaly,monitor closely + collect more contextual data,0.4029534990062152,49.95589308108713,0.000100074976
1788,1,temporal_pattern_anomaly,analyze time-series behavior + review LSTM/Transformer features,0.4119137887877986,42.74415100318129,0.9966276
1789,0,subtle_anomaly,monitor closely + collect more contextual data,0.3899022413259109,45.64980925781918,0.00010215061
1790,1,temporal_pattern_anomaly,analyze time-series behavior + review LSTM/Transformer features,0.4159982992689895,53.410397113794346,0.9999652
1791,1,temporal_pattern_anomaly,analyze time-series behavior + review LSTM/Transformer features,0.4134543057996228,57.86171885683312,0.9986118
1792,0,subtle_anomaly,monitor closely + collect more contextual data,0.4234258570671456,55.33728526401335,0.00031865324
1793,1,temporal_pattern_anomaly,analyze time-series behavior + review LSTM/Transformer features,0.4093096674361712,55.8249400701048,0.99955255
1794,0,subtle_anomaly,monitor closely + collect more contextual data,0.3824957874358609,44.05241894518987,9.1522445e-05
1795,0,subtle_anomaly,monitor closely + collect more contextual data,0.4227651641385375,46.40102618045678,0.0013952524
1796,0,subtle_anomaly,monitor closely + collect more contextual data,0.4326479843298193,49.79332105017555,0.0032386759
1797,1,temporal_pattern_anomaly,analyze time-series behavior + review LSTM/Transformer features,0.4343006688623591,56.456055733101806,0.99990296
1798,1,temporal_pattern_anomaly,analyze time-series behavior + review LSTM/Transformer features,0.4334404227206626,65.53044926451834,0.999969
1799,1,collective_anomaly,investigate multivariate patterns + check correlated KPIs,0.5025633947907906,93.92077980762878,0.99934214
1800,1,temporal_pattern_anomaly,analyze time-series behavior + review LSTM/Transformer features,0.4151875438761697,56.72077669573514,0.9998956
1801,0,subtle_anomaly,monitor closely + collect more contextual data,0.4688862620143378,67.81636742506291,9.657176e-05
1802,1,temporal_pattern_anomaly,analyze time-series behavior + review LSTM/Transformer features,0.4541592103858984,63.83592687249276,0.9991511
1803,1,temporal_pattern_anomaly,analyze time-series behavior + review LSTM/Transformer features,0.3741499967993373,45.84880626829015,0.9999541
1804,1,temporal_pattern_anomaly,analyze time-series behavior + review LSTM/Transformer features,0.4689312952100651,60.56823933814938,0.999941
1805,0,subtle_anomaly,monitor closely + collect more contextual data,0.4562711757098863,62.29137437221354,0.00059252244
1806,1,temporal_pattern_anomaly,analyze time-series behavior + review LSTM/Transformer features,0.4032834553546806,48.1984401729879,0.9998585
1807,1,temporal_pattern_anomaly,analyze time-series behavior + review LSTM/Transformer features,0.4629671512433118,68.7818266576095,0.999882
1808,1,temporal_pattern_anomaly,analyze time-series behavior + review LSTM/Transformer features,0.3922232242078934,47.19722349086236,0.99985194
1809,1,temporal_pattern_anomaly,analyze time-series behavior + review LSTM/Transformer features,0.4244180480218658,57.35926688009611,0.9998901
1810,1,temporal_pattern_anomaly,analyze time-series behavior + review LSTM/Transformer features,0.4824512891892206,71.1826562539893,0.99995494
1811,0,subtle_anomaly,monitor closely + collect more contextual data,0.4513732312471902,57.532637296967714,0.00023021526
1812,0,subtle_anomaly,monitor closely + collect more contextual data,0.4061321282577727,48.69445320656665,2.8368888e-05
1813,0,subtle_anomaly,monitor closely + collect more contextual data,0.4115709260446606,47.72768690677099,0.00074864767
1814,1,collective_anomaly,investigate multivariate patterns + check correlated KPIs,0.5473059134658599,105.08405090160002,0.9999057
1815,0,subtle_anomaly,monitor closely + collect more contextual data,0.4668542774292978,65.22085856900964,6.3435444e-05
1816,1,temporal_pattern_anomaly,analyze time-series behavior + review LSTM/Transformer features,0.4316319810953596,65.80050406345497,0.99990356
1817,0,subtle_anomaly,monitor closely + collect more contextual data,0.4057555730593487,52.92237288719574,9.520397e-05
1818,1,temporal_pattern_anomaly,analyze time-series behavior + review LSTM/Transformer features,0.4119345892245692,52.23357265751734,0.9989856
1819,0,subtle_anomaly,monitor closely + collect more contextual data,0.4344429751186874,55.84076381624551,0.00016170007
1820,0,subtle_anomaly,monitor closely + collect more contextual data,0.3979683102115193,47.12554251483277,0.13122848
1821,1,temporal_pattern_anomaly,analyze time-series behavior + review LSTM/Transformer features,0.4295731965331706,55.27804479410675,0.99996054
1822,0,subtle_anomaly,monitor closely + collect more contextual data,0.4049954420359229,52.42338438525365,0.00012474052
1823,0,subtle_anomaly,monitor closely + collect more contextual data,0.4205052409034409,55.26394094098882,3.323593e-05
1824,1,temporal_pattern_anomaly,analyze time-series behavior + review LSTM/Transformer features,0.4496585316714225,65.25235170552158,0.9999242
1825,1,temporal_pattern_anomaly,analyze time-series behavior + review LSTM/Transformer features,0.4356103877418145,61.02810601365071,0.99986446
1826,0,isolation_outlier,inspect individual extreme values + check for sensor drift,0.4835412013696589,74.73373255688645,0.00023680001
1827,0,isolation_outlier,inspect individual extreme values + check for sensor drift,0.5032793247238867,72.65480356688538,0.00010022921
1828,1,temporal_pattern_anomaly,analyze time-series behavior + review LSTM/Transformer features,0.4269567285108892,58.10969705463527,0.9997284
1829,0,subtle_anomaly,monitor closely + collect more contextual data,0.3963448743423394,47.89942663727822,0.0009443681
1830,1,temporal_pattern_anomaly,analyze time-series behavior + review LSTM/Transformer features,0.4000208539076932,54.36863506929858,0.999739
1831,0,subtle_anomaly,monitor closely + collect more contextual data,0.4461194028431167,60.41647049638654,7.1849034e-05
1832,0,subtle_anomaly,monitor closely + collect more contextual data,0.4489016923331714,64.6482638435934,0.0008998138
1833,0,subtle_anomaly,monitor closely + collect more contextual data,0.4122255805594733,52.908827240417104,0.00041224106
1834,0,subtle_anomaly,monitor closely + collect more contextual data,0.4333100073314865,60.44187329438499,0.00041031349
1835,1,temporal_pattern_anomaly,analyze time-series behavior + review LSTM/Transformer features,0.4234608125529184,58.35708683829467,0.9999386
1836,1,temporal_pattern_anomaly,analyze time-series behavior + review LSTM/Transformer features,0.4407476239527989,58.0623885792773,0.99997365
1837,0,collective_anomaly,investigate multivariate patterns + check correlated KPIs,0.5247912204615751,95.68442673361292,0.0014313277
1838,1,temporal_pattern_anomaly,analyze time-series behavior + review LSTM/Transformer features,0.4004249300089155,55.57982024972997,0.99988604
1839,1,temporal_pattern_anomaly,analyze time-series behavior + review LSTM/Transformer features,0.4036088590396584,48.60359077546762,0.9998704
1840,1,temporal_pattern_anomaly,analyze time-series behavior + review LSTM/Transformer features,0.3814517874693582,47.77039018867376,0.9997545
1841,0,subtle_anomaly,monitor closely + collect more contextual data,0.4155161148140999,48.11850781701035,0.00049561175
1842,1,temporal_pattern_anomaly,analyze time-series behavior + review LSTM/Transformer features,0.4435436467737124,62.35289643102395,0.9999409
1843,1,collective_anomaly,investigate multivariate patterns + check correlated KPIs,0.5033039317982,85.13564166975749,0.9998605
1844,1,temporal_pattern_anomaly,analyze time-series behavior + review LSTM/Transformer features,0.442529112345512,63.61072293382431,0.99984646
1845,0,isolation_outlier,inspect individual extreme values + check for sensor drift,0.5137188962601816,77.7279693252795,0.0002529303
1846,1,temporal_pattern_anomaly,analyze time-series behavior + review LSTM/Transformer features,0.4204587572142696,55.41788099897565,0.999972
1847,0,subtle_anomaly,monitor closely + collect more contextual data,0.4079638109726369,49.62413155238991,6.393136e-05
1848,0,subtle_anomaly,monitor closely + collect more contextual data,0.4098244773513198,53.108805658324094,2.9110604e-05
1849,0,subtle_anomaly,monitor closely + collect more contextual data,0.4132074431236127,54.00358682982388,0.00024105552
1850,0,subtle_anomaly,monitor closely + collect more contextual data,0.4015435424455383,49.93969629260498,0.00054400455
1851,0,subtle_anomaly,monitor closely + collect more contextual data,0.4454813961909498,59.4116894952889,0.00085339154
1852,0,subtle_anomaly,monitor closely + collect more contextual data,0.4398809634289166,57.867975283919,8.825797e-05
1853,1,confirmed_anomaly,high-confidence alert - trigger immediate investigation,0.3819049103872673,44.23323496244869,0.9968238
1854,0,subtle_anomaly,monitor closely + collect more contextual data,0.3993315610577461,49.81422615589528,0.00012298296
1855,1,temporal_pattern_anomaly,analyze time-series behavior + review LSTM/Transformer features,0.413852723612622,55.556621589023706,0.9999691
1856,1,temporal_pattern_anomaly,analyze time-series behavior + review LSTM/Transformer features,0.4052161129620406,54.5032173200443,0.99998
1857,1,temporal_pattern_anomaly,analyze time-series behavior + review LSTM/Transformer features,0.4079760608454335,50.53000028923,0.4344743
1858,1,temporal_pattern_anomaly,analyze time-series behavior + review LSTM/Transformer features,0.410121696737281,56.2610769046395,0.99982077
1859,1,temporal_pattern_anomaly,analyze time-series behavior + review LSTM/Transformer features,0.42236567770561,53.46487672363501,0.9999546
1860,1,temporal_pattern_anomaly,analyze time-series behavior + review LSTM/Transformer features,0.4152240100911904,56.980593844843405,0.99985325
1861,1,temporal_pattern_anomaly,analyze time-series behavior + review LSTM/Transformer features,0.4405638857836092,66.64412289501367,0.99948716
1862,1,temporal_pattern_anomaly,analyze time-series behavior + review LSTM/Transformer features,0.4491266524297671,66.01941012503121,0.99961793
1863,0,subtle_anomaly,monitor closely + collect more contextual data,0.4576760651401578,62.5359507936472,0.0010387023
1864,0,subtle_anomaly,monitor closely + collect more contextual data,0.4508855418601366,63.92884430736431,0.00018777342
1865,0,subtle_anomaly,monitor closely + collect more contextual data,0.4344108674140222,58.3374319063768,6.986804e-05
1866,0,subtle_anomaly,monitor closely + collect more contextual data,0.4133938130757701,51.10265364596129,7.858141e-05
1867,0,subtle_anomaly,monitor closely + collect more contextual data,0.4682354939038544,60.8881687875875,0.00015902726
1868,1,temporal_pattern_anomaly,analyze time-series behavior + review LSTM/Transformer features,0.387290356552024,47.0962852364468,0.99989986
1869,1,temporal_pattern_anomaly,analyze time-series behavior + review LSTM/Transformer features,0.4098250764732983,50.03266793558214,0.99989533
1870,1,temporal_pattern_anomaly,analyze time-series behavior + review LSTM/Transformer features,0.4134387847491272,51.42338313222356,0.999969
1871,0,subtle_anomaly,monitor closely + collect more contextual data,0.4045431934798611,47.769586300918405,8.5543026e-05
1872,0,subtle_anomaly,monitor closely + collect more contextual data,0.4143776698109503,53.51607888946898,0.0004439618
1873,1,temporal_pattern_anomaly,analyze time-series behavior + review LSTM/Transformer features,0.4222852265669914,56.01553784554738,0.999816
1874,0,subtle_anomaly,monitor closely + collect more contextual data,0.3909788410969885,48.87610925597886,2.5075444e-05
1875,1,temporal_pattern_anomaly,analyze time-series behavior + review LSTM/Transformer features,0.4002180781133364,45.79658467732199,0.99985194
1876,0,subtle_anomaly,monitor closely + collect more contextual data,0.4641849066947784,62.79026784663217,0.0029951162
1877,0,subtle_anomaly,monitor closely + collect more contextual data,0.4297298703542226,54.78498643861042,0.00033599912
1878,1,temporal_pattern_anomaly,analyze time-series behavior + review LSTM/Transformer features,0.4497350080993842,62.36173732323673,0.9999331
1879,1,temporal_pattern_anomaly,analyze time-series behavior + review LSTM/Transformer features,0.3826079174633551,46.872434420116704,0.9984559
1880,1,temporal_pattern_anomaly,analyze time-series behavior + review LSTM/Transformer features,0.4399172398770088,59.93576123177289,0.9995802
1881,0,subtle_anomaly,monitor closely + collect more contextual data,0.4002701908820078,47.10623000512503,0.00014408802
1882,1,temporal_pattern_anomaly,analyze time-series behavior + review LSTM/Transformer features,0.4774068277358355,75.812510155992,0.9999113
1883,1,temporal_pattern_anomaly,analyze time-series behavior + review LSTM/Transformer features,0.4314011662206417,50.364483108951504,0.9995196
1884,1,temporal_pattern_anomaly,analyze time-series behavior + review LSTM/Transformer features,0.3961117944174016,48.27925584940577,0.9995419
1885,1,temporal_pattern_anomaly,analyze time-series behavior + review LSTM/Transformer features,0.4317917478633121,55.952277134035576,0.9999627
1886,1,temporal_pattern_anomaly,analyze time-series behavior + review LSTM/Transformer features,0.4495751687997191,63.54995645177111,0.99983394
1887,0,subtle_anomaly,monitor closely + collect more contextual data,0.4392433251341766,57.58312863969489,0.0021803768
1888,0,subtle_anomaly,monitor closely + collect more contextual data,0.4450193423360888,60.802544058039466,3.8685816e-05
1889,0,subtle_anomaly,monitor closely + collect more contextual data,0.3678185184492772,43.0366148061098,0.00081291486
1890,1,temporal_pattern_anomaly,analyze time-series behavior + review LSTM/Transformer features,0.4718470172194616,66.12547597834447,0.99960333
1891,1,temporal_pattern_anomaly,analyze time-series behavior + review LSTM/Transformer features,0.4431279125248717,65.35850610092085,0.66581476
1892,0,subtle_anomaly,monitor closely + collect more contextual data,0.3759328783977747,39.621878881863815,5.8299323e-05
1893,1,temporal_pattern_anomaly,analyze time-series behavior + review LSTM/Transformer features,0.4756822736551723,61.92040931062995,0.9999471
1894,0,subtle_anomaly,monitor closely + collect more contextual data,0.4176341420214893,52.99999867110732,0.0026082203
1895,0,subtle_anomaly,monitor closely + collect more contextual data,0.463876874682108,65.27341298207365,0.00028402632
1896,0,subtle_anomaly,monitor closely + collect more contextual data,0.4499986696514632,63.22330025139691,0.0004990558
1897,1,temporal_pattern_anomaly,analyze time-series behavior + review LSTM/Transformer features,0.4340597335488438,47.91107038494119,0.9996562
1898,1,temporal_pattern_anomaly,analyze time-series behavior + review LSTM/Transformer features,0.4193951169226266,59.45457120002743,0.9996444
1899,0,temporal_pattern_anomaly,analyze time-series behavior + review LSTM/Transformer features,0.3832874411436157,46.62052024277224,0.05745
1900,0,subtle_anomaly,monitor closely + collect more contextual data,0.4040515813750238,51.43589261749237,0.00010473016
1901,1,temporal_pattern_anomaly,analyze time-series behavior + review LSTM/Transformer features,0.4095658860804773,54.21797863048904,0.99958795
1902,1,temporal_pattern_anomaly,analyze time-series behavior + review LSTM/Transformer features,0.4070680713644168,54.54762899193064,0.99995065
1903,0,subtle_anomaly,monitor closely + collect more contextual data,0.4490414677096071,62.463421048058976,0.00024220282
1904,1,temporal_pattern_anomaly,analyze time-series behavior + review LSTM/Transformer features,0.4284655086622088,54.39520062789485,0.9992455
1905,1,collective_anomaly,investigate multivariate patterns + check correlated KPIs,0.57469875786057,115.90264632890762,0.9947136
1906,1,temporal_pattern_anomaly,analyze time-series behavior + review LSTM/Transformer features,0.4224541900215995,57.43085866417906,0.9999745
1907,0,subtle_anomaly,monitor closely + collect more contextual data,0.4088067371052652,56.79201780714262,0.00025427976
1908,1,temporal_pattern_anomaly,analyze time-series behavior + review LSTM/Transformer features,0.3900663650010806,48.12938575516306,0.9999069
1909,1,temporal_pattern_anomaly,analyze time-series behavior + review LSTM/Transformer features,0.449237649897753,67.16372830053442,0.99995446
1910,1,temporal_pattern_anomaly,analyze time-series behavior + review LSTM/Transformer features,0.443516495385787,62.33644229629276,0.9998784
1911,1,temporal_pattern_anomaly,analyze time-series behavior + review LSTM/Transformer features,0.4077746701087075,56.40434454830157,0.9999008
1912,0,subtle_anomaly,monitor closely + collect more contextual data,0.4627997083119332,63.38142189955587,0.00082486443
1913,0,subtle_anomaly,monitor closely + collect more contextual data,0.412679117618353,53.948105541188674,0.010326881
1914,0,subtle_anomaly,monitor closely + collect more contextual data,0.4009094602842821,49.24451726691554,2.3712677e-05
1915,0,subtle_anomaly,monitor closely + collect more contextual data,0.4747936594103522,67.63218569586355,0.0014864093
1916,0,subtle_anomaly,monitor closely + collect more contextual data,0.4304880240078454,55.177860952277086,0.00012394588
1917,0,subtle_anomaly,monitor closely + collect more contextual data,0.4060377434432101,52.915634331588514,0.00021143873
1918,0,subtle_anomaly,monitor closely + collect more contextual data,0.4110344103647669,50.34971608838757,0.0026968508
1919,0,subtle_anomaly,monitor closely + collect more contextual data,0.4602823111056264,60.432594145861856,8.4219086e-05
1920,0,subtle_anomaly,monitor closely + collect more contextual data,0.4191003392997762,57.19007150241586,0.00010995633
1921,1,temporal_pattern_anomaly,analyze time-series behavior + review LSTM/Transformer features,0.4330815150417858,55.550554675092464,0.999767
1922,1,temporal_pattern_anomaly,analyze time-series behavior + review LSTM/Transformer features,0.4813827866833664,76.12432292457073,0.99976057
1923,0,subtle_anomaly,monitor closely + collect more contextual data,0.4578354334686869,68.6738625171657,0.0007009509
1924,1,temporal_pattern_anomaly,analyze time-series behavior + review LSTM/Transformer features,0.4187446377282734,54.65798436745583,0.99955565
1925,0,subtle_anomaly,monitor closely + collect more contextual data,0.4256221615068354,54.42156357576887,0.00047498103
1926,1,temporal_pattern_anomaly,analyze time-series behavior + review LSTM/Transformer features,0.4391402576803707,51.12125714623119,0.99653155
1927,1,temporal_pattern_anomaly,analyze time-series behavior + review LSTM/Transformer features,0.4514695968282968,66.90100948795052,0.99860114
1928,1,temporal_pattern_anomaly,analyze time-series behavior + review LSTM/Transformer features,0.4300988368403141,57.361723732881856,0.99988997
1929,0,subtle_anomaly,monitor closely + collect more contextual data,0.3782624485329989,42.81813467143275,4.1820353e-05
1930,0,subtle_anomaly,monitor closely + collect more contextual data,0.4111632764788436,53.71954670004504,0.0075508244
1931,1,temporal_pattern_anomaly,analyze time-series behavior + review LSTM/Transformer features,0.4114057621048324,51.462126656246255,0.9837509
1932,0,subtle_anomaly,monitor closely + collect more contextual data,0.4350869589166526,60.60915350772437,0.00065620773
1933,0,subtle_anomaly,monitor closely + collect more contextual data,0.4136012683936426,48.29279159300707,0.0024331294
1934,0,subtle_anomaly,monitor closely + collect more contextual data,0.4262015092262282,58.51636526633793,2.8024384e-05
1935,1,temporal_pattern_anomaly,analyze time-series behavior + review LSTM/Transformer features,0.4751255447375363,66.35571877865307,0.9999516
1936,0,subtle_anomaly,monitor closely + collect more contextual data,0.4495134628936825,61.12274244827072,0.0004553669
1937,1,temporal_pattern_anomaly,analyze time-series behavior + review LSTM/Transformer features,0.4298443551502789,57.999289783643206,0.99862206
1938,0,subtle_anomaly,monitor closely + collect more contextual data,0.4531073608468047,62.65836284431443,0.0005180074
1939,0,subtle_anomaly,monitor closely + collect more contextual data,0.4003702573728736,54.47407005921675,7.46485e-05
1940,0,subtle_anomaly,monitor closely + collect more contextual data,0.4602070065646317,60.3220345485373,0.00017777497
1941,1,temporal_pattern_anomaly,analyze time-series behavior + review LSTM/Transformer features,0.413144045787678,55.55584985943744,0.99996495
1942,0,subtle_anomaly,monitor closely + collect more contextual data,0.4291784299502826,58.10909351876303,0.0001574274
1943,0,subtle_anomaly,monitor closely + collect more contextual data,0.4066533958226553,48.85493359423498,0.0054487167
1944,0,subtle_anomaly,monitor closely + collect more contextual data,0.3877093438781638,46.31650136271576,7.412641e-05
1945,1,temporal_pattern_anomaly,analyze time-series behavior + review LSTM/Transformer features,0.483155296778462,77.87366082301124,0.9999311
1946,0,subtle_anomaly,monitor closely + collect more contextual data,0.452587402347375,62.2300029047512,4.256373e-05
1947,1,temporal_pattern_anomaly,analyze time-series behavior + review LSTM/Transformer features,0.4298629237857819,58.24000105822514,0.9999707
1948,1,temporal_pattern_anomaly,analyze time-series behavior + review LSTM/Transformer features,0.414851164634087,55.445089754067375,0.9996094
1949,1,temporal_pattern_anomaly,analyze time-series behavior + review LSTM/Transformer features,0.5314510683486863,79.20123694139669,0.9998652
1950,0,subtle_anomaly,monitor closely + collect more contextual data,0.4154567520630738,48.80289237292747,0.0019310797
1951,0,isolation_outlier,inspect individual extreme values + check for sensor drift,0.4918904779432868,78.21343363258075,0.00018889128
1952,0,subtle_anomaly,monitor closely + collect more contextual data,0.414900976504066,56.105443114078845,0.00029858065
1953,1,temporal_pattern_anomaly,analyze time-series behavior + review LSTM/Transformer features,0.4120955591641222,50.11672906553861,0.9992353
1954,0,subtle_anomaly,monitor closely + collect more contextual data,0.4798374484085303,67.79803157644903,0.00097119896
1955,0,subtle_anomaly,monitor closely + collect more contextual data,0.438429641702528,59.85970831495173,7.510576e-05
1956,1,collective_anomaly,investigate multivariate patterns + check correlated KPIs,0.5363326557953189,98.96533951117732,0.980057
1957,0,subtle_anomaly,monitor closely + collect more contextual data,0.3902889925573587,45.290280763974216,0.0052367277
1958,0,subtle_anomaly,monitor closely + collect more contextual data,0.3853947465506295,42.56513999899377,0.003083487
1959,1,temporal_pattern_anomaly,analyze time-series behavior + review LSTM/Transformer features,0.4283319436818185,62.85031821456998,0.9990453
1960,1,temporal_pattern_anomaly,analyze time-series behavior + review LSTM/Transformer features,0.4011807493879228,52.93551841196892,0.99994504
1961,1,collective_anomaly,investigate multivariate patterns + check correlated KPIs,0.4889414255183736,81.92966231301193,0.9973226
1962,1,temporal_pattern_anomaly,analyze time-series behavior + review LSTM/Transformer features,0.4208865555646042,55.22596716974753,0.9999279
1963,0,subtle_anomaly,monitor closely + collect more contextual data,0.4304790011814945,58.43855477898608,0.00012020993
1964,0,subtle_anomaly,monitor closely + collect more contextual data,0.4061452891294321,47.65126930340764,0.0008461282
1965,0,collective_anomaly,investigate multivariate patterns + check correlated KPIs,0.5223493789799192,81.71573264889976,0.00017161033
1966,1,collective_anomaly,investigate multivariate patterns + check correlated KPIs,0.4998983448767123,87.05484616461798,0.99980086
1967,0,subtle_anomaly,monitor closely + collect more contextual data,0.4036606403810583,51.29675061281672,0.00030583024
1968,0,subtle_anomaly,monitor closely + collect more contextual data,0.4061583086236403,54.03177060343717,2.0600875e-05
1969,1,temporal_pattern_anomaly,analyze time-series behavior + review LSTM/Transformer features,0.4222249749014435,56.56576665081868,0.99989367
1970,1,temporal_pattern_anomaly,analyze time-series behavior + review LSTM/Transformer features,0.4057584026372977,51.96504535713581,0.9999491
1971,1,temporal_pattern_anomaly,analyze time-series behavior + review LSTM/Transformer features,0.4372870459814563,53.33629551003256,0.9998778
1972,1,collective_anomaly,investigate multivariate patterns + check correlated KPIs,0.4897413388074817,88.81775814507085,0.9555072
1973,1,collective_anomaly,investigate multivariate patterns + check correlated KPIs,0.5519530548519892,112.83304575134116,0.9999137
1974,1,collective_anomaly,investigate multivariate patterns + check correlated KPIs,0.533327659302318,102.69044156960416,0.99967563
1975,0,subtle_anomaly,monitor closely + collect more contextual data,0.4229957639996057,56.24030592185968,4.7869038e-05
1976,0,subtle_anomaly,monitor closely + collect more contextual data,0.4151899947258852,58.55730871351246,0.0013457239
1977,0,subtle_anomaly,monitor closely + collect more contextual data,0.4171833405550657,55.17564809403028,0.00017327594
1978,1,temporal_pattern_anomaly,analyze time-series behavior + review LSTM/Transformer features,0.4563198323385006,68.16268851995673,0.9999087
1979,0,subtle_anomaly,monitor closely + collect more contextual data,0.4567717309404899,66.09995217592412,0.0021655106
1980,0,subtle_anomaly,monitor closely + collect more contextual data,0.4516160412595988,60.34322788333417,0.00021638286
1981,1,temporal_pattern_anomaly,analyze time-series behavior + review LSTM/Transformer features,0.4527135390267934,58.12844359333567,0.99985635
1982,0,subtle_anomaly,monitor closely + collect more contextual data,0.3924440705961439,44.404247672004914,5.218579e-05
1983,1,temporal_pattern_anomaly,analyze time-series behavior + review LSTM/Transformer features,0.4472574155584982,65.46971466048343,0.9999399
1984,1,temporal_pattern_anomaly,analyze time-series behavior + review LSTM/Transformer features,0.4155662445723129,48.51781626035713,0.9854769
1985,1,temporal_pattern_anomaly,analyze time-series behavior + review LSTM/Transformer features,0.4305193973168612,57.620022857460775,0.9999746
1986,0,subtle_anomaly,monitor closely + collect more contextual data,0.3994128296581274,48.38853447398805,0.00030037656
1987,0,subtle_anomaly,monitor closely + collect more contextual data,0.4540892077607362,63.89075485408682,0.00038655507
1988,1,temporal_pattern_anomaly,analyze time-series behavior + review LSTM/Transformer features,0.4129759554870329,58.241208628109774,0.9999782
1989,0,subtle_anomaly,monitor closely + collect more contextual data,0.3891962352312479,49.227114370096906,0.0002572359
1990,0,subtle_anomaly,monitor closely + collect more contextual data,0.4004475010741901,47.49997548393306,6.1239385e-05
1991,0,subtle_anomaly,monitor closely + collect more contextual data,0.4508002926332904,60.424793100469245,0.0003038667
1992,1,temporal_pattern_anomaly,analyze time-series behavior + review LSTM/Transformer features,0.4242073955630633,57.977393708609775,0.9999554
1993,0,subtle_anomaly,monitor closely + collect more contextual data,0.4247398904069533,52.33401108327299,0.00011997586
1994,1,collective_anomaly,investigate multivariate patterns + check correlated KPIs,0.5339791165715249,95.62145334846169,0.9999716
1995,0,subtle_anomaly,monitor closely + collect more contextual data,0.4292428862449096,54.74017238759377,0.0019824915
1996,1,temporal_pattern_anomaly,analyze time-series behavior + review LSTM/Transformer features,0.4223548050224856,59.16987582367607,0.99996114
1997,0,confirmed_anomaly,high-confidence alert - trigger immediate investigation,0.430041959003646,55.48074126698194,0.99624336
1998,0,subtle_anomaly,monitor closely + collect more contextual data,0.3952090388009081,45.79202286034832,0.00011161668
1999,0,subtle_anomaly,monitor closely + collect more contextual data,0.4548489574561112,54.349261026259285,6.290024e-05
2000,0,subtle_anomaly,monitor closely + collect more contextual data,0.4259736124505746,49.10104333482642,0.00036781616
2001,1,collective_anomaly,investigate multivariate patterns + check correlated KPIs,0.4713097284969367,84.28602793590707,0.99974376
2002,0,subtle_anomaly,monitor closely + collect more contextual data,0.3879446528583298,44.36621064085929,0.00063722796
2003,1,temporal_pattern_anomaly,analyze time-series behavior + review LSTM/Transformer features,0.4321589922085854,52.61402980237659,0.97941256
2004,0,subtle_anomaly,monitor closely + collect more contextual data,0.4501802738944715,58.776854355952274,0.00040538362
2005,0,subtle_anomaly,monitor closely + collect more contextual data,0.4173987533075985,54.27740816282635,0.000118070195
2006,1,temporal_pattern_anomaly,analyze time-series behavior + review LSTM/Transformer features,0.3883794374444094,49.70954441110312,0.9999348
2007,1,temporal_pattern_anomaly,analyze time-series behavior + review LSTM/Transformer features,0.3886759575405716,51.6079452233956,0.99998105
2008,0,subtle_anomaly,monitor closely + collect more contextual data,0.4097873154372364,52.828946338947965,0.00014275192
2009,1,temporal_pattern_anomaly,analyze time-series behavior + review LSTM/Transformer features,0.4046809784079512,48.28472114618808,0.99896693
2010,0,subtle_anomaly,monitor closely + collect more contextual data,0.4190379028909851,51.67575528165847,0.0006888696
2011,1,temporal_pattern_anomaly,analyze time-series behavior + review LSTM/Transformer features,0.4960551760951889,72.29536128250153,0.9999031
2012,1,collective_anomaly,investigate multivariate patterns + check correlated KPIs,0.5448011054274258,99.41746232704033,0.99937975
2013,0,subtle_anomaly,monitor closely + collect more contextual data,0.4094737883102006,51.79069552855289,4.1144107e-05
2014,0,subtle_anomaly,monitor closely + collect more contextual data,0.4476400886327356,64.25820594194147,4.170382e-05
2015,0,subtle_anomaly,monitor closely + collect more contextual data,0.4229765781993083,53.95964542470529,0.0028236867
2016,0,subtle_anomaly,monitor closely + collect more contextual data,0.3999740245059984,48.37125952471219,0.00037750727
2017,0,subtle_anomaly,monitor closely + collect more contextual data,0.4438676476607612,58.789387804454186,0.00026760192
2018,1,temporal_pattern_anomaly,analyze time-series behavior + review LSTM/Transformer features,0.4476166132033302,62.32352525612645,0.9998944
2019,1,temporal_pattern_anomaly,analyze time-series behavior + review LSTM/Transformer features,0.3992047352356032,51.622470424233406,0.9994721
2020,0,subtle_anomaly,monitor closely + collect more contextual data,0.4248986755716129,53.58716896294685,0.018784206
2021,1,temporal_pattern_anomaly,analyze time-series behavior + review LSTM/Transformer features,0.4720623062127942,73.49042676569233,0.9999423
2022,0,subtle_anomaly,monitor closely + collect more contextual data,0.4236793537043083,58.63719426632844,0.00015069394
2023,1,temporal_pattern_anomaly,analyze time-series behavior + review LSTM/Transformer features,0.4884415928447318,71.54892019880582,0.9999424
2024,0,isolation_outlier,inspect individual extreme values + check for sensor drift,0.4970916557124523,71.76416181771047,0.0037387614
2025,0,subtle_anomaly,monitor closely + collect more contextual data,0.4115986173359873,49.97811142144281,0.00011464943
2026,0,subtle_anomaly,monitor closely + collect more contextual data,0.4261557736541169,54.484615235925865,7.938377e-05
2027,0,subtle_anomaly,monitor closely + collect more contextual data,0.388560421116436,46.45871490970096,0.0017040329
2028,0,subtle_anomaly,monitor closely + collect more contextual data,0.4727198568271611,63.89406277702875,0.00012845008
2029,1,temporal_pattern_anomaly,analyze time-series behavior + review LSTM/Transformer features,0.4059562256616741,60.5122923362006,0.99987864
2030,0,subtle_anomaly,monitor closely + collect more contextual data,0.4617514758261249,64.64305273680137,0.0003182173
2031,0,subtle_anomaly,monitor closely + collect more contextual data,0.4377061311268025,56.56985996470853,0.00016220473
2032,1,temporal_pattern_anomaly,analyze time-series behavior + review LSTM/Transformer features,0.4146944589682871,58.39672170184998,0.99997616
2033,1,temporal_pattern_anomaly,analyze time-series behavior + review LSTM/Transformer features,0.4716233708862332,63.39328040467261,0.9998996
2034,0,subtle_anomaly,monitor closely + collect more contextual data,0.4250085621516218,50.88744105676205,0.0012290336
2035,0,subtle_anomaly,monitor closely + collect more contextual data,0.4069238440259431,45.23152783525925,0.0005612773
2036,1,temporal_pattern_anomaly,analyze time-series behavior + review LSTM/Transformer features,0.43581993629165,62.316401482043176,0.9999417
2037,1,temporal_pattern_anomaly,analyze time-series behavior + review LSTM/Transformer features,0.4359736719553918,56.653372940880665,0.99970007
2038,1,temporal_pattern_anomaly,analyze time-series behavior + review LSTM/Transformer features,0.4576565977302531,66.5044526497185,0.99994457
2039,0,subtle_anomaly,monitor closely + collect more contextual data,0.4279092675848958,50.75771574197285,0.00010998432
2040,0,subtle_anomaly,monitor closely + collect more contextual data,0.4177923842283014,49.50468267675006,0.0022193328
2041,0,subtle_anomaly,monitor closely + collect more contextual data,0.4091721326764644,55.38326031168952,0.0005283797
2042,0,collective_anomaly,investigate multivariate patterns + check correlated KPIs,0.4809644844203063,85.52915825934981,0.0026234065
2043,0,subtle_anomaly,monitor closely + collect more contextual data,0.4094966543267204,53.974543281266754,0.00025511
2044,0,subtle_anomaly,monitor closely + collect more contextual data,0.4237864759068362,49.48212939565642,0.7873105
2045,0,subtle_anomaly,monitor closely + collect more contextual data,0.4405012614276085,57.00242304867922,0.00038044015
2046,1,temporal_pattern_anomaly,analyze time-series behavior + review LSTM/Transformer features,0.4071903416677104,53.6861901887263,0.99996686
2047,1,temporal_pattern_anomaly,analyze time-series behavior + review LSTM/Transformer features,0.4443991449241303,60.882877082075616,0.99981576
2048,1,temporal_pattern_anomaly,analyze time-series behavior + review LSTM/Transformer features,0.3953639577250925,45.64876760437311,0.99933904
2049,0,subtle_anomaly,monitor closely + collect more contextual data,0.3904805327172568,46.52573240158285,5.588764e-05
2050,0,subtle_anomaly,monitor closely + collect more contextual data,0.4046245657795355,54.88266563409992,0.00015870748
2051,0,subtle_anomaly,monitor closely + collect more contextual data,0.4256640749795836,57.39511756349759,0.002174153
2052,1,temporal_pattern_anomaly,analyze time-series behavior + review LSTM/Transformer features,0.4130366601213021,55.31160646129704,0.2965125
2053,0,subtle_anomaly,monitor closely + collect more contextual data,0.4467755186853996,62.73608807734906,4.742439e-05
2054,0,subtle_anomaly,monitor closely + collect more contextual data,0.449127815876722,58.65305705186398,0.0012326473
2055,0,subtle_anomaly,monitor closely + collect more contextual data,0.4246183749398078,53.816793972584506,0.0017830618
2056,1,temporal_pattern_anomaly,analyze time-series behavior + review LSTM/Transformer features,0.4251077502535982,58.457801832630906,0.9998932
2057,0,subtle_anomaly,monitor closely + collect more contextual data,0.3912522672052389,48.05797767957284,0.001171467
2058,1,temporal_pattern_anomaly,analyze time-series behavior + review LSTM/Transformer features,0.448891323529299,57.34729215610904,0.99995565
2059,0,subtle_anomaly,monitor closely + collect more contextual data,0.4379591857519486,59.81443611868409,0.00017356299
2060,1,temporal_pattern_anomaly,analyze time-series behavior + review LSTM/Transformer features,0.4359470363526924,49.767545988651534,0.99992716
2061,0,subtle_anomaly,monitor closely + collect more contextual data,0.4358370970011817,64.46239097810535,0.00016295176
2062,0,subtle_anomaly,monitor closely + collect more contextual data,0.4173227508788749,51.6832006961678,0.0008250786
2063,1,temporal_pattern_anomaly,analyze time-series behavior + review LSTM/Transformer features,0.4025139834003379,53.32018524330749,0.9999466
2064,0,subtle_anomaly,monitor closely + collect more contextual data,0.448347763924396,60.090879080029175,0.0004669186
2065,1,collective_anomaly,investigate multivariate patterns + check correlated KPIs,0.5322506820873382,95.97663850210344,0.9999765
2066,0,subtle_anomaly,monitor closely + collect more contextual data,0.4106978209625066,47.51682422325548,5.9556693e-05
2067,1,temporal_pattern_anomaly,analyze time-series behavior + review LSTM/Transformer features,0.3858923871510162,49.65877098354464,0.9999702
2068,1,temporal_pattern_anomaly,analyze time-series behavior + review LSTM/Transformer features,0.3928484626079725,49.7286059538984,0.99990416
2069,0,subtle_anomaly,monitor closely + collect more contextual data,0.4337881086276504,55.84905668570816,0.00837532
2070,1,temporal_pattern_anomaly,analyze time-series behavior + review LSTM/Transformer features,0.4121931410521978,52.52746117198614,0.9997085
2071,0,subtle_anomaly,monitor closely + collect more contextual data,0.3967644678131001,51.29870243942261,0.0016517468
2072,1,temporal_pattern_anomaly,analyze time-series behavior + review LSTM/Transformer features,0.3907675712588281,48.784144892455245,0.99983835
2073,0,subtle_anomaly,monitor closely + collect more contextual data,0.4603941834779221,65.97936359382841,0.00045313023
2074,0,subtle_anomaly,monitor closely + collect more contextual data,0.4483615896734643,60.42147712184424,5.832763e-05
2075,0,subtle_anomaly,monitor closely + collect more contextual data,0.407853089256657,48.41860538767616,0.0014371345
2076,0,subtle_anomaly,monitor closely + collect more contextual data,0.4286121813485671,52.31742775433674,0.001186501
2077,1,temporal_pattern_anomaly,analyze time-series behavior + review LSTM/Transformer features,0.4288808949904319,58.32970514005315,0.9996941
2078,1,temporal_pattern_anomaly,analyze time-series behavior + review LSTM/Transformer features,0.4530640203273631,58.18461148811491,0.9998363
2079,0,subtle_anomaly,monitor closely + collect more contextual data,0.414102362610438,56.64917723629809,2.4326162e-05
2080,0,subtle_anomaly,monitor closely + collect more contextual data,0.4052219679841555,52.61705401200786,0.0028502946
2081,1,temporal_pattern_anomaly,analyze time-series behavior + review LSTM/Transformer features,0.4592801247006478,65.92942693322104,0.9999471
2082,0,subtle_anomaly,monitor closely + collect more contextual data,0.4608585630769982,56.78607376119645,0.0004500268
2083,1,temporal_pattern_anomaly,analyze time-series behavior + review LSTM/Transformer features,0.4108971505654976,52.65975450833275,0.99977654
2084,1,temporal_pattern_anomaly,analyze time-series behavior + review LSTM/Transformer features,0.4377049779584465,59.94093314545562,0.98496455
2085,0,subtle_anomaly,monitor closely + collect more contextual data,0.4022598968513126,50.41697913270556,0.00062852603
2086,0,subtle_anomaly,monitor closely + collect more contextual data,0.3914215451485009,47.14259404564071,0.00027894432
2087,1,temporal_pattern_anomaly,analyze time-series behavior + review LSTM/Transformer features,0.4093421769271991,55.62298591053314,0.9999504
2088,1,temporal_pattern_anomaly,analyze time-series behavior + review LSTM/Transformer features,0.4453874114629974,57.90989063748788,0.9999652
2089,0,subtle_anomaly,monitor closely + collect more contextual data,0.4420222077225216,57.08347733028348,0.00070618815
2090,0,subtle_anomaly,monitor closely + collect more contextual data,0.4104841809999376,53.8533412206379,9.723959e-05
2091,1,collective_anomaly,investigate multivariate patterns + check correlated KPIs,0.5220657774909321,98.52819292557253,0.9999393
2092,1,collective_anomaly,investigate multivariate patterns + check correlated KPIs,0.5531228313671196,118.62656686836428,0.9998282
2093,1,temporal_pattern_anomaly,analyze time-series behavior + review LSTM/Transformer features,0.3887643782567723,51.57576359523257,0.99964106
2094,1,temporal_pattern_anomaly,analyze time-series behavior + review LSTM/Transformer features,0.4328563244067153,53.11434095060957,0.9992181
2095,0,subtle_anomaly,monitor closely + collect more contextual data,0.4008881172539423,51.72741565217665,4.2509982e-05
2096,0,subtle_anomaly,monitor closely + collect more contextual data,0.3908062001076433,45.909818876308144,0.007227705
2097,0,subtle_anomaly,monitor closely + collect more contextual data,0.3837177455270801,44.55343042565031,3.096793e-05
2098,1,temporal_pattern_anomaly,analyze time-series behavior + review LSTM/Transformer features,0.4525401731270954,67.97860015288353,0.99989176
2099,1,temporal_pattern_anomaly,analyze time-series behavior + review LSTM/Transformer features,0.3762972287465927,41.179940417750096,0.9998491
2100,0,subtle_anomaly,monitor closely + collect more contextual data,0.4046401176400453,51.88324336600716,0.0001854355
2101,1,temporal_pattern_anomaly,analyze time-series behavior + review LSTM/Transformer features,0.4377548482397119,58.76859222302743,0.99987245
2102,1,temporal_pattern_anomaly,analyze time-series behavior + review LSTM/Transformer features,0.4947968706458828,76.13875907365774,0.99995804
2103,1,temporal_pattern_anomaly,analyze time-series behavior + review LSTM/Transformer features,0.407284292162153,55.26490064680223,0.9999441
2104,0,subtle_anomaly,monitor closely + collect more contextual data,0.4354531237828017,55.386329001616446,0.00013848934
2105,1,collective_anomaly,investigate multivariate patterns + check correlated KPIs,0.4893102365724551,82.98280582790609,0.9999418
2106,1,temporal_pattern_anomaly,analyze time-series behavior + review LSTM/Transformer features,0.4709268498683477,73.37183192082645,0.99987316
2107,0,subtle_anomaly,monitor closely + collect more contextual data,0.4041738087956089,48.42015109140315,0.00010646002
2108,0,subtle_anomaly,monitor closely + collect more contextual data,0.407266365598571,50.47108483436684,7.7660276e-05
2109,0,temporal_pattern_anomaly,analyze time-series behavior + review LSTM/Transformer features,0.3875075458881858,48.33070560230016,0.0017631155
2110,0,subtle_anomaly,monitor closely + collect more contextual data,0.4530856914340756,66.04110636036697,0.000116815485
2111,0,subtle_anomaly,monitor closely + collect more contextual data,0.4275206402925272,54.92087851161928,0.00045094662
2112,1,temporal_pattern_anomaly,analyze time-series behavior + review LSTM/Transformer features,0.4654603887490782,69.54288467712868,0.99981254
2113,1,collective_anomaly,investigate multivariate patterns + check correlated KPIs,0.5831300212693914,124.86107593655848,0.99976903
2114,1,temporal_pattern_anomaly,analyze time-series behavior + review LSTM/Transformer features,0.4008706715620748,54.44751367040139,0.9999782
2115,1,collective_anomaly,investigate multivariate patterns + check correlated KPIs,0.563543706274731,109.33425257962614,0.9909032
2116,0,subtle_anomaly,monitor closely + collect more contextual data,0.3999001531376696,49.379530503314754,2.6885484e-05
2117,0,subtle_anomaly,monitor closely + collect more contextual data,0.4137896691477744,51.8103038385932,0.0017604135
2118,1,temporal_pattern_anomaly,analyze time-series behavior + review LSTM/Transformer features,0.4413590510312751,65.11179577961789,0.9999038
2119,1,temporal_pattern_anomaly,analyze time-series behavior + review LSTM/Transformer features,0.4144743287380297,55.88543619589002,0.99997246
2120,0,subtle_anomaly,monitor closely + collect more contextual data,0.4307442131750242,56.07995906580471,0.000798033
2121,0,subtle_anomaly,monitor closely + collect more contextual data,0.4607596097455311,56.25031876344372,0.0065046456
2122,0,subtle_anomaly,monitor closely + collect more contextual data,0.411626453261266,51.39332704530127,0.00010577305
2123,0,subtle_anomaly,monitor closely + collect more contextual data,0.38577080926126,45.14675037232027,0.00014122068
2124,0,subtle_anomaly,monitor closely + collect more contextual data,0.4270527597363679,50.45835178796946,8.601689e-05
2125,0,subtle_anomaly,monitor closely + collect more contextual data,0.4297555441584276,56.23866490111398,0.00015153646
2126,1,collective_anomaly,investigate multivariate patterns + check correlated KPIs,0.5437638912684003,112.60477688235876,0.871786
2127,1,temporal_pattern_anomaly,analyze time-series behavior + review LSTM/Transformer features,0.4492864476745918,64.3323682902945,0.99967504
2128,1,temporal_pattern_anomaly,analyze time-series behavior + review LSTM/Transformer features,0.3874059098880746,48.36261970410597,0.9999589
2129,1,temporal_pattern_anomaly,analyze time-series behavior + review LSTM/Transformer features,0.4177486905918837,55.65701325351309,0.999926
2130,1,temporal_pattern_anomaly,analyze time-series behavior + review LSTM/Transformer features,0.4120851186467832,48.887956803050905,0.99989414
2131,1,temporal_pattern_anomaly,analyze time-series behavior + review LSTM/Transformer features,0.4171996137925008,58.47604571750013,0.9999138
2132,1,temporal_pattern_anomaly,analyze time-series behavior + review LSTM/Transformer features,0.425416649805057,64.87064972125627,0.9997199
2133,0,subtle_anomaly,monitor closely + collect more contextual data,0.4173487026206514,51.92705803139298,6.3950196e-05
2134,1,temporal_pattern_anomaly,analyze time-series behavior + review LSTM/Transformer features,0.4872024375633544,73.07600405317572,0.9999367
2135,1,temporal_pattern_anomaly,analyze time-series behavior + review LSTM/Transformer features,0.4030727404688888,49.903262119128414,0.99990094
2136,0,subtle_anomaly,monitor closely + collect more contextual data,0.3935661733200695,46.44528792694126,2.8368942e-05
2137,0,subtle_anomaly,monitor closely + collect more contextual data,0.3871563555005077,42.78959659752083,0.0002580384
2138,1,temporal_pattern_anomaly,analyze time-series behavior + review LSTM/Transformer features,0.4117560913500991,55.34292730004045,0.95725375
2139,1,temporal_pattern_anomaly,analyze time-series behavior + review LSTM/Transformer features,0.4307501534002264,53.111651235738336,0.9999325
2140,0,subtle_anomaly,monitor closely + collect more contextual data,0.4137317940595154,52.49061352614513,0.00075595005
2141,0,subtle_anomaly,monitor closely + collect more contextual data,0.4362014394845776,51.70607193670484,0.00021193121
2142,1,collective_anomaly,investigate multivariate patterns + check correlated KPIs,0.5222719430797903,98.57335212643326,0.9999032
2143,0,subtle_anomaly,monitor closely + collect more contextual data,0.4031846869334113,50.80099831514842,0.002568817
2144,1,temporal_pattern_anomaly,analyze time-series behavior + review LSTM/Transformer features,0.4107598346060976,54.29778105968721,0.9993573
2145,1,temporal_pattern_anomaly,analyze time-series behavior + review LSTM/Transformer features,0.4123279022079669,57.597235682973526,0.9999628
2146,0,subtle_anomaly,monitor closely + collect more contextual data,0.453289586663977,67.29623042997066,4.80272e-05
2147,0,subtle_anomaly,monitor closely + collect more contextual data,0.3786853007867942,43.996818129020646,6.123489e-05
2148,1,temporal_pattern_anomaly,analyze time-series behavior + review LSTM/Transformer features,0.4270650412044822,60.3280637598637,0.9999155
2149,0,subtle_anomaly,monitor closely + collect more contextual data,0.4089400847767159,48.14048647639699,0.0002858396
2150,1,temporal_pattern_anomaly,analyze time-series behavior + review LSTM/Transformer features,0.4416867323672665,62.14158929350641,0.99992466
2151,0,subtle_anomaly,monitor closely + collect more contextual data,0.4186574915715015,54.74085085452207,5.665888e-05
2152,0,isolation_outlier,inspect individual extreme values + check for sensor drift,0.503302690129037,78.41647514605495,0.00035243644
2153,1,temporal_pattern_anomaly,analyze time-series behavior + review LSTM/Transformer features,0.4439506565630007,60.270657781179125,0.99923885
2154,0,subtle_anomaly,monitor closely + collect more contextual data,0.4161312932763965,51.42733582869248,0.00028973928
2155,1,temporal_pattern_anomaly,analyze time-series behavior + review LSTM/Transformer features,0.3910702979680434,51.286451674509536,0.999819
2156,1,temporal_pattern_anomaly,analyze time-series behavior + review LSTM/Transformer features,0.3895265844204478,52.992250266587206,0.9993067
2157,0,subtle_anomaly,monitor closely + collect more contextual data,0.4084197791130274,48.64507244442822,6.1184044e-05
2158,0,subtle_anomaly,monitor closely + collect more contextual data,0.3985493354627855,48.42688330340935,1.3985066e-05
2159,1,temporal_pattern_anomaly,analyze time-series behavior + review LSTM/Transformer features,0.4775140311709788,66.80515038964926,0.9999659
2160,0,subtle_anomaly,monitor closely + collect more contextual data,0.4463976455578095,66.43847826919615,0.00021158393
2161,0,subtle_anomaly,monitor closely + collect more contextual data,0.4270958674503273,59.16377613847536,0.0036093225
2162,0,subtle_anomaly,monitor closely + collect more contextual data,0.3742502663256263,42.77937518609842,0.0005642492
2163,0,subtle_anomaly,monitor closely + collect more contextual data,0.4167201510853471,49.93197765035588,0.008696906
2164,0,subtle_anomaly,monitor closely + collect more contextual data,0.4289557117389322,53.284920672479664,4.077219e-05
2165,0,temporal_pattern_anomaly,analyze time-series behavior + review LSTM/Transformer features,0.4828899006358721,79.468009158486,0.2951324
2166,1,collective_anomaly,investigate multivariate patterns + check correlated KPIs,0.4969909308909868,86.0859424251572,0.99991107
2167,1,temporal_pattern_anomaly,analyze time-series behavior + review LSTM/Transformer features,0.3972566772168756,49.661474961748254,0.99997544
2168,0,subtle_anomaly,monitor closely + collect more contextual data,0.4511770261222803,71.75108069629407,0.00015085626
2169,0,subtle_anomaly,monitor closely + collect more contextual data,0.4683912513473017,62.90858240576827,0.00027335837
2170,1,temporal_pattern_anomaly,analyze time-series behavior + review LSTM/Transformer features,0.4413366629744705,63.39318184597878,0.999961
2171,0,subtle_anomaly,monitor closely + collect more contextual data,0.4391287390325554,62.430615961047934,0.00024339734
2172,0,subtle_anomaly,monitor closely + collect more contextual data,0.4222188354862037,57.757043250344495,5.0921775e-05
2173,1,temporal_pattern_anomaly,analyze time-series behavior + review LSTM/Transformer features,0.4289675767116969,57.81242505823793,0.99824464
2174,0,subtle_anomaly,monitor closely + collect more contextual data,0.4266558872432043,59.590914083131175,5.5837354e-05
2175,1,collective_anomaly,investigate multivariate patterns + check correlated KPIs,0.482135188517345,85.78674979449545,0.9999783
2176,0,subtle_anomaly,monitor closely + collect more contextual data,0.4182099462444826,51.730507610590266,6.627265e-05
2177,1,temporal_pattern_anomaly,analyze time-series behavior + review LSTM/Transformer features,0.3900657077282183,52.09602400678261,0.999752
2178,0,subtle_anomaly,monitor closely + collect more contextual data,0.4605487669211039,59.489573306813945,0.00013591912
2179,1,temporal_pattern_anomaly,analyze time-series behavior + review LSTM/Transformer features,0.4246254832790576,56.47276427760254,0.99979645
2180,1,temporal_pattern_anomaly,analyze time-series behavior + review LSTM/Transformer features,0.4259114453776217,49.579494603226536,0.9983531
2181,1,temporal_pattern_anomaly,analyze time-series behavior + review LSTM/Transformer features,0.4987360817834514,73.62877404547078,0.9999435
2182,1,temporal_pattern_anomaly,analyze time-series behavior + review LSTM/Transformer features,0.4670506427226694,68.98984443746494,0.9999404
2183,1,temporal_pattern_anomaly,analyze time-series behavior + review LSTM/Transformer features,0.4153298940307462,58.89206860459237,0.99996305
2184,1,temporal_pattern_anomaly,analyze time-series behavior + review LSTM/Transformer features,0.4557908419039078,60.30333411311254,0.9998878
2185,0,subtle_anomaly,monitor closely + collect more contextual data,0.4249952719902405,54.83029495955958,4.3002234e-05
2186,1,temporal_pattern_anomaly,analyze time-series behavior + review LSTM/Transformer features,0.4420322706757925,50.35328731914625,0.9997062
2187,0,subtle_anomaly,monitor closely + collect more contextual data,0.4108458978347746,54.78141053227608,3.9862203e-05
2188,0,subtle_anomaly,monitor closely + collect more contextual data,0.4291241765490632,59.33300108110648,2.3790688e-05
2189,0,subtle_anomaly,monitor closely + collect more contextual data,0.4037501136128944,46.93097486106627,0.0030126555
2190,0,subtle_anomaly,monitor closely + collect more contextual data,0.4408252563239099,58.82513904133194,0.002149835
2191,0,subtle_anomaly,monitor closely + collect more contextual data,0.4037972888738564,51.410862444283474,0.00012329895
2192,1,temporal_pattern_anomaly,analyze time-series behavior + review LSTM/Transformer features,0.4201118289191926,59.63723916213728,0.9999088
2193,0,subtle_anomaly,monitor closely + collect more contextual data,0.3764248791368718,42.69127362201874,0.00015346754
2194,0,subtle_anomaly,monitor closely + collect more contextual data,0.4429906689384545,57.618205523170445,0.00083993917
2195,0,subtle_anomaly,monitor closely + collect more contextual data,0.4534581459904597,67.7654094905361,0.0004017121
2196,0,subtle_anomaly,monitor closely + collect more contextual data,0.4584092595799663,59.81548351262136,0.00012669148
2197,0,subtle_anomaly,monitor closely + collect more contextual data,0.4462095594934142,54.79566753969898,0.00022756589
2198,0,subtle_anomaly,monitor closely + collect more contextual data,0.4038388207031292,50.3630186380955,8.892493e-05
2199,0,subtle_anomaly,monitor closely + collect more contextual data,0.4130032045960822,49.29370872303349,0.00036651286
2200,1,temporal_pattern_anomaly,analyze time-series behavior + review LSTM/Transformer features,0.4203476522492014,53.65946467406919,0.9996995
2201,0,subtle_anomaly,monitor closely + collect more contextual data,0.4628608388169,64.31905873511155,0.0003763079
2202,0,subtle_anomaly,monitor closely + collect more contextual data,0.3897145317330201,45.19834339936023,0.00046529493
2203,1,temporal_pattern_anomaly,analyze time-series behavior + review LSTM/Transformer features,0.4761547217166123,79.19394849789191,0.9999453
2204,1,temporal_pattern_anomaly,analyze time-series behavior + review LSTM/Transformer features,0.478374204966796,79.2142705813132,0.9997229
2205,1,temporal_pattern_anomaly,analyze time-series behavior + review LSTM/Transformer features,0.4417093806623338,57.4408608941348,0.9999567
2206,0,subtle_anomaly,monitor closely + collect more contextual data,0.4216091165056452,54.003921035145744,0.00064207666
2207,0,subtle_anomaly,monitor closely + collect more contextual data,0.3957027394845617,47.61412457309901,0.0004244472
2208,0,subtle_anomaly,monitor closely + collect more contextual data,0.3851192512742155,45.57590935751011,6.277547e-05
2209,1,temporal_pattern_anomaly,analyze time-series behavior + review LSTM/Transformer features,0.4182917771814796,58.15128148630345,0.9998679
2210,1,temporal_pattern_anomaly,analyze time-series behavior + review LSTM/Transformer features,0.410886011945157,55.22541882833181,0.9999478
2211,0,subtle_anomaly,monitor closely + collect more contextual data,0.4377401030860029,64.38604993688433,9.545332e-05
2212,0,subtle_anomaly,monitor closely + collect more contextual data,0.4294772826891806,52.91680308321058,6.475669e-05
2213,0,subtle_anomaly,monitor closely + collect more contextual data,0.4533404043865853,63.08131007803039,0.000616237
2214,1,temporal_pattern_anomaly,analyze time-series behavior + review LSTM/Transformer features,0.4267397445212687,60.870453501325066,0.99994445
2215,1,temporal_pattern_anomaly,analyze time-series behavior + review LSTM/Transformer features,0.4586088174513306,65.22753024626384,0.99991214
2216,0,subtle_anomaly,monitor closely + collect more contextual data,0.4094147885054618,53.46182666212656,0.0001570725
2217,0,subtle_anomaly,monitor closely + collect more contextual data,0.4064003317873193,48.78752173665876,5.9716673e-05
2218,1,temporal_pattern_anomaly,analyze time-series behavior + review LSTM/Transformer features,0.4323154303910028,58.050392212409605,0.99980587
2219,1,temporal_pattern_anomaly,analyze time-series behavior + review LSTM/Transformer features,0.4595367375342256,70.2894838634444,0.9999596
2220,0,subtle_anomaly,monitor closely + collect more contextual data,0.456419543386342,56.63179506137113,0.00057738303
2221,0,subtle_anomaly,monitor closely + collect more contextual data,0.4266719733920052,52.11141506548388,0.00018504886
2222,1,temporal_pattern_anomaly,analyze time-series behavior + review LSTM/Transformer features,0.4783000681684885,69.74556792619941,0.99981683
2223,1,collective_anomaly,investigate multivariate patterns + check correlated KPIs,0.5049712937841411,92.1997733114796,0.9999211
2224,0,subtle_anomaly,monitor closely + collect more contextual data,0.4461084610268736,62.2593493586111,0.0002834866
2225,1,temporal_pattern_anomaly,analyze time-series behavior + review LSTM/Transformer features,0.399539505356647,51.69514191695324,0.9999629
2226,1,collective_anomaly,investigate multivariate patterns + check correlated KPIs,0.5824285970313778,116.01893210335132,0.9997489
2227,1,temporal_pattern_anomaly,analyze time-series behavior + review LSTM/Transformer features,0.4053571199245617,55.30396904536042,0.9999684
2228,1,temporal_pattern_anomaly,analyze time-series behavior + review LSTM/Transformer features,0.4137021380700496,50.443399043542,0.9991703
2229,1,temporal_pattern_anomaly,analyze time-series behavior + review LSTM/Transformer features,0.3892119238084043,44.78875712747056,0.99944705
2230,0,subtle_anomaly,monitor closely + collect more contextual data,0.4129369545350886,48.09794574188842,0.0041987435
2231,0,isolation_outlier,inspect individual extreme values + check for sensor drift,0.5070934902516738,78.14065634263989,8.76703e-05
2232,0,isolation_outlier,inspect individual extreme values + check for sensor drift,0.4858421604175394,69.0883262640414,0.0033290694
2233,0,subtle_anomaly,monitor closely + collect more contextual data,0.4132412648335278,51.267298826644,0.0013726027
2234,1,temporal_pattern_anomaly,analyze time-series behavior + review LSTM/Transformer features,0.3895873985463332,53.02292717124994,0.9956617
2235,1,temporal_pattern_anomaly,analyze time-series behavior + review LSTM/Transformer features,0.3970851722342567,53.775142785878224,0.99995625
2236,1,temporal_pattern_anomaly,analyze time-series behavior + review LSTM/Transformer features,0.4326786043143891,56.39063004923958,0.9996799
2237,1,temporal_pattern_anomaly,analyze time-series behavior + review LSTM/Transformer features,0.4659869620358903,62.28013276871442,0.9998888
2238,0,subtle_anomaly,monitor closely + collect more contextual data,0.4374562412919353,57.9497387613667,5.9115966e-05
2239,0,subtle_anomaly,monitor closely + collect more contextual data,0.4338219673212481,52.50497572700149,0.0016116113
2240,1,temporal_pattern_anomaly,analyze time-series behavior + review LSTM/Transformer features,0.3966828624693411,48.815590928314265,0.9996332
2241,0,subtle_anomaly,monitor closely + collect more contextual data,0.4354987252119418,56.01791966137431,0.0008581148
2242,0,subtle_anomaly,monitor closely + collect more contextual data,0.4071140072014844,49.96838312128596,0.00135859
2243,1,temporal_pattern_anomaly,analyze time-series behavior + review LSTM/Transformer features,0.3969090096498942,48.29445423754781,0.99941266
2244,1,temporal_pattern_anomaly,analyze time-series behavior + review LSTM/Transformer features,0.4387213466378923,70.56516172952874,0.99982125
2245,1,temporal_pattern_anomaly,analyze time-series behavior + review LSTM/Transformer features,0.4590927472499303,61.13003250178623,0.9996773
2246,1,collective_anomaly,investigate multivariate patterns + check correlated KPIs,0.5611503043907332,113.71271034801944,0.9992536
2247,0,subtle_anomaly,monitor closely + collect more contextual data,0.4202517858857598,54.5234253748249,0.00019369756
2248,0,subtle_anomaly,monitor closely + collect more contextual data,0.4022975695251896,51.28476149642163,9.616787e-05
2249,0,subtle_anomaly,monitor closely + collect more contextual data,0.4407391735767844,57.08411092669565,0.0004188354
2250,1,temporal_pattern_anomaly,analyze time-series behavior + review LSTM/Transformer features,0.4518828484210243,63.07897833317736,0.99992
2251,1,temporal_pattern_anomaly,analyze time-series behavior + review LSTM/Transformer features,0.4356994386010331,59.77648748166092,0.9997509
2252,1,temporal_pattern_anomaly,analyze time-series behavior + review LSTM/Transformer features,0.4135773913006886,57.7307307552103,0.9997961
2253,0,subtle_anomaly,monitor closely + collect more contextual data,0.4529749784358042,64.39694193661751,2.9120576e-05
2254,0,subtle_anomaly,monitor closely + collect more contextual data,0.4591053694152394,64.67590811988283,0.0009211058
2255,1,temporal_pattern_anomaly,analyze time-series behavior + review LSTM/Transformer features,0.4083950454963946,51.37648557508421,0.999956
2256,0,subtle_anomaly,monitor closely + collect more contextual data,0.4053529120355384,54.57277046501211,0.000102954655
2257,1,temporal_pattern_anomaly,analyze time-series behavior + review LSTM/Transformer features,0.4461739143507134,62.00102743660751,0.99993396
2258,1,temporal_pattern_anomaly,analyze time-series behavior + review LSTM/Transformer features,0.4222329427976402,51.59221904488344,0.99988425
2259,0,subtle_anomaly,monitor closely + collect more contextual data,0.4394623890766499,56.0397670941465,0.004567048
2260,0,isolation_outlier,inspect individual extreme values + check for sensor drift,0.5131420084624707,78.39531966085953,0.00014523277
2261,1,temporal_pattern_anomaly,analyze time-series behavior + review LSTM/Transformer features,0.4490270103692595,61.55083547413882,0.99923813
2262,1,temporal_pattern_anomaly,analyze time-series behavior + review LSTM/Transformer features,0.4651798781486024,65.15592189778107,0.9976465
2263,1,temporal_pattern_anomaly,analyze time-series behavior + review LSTM/Transformer features,0.4067989794919826,52.980854371181074,0.99985194
2264,0,subtle_anomaly,monitor closely + collect more contextual data,0.4231005084695333,52.74984103775943,7.955518e-05
2265,0,subtle_anomaly,monitor closely + collect more contextual data,0.3852270566962582,46.52133110315787,5.903681e-05
2266,1,temporal_pattern_anomaly,analyze time-series behavior + review LSTM/Transformer features,0.4707966083549161,69.524416058975,0.99989974
2267,0,subtle_anomaly,monitor closely + collect more contextual data,0.45215173850584,64.2212451071817,0.0023649638
2268,0,subtle_anomaly,monitor closely + collect more contextual data,0.4056780779871726,51.21563358317005,4.348198e-05
2269,0,subtle_anomaly,monitor closely + collect more contextual data,0.4549198978717076,62.95149914400156,3.4562163e-05
2270,0,subtle_anomaly,monitor closely + collect more contextual data,0.380377155597995,43.389160068741965,0.00031022076
2271,1,temporal_pattern_anomaly,analyze time-series behavior + review LSTM/Transformer features,0.4063565740804193,53.34996623144459,0.9999331
2272,0,subtle_anomaly,monitor closely + collect more contextual data,0.403801585706342,52.185404813202645,3.336286e-05
2273,0,subtle_anomaly,monitor closely + collect more contextual data,0.4368644596725795,58.48164194382299,0.00019283735
2274,0,subtle_anomaly,monitor closely + collect more contextual data,0.4070304922809681,53.59443021910879,0.0024340267
2275,0,collective_anomaly,investigate multivariate patterns + check correlated KPIs,0.5272986378182585,85.02044652070077,0.00011503502
2276,0,subtle_anomaly,monitor closely + collect more contextual data,0.4496975959698828,57.06601696167007,0.001175312
2277,0,subtle_anomaly,monitor closely + collect more contextual data,0.3969153528353496,44.82833098611088,6.4520296e-05
2278,1,temporal_pattern_anomaly,analyze time-series behavior + review LSTM/Transformer features,0.3971143398084487,54.7866494314283,0.9939831
2279,1,temporal_pattern_anomaly,analyze time-series behavior + review LSTM/Transformer features,0.4474827113503379,64.35893668932908,0.99995387
2280,0,subtle_anomaly,monitor closely + collect more contextual data,0.4672041516308567,70.3338776016581,0.00025650972
2281,1,collective_anomaly,investigate multivariate patterns + check correlated KPIs,0.5613492784245587,104.2749902892314,0.99978715
2282,1,temporal_pattern_anomaly,analyze time-series behavior + review LSTM/Transformer features,0.4059294274119002,56.05887877469316,0.99985135
2283,0,subtle_anomaly,monitor closely + collect more contextual data,0.4320232033646879,52.82238009289092,0.26092505
2284,1,temporal_pattern_anomaly,analyze time-series behavior + review LSTM/Transformer features,0.4194987518334472,57.498031280020456,0.9999366
2285,1,collective_anomaly,investigate multivariate patterns + check correlated KPIs,0.5495222125781402,108.56717667027024,0.999838
2286,0,subtle_anomaly,monitor closely + collect more contextual data,0.4045773359244449,53.882291764688894,0.0010987284
2287,1,temporal_pattern_anomaly,analyze time-series behavior + review LSTM/Transformer features,0.4084800242835237,53.26099089360336,0.99991465
2288,0,subtle_anomaly,monitor closely + collect more contextual data,0.3910535152348234,47.20451997207084,0.0003117203
2289,1,confirmed_anomaly,high-confidence alert - trigger immediate investigation,0.4026586599775428,51.219646430620486,0.9918119
2290,0,subtle_anomaly,monitor closely + collect more contextual data,0.4067359471174784,49.98639224958732,0.0002382317
2291,1,temporal_pattern_anomaly,analyze time-series behavior + review LSTM/Transformer features,0.4056345662982913,50.20872419297025,0.99975246
2292,0,subtle_anomaly,monitor closely + collect more contextual data,0.4458085141986841,63.70285338331289,0.00018679752
2293,0,subtle_anomaly,monitor closely + collect more contextual data,0.3952141816202006,44.0555347122596,8.338663e-05
2294,1,temporal_pattern_anomaly,analyze time-series behavior + review LSTM/Transformer features,0.4368588426318099,53.58259294751954,0.9998847
2295,1,temporal_pattern_anomaly,analyze time-series behavior + review LSTM/Transformer features,0.458568393376098,60.47316144868717,0.9999629
2296,0,subtle_anomaly,monitor closely + collect more contextual data,0.415940547400174,53.41796375169367,0.00010093321
2297,0,subtle_anomaly,monitor closely + collect more contextual data,0.4115636013477435,58.411955811229326,2.306932e-05
2298,1,temporal_pattern_anomaly,analyze time-series behavior + review LSTM/Transformer features,0.4430507110161261,67.72965415701448,0.9997265
2299,0,subtle_anomaly,monitor closely + collect more contextual data,0.4204178613762408,52.58576525009126,0.0001464197
2300,1,temporal_pattern_anomaly,analyze time-series behavior + review LSTM/Transformer features,0.4440094585468631,59.776358408065576,0.9998838
2301,0,temporal_pattern_anomaly,analyze time-series behavior + review LSTM/Transformer features,0.4819968772043993,68.96843834708619,0.001006346
2302,0,subtle_anomaly,monitor closely + collect more contextual data,0.4457831857209561,61.44887804180917,0.0006538168
2303,1,temporal_pattern_anomaly,analyze time-series behavior + review LSTM/Transformer features,0.4179548598400695,49.12628777543178,0.99995506
2304,0,subtle_anomaly,monitor closely + collect more contextual data,0.4538676241644992,62.26022577702607,0.00028375184
2305,1,temporal_pattern_anomaly,analyze time-series behavior + review LSTM/Transformer features,0.406593251200435,48.44421779320971,0.9993181
2306,0,subtle_anomaly,monitor closely + collect more contextual data,0.3909850416874242,45.54270019785099,8.983983e-05
2307,1,temporal_pattern_anomaly,analyze time-series behavior + review LSTM/Transformer features,0.4530454568496062,65.62147462748092,0.99980456
2308,0,subtle_anomaly,monitor closely + collect more contextual data,0.4027301813063018,51.83724623262058,0.012905102
2309,1,temporal_pattern_anomaly,analyze time-series behavior + review LSTM/Transformer features,0.4164390740535627,54.44382342608533,0.9995111
2310,0,subtle_anomaly,monitor closely + collect more contextual data,0.3849278000572823,43.7320606118286,5.7089837e-05
2311,0,subtle_anomaly,monitor closely + collect more contextual data,0.423972889860945,53.98125107173514,0.00024337412
2312,0,subtle_anomaly,monitor closely + collect more contextual data,0.4320538104533612,58.20461239918505,0.54668355
2313,0,subtle_anomaly,monitor closely + collect more contextual data,0.4089006673027834,50.56608349863297,0.00071338116
2314,1,temporal_pattern_anomaly,analyze time-series behavior + review LSTM/Transformer features,0.4067987490741577,51.470437439526265,0.9999368
2315,0,subtle_anomaly,monitor closely + collect more contextual data,0.413579680255712,46.33065558644729,0.0057062777
2316,0,subtle_anomaly,monitor closely + collect more contextual data,0.387808579488363,52.4150052301632,0.0001294695
2317,1,temporal_pattern_anomaly,analyze time-series behavior + review LSTM/Transformer features,0.4154687111128544,53.82871666942184,0.9999255
2318,0,subtle_anomaly,monitor closely + collect more contextual data,0.41604820186603,50.6225320273536,0.00022727315
2319,0,subtle_anomaly,monitor closely + collect more contextual data,0.3998670723683566,50.441396745224814,0.00017428987
2320,0,subtle_anomaly,monitor closely + collect more contextual data,0.4455067734571511,63.69238869858447,0.00015551144
2321,1,temporal_pattern_anomaly,analyze time-series behavior + review LSTM/Transformer features,0.4593773844372429,66.96051398822647,0.99992824
2322,0,subtle_anomaly,monitor closely + collect more contextual data,0.4489047284823941,67.4091035810153,8.138371e-05
2323,0,subtle_anomaly,monitor closely + collect more contextual data,0.3814047879393699,46.879004886576006,0.0007676877
2324,1,temporal_pattern_anomaly,analyze time-series behavior + review LSTM/Transformer features,0.4354765228447459,64.59280299578216,0.99997306
2325,0,subtle_anomaly,monitor closely + collect more contextual data,0.4184748065011263,54.13374412656891,2.4271476e-05
2326,0,subtle_anomaly,monitor closely + collect more contextual data,0.4358550208085828,57.58263572610119,0.0020428563
2327,1,temporal_pattern_anomaly,analyze time-series behavior + review LSTM/Transformer features,0.4580501107867374,62.55152860288548,0.96045804
2328,1,temporal_pattern_anomaly,analyze time-series behavior + review LSTM/Transformer features,0.4157063352653293,55.575555066719744,0.9996166
2329,0,subtle_anomaly,monitor closely + collect more contextual data,0.3952260834848431,50.14286702780044,0.00017271626
2330,1,temporal_pattern_anomaly,analyze time-series behavior + review LSTM/Transformer features,0.4363119537176739,57.62432875806217,0.99867034
2331,1,temporal_pattern_anomaly,analyze time-series behavior + review LSTM/Transformer features,0.3771826124617553,46.80354950647722,0.99632484
2332,1,temporal_pattern_anomaly,analyze time-series behavior + review LSTM/Transformer features,0.3966743235694827,50.83741774837396,0.9999546
2333,0,temporal_pattern_anomaly,analyze time-series behavior + review LSTM/Transformer features,0.4117470663494915,53.85485232307064,0.0064144614
2334,1,temporal_pattern_anomaly,analyze time-series behavior + review LSTM/Transformer features,0.442340308614596,63.79351903622057,0.9998878
2335,0,subtle_anomaly,monitor closely + collect more contextual data,0.4336426871107728,57.98483441663742,0.01694804
2336,1,temporal_pattern_anomaly,analyze time-series behavior + review LSTM/Transformer features,0.3849510310533087,47.0017853538622,0.99983656
2337,0,subtle_anomaly,monitor closely + collect more contextual data,0.3935236296064874,48.709032109923776,4.2492717e-05
2338,0,subtle_anomaly,monitor closely + collect more contextual data,0.4172763078121322,51.02508262264356,0.0013138915
2339,1,temporal_pattern_anomaly,analyze time-series behavior + review LSTM/Transformer features,0.4316492983178321,53.94844298884156,0.99908614
2340,0,subtle_anomaly,monitor closely + collect more contextual data,0.4268986959776252,56.26850121825164,5.924407e-05
2341,1,temporal_pattern_anomaly,analyze time-series behavior + review LSTM/Transformer features,0.409584453326028,54.461297276999865,0.9999578
2342,0,subtle_anomaly,monitor closely + collect more contextual data,0.4505406800516456,56.265787702239976,0.002606902
2343,0,subtle_anomaly,monitor closely + collect more contextual data,0.4409468378075313,67.69959729505925,5.8757218e-05
2344,0,subtle_anomaly,monitor closely + collect more contextual data,0.4770188577739142,63.29300706176061,0.00024343145
2345,0,subtle_anomaly,monitor closely + collect more contextual data,0.4302660406809962,53.14179154090987,0.00018801421
2346,1,temporal_pattern_anomaly,analyze time-series behavior + review LSTM/Transformer features,0.4501223680046221,62.91485927099539,0.9999118
2347,1,temporal_pattern_anomaly,analyze time-series behavior + review LSTM/Transformer features,0.4697938154330399,65.38397019531438,0.999785
2348,0,subtle_anomaly,monitor closely + collect more contextual data,0.4769121519673818,74.72358791847617,0.0041417433
2349,0,subtle_anomaly,monitor closely + collect more contextual data,0.4533007799746857,63.1279317916848,8.710049e-05
2350,1,temporal_pattern_anomaly,analyze time-series behavior + review LSTM/Transformer features,0.4541370795102427,57.032507001147565,0.99976784
2351,0,subtle_anomaly,monitor closely + collect more contextual data,0.399052727591299,49.065818329316166,0.00064079073
2352,1,temporal_pattern_anomaly,analyze time-series behavior + review LSTM/Transformer features,0.4144046089586031,56.73513395960741,0.9999596
2353,0,subtle_anomaly,monitor closely + collect more contextual data,0.4296461605439105,56.89001523267804,0.0010743247
2354,1,temporal_pattern_anomaly,analyze time-series behavior + review LSTM/Transformer features,0.418379237401841,55.46013592817853,0.9999342
2355,0,subtle_anomaly,monitor closely + collect more contextual data,0.451680124738497,63.7244146523997,0.00011599707
2356,1,temporal_pattern_anomaly,analyze time-series behavior + review LSTM/Transformer features,0.4591773780669897,75.91635608410799,0.9995943
2357,0,subtle_anomaly,monitor closely + collect more contextual data,0.3856739054947004,48.34036078776332,0.00013376141
2358,0,subtle_anomaly,monitor closely + collect more contextual data,0.3859078015913274,47.31022743550641,0.0005000879
2359,1,temporal_pattern_anomaly,analyze time-series behavior + review LSTM/Transformer features,0.441884623159879,66.47112179868382,0.999969
2360,0,subtle_anomaly,monitor closely + collect more contextual data,0.4337955566747048,58.48800467109131,9.7406446e-05
2361,1,temporal_pattern_anomaly,analyze time-series behavior + review LSTM/Transformer features,0.4308359399964241,60.13809471557191,0.99986136
2362,1,temporal_pattern_anomaly,analyze time-series behavior + review LSTM/Transformer features,0.4168185442643967,56.04891923932868,0.99993885
2363,0,subtle_anomaly,monitor closely + collect more contextual data,0.4022034145180186,51.92715070505909,0.00055728434
2364,0,subtle_anomaly,monitor closely + collect more contextual data,0.4696938072679968,66.22321020039385,0.00065412
2365,1,collective_anomaly,investigate multivariate patterns + check correlated KPIs,0.5049660776700375,82.53707027893908,0.9997825
2366,0,subtle_anomaly,monitor closely + collect more contextual data,0.409233361950725,50.82302540125319,0.000336612
2367,1,temporal_pattern_anomaly,analyze time-series behavior + review LSTM/Transformer features,0.4358925944870909,63.06427936412005,0.9999553
2368,1,collective_anomaly,investigate multivariate patterns + check correlated KPIs,0.531367732870137,96.84499088721402,0.9985337
2369,0,subtle_anomaly,monitor closely + collect more contextual data,0.4366153042574964,58.68313631404545,5.8534133e-05
2370,1,temporal_pattern_anomaly,analyze time-series behavior + review LSTM/Transformer features,0.4235339363086004,52.29930091002987,0.99992466
2371,1,temporal_pattern_anomaly,analyze time-series behavior + review LSTM/Transformer features,0.4473822249994005,57.388787124819565,0.99995184
2372,0,subtle_anomaly,monitor closely + collect more contextual data,0.4225987420784715,53.33774920733569,5.1937106e-05
2373,0,subtle_anomaly,monitor closely + collect more contextual data,0.3906022528311801,50.29219927265698,4.7331632e-05
2374,1,temporal_pattern_anomaly,analyze time-series behavior + review LSTM/Transformer features,0.4655081681990842,73.49505377889585,0.9999285
2375,0,subtle_anomaly,monitor closely + collect more contextual data,0.4454463109404634,53.66576593676346,8.507762e-05
2376,1,temporal_pattern_anomaly,analyze time-series behavior + review LSTM/Transformer features,0.43854680347566,56.2569961810699,0.999759
2377,1,temporal_pattern_anomaly,analyze time-series behavior + review LSTM/Transformer features,0.4243592942769235,51.99149510919846,0.9985171
2378,0,subtle_anomaly,monitor closely + collect more contextual data,0.4428225568032674,59.37850384478045,0.00019385091
2379,1,temporal_pattern_anomaly,analyze time-series behavior + review LSTM/Transformer features,0.4162085880280237,47.51646026857388,0.993771
2380,0,subtle_anomaly,monitor closely + collect more contextual data,0.4337536608100417,56.897167104085305,0.0017652509
2381,0,subtle_anomaly,monitor closely + collect more contextual data,0.4229427955226993,51.50351891187754,0.0043601873
2382,1,temporal_pattern_anomaly,analyze time-series behavior + review LSTM/Transformer features,0.4385050883008851,70.67065766975075,0.99994814
2383,0,subtle_anomaly,monitor closely + collect more contextual data,0.470084042342218,60.12523266527107,0.00015489048
2384,1,temporal_pattern_anomaly,analyze time-series behavior + review LSTM/Transformer features,0.4232409370913362,54.42035245028001,0.9995097
2385,0,subtle_anomaly,monitor closely + collect more contextual data,0.4090884552019664,55.75701994150317,1.514507e-05
2386,0,subtle_anomaly,monitor closely + collect more contextual data,0.3910522789903475,48.553024000660514,0.00041362867
2387,1,temporal_pattern_anomaly,analyze time-series behavior + review LSTM/Transformer features,0.3882107387444364,47.588889058360245,0.99961215
2388,0,subtle_anomaly,monitor closely + collect more contextual data,0.385158004452186,43.04906970202521,5.3124244e-05
2389,1,collective_anomaly,investigate multivariate patterns + check correlated KPIs,0.5126022470397973,87.01550717131364,0.9999471
2390,0,subtle_anomaly,monitor closely + collect more contextual data,0.4172402157924689,57.33822490831805,0.0023808267
2391,0,subtle_anomaly,monitor closely + collect more contextual data,0.415148692184765,50.43018631520052,0.016462894
2392,1,temporal_pattern_anomaly,analyze time-series behavior + review LSTM/Transformer features,0.4487343426695657,74.77693048028586,0.99862885
2393,0,subtle_anomaly,monitor closely + collect more contextual data,0.462570720767418,68.34985511724835,4.0509385e-05
2394,1,temporal_pattern_anomaly,analyze time-series behavior + review LSTM/Transformer features,0.3980037598025057,49.28382524710907,0.999979
2395,1,temporal_pattern_anomaly,analyze time-series behavior + review LSTM/Transformer features,0.4413129466057841,59.38301671233681,0.9999789
2396,1,temporal_pattern_anomaly,analyze time-series behavior + review LSTM/Transformer features,0.46150099911464,61.09313413516777,0.99992764
2397,1,temporal_pattern_anomaly,analyze time-series behavior + review LSTM/Transformer features,0.406786190116271,46.935419091878586,0.9940521
2398,0,subtle_anomaly,monitor closely + collect more contextual data,0.3953425641045777,48.87914705285858,0.0003316398
2399,1,temporal_pattern_anomaly,analyze time-series behavior + review LSTM/Transformer features,0.4095185306148079,49.92417634738578,0.9970337
2400,1,temporal_pattern_anomaly,analyze time-series behavior + review LSTM/Transformer features,0.4108543447037116,51.65618694229958,0.9999033
2401,0,subtle_anomaly,monitor closely + collect more contextual data,0.3944095903494757,48.361951860616685,3.2513297e-05
2402,0,subtle_anomaly,monitor closely + collect more contextual data,0.4378037005665879,63.324214811303854,0.00032207766
2403,1,temporal_pattern_anomaly,analyze time-series behavior + review LSTM/Transformer features,0.390507623470897,46.571053858686405,0.9999187
2404,1,temporal_pattern_anomaly,analyze time-series behavior + review LSTM/Transformer features,0.4412767486559261,58.770629571296034,0.9999343
2405,1,temporal_pattern_anomaly,analyze time-series behavior + review LSTM/Transformer features,0.4534041775273967,54.77636147399773,0.9999038
2406,1,temporal_pattern_anomaly,analyze time-series behavior + review LSTM/Transformer features,0.4152048967065394,45.810071774678455,0.9980095
2407,1,temporal_pattern_anomaly,analyze time-series behavior + review LSTM/Transformer features,0.4360064422604884,58.08849142522147,0.9992465
2408,0,subtle_anomaly,monitor closely + collect more contextual data,0.424922828958454,57.01125762324488,0.00015292122
2409,0,subtle_anomaly,monitor closely + collect more contextual data,0.474970076926146,67.95401184411203,0.00090146955
2410,1,temporal_pattern_anomaly,analyze time-series behavior + review LSTM/Transformer features,0.4532629046848732,72.75222012256172,0.9932389
2411,0,subtle_anomaly,monitor closely + collect more contextual data,0.3827536248288239,40.83416170020107,0.0004820555
2412,1,temporal_pattern_anomaly,analyze time-series behavior + review LSTM/Transformer features,0.4238810227547354,56.607818683435,0.99983084
2413,1,temporal_pattern_anomaly,analyze time-series behavior + review LSTM/Transformer features,0.4233259020065132,59.28552333820184,0.9999614
2414,1,collective_anomaly,investigate multivariate patterns + check correlated KPIs,0.5344077427848035,103.03651680315014,0.9998474
2415,1,temporal_pattern_anomaly,analyze time-series behavior + review LSTM/Transformer features,0.3985200181922936,51.07722767251482,0.99996793
2416,0,subtle_anomaly,monitor closely + collect more contextual data,0.3843928207789888,42.1733095549404,8.870405e-05
2417,0,subtle_anomaly,monitor closely + collect more contextual data,0.3859587542238464,45.26368782632474,0.00041449923
2418,0,subtle_anomaly,monitor closely + collect more contextual data,0.4021523294811138,52.25672754350927,9.7582524e-05
2419,0,subtle_anomaly,monitor closely + collect more contextual data,0.4125378468104025,50.835941225427646,0.00010042486
2420,1,temporal_pattern_anomaly,analyze time-series behavior + review LSTM/Transformer features,0.4392379290077511,71.11339491248857,0.999065
2421,1,temporal_pattern_anomaly,analyze time-series behavior + review LSTM/Transformer features,0.4143391360946689,57.40925481798848,0.9998534
2422,0,subtle_anomaly,monitor closely + collect more contextual data,0.4194767609434462,56.74613501048964,0.0004400394
2423,0,subtle_anomaly,monitor closely + collect more contextual data,0.4455626935529916,62.224827748456576,0.00023463326
2424,1,temporal_pattern_anomaly,analyze time-series behavior + review LSTM/Transformer features,0.4601951254651183,66.46310544037301,0.9999759
2425,0,subtle_anomaly,monitor closely + collect more contextual data,0.4054614185862633,54.77950019609451,4.9058493e-05
2426,0,collective_anomaly,investigate multivariate patterns + check correlated KPIs,0.5438054541629768,84.11313821321279,0.000112177186
2427,0,subtle_anomaly,monitor closely + collect more contextual data,0.4440997064290126,65.51276127989638,0.00038443663
2428,0,subtle_anomaly,monitor closely + collect more contextual data,0.3988335145127805,52.887588775477866,0.00036464774
2429,1,temporal_pattern_anomaly,analyze time-series behavior + review LSTM/Transformer features,0.4492526141646145,70.47108690041291,0.9998504
2430,1,temporal_pattern_anomaly,analyze time-series behavior + review LSTM/Transformer features,0.4501418648791921,73.20267748004902,0.99974865
2431,0,subtle_anomaly,monitor closely + collect more contextual data,0.4005810700869687,50.80431165403149,0.00060437893
2432,1,subtle_anomaly,monitor closely + collect more contextual data,0.4555253570998602,62.94444250655026,0.22524452
2433,1,temporal_pattern_anomaly,analyze time-series behavior + review LSTM/Transformer features,0.4459898555738432,61.84378474202236,0.9998622
2434,0,subtle_anomaly,monitor closely + collect more contextual data,0.4426387504912569,58.31739803589936,0.00019271621
2435,0,subtle_anomaly,monitor closely + collect more contextual data,0.4258629087354583,49.266386180648894,0.0007624926
2436,1,temporal_pattern_anomaly,analyze time-series behavior + review LSTM/Transformer features,0.4052859231702246,52.98453665845119,0.99984145
2437,0,subtle_anomaly,monitor closely + collect more contextual data,0.4068968934314279,49.26808921756908,0.003022113
2438,1,temporal_pattern_anomaly,analyze time-series behavior + review LSTM/Transformer features,0.4310697099895136,61.309194413757936,0.9997787
2439,0,subtle_anomaly,monitor closely + collect more contextual data,0.3983572947354992,48.77294244677389,0.00016743052
2440,1,temporal_pattern_anomaly,analyze time-series behavior + review LSTM/Transformer features,0.419927364258218,58.21621945917932,0.99970514
2441,1,temporal_pattern_anomaly,analyze time-series behavior + review LSTM/Transformer features,0.4220399093099501,55.62603189362129,0.9999244
2442,0,subtle_anomaly,monitor closely + collect more contextual data,0.4130006679112027,53.738296968351214,0.00013913833
2443,0,subtle_anomaly,monitor closely + collect more contextual data,0.394241424111081,50.6349034596399,6.768894e-05
2444,0,subtle_anomaly,monitor closely + collect more contextual data,0.4108801155469835,52.27082501480724,0.00043534744
2445,1,collective_anomaly,investigate multivariate patterns + check correlated KPIs,0.5269032594005382,105.8061055818326,0.99914706
2446,1,collective_anomaly,investigate multivariate patterns + check correlated KPIs,0.4876871539755423,86.50590886887062,0.99979836
2447,1,temporal_pattern_anomaly,analyze time-series behavior + review LSTM/Transformer features,0.4405936250876811,62.02312153747485,0.99996257
2448,1,temporal_pattern_anomaly,analyze time-series behavior + review LSTM/Transformer features,0.4400119098339183,58.39771683602895,0.9921788
2449,0,subtle_anomaly,monitor closely + collect more contextual data,0.4657319023522839,61.09684401980651,0.000104799896
2450,0,subtle_anomaly,monitor closely + collect more contextual data,0.4140129652013435,57.32640504039774,0.0001618287
2451,0,subtle_anomaly,monitor closely + collect more contextual data,0.4566805221424055,60.107517076242885,0.00089272356
2452,0,subtle_anomaly,monitor closely + collect more contextual data,0.4539935076918557,59.96942846850433,0.001113838
2453,1,collective_anomaly,investigate multivariate patterns + check correlated KPIs,0.5404894006036256,83.04833213336397,0.9980228
2454,1,temporal_pattern_anomaly,analyze time-series behavior + review LSTM/Transformer features,0.4251165191196074,62.02872405110783,0.9999585
2455,1,temporal_pattern_anomaly,analyze time-series behavior + review LSTM/Transformer features,0.4199963991432967,56.31034129504538,0.9999653
2456,0,subtle_anomaly,monitor closely + collect more contextual data,0.4282900815234817,55.935486669188045,0.0002834728
2457,1,temporal_pattern_anomaly,analyze time-series behavior + review LSTM/Transformer features,0.3942538619244483,43.23836595508108,0.9916604
2458,1,temporal_pattern_anomaly,analyze time-series behavior + review LSTM/Transformer features,0.4826084425371179,65.36225654683771,0.9999521
2459,0,subtle_anomaly,monitor closely + collect more contextual data,0.3970230592550716,49.72263322923343,0.0005745178
2460,1,collective_anomaly,investigate multivariate patterns + check correlated KPIs,0.537495741616601,104.13307963714512,0.99993587
2461,0,subtle_anomaly,monitor closely + collect more contextual data,0.4363738506921164,57.07097968355099,0.00036866273
2462,0,subtle_anomaly,monitor closely + collect more contextual data,0.4574504967682517,69.17651483311093,0.00017969478
2463,0,subtle_anomaly,monitor closely + collect more contextual data,0.4517132019370437,63.79812963061157,0.014628704
2464,0,subtle_anomaly,monitor closely + collect more contextual data,0.4237528511429495,59.96081350358356,0.000119615914
2465,1,temporal_pattern_anomaly,analyze time-series behavior + review LSTM/Transformer features,0.4265820181573401,56.16491663139239,0.9991781
2466,0,subtle_anomaly,monitor closely + collect more contextual data,0.4289227788000448,55.36497011404269,0.0005312169
2467,0,subtle_anomaly,monitor closely + collect more contextual data,0.458671172084538,61.69296218136133,0.0008654807
2468,0,subtle_anomaly,monitor closely + collect more contextual data,0.3762184950490644,43.11454827356109,0.00047286187
2469,1,temporal_pattern_anomaly,analyze time-series behavior + review LSTM/Transformer features,0.4443225274905686,63.727950115776686,0.9998987
2470,1,temporal_pattern_anomaly,analyze time-series behavior + review LSTM/Transformer features,0.4535874319545708,56.51279077102196,0.9999373
2471,1,temporal_pattern_anomaly,analyze time-series behavior + review LSTM/Transformer features,0.406478896717161,54.16510794724502,0.9999355
2472,1,temporal_pattern_anomaly,analyze time-series behavior + review LSTM/Transformer features,0.4342998171362051,58.31710549762849,0.99995303
2473,1,temporal_pattern_anomaly,analyze time-series behavior + review LSTM/Transformer features,0.4152593297747378,51.54162005487552,0.9999374
2474,1,temporal_pattern_anomaly,analyze time-series behavior + review LSTM/Transformer features,0.4101505720356788,58.78916097998766,0.9999716
2475,0,subtle_anomaly,monitor closely + collect more contextual data,0.429436873636629,54.41623482265621,0.0001747
2476,0,subtle_anomaly,monitor closely + collect more contextual data,0.4119364927373761,51.73696487810474,0.0013690491
2477,0,subtle_anomaly,monitor closely + collect more contextual data,0.4098569292998864,51.316312368464814,0.014006661
2478,0,subtle_anomaly,monitor closely + collect more contextual data,0.4423696350808392,52.37717253430779,0.0013977102
2479,0,subtle_anomaly,monitor closely + collect more contextual data,0.3953803157262228,49.880346689877705,2.2091197e-05
2480,0,subtle_anomaly,monitor closely + collect more contextual data,0.4170910578788069,52.85409524346441,0.00085085264
2481,0,subtle_anomaly,monitor closely + collect more contextual data,0.4118347907220675,56.54460809107497,0.00013213065
2482,0,isolation_outlier,inspect individual extreme values + check for sensor drift,0.4864784008598701,64.78163923791497,0.003052002
2483,1,temporal_pattern_anomaly,analyze time-series behavior + review LSTM/Transformer features,0.4513639389172016,58.11780622985075,0.9999305
2484,0,subtle_anomaly,monitor closely + collect more contextual data,0.3908128540881663,42.22304501404955,0.00018360399
2485,1,temporal_pattern_anomaly,analyze time-series behavior + review LSTM/Transformer features,0.4344299463336742,62.10672923098767,0.9998386
2486,0,subtle_anomaly,monitor closely + collect more contextual data,0.452660686736665,66.03173602376215,0.00015948417
2487,1,collective_anomaly,investigate multivariate patterns + check correlated KPIs,0.5795358852376525,144.56883744693863,0.99994636
2488,1,temporal_pattern_anomaly,analyze time-series behavior + review LSTM/Transformer features,0.4788446535837588,72.8893424750446,0.99992895
2489,0,subtle_anomaly,monitor closely + collect more contextual data,0.4123358961101838,50.93550938428363,5.204906e-05
2490,1,temporal_pattern_anomaly,analyze time-series behavior + review LSTM/Transformer features,0.4254649490103619,58.62913620873224,0.9999701
2491,0,temporal_pattern_anomaly,analyze time-series behavior + review LSTM/Transformer features,0.4082724687277535,53.83759776180702,0.0004915822
2492,0,subtle_anomaly,monitor closely + collect more contextual data,0.4328844332805292,56.4973960899589,0.0001614237
2493,0,subtle_anomaly,monitor closely + collect more contextual data,0.4080983880276362,48.1822227841024,0.0021569314
2494,1,temporal_pattern_anomaly,analyze time-series behavior + review LSTM/Transformer features,0.3923351115386665,47.737596782828575,0.9999664
2495,1,temporal_pattern_anomaly,analyze time-series behavior + review LSTM/Transformer features,0.405357042982313,48.75812769007061,0.9963672
2496,0,subtle_anomaly,monitor closely + collect more contextual data,0.4109563297528863,44.92250527198106,0.06087787
2497,1,temporal_pattern_anomaly,analyze time-series behavior + review LSTM/Transformer features,0.4945904165962829,76.74186122270505,0.9999682
2498,0,subtle_anomaly,monitor closely + collect more contextual data,0.4642477625176234,66.96487553610277,0.0001995209
2499,0,subtle_anomaly,monitor closely + collect more contextual data,0.4082796759876476,51.24159121373863,0.00028958241
2500,0,subtle_anomaly,monitor closely + collect more contextual data,0.4231280847790904,50.64582995230346,0.0014763866
2501,0,subtle_anomaly,monitor closely + collect more contextual data,0.4343817295766582,63.450134339801465,4.3872802e-05
2502,0,subtle_anomaly,monitor closely + collect more contextual data,0.414688645663998,52.20013088833016,0.0035061098
2503,1,temporal_pattern_anomaly,analyze time-series behavior + review LSTM/Transformer features,0.4278840823981764,48.57807708198052,0.99919885
2504,0,subtle_anomaly,monitor closely + collect more contextual data,0.3963217000943213,53.48174285238206,8.14466e-05
2505,0,subtle_anomaly,monitor closely + collect more contextual data,0.4094356492292454,50.13879945445133,0.0013685764
2506,0,subtle_anomaly,monitor closely + collect more contextual data,0.4116591172468833,49.859561457903645,0.00020108047
2507,0,subtle_anomaly,monitor closely + collect more contextual data,0.424247284660807,52.698872427377296,0.001622031
2508,1,temporal_pattern_anomaly,analyze time-series behavior + review LSTM/Transformer features,0.4359519328438402,67.45850444201083,0.9999478
2509,0,subtle_anomaly,monitor closely + collect more contextual data,0.377628248446426,41.81972935534049,0.00015890812
2510,1,temporal_pattern_anomaly,analyze time-series behavior + review LSTM/Transformer features,0.4378437165547349,58.72102760688272,0.99993753
2511,1,temporal_pattern_anomaly,analyze time-series behavior + review LSTM/Transformer features,0.4307194706192578,49.93607469239575,0.9943183
2512,1,temporal_pattern_anomaly,analyze time-series behavior + review LSTM/Transformer features,0.3871170090452734,47.200386509850745,0.9996445
2513,0,subtle_anomaly,monitor closely + collect more contextual data,0.4011588527749605,50.44971089625561,0.0005406752
2514,0,subtle_anomaly,monitor closely + collect more contextual data,0.4162591860473322,58.468055466144726,7.48463e-05
2515,0,subtle_anomaly,monitor closely + collect more contextual data,0.4247414776451224,58.16868688765327,4.9326965e-05
2516,1,temporal_pattern_anomaly,analyze time-series behavior + review LSTM/Transformer features,0.4377878241934228,64.78115465856087,0.99984443
2517,0,subtle_anomaly,monitor closely + collect more contextual data,0.4159553679944323,55.016508693927896,0.00011764111
2518,0,subtle_anomaly,monitor closely + collect more contextual data,0.4257207365996573,61.51048144506795,0.00022691503
2519,1,temporal_pattern_anomaly,analyze time-series behavior + review LSTM/Transformer features,0.4208754851686679,57.6567825192174,0.9969369
2520,0,subtle_anomaly,monitor closely + collect more contextual data,0.3821592442258108,42.4896491690748,0.00043336928
2521,0,subtle_anomaly,monitor closely + collect more contextual data,0.4210629960449124,56.49711460191284,0.00018395603
2522,1,temporal_pattern_anomaly,analyze time-series behavior + review LSTM/Transformer features,0.4612911793261152,70.60858962473631,0.99969494
2523,0,subtle_anomaly,monitor closely + collect more contextual data,0.3821392293597249,43.03520261313548,0.0003381206
2524,1,temporal_pattern_anomaly,analyze time-series behavior + review LSTM/Transformer features,0.4327376227894883,51.85198824584709,0.9994221
2525,0,subtle_anomaly,monitor closely + collect more contextual data,0.4505664597355722,55.25118743536899,0.0004306486
2526,0,temporal_pattern_anomaly,analyze time-series behavior + review LSTM/Transformer features,0.3951375635941328,48.21032165820456,0.009568049
2527,1,temporal_pattern_anomaly,analyze time-series behavior + review LSTM/Transformer features,0.4820464586728354,77.036066892049,0.7951045
2528,0,subtle_anomaly,monitor closely + collect more contextual data,0.4769777651818804,61.15340648492117,8.349461e-05
2529,1,temporal_pattern_anomaly,analyze time-series behavior + review LSTM/Transformer features,0.4253701617936786,63.02968612444961,0.9997352
2530,1,temporal_pattern_anomaly,analyze time-series behavior + review LSTM/Transformer features,0.4171612322400351,57.93260534126183,0.9999136
2531,0,subtle_anomaly,monitor closely + collect more contextual data,0.4201316817767817,47.70876691083052,0.0016589012
2532,0,subtle_anomaly,monitor closely + collect more contextual data,0.4355074211635768,55.20406994058543,0.015630906
2533,1,temporal_pattern_anomaly,analyze time-series behavior + review LSTM/Transformer features,0.4436259234480237,57.41927313871149,0.9999012
2534,1,temporal_pattern_anomaly,analyze time-series behavior + review LSTM/Transformer features,0.4519415374388614,68.47197510328698,0.99993646
2535,1,temporal_pattern_anomaly,analyze time-series behavior + review LSTM/Transformer features,0.4048879161940235,52.62718307136243,0.99994946
2536,1,temporal_pattern_anomaly,analyze time-series behavior + review LSTM/Transformer features,0.4774197054408617,79.08415717671781,0.9996978
2537,0,subtle_anomaly,monitor closely + collect more contextual data,0.4233991787301471,52.5686987512556,0.00013199692
2538,0,subtle_anomaly,monitor closely + collect more contextual data,0.4045790424073295,49.671138175751466,0.0005476249
2539,0,subtle_anomaly,monitor closely + collect more contextual data,0.4454745492641045,66.88872805795735,7.154901e-05
2540,0,isolation_outlier,inspect individual extreme values + check for sensor drift,0.4852681036145903,67.08636901275351,0.00025272035
2541,1,collective_anomaly,investigate multivariate patterns + check correlated KPIs,0.5328636929703106,95.78042779879466,0.99963427
2542,0,subtle_anomaly,monitor closely + collect more contextual data,0.4094659192467533,53.11718052753479,7.634773e-05
2543,1,collective_anomaly,investigate multivariate patterns + check correlated KPIs,0.4634548260678819,81.1404377920459,0.99995756
2544,1,temporal_pattern_anomaly,analyze time-series behavior + review LSTM/Transformer features,0.4816205257177968,71.69561304189973,0.9998889
2545,0,subtle_anomaly,monitor closely + collect more contextual data,0.4256813152569494,54.4603285616155,0.00010417081
2546,1,temporal_pattern_anomaly,analyze time-series behavior + review LSTM/Transformer features,0.3986891411249144,52.88753316112884,0.9995229
2547,0,subtle_anomaly,monitor closely + collect more contextual data,0.4788414965819743,68.80113456930961,7.986394e-05
2548,0,subtle_anomaly,monitor closely + collect more contextual data,0.4210807651141225,50.38338772906722,0.0019090318
2549,1,temporal_pattern_anomaly,analyze time-series behavior + review LSTM/Transformer features,0.4136325781779355,59.298067673834815,0.999696
2550,1,temporal_pattern_anomaly,analyze time-series behavior + review LSTM/Transformer features,0.4274300642873467,56.762566336008895,0.9929684
2551,0,subtle_anomaly,monitor closely + collect more contextual data,0.4226386738922254,54.70863253508379,0.0001145584
2552,0,subtle_anomaly,monitor closely + collect more contextual data,0.4183663832850496,50.73775112405079,0.00051977334
2553,0,subtle_anomaly,monitor closely + collect more contextual data,0.4347030032606871,56.6868893245629,4.078331e-05
2554,1,collective_anomaly,investigate multivariate patterns + check correlated KPIs,0.565441713723938,113.4387158247652,0.9999676
2555,1,subtle_anomaly,monitor closely + collect more contextual data,0.4481294079008524,57.64906462386601,0.8468358
2556,1,temporal_pattern_anomaly,analyze time-series behavior + review LSTM/Transformer features,0.3894880579398516,45.33642437003704,0.97256696
2557,1,collective_anomaly,investigate multivariate patterns + check correlated KPIs,0.5711988559164096,113.4377656228958,0.9998568
2558,1,temporal_pattern_anomaly,analyze time-series behavior + review LSTM/Transformer features,0.386467892659716,46.44772988319552,0.9999386
2559,0,subtle_anomaly,monitor closely + collect more contextual data,0.3973217048680045,46.982767235448925,0.00038185358
2560,1,temporal_pattern_anomaly,analyze time-series behavior + review LSTM/Transformer features,0.4321777417451731,54.158970530417015,0.99993145
2561,0,isolation_outlier,inspect individual extreme values + check for sensor drift,0.4815472066234967,71.6470635008995,0.0002676726
2562,1,temporal_pattern_anomaly,analyze time-series behavior + review LSTM/Transformer features,0.3759979409010063,43.08149534995749,0.9975339
2563,0,subtle_anomaly,monitor closely + collect more contextual data,0.4102479371889614,50.18860874561696,0.006011734
2564,0,subtle_anomaly,monitor closely + collect more contextual data,0.4685367689741779,67.01106649420782,8.055008e-05
2565,1,temporal_pattern_anomaly,analyze time-series behavior + review LSTM/Transformer features,0.4294456612039185,60.78498076531556,0.99996114
2566,0,subtle_anomaly,monitor closely + collect more contextual data,0.4656119684280933,64.11766644504212,4.538051e-05
2567,1,temporal_pattern_anomaly,analyze time-series behavior + review LSTM/Transformer features,0.4715398204502615,67.22676134057447,0.9998938
2568,0,subtle_anomaly,monitor closely + collect more contextual data,0.4405221067628123,58.98867555724392,9.356264e-05
2569,1,temporal_pattern_anomaly,analyze time-series behavior + review LSTM/Transformer features,0.3832087628395269,46.94694841438596,0.9949191
2570,0,subtle_anomaly,monitor closely + collect more contextual data,0.4163822056486585,55.75235824462764,0.0023124248
2571,0,subtle_anomaly,monitor closely + collect more contextual data,0.3871812509258456,43.27410886888089,0.00014802
2572,0,subtle_anomaly,monitor closely + collect more contextual data,0.440779083547711,56.32450415936204,0.00046819643
2573,0,isolation_outlier,inspect individual extreme values + check for sensor drift,0.4836859874586027,69.61688669232949,0.00071024685
2574,0,subtle_anomaly,monitor closely + collect more contextual data,0.4338358959480946,50.350443855372845,0.00012789508
2575,1,temporal_pattern_anomaly,analyze time-series behavior + review LSTM/Transformer features,0.432657437250019,54.66779206430034,0.9999366
2576,0,subtle_anomaly,monitor closely + collect more contextual data,0.3924203825302637,47.28268978607958,0.00066928926
2577,0,subtle_anomaly,monitor closely + collect more contextual data,0.3892001150903327,43.111195761103325,0.00010340034
2578,0,subtle_anomaly,monitor closely + collect more contextual data,0.4720088905801246,66.80157679913138,0.00035121318
2579,0,subtle_anomaly,monitor closely + collect more contextual data,0.3857021396685382,46.812875095836894,0.00016311594
2580,0,subtle_anomaly,monitor closely + collect more contextual data,0.4557480464487162,60.3142055522795,0.0003018438
2581,0,subtle_anomaly,monitor closely + collect more contextual data,0.4087888373810642,44.67889388764989,0.002582574
2582,0,subtle_anomaly,monitor closely + collect more contextual data,0.4203728089422123,52.54825309556945,0.00036295856
2583,1,collective_anomaly,investigate multivariate patterns + check correlated KPIs,0.4861365400867399,87.03149815833255,0.9998441
2584,1,temporal_pattern_anomaly,analyze time-series behavior + review LSTM/Transformer features,0.4802817033324962,73.79039537571799,0.99991167
2585,1,temporal_pattern_anomaly,analyze time-series behavior + review LSTM/Transformer features,0.4264671356934625,60.12370248217007,0.99986255
2586,1,temporal_pattern_anomaly,analyze time-series behavior + review LSTM/Transformer features,0.4326534512715679,55.54036823858915,0.99924636
2587,1,temporal_pattern_anomaly,analyze time-series behavior + review LSTM/Transformer features,0.4602489700206058,66.56539600343133,0.99991333
2588,0,subtle_anomaly,monitor closely + collect more contextual data,0.4746101525277323,67.88025166144116,0.00030249084
2589,1,temporal_pattern_anomaly,analyze time-series behavior + review LSTM/Transformer features,0.4153328466327972,57.56740880580909,0.9995005
2590,1,temporal_pattern_anomaly,analyze time-series behavior + review LSTM/Transformer features,0.4313226110284421,58.42368933011106,0.9999627
2591,1,temporal_pattern_anomaly,analyze time-series behavior + review LSTM/Transformer features,0.415758206179209,58.90620696716262,0.9998878
2592,1,temporal_pattern_anomaly,analyze time-series behavior + review LSTM/Transformer features,0.4458781042985868,62.42007865927791,0.99990606
2593,1,temporal_pattern_anomaly,analyze time-series behavior + review LSTM/Transformer features,0.4287871326085268,60.03803138133613,0.9999471
2594,0,subtle_anomaly,monitor closely + collect more contextual data,0.3821391969505656,49.68329596218357,0.0003307535
2595,0,subtle_anomaly,monitor closely + collect more contextual data,0.4357109310129216,57.06352249787387,0.004364717
2596,0,subtle_anomaly,monitor closely + collect more contextual data,0.404556703127852,50.0486573443773,0.0015637
2597,0,subtle_anomaly,monitor closely + collect more contextual data,0.451450465762726,69.44995947636143,8.1609316e-05
2598,0,subtle_anomaly,monitor closely + collect more contextual data,0.4392484165132989,56.64852921248831,0.0005259221
2599,0,subtle_anomaly,monitor closely + collect more contextual data,0.4314837345168252,59.51786519744935,0.0002368472
2600,0,temporal_pattern_anomaly,analyze time-series behavior + review LSTM/Transformer features,0.4066058807077186,59.22060461925249,0.04425102
2601,1,temporal_pattern_anomaly,analyze time-series behavior + review LSTM/Transformer features,0.4108848818830066,54.67616160160495,0.99996376
2602,1,temporal_pattern_anomaly,analyze time-series behavior + review LSTM/Transformer features,0.4673468014943718,65.70173421577633,0.99996614
2603,0,subtle_anomaly,monitor closely + collect more contextual data,0.391217861369623,44.24885510993832,5.0939987e-05
2604,0,subtle_anomaly,monitor closely + collect more contextual data,0.4143536384651752,44.20609773213196,0.029443411
2605,1,temporal_pattern_anomaly,analyze time-series behavior + review LSTM/Transformer features,0.4472969082455777,66.22679470942778,0.9997943
2606,1,temporal_pattern_anomaly,analyze time-series behavior + review LSTM/Transformer features,0.4027578102561363,47.34927723514951,0.9391761
2607,1,temporal_pattern_anomaly,analyze time-series behavior + review LSTM/Transformer features,0.3822054396362608,47.19132123329641,0.99939656
2608,0,subtle_anomaly,monitor closely + collect more contextual data,0.463796971164615,66.0443026184435,5.7417757e-05
2609,0,subtle_anomaly,monitor closely + collect more contextual data,0.434487770165904,54.210066584999154,0.00041450554
2610,1,collective_anomaly,investigate multivariate patterns + check correlated KPIs,0.5015330846240216,86.53685261583745,0.9997558
2611,0,subtle_anomaly,monitor closely + collect more contextual data,0.4175498022484783,59.82839980329514,0.00019535089
2612,1,temporal_pattern_anomaly,analyze time-series behavior + review LSTM/Transformer features,0.4281305772332497,55.26298813888744,0.99983037
2613,0,subtle_anomaly,monitor closely + collect more contextual data,0.4296740373782404,60.39031619830526,0.0001827893
2614,0,subtle_anomaly,monitor closely + collect more contextual data,0.4525652926510514,69.62389796671332,5.360766e-05
2615,1,temporal_pattern_anomaly,analyze time-series behavior + review LSTM/Transformer features,0.4839726015480943,72.98707388522466,0.9999428
2616,0,subtle_anomaly,monitor closely + collect more contextual data,0.3987450706293505,49.77568482722721,4.280858e-05
2617,0,subtle_anomaly,monitor closely + collect more contextual data,0.4255137297980973,60.20272633728647,5.1427793e-05
2618,1,temporal_pattern_anomaly,analyze time-series behavior + review LSTM/Transformer features,0.4374717165630358,57.34905668739001,0.9990664
2619,1,temporal_pattern_anomaly,analyze time-series behavior + review LSTM/Transformer features,0.417372412796045,47.1603118262111,0.999572
2620,0,subtle_anomaly,monitor closely + collect more contextual data,0.4439112375005531,57.0892584545353,0.15250546
2621,0,isolation_outlier,inspect individual extreme values + check for sensor drift,0.4801654735280395,69.91337348297223,0.0001998882
2622,1,temporal_pattern_anomaly,analyze time-series behavior + review LSTM/Transformer features,0.4493391460266455,60.51140163385551,0.9999008
2623,0,subtle_anomaly,monitor closely + collect more contextual data,0.4260544626377218,60.935552333631385,8.338122e-05
2624,0,subtle_anomaly,monitor closely + collect more contextual data,0.4372395656864181,62.91305577143346,0.00034415544
2625,0,subtle_anomaly,monitor closely + collect more contextual data,0.4064182398032484,46.28657928177179,0.001397691
2626,1,temporal_pattern_anomaly,analyze time-series behavior + review LSTM/Transformer features,0.4217300886506323,48.299382366152855,0.99982077
2627,1,temporal_pattern_anomaly,analyze time-series behavior + review LSTM/Transformer features,0.4286808297093743,61.480141507511206,0.9998834
2628,1,temporal_pattern_anomaly,analyze time-series behavior + review LSTM/Transformer features,0.457337782444755,65.09414114998206,0.99976116
2629,0,subtle_anomaly,monitor closely + collect more contextual data,0.4714552641179629,65.69966139643853,0.00058611704
2630,0,subtle_anomaly,monitor closely + collect more contextual data,0.4396199019449983,63.30580100601284,0.000422059
2631,1,temporal_pattern_anomaly,analyze time-series behavior + review LSTM/Transformer features,0.4761547448600075,68.68012917385336,0.9999051
2632,1,temporal_pattern_anomaly,analyze time-series behavior + review LSTM/Transformer features,0.4016219241892707,54.27530555462813,0.9999608
2633,1,temporal_pattern_anomaly,analyze time-series behavior + review LSTM/Transformer features,0.4363065365229697,68.23836545145495,0.9998111
2634,0,subtle_anomaly,monitor closely + collect more contextual data,0.3848137886299357,44.28321995448662,0.0007467022
2635,0,subtle_anomaly,monitor closely + collect more contextual data,0.416589416554474,53.228214841576026,0.00032915143
2636,1,temporal_pattern_anomaly,analyze time-series behavior + review LSTM/Transformer features,0.443077568866158,65.3630982484357,0.9998746
2637,0,subtle_anomaly,monitor closely + collect more contextual data,0.3867827800951337,43.80070455396497,0.00012110309
2638,0,subtle_anomaly,monitor closely + collect more contextual data,0.4043230740840329,49.61457132817362,0.0009873764
2639,0,subtle_anomaly,monitor closely + collect more contextual data,0.4196237128347776,51.23338023423863,0.0003400821
2640,0,subtle_anomaly,monitor closely + collect more contextual data,0.4104814899512901,52.31169451717507,8.830688e-05
2641,1,temporal_pattern_anomaly,analyze time-series behavior + review LSTM/Transformer features,0.436648154957482,66.01670080044755,0.99923384
2642,0,subtle_anomaly,monitor closely + collect more contextual data,0.4145636279191136,57.86977919338816,0.0016049112
2643,0,subtle_anomaly,monitor closely + collect more contextual data,0.4084476167550092,49.3301625055982,0.00016986512
2644,1,temporal_pattern_anomaly,analyze time-series behavior + review LSTM/Transformer features,0.4117295048054173,54.65625355689561,0.9925101
2645,0,subtle_anomaly,monitor closely + collect more contextual data,0.4083916467627354,54.58041749069659,2.6850841e-05
2646,1,temporal_pattern_anomaly,analyze time-series behavior + review LSTM/Transformer features,0.4350964239465016,57.34629530053345,0.99989116
2647,1,temporal_pattern_anomaly,analyze time-series behavior + review LSTM/Transformer features,0.4527746156253281,60.55650366987052,0.99992394
2648,0,subtle_anomaly,monitor closely + collect more contextual data,0.4694697147314061,68.88408965701588,6.343551e-05
2649,1,temporal_pattern_anomaly,analyze time-series behavior + review LSTM/Transformer features,0.4215423398909054,50.52074419165939,0.9999083
2650,1,temporal_pattern_anomaly,analyze time-series behavior + review LSTM/Transformer features,0.4357865769785566,59.39552820799897,0.99979204
2651,1,temporal_pattern_anomaly,analyze time-series behavior + review LSTM/Transformer features,0.4873484135828035,68.93392900045438,0.9999417
2652,1,temporal_pattern_anomaly,analyze time-series behavior + review LSTM/Transformer features,0.4131878025230014,48.78661841411687,0.9998878
2653,0,subtle_anomaly,monitor closely + collect more contextual data,0.3986311677648504,45.92734193822995,0.00010613446
2654,1,collective_anomaly,investigate multivariate patterns + check correlated KPIs,0.5086479962023079,82.13729379716563,0.9999474
2655,0,subtle_anomaly,monitor closely + collect more contextual data,0.4097761993994391,53.5840171184641,0.000106479216
2656,0,subtle_anomaly,monitor closely + collect more contextual data,0.411984279754449,49.622739000692576,0.000795432
2657,1,temporal_pattern_anomaly,analyze time-series behavior + review LSTM/Transformer features,0.4149520857221069,56.63433468376103,0.9982369
2658,0,subtle_anomaly,monitor closely + collect more contextual data,0.4058637657286934,52.97350863854242,0.0035445255
2659,0,subtle_anomaly,monitor closely + collect more contextual data,0.4114163944800059,47.18113822977503,0.009181779
2660,1,temporal_pattern_anomaly,analyze time-series behavior + review LSTM/Transformer features,0.4290013675037337,63.37847329528064,0.99994266
2661,0,subtle_anomaly,monitor closely + collect more contextual data,0.4457119055711546,62.603406842248994,2.8296883e-05
2662,0,collective_anomaly,investigate multivariate patterns + check correlated KPIs,0.5352217116313515,100.12735147264908,0.7713742
2663,0,subtle_anomaly,monitor closely + collect more contextual data,0.3791384774316532,40.82868350966111,0.00013443142
2664,0,subtle_anomaly,monitor closely + collect more contextual data,0.4010752190328065,46.54315002372432,0.0049721035
2665,1,temporal_pattern_anomaly,analyze time-series behavior + review LSTM/Transformer features,0.4414951933588731,68.11640173902848,0.9999757
2666,1,collective_anomaly,investigate multivariate patterns + check correlated KPIs,0.4924631273350406,90.495125527601,0.99988747
2667,1,temporal_pattern_anomaly,analyze time-series behavior + review LSTM/Transformer features,0.4393769689966351,62.53064429026275,0.99976796
2668,1,temporal_pattern_anomaly,analyze time-series behavior + review LSTM/Transformer features,0.4559188206282599,68.24436004321048,0.9999677
2669,0,subtle_anomaly,monitor closely + collect more contextual data,0.4042892160597956,51.54670748751004,4.182518e-05
2670,1,collective_anomaly,investigate multivariate patterns + check correlated KPIs,0.5370163216132533,101.6230627725913,0.9997048
2671,0,subtle_anomaly,monitor closely + collect more contextual data,0.4599279889838981,60.88081891822918,0.00017158888
2672,1,temporal_pattern_anomaly,analyze time-series behavior + review LSTM/Transformer features,0.4463333521287714,55.924651262119696,0.999884
2673,1,temporal_pattern_anomaly,analyze time-series behavior + review LSTM/Transformer features,0.4101319598114089,57.316215503338256,0.99988794
2674,1,collective_anomaly,investigate multivariate patterns + check correlated KPIs,0.5001749177294144,84.03496068639102,0.99910235
2675,0,subtle_anomaly,monitor closely + collect more contextual data,0.4532571403476525,67.90155580519489,8.517259e-05
2676,1,collective_anomaly,investigate multivariate patterns + check correlated KPIs,0.4857042634262614,82.58336793740779,0.9996505
2677,0,subtle_anomaly,monitor closely + collect more contextual data,0.4149232605197386,60.15638318769472,0.00012426777
2678,0,subtle_anomaly,monitor closely + collect more contextual data,0.4385061774499565,55.24016824561157,0.00015870309
2679,1,temporal_pattern_anomaly,analyze time-series behavior + review LSTM/Transformer features,0.4609703177830629,63.98221733459258,0.9990452
2680,0,subtle_anomaly,monitor closely + collect more contextual data,0.4433406590395587,56.79928389880567,0.00014502837
2681,1,temporal_pattern_anomaly,analyze time-series behavior + review LSTM/Transformer features,0.4047544215724966,50.74637404132771,0.9999596
2682,1,temporal_pattern_anomaly,analyze time-series behavior + review LSTM/Transformer features,0.4079627952194052,56.12316377792676,0.99993515
2683,1,temporal_pattern_anomaly,analyze time-series behavior + review LSTM/Transformer features,0.4124931864998005,56.422193081059504,0.9997639
2684,0,subtle_anomaly,monitor closely + collect more contextual data,0.4186026652105337,55.24834798636804,4.7850554e-05
2685,1,temporal_pattern_anomaly,analyze time-series behavior + review LSTM/Transformer features,0.4257210149432913,56.63485456811881,0.999338
2686,1,collective_anomaly,investigate multivariate patterns + check correlated KPIs,0.4930268171147122,84.64959084809601,0.99568164
2687,1,temporal_pattern_anomaly,analyze time-series behavior + review LSTM/Transformer features,0.3863746355032236,46.72993792006502,0.9999646
2688,0,subtle_anomaly,monitor closely + collect more contextual data,0.4125231938286153,52.14972762681972,0.00011182282
2689,0,subtle_anomaly,monitor closely + collect more contextual data,0.404586645280873,49.34801273310926,0.00013740992
2690,1,temporal_pattern_anomaly,analyze time-series behavior + review LSTM/Transformer features,0.3986538133868755,56.207056012069344,0.9997179
2691,0,subtle_anomaly,monitor closely + collect more contextual data,0.4556757398706998,64.78772674195632,0.00016627675
2692,1,temporal_pattern_anomaly,analyze time-series behavior + review LSTM/Transformer features,0.4210159242887881,52.44638608326508,0.99982196
2693,0,subtle_anomaly,monitor closely + collect more contextual data,0.4479470703686501,59.33305997312654,0.0005966642
2694,0,subtle_anomaly,monitor closely + collect more contextual data,0.4272608606660442,58.22396756089346,6.570568e-05
2695,1,temporal_pattern_anomaly,analyze time-series behavior + review LSTM/Transformer features,0.4454242534514044,55.993398233562445,0.999946
2696,1,temporal_pattern_anomaly,analyze time-series behavior + review LSTM/Transformer features,0.4294547542784643,60.96900143106431,0.9999082
2697,1,collective_anomaly,investigate multivariate patterns + check correlated KPIs,0.5755773183901475,134.48213426086303,0.99942756
2698,1,temporal_pattern_anomaly,analyze time-series behavior + review LSTM/Transformer features,0.4714047863036501,69.78901303217141,0.9999609
2699,1,temporal_pattern_anomaly,analyze time-series behavior + review LSTM/Transformer features,0.4314530662357252,53.77154983774889,0.96919495
2700,0,subtle_anomaly,monitor closely + collect more contextual data,0.4545346354776931,64.19160002132564,0.00020108411
2701,1,temporal_pattern_anomaly,analyze time-series behavior + review LSTM/Transformer features,0.4357368357197144,55.60974819018882,0.9871978
2702,1,temporal_pattern_anomaly,analyze time-series behavior + review LSTM/Transformer features,0.4421580084880355,52.37871382608085,0.9992052
2703,0,subtle_anomaly,monitor closely + collect more contextual data,0.4202019342307944,55.45113432979802,6.323523e-05
2704,0,subtle_anomaly,monitor closely + collect more contextual data,0.4787544875930928,69.43462905129587,6.282548e-05
2705,1,collective_anomaly,investigate multivariate patterns + check correlated KPIs,0.5334775275270279,94.14046468018358,0.99766135
2706,0,subtle_anomaly,monitor closely + collect more contextual data,0.3795167931303795,46.41812708901777,0.00018058554
2707,1,temporal_pattern_anomaly,analyze time-series behavior + review LSTM/Transformer features,0.4568905494437053,63.31392182863825,0.9999052
2708,1,temporal_pattern_anomaly,analyze time-series behavior + review LSTM/Transformer features,0.4128666893817618,53.771293313133576,0.9997862
2709,1,temporal_pattern_anomaly,analyze time-series behavior + review LSTM/Transformer features,0.4238372393428298,52.09957657384717,0.99991584
2710,0,subtle_anomaly,monitor closely + collect more contextual data,0.4260496364289179,57.21285686556972,7.865353e-05
2711,1,collective_anomaly,investigate multivariate patterns + check correlated KPIs,0.4903113784158723,82.32426252199784,0.98606616
2712,1,collective_anomaly,investigate multivariate patterns + check correlated KPIs,0.4811325963855871,93.20496466266864,0.99927443
2713,0,subtle_anomaly,monitor closely + collect more contextual data,0.4172759609849819,51.75841834792404,0.00011699172
2714,1,collective_anomaly,investigate multivariate patterns + check correlated KPIs,0.5331533812731849,105.4001572229422,0.999902
2715,0,subtle_anomaly,monitor closely + collect more contextual data,0.4405965466565757,59.73195934247977,0.0027766847
2716,1,collective_anomaly,investigate multivariate patterns + check correlated KPIs,0.5210293753045517,86.38469494561588,0.99982977
2717,0,subtle_anomaly,monitor closely + collect more contextual data,0.3840542571449668,46.37011922535006,0.000112227994
2718,1,temporal_pattern_anomaly,analyze time-series behavior + review LSTM/Transformer features,0.4221342397666893,54.804405337638215,0.99994576
2719,1,temporal_pattern_anomaly,analyze time-series behavior + review LSTM/Transformer features,0.4434833153217085,61.65534132198715,0.9996363
2720,0,subtle_anomaly,monitor closely + collect more contextual data,0.4786897006265395,68.48787254833145,0.00091058
2721,1,temporal_pattern_anomaly,analyze time-series behavior + review LSTM/Transformer features,0.4139417689192645,50.32130562042142,0.9997217
2722,0,subtle_anomaly,monitor closely + collect more contextual data,0.4127392026137587,51.03087757529793,0.006722489
2723,0,subtle_anomaly,monitor closely + collect more contextual data,0.4136552807513189,52.84771881237926,3.2912823e-05
2724,0,subtle_anomaly,monitor closely + collect more contextual data,0.4741783176217111,71.45163571239702,0.00027436885
2725,0,isolation_outlier,inspect individual extreme values + check for sensor drift,0.4805593920356161,63.73500763137067,0.00024061765
2726,1,temporal_pattern_anomaly,analyze time-series behavior + review LSTM/Transformer features,0.417699721238758,51.88131265572824,0.99992025
2727,1,temporal_pattern_anomaly,analyze time-series behavior + review LSTM/Transformer features,0.3967040784013816,49.53638993004887,0.9998579
2728,0,subtle_anomaly,monitor closely + collect more contextual data,0.4135221480169047,52.31953721758841,0.0010567402
2729,0,subtle_anomaly,monitor closely + collect more contextual data,0.3985653931169091,49.74849555885703,0.0007653576
2730,1,temporal_pattern_anomaly,analyze time-series behavior + review LSTM/Transformer features,0.4032182789826732,51.794033191596,0.9999851
2731,1,temporal_pattern_anomaly,analyze time-series behavior + review LSTM/Transformer features,0.4370814978991757,58.885272727565216,0.9997358
2732,0,subtle_anomaly,monitor closely + collect more contextual data,0.4298371605636041,56.88534148364808,0.00020834524
2733,1,collective_anomaly,investigate multivariate patterns + check correlated KPIs,0.4958433590914687,93.51280984971602,0.9999225
2734,1,temporal_pattern_anomaly,analyze time-series behavior + review LSTM/Transformer features,0.4177117778145893,58.16295334089951,0.99946326
2735,0,subtle_anomaly,monitor closely + collect more contextual data,0.4073207846693671,50.43899471934351,6.4622516e-05
2736,0,subtle_anomaly,monitor closely + collect more contextual data,0.4583376232283636,65.56534967388146,0.000661804
2737,1,temporal_pattern_anomaly,analyze time-series behavior + review LSTM/Transformer features,0.4750196856166926,70.22258735959144,0.9999285
2738,0,temporal_pattern_anomaly,analyze time-series behavior + review LSTM/Transformer features,0.4843417548064653,79.05757698186574,0.00015541064
2739,0,subtle_anomaly,monitor closely + collect more contextual data,0.4339710388943191,55.39877400281421,0.00041937653
2740,1,temporal_pattern_anomaly,analyze time-series behavior + review LSTM/Transformer features,0.4216067205279426,54.83601104420022,0.99979335
2741,0,subtle_anomaly,monitor closely + collect more contextual data,0.4004282174059731,50.87678194096421,3.8792543e-05
2742,0,subtle_anomaly,monitor closely + collect more contextual data,0.4617757888280812,61.342987043907456,0.00017258324
2743,0,subtle_anomaly,monitor closely + collect more contextual data,0.3970760611614905,49.884907903839775,0.00028249828
2744,0,subtle_anomaly,monitor closely + collect more contextual data,0.4591986652471966,63.40032929574392,0.0019432314
2745,1,temporal_pattern_anomaly,analyze time-series behavior + review LSTM/Transformer features,0.4669098973119102,71.58825567276901,0.9999218
2746,0,subtle_anomaly,monitor closely + collect more contextual data,0.4284589563054046,55.74368622319704,0.0005728318
2747,0,collective_anomaly,investigate multivariate patterns + check correlated KPIs,0.5025301328149133,85.14594819692647,0.0063214567
2748,0,subtle_anomaly,monitor closely + collect more contextual data,0.3928066933559335,48.1614280333742,4.257526e-05
2749,0,subtle_anomaly,monitor closely + collect more contextual data,0.393884876838112,45.20805653575563,6.328295e-05
2750,0,subtle_anomaly,monitor closely + collect more contextual data,0.4471424752020446,53.17753333021558,0.009754018
2751,1,temporal_pattern_anomaly,analyze time-series behavior + review LSTM/Transformer features,0.4146321073301681,55.2885418024031,0.99601245
2752,1,collective_anomaly,investigate multivariate patterns + check correlated KPIs,0.505580017989137,97.42271178409749,0.999985
2753,1,temporal_pattern_anomaly,analyze time-series behavior + review LSTM/Transformer features,0.4331547123490299,58.988637784800346,0.9913591
2754,1,temporal_pattern_anomaly,analyze time-series behavior + review LSTM/Transformer features,0.4314693207673611,64.78078014163926,0.99988043
2755,0,subtle_anomaly,monitor closely + collect more contextual data,0.4347709335126258,53.982963255461605,0.00011650978
2756,0,subtle_anomaly,monitor closely + collect more contextual data,0.4026262955144115,49.52567818727187,0.0002980204
2757,0,subtle_anomaly,monitor closely + collect more contextual data,0.4041805132064467,57.10662635114147,0.00029580563
2758,0,subtle_anomaly,monitor closely + collect more contextual data,0.4327958930074592,61.67555308643442,0.000113440256
2759,1,temporal_pattern_anomaly,analyze time-series behavior + review LSTM/Transformer features,0.389774845702204,44.52173810910692,0.999856
2760,1,temporal_pattern_anomaly,analyze time-series behavior + review LSTM/Transformer features,0.413281978781519,54.69764473726132,0.99809927
2761,1,temporal_pattern_anomaly,analyze time-series behavior + review LSTM/Transformer features,0.4607770962649899,64.15532822939197,0.9997727
2762,0,subtle_anomaly,monitor closely + collect more contextual data,0.4022087985669335,51.65999525131116,0.00019884405
2763,0,subtle_anomaly,monitor closely + collect more contextual data,0.430882404889412,57.76616456064824,0.00049893116
2764,0,subtle_anomaly,monitor closely + collect more contextual data,0.4038809165076158,50.1575250266647,0.00017372196
2765,0,subtle_anomaly,monitor closely + collect more contextual data,0.3895080928234425,41.7682168998189,0.0014106157
2766,0,subtle_anomaly,monitor closely + collect more contextual data,0.4624043452839242,58.42300774443177,0.00017699557
2767,0,subtle_anomaly,monitor closely + collect more contextual data,0.4646701390097636,65.67362458231838,0.016257446
2768,1,temporal_pattern_anomaly,analyze time-series behavior + review LSTM/Transformer features,0.4414696310628162,55.03065827457826,0.99980694
2769,1,temporal_pattern_anomaly,analyze time-series behavior + review LSTM/Transformer features,0.4533408287184458,59.09143494965589,0.9997539
2770,1,temporal_pattern_anomaly,analyze time-series behavior + review LSTM/Transformer features,0.4666140053359644,72.51160659087448,0.99986935
2771,1,temporal_pattern_anomaly,analyze time-series behavior + review LSTM/Transformer features,0.4277579046146244,58.14997880207393,0.9999484
2772,1,temporal_pattern_anomaly,analyze time-series behavior + review LSTM/Transformer features,0.3847689838497684,49.36687121398935,0.99989676
2773,0,subtle_anomaly,monitor closely + collect more contextual data,0.4546892761640323,68.59053775457811,4.6507383e-05
2774,0,subtle_anomaly,monitor closely + collect more contextual data,0.4638738642462127,58.06096029763073,5.786067e-05
2775,1,temporal_pattern_anomaly,analyze time-series behavior + review LSTM/Transformer features,0.4330155976930611,63.40581706136585,0.9999366
2776,0,subtle_anomaly,monitor closely + collect more contextual data,0.4018686369725465,46.39691186842224,8.519721e-05
2777,0,subtle_anomaly,monitor closely + collect more contextual data,0.3892660764850899,45.93442297624367,7.340252e-05
2778,0,subtle_anomaly,monitor closely + collect more contextual data,0.430568091330514,64.13040935033857,5.9525693e-05
2779,0,subtle_anomaly,monitor closely + collect more contextual data,0.4123751261912696,52.27751357890229,0.0015488953
2780,0,subtle_anomaly,monitor closely + collect more contextual data,0.3914155282316235,48.27767730397561,7.6469776e-05
2781,0,collective_anomaly,investigate multivariate patterns + check correlated KPIs,0.5154105278823063,89.74992852348946,0.00020671595
2782,1,temporal_pattern_anomaly,analyze time-series behavior + review LSTM/Transformer features,0.4743545000094641,73.07112531721886,0.9994536
2783,0,subtle_anomaly,monitor closely + collect more contextual data,0.3849226746626364,45.49440312488553,7.833459e-05
2784,0,subtle_anomaly,monitor closely + collect more contextual data,0.4453288659780462,62.71870275220339,0.0003866789
2785,0,subtle_anomaly,monitor closely + collect more contextual data,0.4412554682436023,63.10741106760525,0.03441271
2786,1,temporal_pattern_anomaly,analyze time-series behavior + review LSTM/Transformer features,0.431023320923148,56.87660980752974,0.9996195
2787,0,subtle_anomaly,monitor closely + collect more contextual data,0.3958300034376871,44.05600584677494,9.127492e-05
2788,1,temporal_pattern_anomaly,analyze time-series behavior + review LSTM/Transformer features,0.4523608090320605,63.97240797805952,0.99893695
2789,0,subtle_anomaly,monitor closely + collect more contextual data,0.4492636146848625,60.83973116337045,5.3871423e-05
2790,0,subtle_anomaly,monitor closely + collect more contextual data,0.4622472339646231,64.71195680647978,4.823696e-05
2791,0,subtle_anomaly,monitor closely + collect more contextual data,0.4139850538691882,46.90449157174788,0.003097492
2792,1,collective_anomaly,investigate multivariate patterns + check correlated KPIs,0.4824770507865765,83.6577640572991,0.9999101
2793,0,subtle_anomaly,monitor closely + collect more contextual data,0.4037696717168498,51.68409549718686,0.00029033684
2794,1,temporal_pattern_anomaly,analyze time-series behavior + review LSTM/Transformer features,0.4097838571097289,55.4156544639201,0.9999764
2795,1,temporal_pattern_anomaly,analyze time-series behavior + review LSTM/Transformer features,0.3900840139683357,47.31209345093008,0.9837472
2796,0,subtle_anomaly,monitor closely + collect more contextual data,0.4731284024146058,65.51128788257101,0.0004886909
2797,0,subtle_anomaly,monitor closely + collect more contextual data,0.4239945621685579,46.010547858532334,0.00067155523
2798,1,temporal_pattern_anomaly,analyze time-series behavior + review LSTM/Transformer features,0.4332357484347089,58.312608364067344,0.9996263
2799,1,temporal_pattern_anomaly,analyze time-series behavior + review LSTM/Transformer features,0.4469317796122348,62.30776877060557,0.9976205
2800,1,temporal_pattern_anomaly,analyze time-series behavior + review LSTM/Transformer features,0.4099004700613406,54.22121812138982,0.9998104
2801,1,temporal_pattern_anomaly,analyze time-series behavior + review LSTM/Transformer features,0.3837535669533057,48.00867991567468,0.99980503
2802,1,temporal_pattern_anomaly,analyze time-series behavior + review LSTM/Transformer features,0.486873027728853,77.31157737071597,0.99997246
2803,0,subtle_anomaly,monitor closely + collect more contextual data,0.4778760355613782,77.43178023040045,0.00023374817
2804,0,subtle_anomaly,monitor closely + collect more contextual data,0.4483898666655526,67.14435023438813,8.991465e-05
2805,0,subtle_anomaly,monitor closely + collect more contextual data,0.4109897052196283,52.24807183609443,7.748378e-05
2806,0,subtle_anomaly,monitor closely + collect more contextual data,0.4017454199447568,49.5822176468182,0.00012244178
2807,0,subtle_anomaly,monitor closely + collect more contextual data,0.4189351932736935,54.39879434817936,6.727041e-05
2808,0,isolation_outlier,inspect individual extreme values + check for sensor drift,0.4875675204769653,65.83789233475967,0.00027191755
2809,1,temporal_pattern_anomaly,analyze time-series behavior + review LSTM/Transformer features,0.4289986621600629,61.39484729503161,0.999943
2810,0,subtle_anomaly,monitor closely + collect more contextual data,0.4074368760661311,45.08889529063228,0.0005852596
2811,0,subtle_anomaly,monitor closely + collect more contextual data,0.4290864766045379,61.38905771618799,0.0017390272
2812,1,temporal_pattern_anomaly,analyze time-series behavior + review LSTM/Transformer features,0.4320374016071272,61.62230021209879,0.9999261
2813,0,subtle_anomaly,monitor closely + collect more contextual data,0.4415788437891571,62.68968528713609,5.5191762e-05
2814,0,subtle_anomaly,monitor closely + collect more contextual data,0.4122623347040223,55.49791884890983,2.822834e-05
2815,1,temporal_pattern_anomaly,analyze time-series behavior + review LSTM/Transformer features,0.4296718689407349,52.83277391432851,0.9999442
2816,0,subtle_anomaly,monitor closely + collect more contextual data,0.4299119981022714,63.71932135085397,4.6522066e-05
2817,0,subtle_anomaly,monitor closely + collect more contextual data,0.3922820877066907,48.08824727056198,0.00018628969
2818,0,subtle_anomaly,monitor closely + collect more contextual data,0.4205342431250028,49.33050481704364,0.0028874772
2819,1,temporal_pattern_anomaly,analyze time-series behavior + review LSTM/Transformer features,0.4058850505243038,52.00770189459682,0.99982893
2820,0,subtle_anomaly,monitor closely + collect more contextual data,0.4162796248184257,53.67106416878907,0.0009514327
2821,1,temporal_pattern_anomaly,analyze time-series behavior + review LSTM/Transformer features,0.4194573131773912,52.673598289676896,0.999954
2822,0,subtle_anomaly,monitor closely + collect more contextual data,0.4516405062968206,62.34979688742739,0.0002627153
2823,0,subtle_anomaly,monitor closely + collect more contextual data,0.4316735703035734,55.70426100413754,0.00017952695
2824,1,temporal_pattern_anomaly,analyze time-series behavior + review LSTM/Transformer features,0.4190930194454415,57.958840611012704,0.9998996
2825,0,subtle_anomaly,monitor closely + collect more contextual data,0.4169893221123021,54.32212552220624,0.00017357394
2826,0,subtle_anomaly,monitor closely + collect more contextual data,0.4199062613400274,52.78083518965314,0.0057867775
2827,0,subtle_anomaly,monitor closely + collect more contextual data,0.4027716006894882,50.32886498431529,5.420474e-05
2828,0,subtle_anomaly,monitor closely + collect more contextual data,0.3873703095205811,45.186876234352255,0.00043333726
2829,0,subtle_anomaly,monitor closely + collect more contextual data,0.4402527906432431,58.26352701757342,0.0025189873
2830,1,temporal_pattern_anomaly,analyze time-series behavior + review LSTM/Transformer features,0.3901130864525691,50.60052886677848,0.99991083
2831,0,subtle_anomaly,monitor closely + collect more contextual data,0.4213366503183186,52.01752749192148,0.00012026267
2832,0,subtle_anomaly,monitor closely + collect more contextual data,0.431635156452375,62.67570966697763,7.610364e-05
2833,0,subtle_anomaly,monitor closely + collect more contextual data,0.4235209251179583,52.49733003855978,0.0018361624
2834,0,subtle_anomaly,monitor closely + collect more contextual data,0.3794609497289472,44.99975033054433,5.1021663e-05
2835,0,subtle_anomaly,monitor closely + collect more contextual data,0.4517863470022799,65.03895944885413,0.0001073895
2836,0,collective_anomaly,investigate multivariate patterns + check correlated KPIs,0.5016796884261594,83.1231928371916,0.00087402074
2837,0,subtle_anomaly,monitor closely + collect more contextual data,0.4372855801943298,56.71853369811098,0.00025682957
2838,0,subtle_anomaly,monitor closely + collect more contextual data,0.4325595663647673,54.86461784025261,0.00047700145
2839,1,temporal_pattern_anomaly,analyze time-series behavior + review LSTM/Transformer features,0.435072409361425,50.23347950344126,0.99980885
2840,0,subtle_anomaly,monitor closely + collect more contextual data,0.4242204524155337,54.2886658938132,0.0007948122
2841,1,temporal_pattern_anomaly,analyze time-series behavior + review LSTM/Transformer features,0.4245333346973123,61.33928301241689,0.9999156
2842,0,isolation_outlier,inspect individual extreme values + check for sensor drift,0.4913045358424699,68.05686637994543,0.00038288604
2843,1,temporal_pattern_anomaly,analyze time-series behavior + review LSTM/Transformer features,0.4477957286607342,57.43796286826787,0.9999045
2844,0,subtle_anomaly,monitor closely + collect more contextual data,0.4451796079186403,60.507225088425216,0.05787407
2845,0,subtle_anomaly,monitor closely + collect more contextual data,0.4359919582251397,52.31623177341397,0.00031623515
2846,1,temporal_pattern_anomaly,analyze time-series behavior + review LSTM/Transformer features,0.3803064423125741,49.1024854243516,0.9999502
2847,0,subtle_anomaly,monitor closely + collect more contextual data,0.4194004095722024,50.57457129481631,8.119325e-05
2848,1,collective_anomaly,investigate multivariate patterns + check correlated KPIs,0.4857869064025745,80.3657622863787,0.9996667
2849,1,temporal_pattern_anomaly,analyze time-series behavior + review LSTM/Transformer features,0.4177574225814378,49.25842596506981,0.99983203
2850,0,subtle_anomaly,monitor closely + collect more contextual data,0.4053564319972204,46.48853119872852,0.00029026432
2851,0,subtle_anomaly,monitor closely + collect more contextual data,0.4316973716184301,55.71535908554874,0.00028740623
2852,1,temporal_pattern_anomaly,analyze time-series behavior + review LSTM/Transformer features,0.4273982544115703,62.227880761585226,0.99986434
2853,0,subtle_anomaly,monitor closely + collect more contextual data,0.4035246397938983,48.65869222108059,0.0004353246
2854,0,subtle_anomaly,monitor closely + collect more contextual data,0.4744425055936782,60.64543753602241,0.00014383366
2855,0,subtle_anomaly,monitor closely + collect more contextual data,0.4372465774337193,59.97892140023862,0.00040839938
2856,0,subtle_anomaly,monitor closely + collect more contextual data,0.4335286272839115,54.04975669848021,0.00039752564
2857,0,subtle_anomaly,monitor closely + collect more contextual data,0.4494794525205172,53.5807714015244,0.004145925
2858,1,temporal_pattern_anomaly,analyze time-series behavior + review LSTM/Transformer features,0.3975518914547534,53.78462602709092,0.99979323
2859,1,temporal_pattern_anomaly,analyze time-series behavior + review LSTM/Transformer features,0.4231780652257261,58.33825666481459,0.9999558
2860,0,subtle_anomaly,monitor closely + collect more contextual data,0.3829047795757794,43.73285760572096,0.0026230349
2861,1,temporal_pattern_anomaly,analyze time-series behavior + review LSTM/Transformer features,0.4544226100721238,69.59107227865869,0.99997103
2862,0,subtle_anomaly,monitor closely + collect more contextual data,0.4070958552550772,48.88723083432399,0.0008997846
2863,0,subtle_anomaly,monitor closely + collect more contextual data,0.3915043636907994,48.74687000068165,0.00042652103
2864,0,subtle_anomaly,monitor closely + collect more contextual data,0.4113780727987854,49.78074718045927,0.0008937517
2865,0,subtle_anomaly,monitor closely + collect more contextual data,0.4132855760267044,50.92330374848304,9.7374876e-05
2866,0,subtle_anomaly,monitor closely + collect more contextual data,0.4094417610484449,51.8041390746435,9.2189985e-05
2867,0,subtle_anomaly,monitor closely + collect more contextual data,0.4486827209128517,60.40579909498668,0.0014496573
2868,1,temporal_pattern_anomaly,analyze time-series behavior + review LSTM/Transformer features,0.4054398367575599,51.9507876031823,0.9999188
2869,1,temporal_pattern_anomaly,analyze time-series behavior + review LSTM/Transformer features,0.434187017860597,52.53570154833207,0.9998715
2870,0,collective_anomaly,investigate multivariate patterns + check correlated KPIs,0.5517841043745492,128.24844786716253,0.00011112339
2871,0,subtle_anomaly,monitor closely + collect more contextual data,0.3870603270864334,51.45243572464463,0.00047591623
2872,0,subtle_anomaly,monitor closely + collect more contextual data,0.4381574572882206,58.56995576551856,0.00010983047
2873,0,subtle_anomaly,monitor closely + collect more contextual data,0.4033735423914957,50.42208504360979,0.00039780766
2874,1,collective_anomaly,investigate multivariate patterns + check correlated KPIs,0.5758669373503986,116.14005292128336,0.99994004
2875,0,subtle_anomaly,monitor closely + collect more contextual data,0.3996041776905344,50.65678024392989,0.0003570569
2876,1,temporal_pattern_anomaly,analyze time-series behavior + review LSTM/Transformer features,0.4350995759479591,59.846505551160746,0.99995935
2877,0,subtle_anomaly,monitor closely + collect more contextual data,0.4238211477352615,56.28964593697687,0.00037444883
2878,0,subtle_anomaly,monitor closely + collect more contextual data,0.3986428187189881,48.45184018442449,0.00011197754
2879,0,subtle_anomaly,monitor closely + collect more contextual data,0.4496902475143841,58.55229951448025,0.0016574898
2880,0,subtle_anomaly,monitor closely + collect more contextual data,0.4380344646791147,56.05840926514051,0.0014318438
2881,1,temporal_pattern_anomaly,analyze time-series behavior + review LSTM/Transformer features,0.4413334035449422,53.272351523097214,0.89549285
2882,0,subtle_anomaly,monitor closely + collect more contextual data,0.3998900648534078,47.76862607785231,0.0007238469
2883,0,subtle_anomaly,monitor closely + collect more contextual data,0.4266713678590468,53.427207177983085,0.00035728642
2884,0,subtle_anomaly,monitor closely + collect more contextual data,0.4119411691976823,52.0485515223883,0.00014718526
2885,0,subtle_anomaly,monitor closely + collect more contextual data,0.445950183262043,54.14190215001762,6.927089e-05
2886,0,subtle_anomaly,monitor closely + collect more contextual data,0.4043110094885738,45.70640773482519,0.00015743311
2887,1,temporal_pattern_anomaly,analyze time-series behavior + review LSTM/Transformer features,0.4401236936659284,55.88263301586494,0.999824
2888,1,temporal_pattern_anomaly,analyze time-series behavior + review LSTM/Transformer features,0.4516975520910501,75.98080842463149,0.9994599
2889,0,subtle_anomaly,monitor closely + collect more contextual data,0.4507930706209863,64.60712499964394,0.000113190334
2890,1,temporal_pattern_anomaly,analyze time-series behavior + review LSTM/Transformer features,0.4362214576365535,67.73052719288968,0.9999486
2891,1,temporal_pattern_anomaly,analyze time-series behavior + review LSTM/Transformer features,0.4762634732620009,73.35506327228269,0.99995625
2892,0,subtle_anomaly,monitor closely + collect more contextual data,0.423132975300879,52.25147703514892,0.019076874
2893,0,subtle_anomaly,monitor closely + collect more contextual data,0.3877621186498826,44.36848098202702,0.00036460397
2894,0,subtle_anomaly,monitor closely + collect more contextual data,0.4169835909466562,54.12701125454772,0.0001756876
2895,1,temporal_pattern_anomaly,analyze time-series behavior + review LSTM/Transformer features,0.4085137788950819,56.26066208267704,0.9999715
2896,1,temporal_pattern_anomaly,analyze time-series behavior + review LSTM/Transformer features,0.4324880624951044,58.35771895830256,0.9989586
2897,0,subtle_anomaly,monitor closely + collect more contextual data,0.456412098737657,60.22665347824605,0.0015199273
2898,1,temporal_pattern_anomaly,analyze time-series behavior + review LSTM/Transformer features,0.4644396804945677,64.18938532279925,0.9997904
2899,1,temporal_pattern_anomaly,analyze time-series behavior + review LSTM/Transformer features,0.3708601752035047,40.815416252720425,0.9997857
2900,0,subtle_anomaly,monitor closely + collect more contextual data,0.4785355720409522,69.8410335453796,8.126312e-05
2901,1,temporal_pattern_anomaly,analyze time-series behavior + review LSTM/Transformer features,0.391927861518881,45.04490362050269,0.99971455
2902,1,temporal_pattern_anomaly,analyze time-series behavior + review LSTM/Transformer features,0.4620399155438173,70.7679342689755,0.99991906
2903,0,subtle_anomaly,monitor closely + collect more contextual data,0.4232543388963604,55.6116108088512,0.00033753988
2904,1,temporal_pattern_anomaly,analyze time-series behavior + review LSTM/Transformer features,0.4268599513875707,57.98764440173211,0.9997316
2905,1,collective_anomaly,investigate multivariate patterns + check correlated KPIs,0.5506608902355381,109.76371984440205,0.9999243
2906,1,temporal_pattern_anomaly,analyze time-series behavior + review LSTM/Transformer features,0.4362271799116307,57.83537432101266,0.9999275
2907,0,subtle_anomaly,monitor closely + collect more contextual data,0.4316977659762013,57.03437707664792,0.00042776758
2908,0,subtle_anomaly,monitor closely + collect more contextual data,0.4087031103292604,52.87098554097616,2.9094843e-05
2909,0,isolation_outlier,inspect individual extreme values + check for sensor drift,0.4896358591399629,69.52516312517625,0.00032901185
2910,0,subtle_anomaly,monitor closely + collect more contextual data,0.4533861700129767,60.82338791656253,0.00045573298
2911,0,subtle_anomaly,monitor closely + collect more contextual data,0.4794565514111654,61.54483075417711,0.0013013881
2912,0,subtle_anomaly,monitor closely + collect more contextual data,0.4237047211840566,56.95058824124189,0.00019675776
2913,1,temporal_pattern_anomaly,analyze time-series behavior + review LSTM/Transformer features,0.39516789285387,49.93142341550683,0.998784
2914,1,temporal_pattern_anomaly,analyze time-series behavior + review LSTM/Transformer features,0.4491493589361993,70.58786545934008,0.99994516
2915,1,subtle_anomaly,monitor closely + collect more contextual data,0.4313588427686917,51.479671674702246,0.6799244
2916,0,subtle_anomaly,monitor closely + collect more contextual data,0.4381955549740201,60.38787087852166,9.664205e-05
2917,0,subtle_anomaly,monitor closely + collect more contextual data,0.4446013533371554,60.25057447610705,5.2453765e-05
2918,0,subtle_anomaly,monitor closely + collect more contextual data,0.428233973700142,50.83515071002116,0.0008395767
2919,1,temporal_pattern_anomaly,analyze time-series behavior + review LSTM/Transformer features,0.4487277955403767,57.88210632612578,0.99993193
2920,0,subtle_anomaly,monitor closely + collect more contextual data,0.3971846367297023,46.63702712081639,0.000120724566
2921,0,subtle_anomaly,monitor closely + collect more contextual data,0.4416316474724996,58.74551782143514,7.597638e-05
2922,1,temporal_pattern_anomaly,analyze time-series behavior + review LSTM/Transformer features,0.3862072424304707,42.32876231785368,0.9751226
2923,0,subtle_anomaly,monitor closely + collect more contextual data,0.475109440321015,76.53537503630284,6.516604e-05
2924,0,subtle_anomaly,monitor closely + collect more contextual data,0.4281315272822676,51.40762361604647,0.0017175456
2925,0,subtle_anomaly,monitor closely + collect more contextual data,0.4367379597558495,55.1866662087266,0.03120237
2926,1,temporal_pattern_anomaly,analyze time-series behavior + review LSTM/Transformer features,0.4183027788117385,61.65500580078103,0.99783957
2927,1,temporal_pattern_anomaly,analyze time-series behavior + review LSTM/Transformer features,0.4351330820732057,59.05724181443719,0.9999614
2928,1,temporal_pattern_anomaly,analyze time-series behavior + review LSTM/Transformer features,0.4240102069560796,48.078935302482215,0.9997228
2929,0,subtle_anomaly,monitor closely + collect more contextual data,0.4345200548246925,59.69272137022961,3.0164509e-05
2930,1,temporal_pattern_anomaly,analyze time-series behavior + review LSTM/Transformer features,0.4274559831303714,49.58094758123749,0.99910647
2931,0,subtle_anomaly,monitor closely + collect more contextual data,0.3898199856970019,45.69376792212403,0.00083012535
2932,0,subtle_anomaly,monitor closely + collect more contextual data,0.3862411440712249,46.107448061031455,0.0001389478
2933,0,subtle_anomaly,monitor closely + collect more contextual data,0.4159028462811289,54.41675269359124,2.3762683e-05
2934,1,temporal_pattern_anomaly,analyze time-series behavior + review LSTM/Transformer features,0.419016431572907,58.607235438593065,0.9994923
2935,0,subtle_anomaly,monitor closely + collect more contextual data,0.3955259359304137,47.26111720263737,6.0309794e-05
2936,1,collective_anomaly,investigate multivariate patterns + check correlated KPIs,0.5118017633781232,81.52613608350666,0.99992085
2937,1,temporal_pattern_anomaly,analyze time-series behavior + review LSTM/Transformer features,0.4292677441185477,62.34122446841086,0.9999695
2938,0,subtle_anomaly,monitor closely + collect more contextual data,0.4626788650425603,57.40628864156433,0.0001852489
2939,1,temporal_pattern_anomaly,analyze time-series behavior + review LSTM/Transformer features,0.4025094287485758,51.49910142865351,0.99970704
2940,1,temporal_pattern_anomaly,analyze time-series behavior + review LSTM/Transformer features,0.4735437480489912,74.97534291377177,0.99989355
2941,0,subtle_anomaly,monitor closely + collect more contextual data,0.4444881800030826,56.61230747801349,0.00017150301
2942,0,subtle_anomaly,monitor closely + collect more contextual data,0.4351797503820786,63.28886266282063,4.849026e-05
2943,0,subtle_anomaly,monitor closely + collect more contextual data,0.4426017992377698,53.90064494864157,0.0013249416
2944,1,collective_anomaly,investigate multivariate patterns + check correlated KPIs,0.4959666556313719,95.60558598613962,0.99997616
2945,1,temporal_pattern_anomaly,analyze time-series behavior + review LSTM/Transformer features,0.4823292456093074,66.94988346108325,0.9999404
2946,1,collective_anomaly,investigate multivariate patterns + check correlated KPIs,0.5839826001796858,127.3329400436432,0.9996099
2947,0,subtle_anomaly,monitor closely + collect more contextual data,0.3724808060560466,42.38387973752194,0.000102536396
2948,0,subtle_anomaly,monitor closely + collect more contextual data,0.4199188855884165,61.77828480377042,0.00021860254
2949,0,subtle_anomaly,monitor closely + collect more contextual data,0.4436774451833636,54.75059983858383,0.00014978983
2950,0,temporal_pattern_anomaly,analyze time-series behavior + review LSTM/Transformer features,0.4116382607637872,55.03092182687648,0.006093593
2951,0,subtle_anomaly,monitor closely + collect more contextual data,0.4136976247733899,56.65561875285667,0.0004965928
2952,1,temporal_pattern_anomaly,analyze time-series behavior + review LSTM/Transformer features,0.4210679345824621,61.59417331870699,0.99985445
2953,1,temporal_pattern_anomaly,analyze time-series behavior + review LSTM/Transformer features,0.3930949610800597,48.13477783256656,0.9999343
2954,1,temporal_pattern_anomaly,analyze time-series behavior + review LSTM/Transformer features,0.3792263128027922,47.06442406427071,0.9999368
2955,0,subtle_anomaly,monitor closely + collect more contextual data,0.4284257509679441,53.9955832166425,0.000373912
2956,1,temporal_pattern_anomaly,analyze time-series behavior + review LSTM/Transformer features,0.4154379324895828,53.49226346361886,0.9997508
2957,1,temporal_pattern_anomaly,analyze time-series behavior + review LSTM/Transformer features,0.4244194714620634,55.7082309335724,0.9851247
2958,1,temporal_pattern_anomaly,analyze time-series behavior + review LSTM/Transformer features,0.4038212072036999,53.777315324009706,0.9994918
2959,0,subtle_anomaly,monitor closely + collect more contextual data,0.4636167334146326,62.05964784544855,0.00094275165
2960,1,temporal_pattern_anomaly,analyze time-series behavior + review LSTM/Transformer features,0.3967314541341381,54.181058627329975,0.9999666
2961,1,temporal_pattern_anomaly,analyze time-series behavior + review LSTM/Transformer features,0.44808065626168,61.874114527432816,0.9999269
2962,0,subtle_anomaly,monitor closely + collect more contextual data,0.4576504851669026,61.86047649186254,0.00071859005
2963,0,subtle_anomaly,monitor closely + collect more contextual data,0.4076137740624355,46.78418702508794,0.0028065743
2964,0,subtle_anomaly,monitor closely + collect more contextual data,0.4305007034407202,63.70914858909757,1.6949922e-05
2965,0,subtle_anomaly,monitor closely + collect more contextual data,0.4004252733438627,51.352658704110574,0.00014767362
2966,1,temporal_pattern_anomaly,analyze time-series behavior + review LSTM/Transformer features,0.4543669421850427,65.51115867720121,0.9999589
2967,1,temporal_pattern_anomaly,analyze time-series behavior + review LSTM/Transformer features,0.4405362990479825,59.00243933308353,0.99985945
2968,1,temporal_pattern_anomaly,analyze time-series behavior + review LSTM/Transformer features,0.4231980142435784,58.015043148130346,0.99995005
2969,1,temporal_pattern_anomaly,analyze time-series behavior + review LSTM/Transformer features,0.4334716435208494,57.566448577958106,0.99994147
2970,0,subtle_anomaly,monitor closely + collect more contextual data,0.4716129476588365,70.72185666637415,0.00016395579
2971,1,temporal_pattern_anomaly,analyze time-series behavior + review LSTM/Transformer features,0.445223961654071,58.92196089253044,0.9998646
2972,0,subtle_anomaly,monitor closely + collect more contextual data,0.4125016643526171,50.30254432263495,0.31934217
2973,0,subtle_anomaly,monitor closely + collect more contextual data,0.4057456574967724,52.91064220378401,5.3437594e-05
2974,1,temporal_pattern_anomaly,analyze time-series behavior + review LSTM/Transformer features,0.4163839551829734,51.78546182019232,0.99992967
2975,0,subtle_anomaly,monitor closely + collect more contextual data,0.413414761877209,54.847740597766375,2.8328095e-05
2976,1,temporal_pattern_anomaly,analyze time-series behavior + review LSTM/Transformer features,0.4212103537942618,49.74107432907189,0.9947642
2977,0,subtle_anomaly,monitor closely + collect more contextual data,0.4667232356636522,67.82131703791414,0.00025387207
2978,1,temporal_pattern_anomaly,analyze time-series behavior + review LSTM/Transformer features,0.4159856214591007,53.26824769043814,0.9899588
2979,0,subtle_anomaly,monitor closely + collect more contextual data,0.4016065045739323,50.96311479855006,0.00011764841
2980,0,subtle_anomaly,monitor closely + collect more contextual data,0.4237079970942763,51.303275615589726,9.109475e-05
2981,1,temporal_pattern_anomaly,analyze time-series behavior + review LSTM/Transformer features,0.4131847942491486,50.26834787599115,0.9997594
2982,0,subtle_anomaly,monitor closely + collect more contextual data,0.4556247559697186,65.07155377841144,5.452466e-05
2983,1,collective_anomaly,investigate multivariate patterns + check correlated KPIs,0.5111351942587052,95.17910362352048,0.9998934
2984,0,subtle_anomaly,monitor closely + collect more contextual data,0.4276940552272201,57.39318079514614,0.00018744018
2985,1,temporal_pattern_anomaly,analyze time-series behavior + review LSTM/Transformer features,0.3934049478567304,46.409535329057945,0.99929833
2986,0,subtle_anomaly,monitor closely + collect more contextual data,0.4082716827384654,48.71558243052957,0.00084702676
2987,0,subtle_anomaly,monitor closely + collect more contextual data,0.4087982793078278,52.10198051313321,0.00010805718
2988,1,temporal_pattern_anomaly,analyze time-series behavior + review LSTM/Transformer features,0.4520316675702851,64.62919777182194,0.99992144
2989,0,subtle_anomaly,monitor closely + collect more contextual data,0.4338306384310288,54.90720395666189,0.00015386243
2990,1,temporal_pattern_anomaly,analyze time-series behavior + review LSTM/Transformer features,0.4068551842408281,53.14646474819876,0.9990019
2991,0,subtle_anomaly,monitor closely + collect more contextual data,0.4381469927898521,65.8336277121745,0.0015320414
2992,1,temporal_pattern_anomaly,analyze time-series behavior + review LSTM/Transformer features,0.3906691740449655,49.27239686628605,0.9984458
2993,0,isolation_outlier,inspect individual extreme values + check for sensor drift,0.499121815610433,73.49543514560669,0.000114305134
2994,0,subtle_anomaly,monitor closely + collect more contextual data,0.4015996907790693,47.15521767866188,0.015626667
2995,1,temporal_pattern_anomaly,analyze time-series behavior + review LSTM/Transformer features,0.4362825328662794,61.60184732523922,0.9999529
2996,1,temporal_pattern_anomaly,analyze time-series behavior + review LSTM/Transformer features,0.440985269702248,51.2058509651707,0.99976903
2997,1,temporal_pattern_anomaly,analyze time-series behavior + review LSTM/Transformer features,0.4156070239999957,48.45820029043775,0.99980897
2998,0,subtle_anomaly,monitor closely + collect more contextual data,0.4536522208130828,53.06040652445411,0.00022446003
2999,1,temporal_pattern_anomaly,analyze time-series behavior + review LSTM/Transformer features,0.4403711012442771,63.42252847547917,0.99996626
3000,0,subtle_anomaly,monitor closely + collect more contextual data,0.4177463792227731,49.67414921066902,0.00040515335
3001,0,subtle_anomaly,monitor closely + collect more contextual data,0.4103049541656234,49.327898806798025,0.00017809325
3002,0,subtle_anomaly,monitor closely + collect more contextual data,0.4670128121420363,62.77741305199252,0.00077405444
3003,1,collective_anomaly,investigate multivariate patterns + check correlated KPIs,0.5401129598153374,101.42149004711048,0.99996984
3004,0,subtle_anomaly,monitor closely + collect more contextual data,0.4264552003186886,52.93575190352046,0.14128548
3005,1,temporal_pattern_anomaly,analyze time-series behavior + review LSTM/Transformer features,0.4546215811912553,74.36383222361025,0.9992582
3006,1,temporal_pattern_anomaly,analyze time-series behavior + review LSTM/Transformer features,0.4097715724587876,51.92159990794128,0.9984542
3007,0,isolation_outlier,inspect individual extreme values + check for sensor drift,0.4826402543252687,71.71449850986413,0.00086017296
3008,0,subtle_anomaly,monitor closely + collect more contextual data,0.4220185560172879,57.71118206496203,0.0007687441
3009,0,subtle_anomaly,monitor closely + collect more contextual data,0.4335775590733134,50.27600465032819,0.0023522233
3010,0,subtle_anomaly,monitor closely + collect more contextual data,0.430686891159584,62.81264491023119,4.2485706e-05
3011,0,subtle_anomaly,monitor closely + collect more contextual data,0.4416728382507925,62.49777513309959,0.00021744653
3012,1,collective_anomaly,investigate multivariate patterns + check correlated KPIs,0.4915502043972287,80.58017775327063,0.9999436
3013,0,subtle_anomaly,monitor closely + collect more contextual data,0.4176864697039047,47.994018505896335,0.015896982
3014,0,subtle_anomaly,monitor closely + collect more contextual data,0.440110589863829,59.43001269026026,0.00015644262
3015,1,temporal_pattern_anomaly,analyze time-series behavior + review LSTM/Transformer features,0.451323843235221,64.30053133502508,0.9999666
3016,1,temporal_pattern_anomaly,analyze time-series behavior + review LSTM/Transformer features,0.5009207810901011,72.22581960500628,0.9998418
3017,1,temporal_pattern_anomaly,analyze time-series behavior + review LSTM/Transformer features,0.4445150154845935,58.57406621351941,0.9998617
3018,0,subtle_anomaly,monitor closely + collect more contextual data,0.407501592909235,49.20119663965071,0.00011973939
3019,1,collective_anomaly,investigate multivariate patterns + check correlated KPIs,0.5825340134768235,130.4716714109561,0.9945134
3020,0,subtle_anomaly,monitor closely + collect more contextual data,0.4296767082287143,51.225063007765,0.00019232724
3021,0,subtle_anomaly,monitor closely + collect more contextual data,0.4292769824336977,55.56840858573617,3.5089783e-05
3022,1,temporal_pattern_anomaly,analyze time-series behavior + review LSTM/Transformer features,0.3985851335938769,48.2248018516496,0.9995208
3023,1,temporal_pattern_anomaly,analyze time-series behavior + review LSTM/Transformer features,0.4255054513792686,56.32917110847163,0.9998791
3024,0,subtle_anomaly,monitor closely + collect more contextual data,0.4007817293447215,43.0871483646476,0.0003722104
3025,1,collective_anomaly,investigate multivariate patterns + check correlated KPIs,0.5581613914725809,106.74422685861629,0.99971646
3026,1,temporal_pattern_anomaly,analyze time-series behavior + review LSTM/Transformer features,0.4509437112604202,62.42236811884434,0.9999418
3027,0,subtle_anomaly,monitor closely + collect more contextual data,0.4036873139981353,47.8738038918654,0.0004970699
3028,0,subtle_anomaly,monitor closely + collect more contextual data,0.4140659520978775,52.64483241472325,0.00010298489
3029,0,isolation_outlier,inspect individual extreme values + check for sensor drift,0.5061934364413252,78.71805901845973,0.00048992323
3030,0,subtle_anomaly,monitor closely + collect more contextual data,0.4210484103944566,49.94538854350092,0.003820732
3031,1,temporal_pattern_anomaly,analyze time-series behavior + review LSTM/Transformer features,0.4134213932539337,57.89484697122171,0.9988764
3032,1,temporal_pattern_anomaly,analyze time-series behavior + review LSTM/Transformer features,0.4023514092398887,49.07538348848632,0.98215586
3033,0,subtle_anomaly,monitor closely + collect more contextual data,0.4747025156136353,72.47082079205948,0.00016447032
3034,1,temporal_pattern_anomaly,analyze time-series behavior + review LSTM/Transformer features,0.4168151069661632,53.45653362630715,0.99850684
3035,0,subtle_anomaly,monitor closely + collect more contextual data,0.3992609992014756,51.760722735167214,0.00010377165
3036,1,temporal_pattern_anomaly,analyze time-series behavior + review LSTM/Transformer features,0.4725908061258871,67.96367558762687,0.9715415
3037,0,subtle_anomaly,monitor closely + collect more contextual data,0.4195248138407273,57.06644549695663,0.0003086725
3038,0,subtle_anomaly,monitor closely + collect more contextual data,0.3836546050936307,42.7245547490167,5.412736e-05
3039,0,subtle_anomaly,monitor closely + collect more contextual data,0.4183719058084943,53.38102938797669,8.432742e-05
3040,1,collective_anomaly,investigate multivariate patterns + check correlated KPIs,0.5030785699254832,85.11753885813808,0.99485093
3041,1,temporal_pattern_anomaly,analyze time-series behavior + review LSTM/Transformer features,0.4460843186692588,52.788461805540365,0.9998505
3042,1,temporal_pattern_anomaly,analyze time-series behavior + review LSTM/Transformer features,0.4302420143289266,58.08927789996287,0.9796826
3043,1,temporal_pattern_anomaly,analyze time-series behavior + review LSTM/Transformer features,0.4219197766915493,50.32985059028702,0.9998741
3044,0,subtle_anomaly,monitor closely + collect more contextual data,0.379030071071297,45.51675162519902,0.00033040115
3045,0,subtle_anomaly,monitor closely + collect more contextual data,0.4135354459150949,50.84318167745704,0.0008331366
3046,1,temporal_pattern_anomaly,analyze time-series behavior + review LSTM/Transformer features,0.479155563943726,61.467305478976286,0.9998271
3047,0,subtle_anomaly,monitor closely + collect more contextual data,0.3959286036242998,47.513154406993976,9.280972e-05
3048,0,subtle_anomaly,monitor closely + collect more contextual data,0.4753288854293048,70.43046983036332,9.912701e-05
3049,1,temporal_pattern_anomaly,analyze time-series behavior + review LSTM/Transformer features,0.4278938547734871,58.62968029636518,0.9997768
3050,1,temporal_pattern_anomaly,analyze time-series behavior + review LSTM/Transformer features,0.4411570474920729,56.36173073597826,0.99991024
3051,1,temporal_pattern_anomaly,analyze time-series behavior + review LSTM/Transformer features,0.4665538420974975,70.87975092015941,0.9998066
3052,1,temporal_pattern_anomaly,analyze time-series behavior + review LSTM/Transformer features,0.3923611846514312,51.54470155064642,0.9951676
3053,0,subtle_anomaly,monitor closely + collect more contextual data,0.4349408973879659,53.36379520114063,0.0017967708
3054,0,subtle_anomaly,monitor closely + collect more contextual data,0.4610805789529581,65.7523423746473,0.00013470667
3055,0,collective_anomaly,investigate multivariate patterns + check correlated KPIs,0.5153078626061341,89.12154244108149,0.002868514
3056,1,collective_anomaly,investigate multivariate patterns + check correlated KPIs,0.4889663855525256,89.50675299595162,0.99988866
3057,1,temporal_pattern_anomaly,analyze time-series behavior + review LSTM/Transformer features,0.3790149972279184,47.90224843586948,0.99992406
3058,1,temporal_pattern_anomaly,analyze time-series behavior + review LSTM/Transformer features,0.4260128569015758,55.24126263864167,0.9997594
3059,1,temporal_pattern_anomaly,analyze time-series behavior + review LSTM/Transformer features,0.4295134029366551,56.79944315135174,0.99985707
3060,0,subtle_anomaly,monitor closely + collect more contextual data,0.4625339815819821,72.6230969460107,4.5602064e-05
3061,0,subtle_anomaly,monitor closely + collect more contextual data,0.469497832716827,70.75452534606248,0.00015937322
3062,1,collective_anomaly,investigate multivariate patterns + check correlated KPIs,0.5188777484599548,91.38268884787902,0.9998466
3063,0,subtle_anomaly,monitor closely + collect more contextual data,0.397958017334152,49.56400950156393,4.9072252e-05
3064,0,subtle_anomaly,monitor closely + collect more contextual data,0.4403401410582673,59.62656835066066,0.0007317913
3065,1,collective_anomaly,investigate multivariate patterns + check correlated KPIs,0.5185545505925004,102.1407113015458,0.9998435
3066,0,subtle_anomaly,monitor closely + collect more contextual data,0.4040183660511635,50.489917580952,0.000723589
3067,1,temporal_pattern_anomaly,analyze time-series behavior + review LSTM/Transformer features,0.4336952917281408,60.29541865330475,0.9995957
3068,0,subtle_anomaly,monitor closely + collect more contextual data,0.3975815159821139,45.65009946078661,0.003773563
3069,0,subtle_anomaly,monitor closely + collect more contextual data,0.4045763338731624,49.41507609999325,0.00036366668
3070,1,temporal_pattern_anomaly,analyze time-series behavior + review LSTM/Transformer features,0.4733084893997847,77.34977733591495,0.9999205
3071,0,subtle_anomaly,monitor closely + collect more contextual data,0.3771176916514124,43.600457181092565,0.00021546012
3072,1,temporal_pattern_anomaly,analyze time-series behavior + review LSTM/Transformer features,0.4318017427563064,62.75628768820699,0.99995756
3073,0,subtle_anomaly,monitor closely + collect more contextual data,0.3879659938047438,49.18855337362918,6.226697e-05
3074,0,subtle_anomaly,monitor closely + collect more contextual data,0.4073105645529824,47.66936124058425,8.5198015e-05
3075,1,temporal_pattern_anomaly,analyze time-series behavior + review LSTM/Transformer features,0.4213393247644235,46.059924913975664,0.99434716
3076,0,subtle_anomaly,monitor closely + collect more contextual data,0.3956431133833086,47.80420484808675,0.00027565574
3077,0,subtle_anomaly,monitor closely + collect more contextual data,0.4124772700528114,50.4807428248193,0.00028735556
3078,0,subtle_anomaly,monitor closely + collect more contextual data,0.4178653154730803,55.249885894657794,0.00015120751
3079,1,temporal_pattern_anomaly,analyze time-series behavior + review LSTM/Transformer features,0.4845353292337072,63.20877332409515,0.9997453
3080,0,subtle_anomaly,monitor closely + collect more contextual data,0.4346569184827588,59.84052093534936,0.00013468188
3081,1,temporal_pattern_anomaly,analyze time-series behavior + review LSTM/Transformer features,0.4381576558187031,60.49162627201872,0.9998565
3082,1,temporal_pattern_anomaly,analyze time-series behavior + review LSTM/Transformer features,0.4518634280078721,69.89806800466802,0.9999124
3083,1,temporal_pattern_anomaly,analyze time-series behavior + review LSTM/Transformer features,0.4131719533580604,55.36760258772311,0.9997197
3084,0,subtle_anomaly,monitor closely + collect more contextual data,0.4623893243364658,62.15822408694663,0.00026185156
3085,1,temporal_pattern_anomaly,analyze time-series behavior + review LSTM/Transformer features,0.4358287176448807,61.35020301237343,0.99987483
3086,1,temporal_pattern_anomaly,analyze time-series behavior + review LSTM/Transformer features,0.43115874986383,60.25700300351745,0.99997056
3087,0,subtle_anomaly,monitor closely + collect more contextual data,0.4467703494069703,63.04783682906427,0.073426634
3088,1,collective_anomaly,investigate multivariate patterns + check correlated KPIs,0.5026682041623967,92.35929018502011,0.99992156
3089,0,collective_anomaly,investigate multivariate patterns + check correlated KPIs,0.4980802751382258,82.00451285804813,0.00015687462
3090,0,subtle_anomaly,monitor closely + collect more contextual data,0.3938074978971645,48.46804965715934,0.00020059099
3091,0,subtle_anomaly,monitor closely + collect more contextual data,0.4084270893781903,55.19772852310248,2.9597117e-05
3092,0,subtle_anomaly,monitor closely + collect more contextual data,0.4189303661400478,53.42013039934475,3.3889264e-05
3093,0,subtle_anomaly,monitor closely + collect more contextual data,0.3901451292757607,43.131551915159605,0.0019287392
3094,1,temporal_pattern_anomaly,analyze time-series behavior + review LSTM/Transformer features,0.38411060292928,48.36105272917029,0.999956
3095,1,temporal_pattern_anomaly,analyze time-series behavior + review LSTM/Transformer features,0.3917493040529918,45.2838528298529,0.9999335
3096,1,temporal_pattern_anomaly,analyze time-series behavior + review LSTM/Transformer features,0.4353771951265999,55.58803723557914,0.9999403
3097,0,subtle_anomaly,monitor closely + collect more contextual data,0.4668388930010727,72.69430525284021,5.8141257e-05
3098,1,collective_anomaly,investigate multivariate patterns + check correlated KPIs,0.5213479073966395,87.40289010123324,0.9995283
3099,0,subtle_anomaly,monitor closely + collect more contextual data,0.4311853900704576,57.14938431881312,4.5493125e-05
3100,1,temporal_pattern_anomaly,analyze time-series behavior + review LSTM/Transformer features,0.4235851066502734,53.00316396671396,0.9170007
3101,0,subtle_anomaly,monitor closely + collect more contextual data,0.3807898618104943,40.62495206230399,0.0003767821
3102,1,temporal_pattern_anomaly,analyze time-series behavior + review LSTM/Transformer features,0.4458418563629803,67.05746518038413,0.999949
3103,0,subtle_anomaly,monitor closely + collect more contextual data,0.4046806509711954,46.80585568602088,0.003053915
3104,0,subtle_anomaly,monitor closely + collect more contextual data,0.4130872648963646,50.58465879962549,0.00023656602
3105,0,subtle_anomaly,monitor closely + collect more contextual data,0.4278256108152754,64.16069166358322,8.133072e-05
3106,1,collective_anomaly,investigate multivariate patterns + check correlated KPIs,0.5340201532174033,103.73372273208172,0.9998274
3107,1,temporal_pattern_anomaly,analyze time-series behavior + review LSTM/Transformer features,0.4847149241446465,75.42512944687284,0.9901011
3108,1,temporal_pattern_anomaly,analyze time-series behavior + review LSTM/Transformer features,0.410773488052002,55.78676387190449,0.99997365
3109,0,subtle_anomaly,monitor closely + collect more contextual data,0.440516745588409,58.445312672851735,5.519276e-05
3110,0,subtle_anomaly,monitor closely + collect more contextual data,0.3831030395869571,43.74533421077618,0.00032420305
3111,1,temporal_pattern_anomaly,analyze time-series behavior + review LSTM/Transformer features,0.4178061368407571,57.53092493150382,0.9999707
3112,0,isolation_outlier,inspect individual extreme values + check for sensor drift,0.4837305543669524,70.34836634930748,8.3818726e-05
3113,0,subtle_anomaly,monitor closely + collect more contextual data,0.4173123651157474,53.82252798860608,0.00010775334
3114,0,subtle_anomaly,monitor closely + collect more contextual data,0.4004488020276566,49.66190628004492,7.9805395e-05
3115,1,collective_anomaly,investigate multivariate patterns + check correlated KPIs,0.527957701308659,107.47514281784537,0.9998821
3116,1,temporal_pattern_anomaly,analyze time-series behavior + review LSTM/Transformer features,0.3925192572468618,48.19363490128559,0.9980856
3117,0,subtle_anomaly,monitor closely + collect more contextual data,0.4037654510366685,49.7771679491502,2.9827137e-05
3118,0,subtle_anomaly,monitor closely + collect more contextual data,0.4098487104577286,51.45059080845121,0.0011118058
3119,0,subtle_anomaly,monitor closely + collect more contextual data,0.3865427831786466,43.85138929159261,0.0003127461
3120,1,temporal_pattern_anomaly,analyze time-series behavior + review LSTM/Transformer features,0.4129307924576096,45.53789334623306,0.9992337
3121,1,temporal_pattern_anomaly,analyze time-series behavior + review LSTM/Transformer features,0.453242387014947,66.93296435679545,0.9998307
3122,0,subtle_anomaly,monitor closely + collect more contextual data,0.429656541784376,55.535626189558975,0.0005586
3123,0,subtle_anomaly,monitor closely + collect more contextual data,0.4396691221205967,58.60749999689632,4.092969e-05
3124,1,temporal_pattern_anomaly,analyze time-series behavior + review LSTM/Transformer features,0.3816252643803975,47.539860854802924,0.99991655
3125,1,temporal_pattern_anomaly,analyze time-series behavior + review LSTM/Transformer features,0.4440945275794752,63.211929124162005,0.9998398
3126,1,temporal_pattern_anomaly,analyze time-series behavior + review LSTM/Transformer features,0.3896445735229903,49.24920320838483,0.99973994
3127,1,temporal_pattern_anomaly,analyze time-series behavior + review LSTM/Transformer features,0.4600082546340344,64.30497037754192,0.99997985
3128,1,temporal_pattern_anomaly,analyze time-series behavior + review LSTM/Transformer features,0.4030128836994552,54.416152290165805,0.9999639
3129,1,temporal_pattern_anomaly,analyze time-series behavior + review LSTM/Transformer features,0.4263920794589005,60.68366415264901,0.9998492
3130,1,temporal_pattern_anomaly,analyze time-series behavior + review LSTM/Transformer features,0.4021021191467117,55.68655443788465,0.999915
3131,0,subtle_anomaly,monitor closely + collect more contextual data,0.4364309855858012,59.11774861732535,0.00011958992
3132,1,collective_anomaly,investigate multivariate patterns + check correlated KPIs,0.5093291348488901,86.03471615277326,0.9998871
3133,1,temporal_pattern_anomaly,analyze time-series behavior + review LSTM/Transformer features,0.4309200237203497,61.06963386392334,0.9999229
3134,0,subtle_anomaly,monitor closely + collect more contextual data,0.4228960438022683,53.377848458855794,0.00033625177
3135,1,temporal_pattern_anomaly,analyze time-series behavior + review LSTM/Transformer features,0.4336296144286224,52.956100358698514,0.9995141
3136,0,subtle_anomaly,monitor closely + collect more contextual data,0.3905868119239071,43.4656455880728,0.012738782
3137,0,subtle_anomaly,monitor closely + collect more contextual data,0.432402332331784,56.55665831757288,0.00010305533
3138,0,subtle_anomaly,monitor closely + collect more contextual data,0.398126468154527,52.08612982312577,0.001997781
3139,0,subtle_anomaly,monitor closely + collect more contextual data,0.4124260266126121,56.33645078567764,3.3974982e-05
3140,0,subtle_anomaly,monitor closely + collect more contextual data,0.4001922048779436,49.8198264051096,8.22084e-05
3141,1,collective_anomaly,investigate multivariate patterns + check correlated KPIs,0.5164144414660077,98.0236366127684,0.9988707
3142,0,subtle_anomaly,monitor closely + collect more contextual data,0.3913424517793749,45.522252532741504,0.00021664918
3143,1,temporal_pattern_anomaly,analyze time-series behavior + review LSTM/Transformer features,0.4661529073495084,56.86498608131187,0.99930394
3144,1,temporal_pattern_anomaly,analyze time-series behavior + review LSTM/Transformer features,0.4028898161482001,54.275939535760806,0.9999664
3145,1,collective_anomaly,investigate multivariate patterns + check correlated KPIs,0.6073033818315474,142.90394474432838,0.99993694
3146,0,subtle_anomaly,monitor closely + collect more contextual data,0.4637289014044348,59.16746698856701,0.00014218624
3147,0,subtle_anomaly,monitor closely + collect more contextual data,0.4237191694458385,53.82003083839437,0.0025822767
3148,0,subtle_anomaly,monitor closely + collect more contextual data,0.4064357218674188,52.24696284921497,2.706938e-05
3149,0,subtle_anomaly,monitor closely + collect more contextual data,0.4696205855089101,68.07741942248285,0.00031714514
3150,1,temporal_pattern_anomaly,analyze time-series behavior + review LSTM/Transformer features,0.4432696459534289,55.88266318316657,0.9991616
3151,1,temporal_pattern_anomaly,analyze time-series behavior + review LSTM/Transformer features,0.4261964013221441,59.477019635165846,0.9999286
3152,0,subtle_anomaly,monitor closely + collect more contextual data,0.42098159069197,50.28961812739224,0.00047569512
3153,0,collective_anomaly,investigate multivariate patterns + check correlated KPIs,0.5432512541908979,92.0736893864986,8.4096304e-05
3154,1,temporal_pattern_anomaly,analyze time-series behavior + review LSTM/Transformer features,0.4300530257744719,53.5533293103184,0.9999242
3155,1,temporal_pattern_anomaly,analyze time-series behavior + review LSTM/Transformer features,0.4290916423593705,53.92127419688634,0.9998939
3156,0,subtle_anomaly,monitor closely + collect more contextual data,0.4212515973092214,57.41515662549425,0.00018672433
3157,0,subtle_anomaly,monitor closely + collect more contextual data,0.4405056490555408,62.92340382978494,0.0001593986
3158,1,temporal_pattern_anomaly,analyze time-series behavior + review LSTM/Transformer features,0.4059621903564642,54.10279669259752,0.999912
3159,0,subtle_anomaly,monitor closely + collect more contextual data,0.4227036744283493,53.84003130975032,0.000362437
3160,1,temporal_pattern_anomaly,analyze time-series behavior + review LSTM/Transformer features,0.4560664341637874,58.55308313981919,0.9999608
3161,0,subtle_anomaly,monitor closely + collect more contextual data,0.3745980738226838,42.23796290153804,0.00037509087
3162,1,temporal_pattern_anomaly,analyze time-series behavior + review LSTM/Transformer features,0.4108579046500569,53.63989859771401,0.99992526
3163,0,subtle_anomaly,monitor closely + collect more contextual data,0.4600575406141113,71.78114731071867,8.058012e-05
3164,0,subtle_anomaly,monitor closely + collect more contextual data,0.4281836832806808,51.4756435583825,0.00029043376
3165,0,subtle_anomaly,monitor closely + collect more contextual data,0.3985342597778435,51.38648170263312,0.00018133647
3166,0,subtle_anomaly,monitor closely + collect more contextual data,0.4574992441226053,62.920469066518365,0.00014367329
3167,1,temporal_pattern_anomaly,analyze time-series behavior + review LSTM/Transformer features,0.418424441867515,59.992265903926615,0.9998354
3168,0,subtle_anomaly,monitor closely + collect more contextual data,0.4737332772991399,60.760062171680666,0.11422409
3169,0,subtle_anomaly,monitor closely + collect more contextual data,0.406952200397868,47.01989607128412,0.000731164
3170,0,subtle_anomaly,monitor closely + collect more contextual data,0.4041861072622666,54.35986728921288,0.00022461438
3171,1,temporal_pattern_anomaly,analyze time-series behavior + review LSTM/Transformer features,0.4258576902439908,52.8425991302012,0.9971181
3172,1,collective_anomaly,investigate multivariate patterns + check correlated KPIs,0.4729481943955256,89.18767063163834,0.9998715
3173,1,temporal_pattern_anomaly,analyze time-series behavior + review LSTM/Transformer features,0.4340898501497711,51.08866792547213,0.99913436
3174,0,subtle_anomaly,monitor closely + collect more contextual data,0.4091343274308713,49.62829504826191,0.00020645437
3175,1,temporal_pattern_anomaly,analyze time-series behavior + review LSTM/Transformer features,0.4583857432669553,72.2791113686208,0.99990666
3176,1,temporal_pattern_anomaly,analyze time-series behavior + review LSTM/Transformer features,0.4785697612836823,65.03165692749306,0.99877363
3177,1,temporal_pattern_anomaly,analyze time-series behavior + review LSTM/Transformer features,0.3775635568872665,42.91349990537118,0.23258531
3178,1,temporal_pattern_anomaly,analyze time-series behavior + review LSTM/Transformer features,0.4000377328568487,52.74158498437559,0.9999553
3179,0,subtle_anomaly,monitor closely + collect more contextual data,0.4455716149610655,51.40420807607392,0.00012620087
3180,0,subtle_anomaly,monitor closely + collect more contextual data,0.4100650440943486,46.9927338855341,5.4442462e-05
3181,1,temporal_pattern_anomaly,analyze time-series behavior + review LSTM/Transformer features,0.4873185784442127,78.64238659010148,0.99993527
3182,0,subtle_anomaly,monitor closely + collect more contextual data,0.4413108284397438,53.684106282270704,0.006710944
3183,0,subtle_anomaly,monitor closely + collect more contextual data,0.3910733090519518,44.33246229962768,0.00033596886
3184,1,temporal_pattern_anomaly,analyze time-series behavior + review LSTM/Transformer features,0.4007084454117615,52.92493706621917,0.99987435
3185,1,temporal_pattern_anomaly,analyze time-series behavior + review LSTM/Transformer features,0.4424592661885609,57.622683577808886,0.9990351
3186,1,temporal_pattern_anomaly,analyze time-series behavior + review LSTM/Transformer features,0.3934587931420206,49.61159973012014,0.9997296
3187,0,subtle_anomaly,monitor closely + collect more contextual data,0.437518504612838,55.99703700132797,0.00018970005
3188,1,subtle_anomaly,monitor closely + collect more contextual data,0.4063483899392022,48.37843351229084,0.5700074
3189,1,temporal_pattern_anomaly,analyze time-series behavior + review LSTM/Transformer features,0.4110155555611072,54.61441067179099,0.9999443
3190,1,collective_anomaly,investigate multivariate patterns + check correlated KPIs,0.5342152306848843,101.43176670703744,0.9981238
3191,1,temporal_pattern_anomaly,analyze time-series behavior + review LSTM/Transformer features,0.4090223275990444,53.04027760856067,0.7739124
3192,0,subtle_anomaly,monitor closely + collect more contextual data,0.4053885794480357,48.72917917472349,3.5846973e-05
3193,0,subtle_anomaly,monitor closely + collect more contextual data,0.4232320742818748,54.58939856449053,0.00069310755
3194,1,temporal_pattern_anomaly,analyze time-series behavior + review LSTM/Transformer features,0.4330362959230285,60.97163404168017,0.99996245
3195,1,temporal_pattern_anomaly,analyze time-series behavior + review LSTM/Transformer features,0.4561172961703704,64.96922087212093,0.9999528
3196,0,subtle_anomaly,monitor closely + collect more contextual data,0.4682168083275297,62.20025680826364,0.00011382373
3197,1,temporal_pattern_anomaly,analyze time-series behavior + review LSTM/Transformer features,0.4788204771616381,77.81408016363953,0.9951617
3198,0,subtle_anomaly,monitor closely + collect more contextual data,0.4580909370436556,64.52683088953513,3.3278364e-05
3199,0,subtle_anomaly,monitor closely + collect more contextual data,0.4500995167708302,65.31162510343545,0.0003346459
3200,1,collective_anomaly,investigate multivariate patterns + check correlated KPIs,0.5434824129240237,115.37140706686584,0.9977344
3201,0,subtle_anomaly,monitor closely + collect more contextual data,0.3999660655522437,48.78518623006031,1.9700958e-05
3202,0,subtle_anomaly,monitor closely + collect more contextual data,0.4097589255780268,46.849098413431854,0.0015171712
3203,0,subtle_anomaly,monitor closely + collect more contextual data,0.4503020591698993,58.72270512247927,0.0003521736
3204,0,subtle_anomaly,monitor closely + collect more contextual data,0.425462364512682,53.49977910155809,4.5712044e-05
3205,1,temporal_pattern_anomaly,analyze time-series behavior + review LSTM/Transformer features,0.4350158515079412,60.285298761248335,0.9999057
3206,0,subtle_anomaly,monitor closely + collect more contextual data,0.4035950579158082,48.93136789818385,7.654054e-05
3207,1,temporal_pattern_anomaly,analyze time-series behavior + review LSTM/Transformer features,0.4328366617339798,55.38278963497228,0.6291444
3208,0,subtle_anomaly,monitor closely + collect more contextual data,0.4064701206619689,52.95128207813205,0.0009134859
3209,0,subtle_anomaly,monitor closely + collect more contextual data,0.3885008121491092,45.2569945839964,1.7536291e-05
3210,0,subtle_anomaly,monitor closely + collect more contextual data,0.4094600637063779,48.3786744992158,0.00011523823
3211,0,subtle_anomaly,monitor closely + collect more contextual data,0.4508291546851561,68.08178506984623,2.9878098e-05
3212,1,collective_anomaly,investigate multivariate patterns + check correlated KPIs,0.5114081828748076,87.91207480712978,0.9999089
3213,1,temporal_pattern_anomaly,analyze time-series behavior + review LSTM/Transformer features,0.4047121531217183,52.70069899450444,0.9993975
3214,1,temporal_pattern_anomaly,analyze time-series behavior + review LSTM/Transformer features,0.4129793669265136,57.64846931677369,0.9998029
3215,0,subtle_anomaly,monitor closely + collect more contextual data,0.397202745094352,48.73228213030293,0.00012484238
3216,0,subtle_anomaly,monitor closely + collect more contextual data,0.4208039134524217,54.906316740534535,0.00033219453
3217,0,subtle_anomaly,monitor closely + collect more contextual data,0.4627019535510688,67.29528409308178,8.281796e-05
3218,1,temporal_pattern_anomaly,analyze time-series behavior + review LSTM/Transformer features,0.4557472408085268,63.37767692191,0.9997613
3219,0,subtle_anomaly,monitor closely + collect more contextual data,0.4092280696596566,53.15196531192526,0.00016598971
3220,0,isolation_outlier,inspect individual extreme values + check for sensor drift,0.4877043946302359,73.91246533376294,6.0329294e-05
3221,0,subtle_anomaly,monitor closely + collect more contextual data,0.4193195839292525,54.80974630462765,0.020509873
3222,1,temporal_pattern_anomaly,analyze time-series behavior + review LSTM/Transformer features,0.4460212259319947,63.041983201306415,0.99994135
3223,0,subtle_anomaly,monitor closely + collect more contextual data,0.4288151812124945,60.57677999705368,0.0001674861
3224,1,temporal_pattern_anomaly,analyze time-series behavior + review LSTM/Transformer features,0.4000277729242181,55.29703044399423,0.99989164
3225,0,isolation_outlier,inspect individual extreme values + check for sensor drift,0.4983164554280856,74.85357557702048,0.01578588
3226,0,subtle_anomaly,monitor closely + collect more contextual data,0.4291372123353312,52.653223197357306,0.0008405232
3227,0,isolation_outlier,inspect individual extreme values + check for sensor drift,0.4949487707121973,71.91314576677942,0.00018371729
3228,0,subtle_anomaly,monitor closely + collect more contextual data,0.4226069133866174,48.12067550038434,0.0003308292
3229,1,temporal_pattern_anomaly,analyze time-series behavior + review LSTM/Transformer features,0.5068742539858883,78.95107127972462,0.99997056
3230,0,subtle_anomaly,monitor closely + collect more contextual data,0.4103214445025872,47.84530351155424,0.04667747
3231,1,collective_anomaly,investigate multivariate patterns + check correlated KPIs,0.5068953840971009,97.00726487846536,0.9999238
3232,1,temporal_pattern_anomaly,analyze time-series behavior + review LSTM/Transformer features,0.3803753104894977,47.17711909618667,0.9737544
3233,0,subtle_anomaly,monitor closely + collect more contextual data,0.4167954101838191,54.53706185992642,0.00017845549
3234,0,subtle_anomaly,monitor closely + collect more contextual data,0.4079144380354157,48.59754152776974,0.00019684785
3235,0,subtle_anomaly,monitor closely + collect more contextual data,0.4121728909593322,58.66736258335817,0.00024782855
3236,1,temporal_pattern_anomaly,analyze time-series behavior + review LSTM/Transformer features,0.4150002320777931,56.70665653455542,0.9998976
3237,1,temporal_pattern_anomaly,analyze time-series behavior + review LSTM/Transformer features,0.4251969157788494,53.99739730935404,0.9998621
3238,1,temporal_pattern_anomaly,analyze time-series behavior + review LSTM/Transformer features,0.4745778302865652,66.16536317899238,0.99978334
3239,1,temporal_pattern_anomaly,analyze time-series behavior + review LSTM/Transformer features,0.4784370492498057,72.64149757996549,0.99916506
3240,0,subtle_anomaly,monitor closely + collect more contextual data,0.39197515807148,46.96579608938956,0.0006272757
3241,1,temporal_pattern_anomaly,analyze time-series behavior + review LSTM/Transformer features,0.3937285686056248,49.78154951590224,0.99927145
3242,0,subtle_anomaly,monitor closely + collect more contextual data,0.446917984627771,60.85037333002556,0.00040648534
3243,0,subtle_anomaly,monitor closely + collect more contextual data,0.375654607478801,40.92613102356922,0.00011891343
3244,0,subtle_anomaly,monitor closely + collect more contextual data,0.4097841735655421,47.01993958197562,0.0012170399
3245,0,subtle_anomaly,monitor closely + collect more contextual data,0.4563235111368932,61.7829053308701,5.759302e-05
3246,0,subtle_anomaly,monitor closely + collect more contextual data,0.4430152327153879,57.9353816319451,0.00010136406
3247,1,temporal_pattern_anomaly,analyze time-series behavior + review LSTM/Transformer features,0.4359934184982807,64.05848530231268,0.9999467
3248,1,temporal_pattern_anomaly,analyze time-series behavior + review LSTM/Transformer features,0.4084662027099465,55.719660665189615,0.9999155
3249,0,subtle_anomaly,monitor closely + collect more contextual data,0.4140987790629991,49.70327715224243,0.00075871486
3250,1,temporal_pattern_anomaly,analyze time-series behavior + review LSTM/Transformer features,0.4007692416490153,52.387849577967614,0.9998386
3251,1,collective_anomaly,investigate multivariate patterns + check correlated KPIs,0.509319369582468,91.0854365947963,0.9997867
3252,0,subtle_anomaly,monitor closely + collect more contextual data,0.3852560588174223,48.89796888759088,0.00035471033
3253,1,temporal_pattern_anomaly,analyze time-series behavior + review LSTM/Transformer features,0.4265325069656219,51.46787930157456,0.999966
3254,1,temporal_pattern_anomaly,analyze time-series behavior + review LSTM/Transformer features,0.4587230322944046,62.76543708359235,0.9998474
3255,1,collective_anomaly,investigate multivariate patterns + check correlated KPIs,0.528399758974088,95.24935572509044,0.9999181
3256,0,subtle_anomaly,monitor closely + collect more contextual data,0.4586304158368661,64.20034007277522,7.82747e-05
3257,0,subtle_anomaly,monitor closely + collect more contextual data,0.4608615163883078,60.7993237648294,5.4617707e-05
3258,0,subtle_anomaly,monitor closely + collect more contextual data,0.4578002808433938,64.90516715368086,0.00030526306
3259,0,subtle_anomaly,monitor closely + collect more contextual data,0.3878691911006937,51.01131843421284,0.00014892891
3260,1,temporal_pattern_anomaly,analyze time-series behavior + review LSTM/Transformer features,0.3969293900972401,49.56557695348921,0.9999299
3261,1,temporal_pattern_anomaly,analyze time-series behavior + review LSTM/Transformer features,0.4624973505543027,64.80204858155778,0.99670404
3262,0,subtle_anomaly,monitor closely + collect more contextual data,0.42980999495748,58.93315496007249,0.00034354784
3263,0,subtle_anomaly,monitor closely + collect more contextual data,0.4128796896293011,55.06239391534371,5.7922665e-05
3264,0,subtle_anomaly,monitor closely + collect more contextual data,0.409401705331496,56.90434879701874,0.000250376
3265,0,subtle_anomaly,monitor closely + collect more contextual data,0.42609019443991,52.2008505870602,0.0012819775
3266,0,subtle_anomaly,monitor closely + collect more contextual data,0.4462827037460738,56.453419521757546,0.0014869658
3267,0,subtle_anomaly,monitor closely + collect more contextual data,0.412127846720472,49.96336705288343,7.02798e-05
3268,1,temporal_pattern_anomaly,analyze time-series behavior + review LSTM/Transformer features,0.4279371849752437,60.60131510224423,0.9999819
3269,0,subtle_anomaly,monitor closely + collect more contextual data,0.3944792852649428,42.688488225773135,0.00025079196
3270,0,subtle_anomaly,monitor closely + collect more contextual data,0.3963477370452041,46.090706985396125,0.0007174306
3271,0,subtle_anomaly,monitor closely + collect more contextual data,0.4055336066170759,48.71268279497502,0.0006168966
3272,0,subtle_anomaly,monitor closely + collect more contextual data,0.3926490690869344,48.57804539213414,3.8151356e-05
3273,1,temporal_pattern_anomaly,analyze time-series behavior + review LSTM/Transformer features,0.4398123449154231,56.90724864803255,0.99994564
3274,1,temporal_pattern_anomaly,analyze time-series behavior + review LSTM/Transformer features,0.4152735245843653,57.96266362419887,0.9999391
3275,1,temporal_pattern_anomaly,analyze time-series behavior + review LSTM/Transformer features,0.4590979993600174,64.74219131586068,0.9998324
3276,0,isolation_outlier,inspect individual extreme values + check for sensor drift,0.5116192107373948,76.77054363882112,0.000113162816
3277,1,temporal_pattern_anomaly,analyze time-series behavior + review LSTM/Transformer features,0.4344709141047879,56.51273703554251,0.9988417
3278,1,temporal_pattern_anomaly,analyze time-series behavior + review LSTM/Transformer features,0.4480614897951377,58.22724658380183,0.9999676
3279,1,collective_anomaly,investigate multivariate patterns + check correlated KPIs,0.5585838051389446,116.84200045400256,0.99905103
3280,0,subtle_anomaly,monitor closely + collect more contextual data,0.4430020121348988,57.87118762563558,0.0015773351
3281,1,temporal_pattern_anomaly,analyze time-series behavior + review LSTM/Transformer features,0.417767844929428,53.60616235604343,0.9997948
3282,1,temporal_pattern_anomaly,analyze time-series behavior + review LSTM/Transformer features,0.3862314737196601,45.13458623902154,0.9998161
3283,0,subtle_anomaly,monitor closely + collect more contextual data,0.3847894420352645,44.22649722612873,0.00061922136
3284,0,subtle_anomaly,monitor closely + collect more contextual data,0.4087006040075532,55.4294748518052,3.158141e-05
3285,0,subtle_anomaly,monitor closely + collect more contextual data,0.389218733589556,47.39165240377799,0.006694103
3286,1,temporal_pattern_anomaly,analyze time-series behavior + review LSTM/Transformer features,0.4483535810878604,66.4410757583129,0.999951
3287,0,isolation_outlier,inspect individual extreme values + check for sensor drift,0.4924985019967949,73.98660440210834,0.000113228656
3288,0,collective_anomaly,investigate multivariate patterns + check correlated KPIs,0.5445725071505807,90.70605230289075,5.070343e-05
3289,0,subtle_anomaly,monitor closely + collect more contextual data,0.3843268373257127,45.51560722836182,0.00305955
3290,0,subtle_anomaly,monitor closely + collect more contextual data,0.4059138574722885,49.58211092217176,7.533135e-05
3291,0,subtle_anomaly,monitor closely + collect more contextual data,0.4277097632078342,52.45182466926215,0.00083203183
3292,1,collective_anomaly,investigate multivariate patterns + check correlated KPIs,0.5607987845954386,104.66666155221569,0.9984761
3293,0,temporal_pattern_anomaly,analyze time-series behavior + review LSTM/Transformer features,0.4962407454439966,75.97708223656916,0.9731987
3294,0,subtle_anomaly,monitor closely + collect more contextual data,0.3815196877986764,43.60993590704944,0.0005017768
3295,1,temporal_pattern_anomaly,analyze time-series behavior + review LSTM/Transformer features,0.3937352207648139,51.77548745586519,0.9998623
3296,1,temporal_pattern_anomaly,analyze time-series behavior + review LSTM/Transformer features,0.4532230124875283,62.85025131961663,0.9999194
3297,0,isolation_outlier,inspect individual extreme values + check for sensor drift,0.5147394886398676,79.05225355566243,6.421156e-05
3298,0,subtle_anomaly,monitor closely + collect more contextual data,0.4406393191947358,56.47605993822594,0.001022886
3299,1,temporal_pattern_anomaly,analyze time-series behavior + review LSTM/Transformer features,0.4488419695503243,69.13083886391284,0.99984026
3300,0,subtle_anomaly,monitor closely + collect more contextual data,0.4061795788872487,52.20463232923221,0.00025322588
3301,1,temporal_pattern_anomaly,analyze time-series behavior + review LSTM/Transformer features,0.3921209307972504,49.44962154474819,0.999956
3302,0,subtle_anomaly,monitor closely + collect more contextual data,0.4199217846927595,59.33383673317238,0.0004672717
3303,1,temporal_pattern_anomaly,analyze time-series behavior + review LSTM/Transformer features,0.4495817973308404,60.60325483887415,0.9994116
3304,1,collective_anomaly,investigate multivariate patterns + check correlated KPIs,0.5257167662193801,101.9108066977192,0.99995625
3305,1,temporal_pattern_anomaly,analyze time-series behavior + review LSTM/Transformer features,0.4297927244676997,55.2068084555863,0.99980825
3306,1,collective_anomaly,investigate multivariate patterns + check correlated KPIs,0.487380250835236,82.43067677686467,0.13811307
3307,0,subtle_anomaly,monitor closely + collect more contextual data,0.4273412821528533,52.12512915788841,0.38718307
3308,0,subtle_anomaly,monitor closely + collect more contextual data,0.3923756220543245,42.2970658831778,3.2473075e-05
3309,1,temporal_pattern_anomaly,analyze time-series behavior + review LSTM/Transformer features,0.4585077798968088,60.51680490563368,0.99992645
3310,1,temporal_pattern_anomaly,analyze time-series behavior + review LSTM/Transformer features,0.4134601361921773,49.71040818875855,0.99983466
3311,0,isolation_outlier,inspect individual extreme values + check for sensor drift,0.5149505459388538,73.84822500939349,0.00041923087
3312,1,temporal_pattern_anomaly,analyze time-series behavior + review LSTM/Transformer features,0.4674668058601735,74.50911597871679,0.9978846
3313,0,subtle_anomaly,monitor closely + collect more contextual data,0.390332783453637,42.49005303832678,0.0021076119
3314,1,temporal_pattern_anomaly,analyze time-series behavior + review LSTM/Transformer features,0.4715549732319365,72.4030542842938,0.99985564
3315,1,temporal_pattern_anomaly,analyze time-series behavior + review LSTM/Transformer features,0.3946820801085497,47.06100249826964,0.9994461
3316,0,subtle_anomaly,monitor closely + collect more contextual data,0.4128140857053722,57.117478242363376,0.00026149032
3317,1,temporal_pattern_anomaly,analyze time-series behavior + review LSTM/Transformer features,0.4622478323735171,65.0835828851331,0.9997576
3318,0,subtle_anomaly,monitor closely + collect more contextual data,0.4440771078851203,60.01154252759148,5.5827346e-05
3319,1,temporal_pattern_anomaly,analyze time-series behavior + review LSTM/Transformer features,0.4232260709434698,54.13031518910186,0.9967354
3320,1,collective_anomaly,investigate multivariate patterns + check correlated KPIs,0.4842213569016045,84.9709728859253,0.99978346
3321,1,temporal_pattern_anomaly,analyze time-series behavior + review LSTM/Transformer features,0.4224666943795029,56.02617462483325,0.99987316
3322,0,subtle_anomaly,monitor closely + collect more contextual data,0.3961845492975825,49.69230674022024,9.169322e-05
3323,1,collective_anomaly,investigate multivariate patterns + check correlated KPIs,0.5186742611102431,98.72375045897137,0.9999074
3324,1,temporal_pattern_anomaly,analyze time-series behavior + review LSTM/Transformer features,0.4476111109271835,56.70357742390836,0.9999509
3325,1,temporal_pattern_anomaly,analyze time-series behavior + review LSTM/Transformer features,0.4314577380635763,54.31869497427145,0.9999584
3326,0,subtle_anomaly,monitor closely + collect more contextual data,0.4578746860419156,66.0921036018165,0.0011759553
3327,0,isolation_outlier,inspect individual extreme values + check for sensor drift,0.4971659029104804,75.26426431105241,6.687698e-05
3328,1,collective_anomaly,investigate multivariate patterns + check correlated KPIs,0.5140697321201763,83.66458174692586,0.9999162
3329,0,subtle_anomaly,monitor closely + collect more contextual data,0.3965390680702487,48.260299130838895,0.00021865444
3330,1,temporal_pattern_anomaly,analyze time-series behavior + review LSTM/Transformer features,0.4545385351576338,66.33405628266819,0.998362
3331,1,temporal_pattern_anomaly,analyze time-series behavior + review LSTM/Transformer features,0.4004755122265463,50.828880010418025,0.9997321
3332,1,temporal_pattern_anomaly,analyze time-series behavior + review LSTM/Transformer features,0.3887120161516237,48.62245208550834,0.9999362
3333,0,collective_anomaly,investigate multivariate patterns + check correlated KPIs,0.5662831441712506,108.41999218529654,0.0012751276
3334,0,subtle_anomaly,monitor closely + collect more contextual data,0.4514262644811266,62.4813891289573,0.0012336576
3335,1,temporal_pattern_anomaly,analyze time-series behavior + review LSTM/Transformer features,0.486270362009639,79.13587785728726,0.9999199
3336,1,collective_anomaly,investigate multivariate patterns + check correlated KPIs,0.5424413895812678,98.34182686762423,0.9998913
3337,1,collective_anomaly,investigate multivariate patterns + check correlated KPIs,0.5367040449573386,106.53429102918057,0.9997913
3338,1,temporal_pattern_anomaly,analyze time-series behavior + review LSTM/Transformer features,0.4848081011383082,69.30018720386745,0.9999007
3339,0,subtle_anomaly,monitor closely + collect more contextual data,0.428598319800334,49.69141309828488,0.0030005446
3340,1,temporal_pattern_anomaly,analyze time-series behavior + review LSTM/Transformer features,0.3741113355892491,42.30658904626187,0.9999175
3341,1,temporal_pattern_anomaly,analyze time-series behavior + review LSTM/Transformer features,0.4032609786849442,51.895597082284056,0.99980336
3342,0,subtle_anomaly,monitor closely + collect more contextual data,0.4297266605878934,54.12401104088823,6.0807015e-05
3343,1,temporal_pattern_anomaly,analyze time-series behavior + review LSTM/Transformer features,0.3976097113029834,51.752084890466776,0.9993813
3344,1,collective_anomaly,investigate multivariate patterns + check correlated KPIs,0.5342747882499592,99.65045907954762,0.9999243
3345,0,subtle_anomaly,monitor closely + collect more contextual data,0.4312831876769308,51.69780745860658,4.757913e-05
3346,1,temporal_pattern_anomaly,analyze time-series behavior + review LSTM/Transformer features,0.3827343548702587,46.26218506918691,0.9889847
3347,0,subtle_anomaly,monitor closely + collect more contextual data,0.4327556722195812,62.1179106935666,0.00034732677
3348,0,subtle_anomaly,monitor closely + collect more contextual data,0.4678730418662516,65.84349552964652,4.277002e-05
3349,1,temporal_pattern_anomaly,analyze time-series behavior + review LSTM/Transformer features,0.4393663810321608,63.09053716729981,0.9998783
3350,1,temporal_pattern_anomaly,analyze time-series behavior + review LSTM/Transformer features,0.3906420121691399,49.9571081404657,0.9999734
3351,1,temporal_pattern_anomaly,analyze time-series behavior + review LSTM/Transformer features,0.4343547847929581,63.03885048621892,0.91689587
3352,1,temporal_pattern_anomaly,analyze time-series behavior + review LSTM/Transformer features,0.4171986982195262,49.55258006247634,0.99931335
3353,1,temporal_pattern_anomaly,analyze time-series behavior + review LSTM/Transformer features,0.4428555360896687,60.51382613262621,0.99994946
3354,1,temporal_pattern_anomaly,analyze time-series behavior + review LSTM/Transformer features,0.4093345307994426,52.19331802990201,0.9999701
3355,0,subtle_anomaly,monitor closely + collect more contextual data,0.4457325368654932,63.52478384387823,0.010208934
3356,1,temporal_pattern_anomaly,analyze time-series behavior + review LSTM/Transformer features,0.4557004999903815,59.74691212011019,0.99759847
3357,0,subtle_anomaly,monitor closely + collect more contextual data,0.3715348319611407,42.84670085085551,0.0023283805
3358,0,subtle_anomaly,monitor closely + collect more contextual data,0.4174485674018252,54.0111944451673,8.786639e-05
3359,0,subtle_anomaly,monitor closely + collect more contextual data,0.3842335121205539,45.32385711030584,0.0002642711
3360,0,isolation_outlier,inspect individual extreme values + check for sensor drift,0.4946297320992232,73.50426799263765,0.006954845
3361,1,collective_anomaly,investigate multivariate patterns + check correlated KPIs,0.540229797907353,105.8859578586482,0.9998702
3362,1,temporal_pattern_anomaly,analyze time-series behavior + review LSTM/Transformer features,0.491308150913598,76.17206534230081,0.9999068
3363,0,subtle_anomaly,monitor closely + collect more contextual data,0.4297575481211834,60.93175949018337,6.220542e-05
3364,1,temporal_pattern_anomaly,analyze time-series behavior + review LSTM/Transformer features,0.4387619726566356,67.8836075141511,0.99754035
3365,0,subtle_anomaly,monitor closely + collect more contextual data,0.4507791908559175,60.910866379880055,0.17268774
3366,0,subtle_anomaly,monitor closely + collect more contextual data,0.3968193814579562,49.544165228514224,0.0008258097
3367,0,subtle_anomaly,monitor closely + collect more contextual data,0.4414744534058552,62.00996972736976,0.00069745723
3368,0,subtle_anomaly,monitor closely + collect more contextual data,0.4737633915582073,63.03035575624694,0.00045186272
3369,1,temporal_pattern_anomaly,analyze time-series behavior + review LSTM/Transformer features,0.3997693869663639,53.694237328577614,0.9995695
3370,0,subtle_anomaly,monitor closely + collect more contextual data,0.4409746695733053,65.02858122166347,4.9463288e-05
3371,0,subtle_anomaly,monitor closely + collect more contextual data,0.4204695593226942,53.74079599319587,0.0006226152
3372,1,temporal_pattern_anomaly,analyze time-series behavior + review LSTM/Transformer features,0.4271676949494583,55.98378265745379,0.99975115
3373,1,collective_anomaly,investigate multivariate patterns + check correlated KPIs,0.506732940258571,100.5006481841354,0.9999598
3374,0,subtle_anomaly,monitor closely + collect more contextual data,0.452570245433199,54.32987945868905,0.0018466646
3375,0,subtle_anomaly,monitor closely + collect more contextual data,0.442104996402918,54.74768172735992,0.0023060685
3376,0,subtle_anomaly,monitor closely + collect more contextual data,0.4653469264962745,63.20790613245159,0.00036459282
3377,0,subtle_anomaly,monitor closely + collect more contextual data,0.3801265645325217,44.07372781479603,0.00014068777
3378,0,subtle_anomaly,monitor closely + collect more contextual data,0.4068127159031725,50.38566199878145,0.0007002852
3379,0,subtle_anomaly,monitor closely + collect more contextual data,0.4222210199803377,58.14295716218052,0.0037052052
3380,1,temporal_pattern_anomaly,analyze time-series behavior + review LSTM/Transformer features,0.4191870983133849,53.802005930164256,0.9999089
3381,0,subtle_anomaly,monitor closely + collect more contextual data,0.4402612709998482,56.34920134868967,0.00050445134
3382,0,subtle_anomaly,monitor closely + collect more contextual data,0.4301497933588743,65.74372211921528,0.0008515859
3383,0,temporal_pattern_anomaly,analyze time-series behavior + review LSTM/Transformer features,0.4766784357426064,79.78737428036158,0.069250934
3384,1,temporal_pattern_anomaly,analyze time-series behavior + review LSTM/Transformer features,0.3841189110744581,55.79858613346996,0.999925
3385,0,subtle_anomaly,monitor closely + collect more contextual data,0.4144484515240122,48.78466389962397,5.053414e-05
3386,1,temporal_pattern_anomaly,analyze time-series behavior + review LSTM/Transformer features,0.4674104523282469,71.02504706625015,0.99978906
3387,0,subtle_anomaly,monitor closely + collect more contextual data,0.4170834902950856,53.69492268913272,5.8063855e-05
3388,0,collective_anomaly,investigate multivariate patterns + check correlated KPIs,0.5691124228278238,111.94986847124862,0.00023458943
3389,1,collective_anomaly,investigate multivariate patterns + check correlated KPIs,0.5116634926644574,98.76754676868782,0.99950457
3390,0,subtle_anomaly,monitor closely + collect more contextual data,0.4086425683037217,50.32307113129516,8.8385474e-05
3391,0,subtle_anomaly,monitor closely + collect more contextual data,0.4296366794475685,55.15591137248519,0.001668304
3392,1,temporal_pattern_anomaly,analyze time-series behavior + review LSTM/Transformer features,0.4253159582592882,56.41066679024366,0.9976363
3393,0,isolation_outlier,inspect individual extreme values + check for sensor drift,0.4983216471008426,75.13433176971952,5.194439e-05
3394,0,subtle_anomaly,monitor closely + collect more contextual data,0.3887331909273871,46.42360568944498,0.00019403768
3395,0,subtle_anomaly,monitor closely + collect more contextual data,0.3754342641192756,43.21993777098135,0.00013847099
3396,1,temporal_pattern_anomaly,analyze time-series behavior + review LSTM/Transformer features,0.459525588106726,67.47212937787813,0.9999356
3397,1,temporal_pattern_anomaly,analyze time-series behavior + review LSTM/Transformer features,0.4771223582198348,76.6606723000877,0.99995124
3398,0,subtle_anomaly,monitor closely + collect more contextual data,0.4038984208427,48.53592714126143,6.965828e-05
3399,0,isolation_outlier,inspect individual extreme values + check for sensor drift,0.5020909808005313,78.34978269171326,0.00037367057
3400,1,temporal_pattern_anomaly,analyze time-series behavior + review LSTM/Transformer features,0.4041965306830247,54.90406412909937,0.9999076
3401,1,temporal_pattern_anomaly,analyze time-series behavior + review LSTM/Transformer features,0.4252438223371935,56.35579805444652,0.9999175
3402,0,subtle_anomaly,monitor closely + collect more contextual data,0.4217282082156562,55.67865228677607,0.0011904157
3403,0,subtle_anomaly,monitor closely + collect more contextual data,0.4140047469619095,55.8637808367889,0.00012608228
3404,0,subtle_anomaly,monitor closely + collect more contextual data,0.4207785833442701,53.29413592369555,0.0031002525
3405,0,subtle_anomaly,monitor closely + collect more contextual data,0.4464462146937285,61.39606764771758,0.0015536353
3406,0,subtle_anomaly,monitor closely + collect more contextual data,0.3996733092693214,55.20858204959435,1.817131e-05
3407,0,subtle_anomaly,monitor closely + collect more contextual data,0.4307968593821123,56.96397253116069,0.00018848719
3408,1,temporal_pattern_anomaly,analyze time-series behavior + review LSTM/Transformer features,0.4880060506182713,72.36099548412366,0.99993646
3409,1,collective_anomaly,investigate multivariate patterns + check correlated KPIs,0.5586327993233682,100.28778764429944,0.9997336
3410,0,subtle_anomaly,monitor closely + collect more contextual data,0.4296221044763234,50.78270201481977,0.00086048647
3411,1,temporal_pattern_anomaly,analyze time-series behavior + review LSTM/Transformer features,0.4213152045328675,60.0058501114305,0.9999851
3412,0,subtle_anomaly,monitor closely + collect more contextual data,0.3935650194803239,48.87062407297432,0.00010209676
3413,1,temporal_pattern_anomaly,analyze time-series behavior + review LSTM/Transformer features,0.391909267604434,45.88134903030706,0.99925643
3414,0,subtle_anomaly,monitor closely + collect more contextual data,0.4153610670710002,51.64716959381244,0.041010372
3415,1,temporal_pattern_anomaly,analyze time-series behavior + review LSTM/Transformer features,0.4287162948093202,65.81026478628455,0.9996643
3416,1,temporal_pattern_anomaly,analyze time-series behavior + review LSTM/Transformer features,0.4676257182184988,64.25645038900775,0.9654726
3417,0,isolation_outlier,inspect individual extreme values + check for sensor drift,0.483372728255656,66.92842717504281,9.4910014e-05
3418,0,subtle_anomaly,monitor closely + collect more contextual data,0.43123339434322,57.41930853902383,3.858972e-05
3419,1,temporal_pattern_anomaly,analyze time-series behavior + review LSTM/Transformer features,0.463214483871241,69.55209966855668,0.9999597
3420,1,temporal_pattern_anomaly,analyze time-series behavior + review LSTM/Transformer features,0.4219368694849079,53.55826876196421,0.9998301
3421,0,subtle_anomaly,monitor closely + collect more contextual data,0.4068809546875276,50.80541093089276,0.00012627563
3422,1,temporal_pattern_anomaly,analyze time-series behavior + review LSTM/Transformer features,0.4195690805570319,51.73324488580596,0.9998716
3423,0,collective_anomaly,investigate multivariate patterns + check correlated KPIs,0.5148375637418846,83.17033172014906,0.16668317
3424,1,temporal_pattern_anomaly,analyze time-series behavior + review LSTM/Transformer features,0.4108852280865482,57.22118506938209,0.99975306
3425,0,subtle_anomaly,monitor closely + collect more contextual data,0.4584839265483638,59.0359810406962,0.000117427946
3426,1,subtle_anomaly,monitor closely + collect more contextual data,0.4478283629352448,56.361458365723294,0.27591473
3427,1,temporal_pattern_anomaly,analyze time-series behavior + review LSTM/Transformer features,0.4557164662598895,70.69669643577643,0.99993134
3428,0,subtle_anomaly,monitor closely + collect more contextual data,0.4134877984168048,53.55295407059457,0.0005447662
3429,1,temporal_pattern_anomaly,analyze time-series behavior + review LSTM/Transformer features,0.4276313895440052,60.65096736666271,0.9999373
3430,0,subtle_anomaly,monitor closely + collect more contextual data,0.4454075306889593,58.73093162314096,0.00030912188
3431,0,subtle_anomaly,monitor closely + collect more contextual data,0.4576802325667726,64.60700185812887,0.00035815485
3432,1,temporal_pattern_anomaly,analyze time-series behavior + review LSTM/Transformer features,0.4322628597935479,58.06643250519832,0.99994755
3433,1,collective_anomaly,investigate multivariate patterns + check correlated KPIs,0.4792021048622944,86.72236556273194,0.9998252
3434,0,collective_anomaly,investigate multivariate patterns + check correlated KPIs,0.5306319323412587,92.60927356643528,0.00035283848
3435,0,subtle_anomaly,monitor closely + collect more contextual data,0.3964346266985602,49.15665487240035,0.0001072901
3436,1,temporal_pattern_anomaly,analyze time-series behavior + review LSTM/Transformer features,0.4577846376947702,68.81609201009775,0.9997464
3437,0,subtle_anomaly,monitor closely + collect more contextual data,0.4339856047705308,58.647012307479,0.00027657053
3438,0,subtle_anomaly,monitor closely + collect more contextual data,0.4444423531293342,68.80908846216329,0.00022959469
3439,1,collective_anomaly,investigate multivariate patterns + check correlated KPIs,0.5168558941376818,95.82953039551656,0.9995345
3440,0,subtle_anomaly,monitor closely + collect more contextual data,0.3855886016993654,42.56713183598973,0.00025136935
3441,0,subtle_anomaly,monitor closely + collect more contextual data,0.4587735728384157,66.56064664057546,0.00041058328
3442,1,temporal_pattern_anomaly,analyze time-series behavior + review LSTM/Transformer features,0.4445249088741163,60.09315201336886,0.99931324
3443,0,subtle_anomaly,monitor closely + collect more contextual data,0.4340437855669039,57.57931370739509,0.00019955858
3444,0,subtle_anomaly,monitor closely + collect more contextual data,0.4132642190104694,52.83872758367702,0.0003654792
3445,1,subtle_anomaly,monitor closely + collect more contextual data,0.4557918546743496,61.88907141510518,0.84662646
3446,0,isolation_outlier,inspect individual extreme values + check for sensor drift,0.4847119555247671,70.81858060011497,0.00027182605
3447,0,subtle_anomaly,monitor closely + collect more contextual data,0.4330517616717951,57.59368817027796,0.0016366007
3448,0,subtle_anomaly,monitor closely + collect more contextual data,0.4203367119320146,53.83229065615703,0.0018260872
3449,0,subtle_anomaly,monitor closely + collect more contextual data,0.4464856424593263,65.74525860337225,0.0002603579
3450,1,temporal_pattern_anomaly,analyze time-series behavior + review LSTM/Transformer features,0.4118399536436861,53.47784235820628,0.9932767
3451,1,temporal_pattern_anomaly,analyze time-series behavior + review LSTM/Transformer features,0.4185358239908466,50.93870714028632,0.99987984
3452,1,temporal_pattern_anomaly,analyze time-series behavior + review LSTM/Transformer features,0.4441681298790589,56.61763956820732,0.9999726
3453,1,temporal_pattern_anomaly,analyze time-series behavior + review LSTM/Transformer features,0.3855254457640424,48.32038176963087,0.99971324
3454,1,temporal_pattern_anomaly,analyze time-series behavior + review LSTM/Transformer features,0.4878744280843701,75.08297554735894,0.9999409
3455,1,temporal_pattern_anomaly,analyze time-series behavior + review LSTM/Transformer features,0.4106052727232903,49.5806915825253,0.9983285
3456,1,temporal_pattern_anomaly,analyze time-series behavior + review LSTM/Transformer features,0.4076173702670941,53.61698348626988,0.99985874
3457,1,collective_anomaly,investigate multivariate patterns + check correlated KPIs,0.5177466029106376,88.6630355200129,0.99992156
3458,0,subtle_anomaly,monitor closely + collect more contextual data,0.4217095342556873,49.17945063119373,0.0002690371
3459,0,subtle_anomaly,monitor closely + collect more contextual data,0.3930715469421446,45.34416160814998,4.727912e-05
3460,0,subtle_anomaly,monitor closely + collect more contextual data,0.4355300903131642,56.475757548401866,0.09364308
3461,1,collective_anomaly,investigate multivariate patterns + check correlated KPIs,0.5165810065360018,89.6936198275783,0.99967766
3462,1,collective_anomaly,investigate multivariate patterns + check correlated KPIs,0.4861878370574218,84.36172853815437,0.9997714
3463,1,temporal_pattern_anomaly,analyze time-series behavior + review LSTM/Transformer features,0.4780428033870006,73.30460579704436,0.99969447
3464,1,temporal_pattern_anomaly,analyze time-series behavior + review LSTM/Transformer features,0.4509873308257603,65.50520791452334,0.9999455
3465,0,subtle_anomaly,monitor closely + collect more contextual data,0.4229580831016301,55.68121854581057,6.228449e-05
3466,0,subtle_anomaly,monitor closely + collect more contextual data,0.4218841536651956,53.8103014867425,0.0009159986
3467,0,subtle_anomaly,monitor closely + collect more contextual data,0.3968077205784198,43.60952724976636,5.2751486e-05
3468,1,temporal_pattern_anomaly,analyze time-series behavior + review LSTM/Transformer features,0.4518209580066386,59.550175962362,0.9999664
3469,0,subtle_anomaly,monitor closely + collect more contextual data,0.4048942636826948,50.77139633170182,2.6093214e-05
3470,0,subtle_anomaly,monitor closely + collect more contextual data,0.3988133500949083,49.9287043834414,4.380324e-05
3471,0,subtle_anomaly,monitor closely + collect more contextual data,0.4108207461387325,51.7757308388678,0.00018517154
3472,1,temporal_pattern_anomaly,analyze time-series behavior + review LSTM/Transformer features,0.4251384092189644,53.80245357957538,0.9992387
3473,1,temporal_pattern_anomaly,analyze time-series behavior + review LSTM/Transformer features,0.4069642642562984,49.09990749445939,0.9999329
3474,0,subtle_anomaly,monitor closely + collect more contextual data,0.4441830260864829,52.65563973670732,0.00020198207
3475,0,subtle_anomaly,monitor closely + collect more contextual data,0.4050277851881749,43.34637080787715,0.0010753558
3476,0,temporal_pattern_anomaly,analyze time-series behavior + review LSTM/Transformer features,0.4657278400158902,72.91883051618775,0.00021117118
3477,1,collective_anomaly,investigate multivariate patterns + check correlated KPIs,0.5303327777910666,91.3610639800506,0.99968135
3478,0,subtle_anomaly,monitor closely + collect more contextual data,0.3925183881043271,47.89848489550795,0.00012428626
3479,1,temporal_pattern_anomaly,analyze time-series behavior + review LSTM/Transformer features,0.4217471631189783,55.18199453861544,0.9993954
3480,0,subtle_anomaly,monitor closely + collect more contextual data,0.4614628660099469,60.9935152604047,0.00023072794
3481,0,subtle_anomaly,monitor closely + collect more contextual data,0.3878384523818758,46.29223082886153,0.00033778825
3482,0,subtle_anomaly,monitor closely + collect more contextual data,0.3933021646024214,53.52348163915498,0.000659576
3483,1,temporal_pattern_anomaly,analyze time-series behavior + review LSTM/Transformer features,0.4289086482783393,56.19578785196975,0.99985194
3484,0,subtle_anomaly,monitor closely + collect more contextual data,0.4298600757839987,55.96486151380233,0.00010789347
3485,0,subtle_anomaly,monitor closely + collect more contextual data,0.414954497590296,52.188703419554734,4.700135e-05
3486,0,subtle_anomaly,monitor closely + collect more contextual data,0.4301262189493528,57.0558836010035,0.91945106
3487,0,subtle_anomaly,monitor closely + collect more contextual data,0.4639060571241588,67.32983721285495,0.00021832301
3488,0,subtle_anomaly,monitor closely + collect more contextual data,0.4173334216679522,55.7701141509794,0.01813646
3489,0,isolation_outlier,inspect individual extreme values + check for sensor drift,0.4856890413453465,73.76050813240705,8.033844e-05
3490,0,subtle_anomaly,monitor closely + collect more contextual data,0.4265968482003283,49.0206673353168,0.00014840312
3491,1,temporal_pattern_anomaly,analyze time-series behavior + review LSTM/Transformer features,0.4828933320182581,64.04006344400923,0.99992347
3492,0,subtle_anomaly,monitor closely + collect more contextual data,0.4189453481783678,54.23140596241847,2.5748534e-05
3493,0,temporal_pattern_anomaly,analyze time-series behavior + review LSTM/Transformer features,0.4704805031507587,70.1650131159414,0.0006493695
3494,0,subtle_anomaly,monitor closely + collect more contextual data,0.4044988056435072,51.97856386028566,3.105263e-05
3495,0,temporal_pattern_anomaly,analyze time-series behavior + review LSTM/Transformer features,0.4782829238526255,74.79538617327778,0.00043009294
3496,0,subtle_anomaly,monitor closely + collect more contextual data,0.4062130142411796,51.69210360597381,0.00021915892
3497,1,temporal_pattern_anomaly,analyze time-series behavior + review LSTM/Transformer features,0.4546441040838213,65.48504493218111,0.9998965
3498,0,subtle_anomaly,monitor closely + collect more contextual data,0.4134732588269075,46.099484638848416,0.0008282326
3499,0,subtle_anomaly,monitor closely + collect more contextual data,0.4104437042574309,51.36787057235034,0.00036227738
3500,0,subtle_anomaly,monitor closely + collect more contextual data,0.445887183808092,62.63000598496184,0.00017225312
3501,1,temporal_pattern_anomaly,analyze time-series behavior + review LSTM/Transformer features,0.4154166631138651,54.30804529339678,0.9990441
3502,1,collective_anomaly,investigate multivariate patterns + check correlated KPIs,0.5409466293440285,109.199198694568,0.99984205
3503,0,subtle_anomaly,monitor closely + collect more contextual data,0.4065746013621579,50.163967375469305,0.0008739392
3504,1,temporal_pattern_anomaly,analyze time-series behavior + review LSTM/Transformer features,0.434148021861247,53.21092045115582,0.99924976
3505,1,temporal_pattern_anomaly,analyze time-series behavior + review LSTM/Transformer features,0.5075585800161367,76.9958310024551,0.9999418
3506,0,subtle_anomaly,monitor closely + collect more contextual data,0.4207375188746589,57.127881197936375,0.00015015449
3507,0,subtle_anomaly,monitor closely + collect more contextual data,0.3854581455606859,43.34266803724102,0.0010275514
3508,1,temporal_pattern_anomaly,analyze time-series behavior + review LSTM/Transformer features,0.4456096723814782,56.77681198429005,0.9997472
3509,0,subtle_anomaly,monitor closely + collect more contextual data,0.3985536178901992,49.870342757417774,0.0002675652
3510,1,temporal_pattern_anomaly,analyze time-series behavior + review LSTM/Transformer features,0.4147663938322404,59.26890575692192,0.9999101
3511,1,temporal_pattern_anomaly,analyze time-series behavior + review LSTM/Transformer features,0.4799323357798455,70.84294092218197,0.9998287
3512,1,temporal_pattern_anomaly,analyze time-series behavior + review LSTM/Transformer features,0.435915349434875,58.49455356332186,0.99992967
3513,1,temporal_pattern_anomaly,analyze time-series behavior + review LSTM/Transformer features,0.4282194731462194,57.16461157607653,0.99987745
3514,1,collective_anomaly,investigate multivariate patterns + check correlated KPIs,0.4987823544724107,82.3877196488489,0.9990957
3515,1,temporal_pattern_anomaly,analyze time-series behavior + review LSTM/Transformer features,0.4238899526937026,61.31174369422174,0.9999676
3516,1,temporal_pattern_anomaly,analyze time-series behavior + review LSTM/Transformer features,0.4062747657627573,53.08991270187087,0.99788755
3517,0,subtle_anomaly,monitor closely + collect more contextual data,0.4274613237799073,54.19482286972943,6.229406e-05
3518,0,subtle_anomaly,monitor closely + collect more contextual data,0.4305363540229355,55.25010340428111,3.1228792e-05
3519,0,subtle_anomaly,monitor closely + collect more contextual data,0.4264024840156448,53.33016274700635,0.026207719
3520,1,temporal_pattern_anomaly,analyze time-series behavior + review LSTM/Transformer features,0.4413588951386785,58.50014546024242,0.99826884
3521,0,subtle_anomaly,monitor closely + collect more contextual data,0.3965134826983232,49.033533030272,9.285735e-05
3522,1,confirmed_anomaly,high-confidence alert - trigger immediate investigation,0.4004909439272733,52.50057694635196,0.9986405
3523,0,subtle_anomaly,monitor closely + collect more contextual data,0.4384446040252981,58.6027393704408,7.763384e-05
3524,1,collective_anomaly,investigate multivariate patterns + check correlated KPIs,0.5164851271331656,94.54861206538166,0.9998932
3525,0,subtle_anomaly,monitor closely + collect more contextual data,0.4321677794417021,52.42936779844101,0.0017853455
3526,0,subtle_anomaly,monitor closely + collect more contextual data,0.4075813786631309,51.80774639524802,0.00043772793
3527,0,subtle_anomaly,monitor closely + collect more contextual data,0.4320460546299282,57.89086019206805,0.0002094335
3528,0,subtle_anomaly,monitor closely + collect more contextual data,0.4025103087527745,48.45498494538886,0.00095488364
3529,0,subtle_anomaly,monitor closely + collect more contextual data,0.4189174495698485,56.39603735034974,0.00025426474
3530,1,temporal_pattern_anomaly,analyze time-series behavior + review LSTM/Transformer features,0.445613406674861,61.84497100775212,0.9997446
3531,1,collective_anomaly,investigate multivariate patterns + check correlated KPIs,0.5461731527405806,115.45731289371354,0.9999286
3532,0,subtle_anomaly,monitor closely + collect more contextual data,0.460773666297628,61.75113180109274,0.0011977137
3533,0,collective_anomaly,investigate multivariate patterns + check correlated KPIs,0.5232664307851337,82.98635808343566,0.000116225274
3534,0,subtle_anomaly,monitor closely + collect more contextual data,0.4651182144750809,62.522819776294895,0.000989518
3535,0,subtle_anomaly,monitor closely + collect more contextual data,0.4142045933743469,51.51650651756806,0.0010003562
3536,0,subtle_anomaly,monitor closely + collect more contextual data,0.391343559939696,44.1844894514931,0.000109440305
3537,1,temporal_pattern_anomaly,analyze time-series behavior + review LSTM/Transformer features,0.4252284513111694,56.64463780230637,0.9999566
3538,1,temporal_pattern_anomaly,analyze time-series behavior + review LSTM/Transformer features,0.4580786435503571,69.7056208068606,0.9999571
3539,0,subtle_anomaly,monitor closely + collect more contextual data,0.4039561470257162,49.38370660246525,7.759336e-05
3540,1,temporal_pattern_anomaly,analyze time-series behavior + review LSTM/Transformer features,0.4409616332717155,62.44607952550087,0.9999248
3541,0,subtle_anomaly,monitor closely + collect more contextual data,0.4583637351041038,67.80613424334844,0.00020606045
3542,0,subtle_anomaly,monitor closely + collect more contextual data,0.4144799141237228,55.7553169722666,0.00045320558
3543,1,temporal_pattern_anomaly,analyze time-series behavior + review LSTM/Transformer features,0.4216593002042417,55.07989476281918,0.980667
3544,1,temporal_pattern_anomaly,analyze time-series behavior + review LSTM/Transformer features,0.4483510934318227,58.546283425713455,0.99965954
3545,1,temporal_pattern_anomaly,analyze time-series behavior + review LSTM/Transformer features,0.4549515853309516,63.15547038156663,0.9999403
3546,0,subtle_anomaly,monitor closely + collect more contextual data,0.4235710869348745,56.63648902809579,0.0007493765
3547,1,collective_anomaly,investigate multivariate patterns + check correlated KPIs,0.507984502056594,92.6064952377044,0.9960699
3548,1,temporal_pattern_anomaly,analyze time-series behavior + review LSTM/Transformer features,0.4635993706198033,67.55474391679275,0.9999379
3549,1,collective_anomaly,investigate multivariate patterns + check correlated KPIs,0.5322686248737836,101.3130534894627,0.99963534
3550,0,temporal_pattern_anomaly,analyze time-series behavior + review LSTM/Transformer features,0.4335353480819989,59.10694968317045,0.017838217
3551,0,subtle_anomaly,monitor closely + collect more contextual data,0.4613573444008884,63.42312993720532,0.00013956273
3552,1,temporal_pattern_anomaly,analyze time-series behavior + review LSTM/Transformer features,0.4407296379025251,65.44202647859062,0.99990106
3553,0,subtle_anomaly,monitor closely + collect more contextual data,0.4055930029259622,48.49254410102204,9.7173586e-05
3554,1,temporal_pattern_anomaly,analyze time-series behavior + review LSTM/Transformer features,0.3989395653161944,53.41613753691372,0.9999579
3555,0,subtle_anomaly,monitor closely + collect more contextual data,0.4246562702109256,55.48737575626662,0.0001335012
3556,1,temporal_pattern_anomaly,analyze time-series behavior + review LSTM/Transformer features,0.3887848623977458,46.3667725133372,0.99994636
3557,0,subtle_anomaly,monitor closely + collect more contextual data,0.411758373137369,52.31139979488632,0.00064636994
3558,0,subtle_anomaly,monitor closely + collect more contextual data,0.4625539903151555,68.30182026062036,0.00018623286
3559,0,subtle_anomaly,monitor closely + collect more contextual data,0.3939185829117007,48.39903993817648,2.4310115e-05
3560,0,subtle_anomaly,monitor closely + collect more contextual data,0.4292436703570451,59.30950139170765,1.9074068e-05
3561,0,subtle_anomaly,monitor closely + collect more contextual data,0.4681487019139261,60.41654699357797,0.0002274635
3562,1,temporal_pattern_anomaly,analyze time-series behavior + review LSTM/Transformer features,0.412980814694285,50.66479488119003,0.9999602
3563,1,temporal_pattern_anomaly,analyze time-series behavior + review LSTM/Transformer features,0.405897724549237,53.83902834410863,0.9996903
3564,1,temporal_pattern_anomaly,analyze time-series behavior + review LSTM/Transformer features,0.4556261611212175,69.89290358871159,0.99989235
3565,0,subtle_anomaly,monitor closely + collect more contextual data,0.437882284801837,51.94554154360405,0.011403949
3566,1,temporal_pattern_anomaly,analyze time-series behavior + review LSTM/Transformer features,0.4548994262291205,68.10506473770235,0.9996786
3567,0,subtle_anomaly,monitor closely + collect more contextual data,0.4410618067890673,63.01307846277175,0.00019703167
3568,0,subtle_anomaly,monitor closely + collect more contextual data,0.4543250427165444,63.028257784360726,0.00012578578
3569,0,subtle_anomaly,monitor closely + collect more contextual data,0.4374390059077315,58.19260347866872,3.053372e-05
3570,1,temporal_pattern_anomaly,analyze time-series behavior + review LSTM/Transformer features,0.4036159390551756,56.20495380193152,0.99987376
3571,1,temporal_pattern_anomaly,analyze time-series behavior + review LSTM/Transformer features,0.3995712685997963,53.92653178183515,0.9998553
3572,1,temporal_pattern_anomaly,analyze time-series behavior + review LSTM/Transformer features,0.4155723577692565,57.76628704552355,0.99995494
3573,0,subtle_anomaly,monitor closely + collect more contextual data,0.4384979824444268,57.101451587770974,0.00013981527
3574,0,subtle_anomaly,monitor closely + collect more contextual data,0.4282729036003591,57.8258255239176,0.00014200644
3575,1,temporal_pattern_anomaly,analyze time-series behavior + review LSTM/Transformer features,0.4582600592807419,73.30240687249285,0.9997074
3576,0,subtle_anomaly,monitor closely + collect more contextual data,0.3912095780034955,52.99586060071786,0.00044064637
3577,0,subtle_anomaly,monitor closely + collect more contextual data,0.4485616545110167,56.982565968704286,0.00013639432
3578,1,temporal_pattern_anomaly,analyze time-series behavior + review LSTM/Transformer features,0.4026778551816695,56.15314281281032,0.99985313
3579,0,subtle_anomaly,monitor closely + collect more contextual data,0.4009361913033721,52.12769650569061,0.00012259693
3580,0,subtle_anomaly,monitor closely + collect more contextual data,0.4072389793533837,49.05334879618238,0.0010394572
3581,0,subtle_anomaly,monitor closely + collect more contextual data,0.4056372984133098,47.78501701822584,0.0009641397
3582,1,temporal_pattern_anomaly,analyze time-series behavior + review LSTM/Transformer features,0.413413403482627,51.99594148753162,0.9997135
3583,1,temporal_pattern_anomaly,analyze time-series behavior + review LSTM/Transformer features,0.4315945231949976,60.027390190171104,0.99979216
3584,0,subtle_anomaly,monitor closely + collect more contextual data,0.4466606331356114,64.498271754869,0.019420842
3585,0,collective_anomaly,investigate multivariate patterns + check correlated KPIs,0.5254462526231267,80.81138552194797,0.00032213202
3586,1,temporal_pattern_anomaly,analyze time-series behavior + review LSTM/Transformer features,0.4621851138776774,65.64111201450645,0.9998124
3587,0,subtle_anomaly,monitor closely + collect more contextual data,0.3829786310332941,39.67547100006345,0.0005925256
3588,1,temporal_pattern_anomaly,analyze time-series behavior + review LSTM/Transformer features,0.4323961053049563,50.29331712085299,0.999566
3589,0,subtle_anomaly,monitor closely + collect more contextual data,0.4018617626584201,47.91762287223227,0.0029087036
3590,0,subtle_anomaly,monitor closely + collect more contextual data,0.414645895028946,51.85215710553194,0.056028526
3591,0,subtle_anomaly,monitor closely + collect more contextual data,0.3863396370277704,42.04387453313607,0.0027672458
3592,0,subtle_anomaly,monitor closely + collect more contextual data,0.4398921220164876,62.6802863087499,0.0012942257
3593,0,subtle_anomaly,monitor closely + collect more contextual data,0.4211568086392883,53.77361344660624,0.003029138
3594,1,temporal_pattern_anomaly,analyze time-series behavior + review LSTM/Transformer features,0.4169950134197317,54.39620114646178,0.99992394
3595,0,subtle_anomaly,monitor closely + collect more contextual data,0.464242479640289,66.09833721934875,0.0001175272
3596,0,subtle_anomaly,monitor closely + collect more contextual data,0.4406887534639568,52.158959413019126,0.03415039
3597,1,temporal_pattern_anomaly,analyze time-series behavior + review LSTM/Transformer features,0.4107302089040614,54.80893700405508,0.9995005
3598,0,subtle_anomaly,monitor closely + collect more contextual data,0.4343519225421612,50.39717492267738,0.0010321804
3599,0,subtle_anomaly,monitor closely + collect more contextual data,0.3820475465300065,43.88596559147357,0.00031790376
3600,1,temporal_pattern_anomaly,analyze time-series behavior + review LSTM/Transformer features,0.4023009134356921,52.20243903771279,0.99987864
3601,1,temporal_pattern_anomaly,analyze time-series behavior + review LSTM/Transformer features,0.4561842058677995,63.73596460080024,0.9999567
3602,1,temporal_pattern_anomaly,analyze time-series behavior + review LSTM/Transformer features,0.4172470971815446,52.28969818817522,0.9998073
3603,1,temporal_pattern_anomaly,analyze time-series behavior + review LSTM/Transformer features,0.410960019798732,50.2783452914141,0.99996626
3604,1,collective_anomaly,investigate multivariate patterns + check correlated KPIs,0.5234364808095111,97.63458041558056,0.9998739
3605,0,subtle_anomaly,monitor closely + collect more contextual data,0.4041448030254971,54.05313752606181,0.00026151477
3606,1,temporal_pattern_anomaly,analyze time-series behavior + review LSTM/Transformer features,0.4782734486618435,73.69088136307775,0.99996495
3607,1,temporal_pattern_anomaly,analyze time-series behavior + review LSTM/Transformer features,0.3997978037884216,54.050238737921134,0.9997967
3608,0,subtle_anomaly,monitor closely + collect more contextual data,0.4215037650220363,56.998315633063626,0.00018694469
3609,1,temporal_pattern_anomaly,analyze time-series behavior + review LSTM/Transformer features,0.3709221118357028,45.77354744685729,0.9999136
3610,0,subtle_anomaly,monitor closely + collect more contextual data,0.4443843766951424,59.025982204005984,0.00028235614
3611,0,subtle_anomaly,monitor closely + collect more contextual data,0.4555770778452689,66.31442362325689,0.003023366
3612,0,subtle_anomaly,monitor closely + collect more contextual data,0.4564040178359257,59.66405815752133,0.0004196865
3613,1,collective_anomaly,investigate multivariate patterns + check correlated KPIs,0.5398186314867361,109.4119305142428,0.9998801
3614,1,temporal_pattern_anomaly,analyze time-series behavior + review LSTM/Transformer features,0.4249613470716865,52.49486747523186,0.9993926
3615,1,temporal_pattern_anomaly,analyze time-series behavior + review LSTM/Transformer features,0.4110195894034242,58.45585074840662,0.9996718
3616,0,subtle_anomaly,monitor closely + collect more contextual data,0.4017604043964798,43.924076622646034,0.00016646665
3617,1,temporal_pattern_anomaly,analyze time-series behavior + review LSTM/Transformer features,0.47253462311397,78.29402169710954,0.9993542
3618,1,temporal_pattern_anomaly,analyze time-series behavior + review LSTM/Transformer features,0.4329452404186774,61.68179787326762,0.9999614
3619,0,subtle_anomaly,monitor closely + collect more contextual data,0.4242200807507849,52.39372647034445,0.00075017737
3620,0,subtle_anomaly,monitor closely + collect more contextual data,0.3950422648353012,48.56305108182365,9.503064e-05
3621,0,temporal_pattern_anomaly,analyze time-series behavior + review LSTM/Transformer features,0.3853290623233485,45.829862101603,0.12498769
3622,0,subtle_anomaly,monitor closely + collect more contextual data,0.4264334773926811,58.623672345012736,0.00022373506
3623,1,temporal_pattern_anomaly,analyze time-series behavior + review LSTM/Transformer features,0.3954322433798257,49.27010149544308,0.9999386
3624,0,subtle_anomaly,monitor closely + collect more contextual data,0.4135909298129293,58.24480999281225,1.6902415e-05
3625,1,temporal_pattern_anomaly,analyze time-series behavior + review LSTM/Transformer features,0.4599203824352642,62.31674675470676,0.99998343
3626,1,temporal_pattern_anomaly,analyze time-series behavior + review LSTM/Transformer features,0.3969189079235854,50.95189046259471,0.99995553
3627,0,subtle_anomaly,monitor closely + collect more contextual data,0.3854112769303796,48.42902696737743,0.00017087864
3628,1,temporal_pattern_anomaly,analyze time-series behavior + review LSTM/Transformer features,0.4709733287360588,67.94347965328971,0.9999002
3629,0,subtle_anomaly,monitor closely + collect more contextual data,0.453633644255514,55.8856630226436,0.0007518951
3630,0,subtle_anomaly,monitor closely + collect more contextual data,0.4476576061603749,58.7683079853006,3.0335517e-05
3631,1,temporal_pattern_anomaly,analyze time-series behavior + review LSTM/Transformer features,0.4667053690596517,69.00319580608665,0.9999529
3632,0,subtle_anomaly,monitor closely + collect more contextual data,0.4193461895413081,55.67286320628497,3.150095e-05
3633,0,subtle_anomaly,monitor closely + collect more contextual data,0.4254175049053648,53.440512590562,0.0012288755
3634,0,subtle_anomaly,monitor closely + collect more contextual data,0.4607548800396473,64.55360550193036,0.00015328648
3635,0,subtle_anomaly,monitor closely + collect more contextual data,0.3857742474889498,45.882950321518,0.0010286097
3636,0,subtle_anomaly,monitor closely + collect more contextual data,0.3983173621712895,48.39784548935053,0.0005121429
3637,1,temporal_pattern_anomaly,analyze time-series behavior + review LSTM/Transformer features,0.4750183181885555,69.00097594152754,0.9992557
3638,1,temporal_pattern_anomaly,analyze time-series behavior + review LSTM/Transformer features,0.4486478049926449,64.22686318759901,0.9999579
3639,0,subtle_anomaly,monitor closely + collect more contextual data,0.451506752320622,57.75837667985662,0.0015734574
3640,1,temporal_pattern_anomaly,analyze time-series behavior + review LSTM/Transformer features,0.4805502874794046,68.39879633515196,0.99995434
3641,0,subtle_anomaly,monitor closely + collect more contextual data,0.4018827255713921,46.72223495116445,9.262406e-05
3642,1,collective_anomaly,investigate multivariate patterns + check correlated KPIs,0.5200740234492396,95.72303326337718,0.9999684
3643,1,temporal_pattern_anomaly,analyze time-series behavior + review LSTM/Transformer features,0.4376707951699586,58.76795177046402,0.9995999
3644,1,temporal_pattern_anomaly,analyze time-series behavior + review LSTM/Transformer features,0.4315023099638858,52.616633447425016,0.9975809
3645,1,temporal_pattern_anomaly,analyze time-series behavior + review LSTM/Transformer features,0.4653109487174351,77.15638243703022,0.99984765
3646,0,subtle_anomaly,monitor closely + collect more contextual data,0.4241004894294053,51.94059895376112,8.844947e-05
3647,0,subtle_anomaly,monitor closely + collect more contextual data,0.3872396176781537,44.46652137892264,8.390894e-05
3648,0,subtle_anomaly,monitor closely + collect more contextual data,0.4121517903059785,48.27226849068014,0.0077435104
3649,0,subtle_anomaly,monitor closely + collect more contextual data,0.4344825136571917,60.49614834860325,3.4552144e-05
3650,0,subtle_anomaly,monitor closely + collect more contextual data,0.3948311982780802,47.82451810999223,0.00013736708
3651,0,subtle_anomaly,monitor closely + collect more contextual data,0.4288841011078397,58.71649410148493,0.00013509579
3652,1,temporal_pattern_anomaly,analyze time-series behavior + review LSTM/Transformer features,0.4498531478324096,61.95290742941293,0.9998858
3653,1,temporal_pattern_anomaly,analyze time-series behavior + review LSTM/Transformer features,0.4039983822493458,42.54763545152543,0.9968606
3654,0,subtle_anomaly,monitor closely + collect more contextual data,0.4111421889451455,55.17040015770146,0.00012649556
3655,1,collective_anomaly,investigate multivariate patterns + check correlated KPIs,0.5428572205362842,117.84708894991238,0.99986625
3656,1,temporal_pattern_anomaly,analyze time-series behavior + review LSTM/Transformer features,0.4000289395042148,43.71052054304833,0.9996792
3657,0,subtle_anomaly,monitor closely + collect more contextual data,0.4592151063215033,67.64675816178607,1.9917734e-05
3658,0,subtle_anomaly,monitor closely + collect more contextual data,0.4785044794796232,74.84465352116855,0.0001533226
3659,0,subtle_anomaly,monitor closely + collect more contextual data,0.4575284509673674,61.686303073446105,0.00022134017
3660,0,subtle_anomaly,monitor closely + collect more contextual data,0.3854862464668993,44.00015552186317,4.3471493e-05
3661,1,temporal_pattern_anomaly,analyze time-series behavior + review LSTM/Transformer features,0.4433909930318599,59.68090485587216,0.99930966
3662,0,subtle_anomaly,monitor closely + collect more contextual data,0.4164493452228383,51.35202266415962,0.0014356832
3663,1,collective_anomaly,investigate multivariate patterns + check correlated KPIs,0.5297414285823381,105.74377612635304,0.9999603
3664,1,temporal_pattern_anomaly,analyze time-series behavior + review LSTM/Transformer features,0.4667818388999439,69.99337727287276,0.9998274
3665,1,temporal_pattern_anomaly,analyze time-series behavior + review LSTM/Transformer features,0.4383245195236818,60.72196036244812,0.99996436
3666,0,subtle_anomaly,monitor closely + collect more contextual data,0.4126137287832192,52.12111455673066,3.0314783e-05
3667,1,collective_anomaly,investigate multivariate patterns + check correlated KPIs,0.5031027122108942,88.46021016866476,0.99951184
3668,1,temporal_pattern_anomaly,analyze time-series behavior + review LSTM/Transformer features,0.4241184121210453,53.845985713238775,0.999337
3669,1,collective_anomaly,investigate multivariate patterns + check correlated KPIs,0.5144126182612931,89.70308293984162,0.99968934
3670,1,temporal_pattern_anomaly,analyze time-series behavior + review LSTM/Transformer features,0.4083102242675058,47.33213134680617,0.9982091
3671,0,subtle_anomaly,monitor closely + collect more contextual data,0.4174903720537506,48.46625395800135,0.0004123167
3672,1,temporal_pattern_anomaly,analyze time-series behavior + review LSTM/Transformer features,0.4241121955823285,61.22553093332208,0.9998393
3673,0,subtle_anomaly,monitor closely + collect more contextual data,0.4187518842643306,53.127665114202,0.00021078234
3674,0,subtle_anomaly,monitor closely + collect more contextual data,0.4027580368528252,46.16743284121512,0.0013103319
3675,0,subtle_anomaly,monitor closely + collect more contextual data,0.3809953231947156,42.61735303955471,0.00022779709
3676,0,subtle_anomaly,monitor closely + collect more contextual data,0.4787945945065719,71.65137353838095,0.0003059046
3677,0,temporal_pattern_anomaly,analyze time-series behavior + review LSTM/Transformer features,0.4049484494010271,51.81727655452581,0.00376443
3678,0,subtle_anomaly,monitor closely + collect more contextual data,0.457966334043878,59.836952475471136,0.001932248
3679,1,collective_anomaly,investigate multivariate patterns + check correlated KPIs,0.5063205716361702,85.91564418277841,0.9958424
3680,0,subtle_anomaly,monitor closely + collect more contextual data,0.389024708078211,42.23998882187631,5.3280004e-05
3681,1,temporal_pattern_anomaly,analyze time-series behavior + review LSTM/Transformer features,0.4480172858808025,60.98940102893958,0.999895
3682,0,subtle_anomaly,monitor closely + collect more contextual data,0.4397962542306496,63.297015539276615,0.00015957911
3683,0,subtle_anomaly,monitor closely + collect more contextual data,0.4232626491188992,53.34893810315543,0.0001740997
3684,1,collective_anomaly,investigate multivariate patterns + check correlated KPIs,0.4972984046404555,91.84972952054568,0.99995625
3685,1,temporal_pattern_anomaly,analyze time-series behavior + review LSTM/Transformer features,0.49500066544281,67.56010567060201,0.9996055
3686,0,subtle_anomaly,monitor closely + collect more contextual data,0.402650396512717,49.25195963293244,0.00016993996
3687,1,temporal_pattern_anomaly,analyze time-series behavior + review LSTM/Transformer features,0.4357081432206882,60.68382680095823,0.99988186
3688,1,temporal_pattern_anomaly,analyze time-series behavior + review LSTM/Transformer features,0.433135539232169,57.869239260161095,0.99994373
3689,1,temporal_pattern_anomaly,analyze time-series behavior + review LSTM/Transformer features,0.43161263951793,60.94406243511708,0.999966
3690,0,subtle_anomaly,monitor closely + collect more contextual data,0.4550690751785793,64.29243863039922,0.00022791985
3691,1,temporal_pattern_anomaly,analyze time-series behavior + review LSTM/Transformer features,0.4236609347126893,54.33147611453344,0.99748576
3692,1,temporal_pattern_anomaly,analyze time-series behavior + review LSTM/Transformer features,0.4352789450146559,55.638039821211095,0.9999423
3693,0,subtle_anomaly,monitor closely + collect more contextual data,0.3939946325888432,48.01432531630424,6.94328e-05
3694,1,temporal_pattern_anomaly,analyze time-series behavior + review LSTM/Transformer features,0.4781121066853606,68.13596474126653,0.9999609
3695,0,subtle_anomaly,monitor closely + collect more contextual data,0.3977874303770636,48.93364673790492,0.00011591636
3696,1,temporal_pattern_anomaly,analyze time-series behavior + review LSTM/Transformer features,0.4430201194699062,58.87719090760199,0.999645
3697,1,collective_anomaly,investigate multivariate patterns + check correlated KPIs,0.5460057822759136,106.50347872982644,0.99746394
3698,1,temporal_pattern_anomaly,analyze time-series behavior + review LSTM/Transformer features,0.4626144966387706,67.18945276718878,0.9999293
3699,0,isolation_outlier,inspect individual extreme values + check for sensor drift,0.4880702870834487,74.80875165247923,0.0029599918
3700,0,isolation_outlier,inspect individual extreme values + check for sensor drift,0.484884687632146,75.33432659634333,0.00021399911
3701,1,temporal_pattern_anomaly,analyze time-series behavior + review LSTM/Transformer features,0.4137355945657059,51.614880354763706,0.9996412
3702,0,collective_anomaly,investigate multivariate patterns + check correlated KPIs,0.5283885382461019,104.6881300526589,0.0017402057
3703,1,temporal_pattern_anomaly,analyze time-series behavior + review LSTM/Transformer features,0.41209430040812,55.12745833468021,0.9999411
3704,1,temporal_pattern_anomaly,analyze time-series behavior + review LSTM/Transformer features,0.4321923612981275,61.44312563175218,0.9997981
3705,0,subtle_anomaly,monitor closely + collect more contextual data,0.3926598742668712,45.2592380374447,0.00024674306
3706,0,subtle_anomaly,monitor closely + collect more contextual data,0.4251174199196056,50.70182094844454,0.0005496864
3707,0,subtle_anomaly,monitor closely + collect more contextual data,0.4070093049809222,50.98615413357427,9.036265e-05
3708,1,temporal_pattern_anomaly,analyze time-series behavior + review LSTM/Transformer features,0.3831311010412398,46.00614227312345,0.9997981
3709,0,subtle_anomaly,monitor closely + collect more contextual data,0.4403349323294812,58.13057012682346,0.00011776278
3710,0,subtle_anomaly,monitor closely + collect more contextual data,0.4348771155720977,59.330746136030434,0.0001552341
3711,0,subtle_anomaly,monitor closely + collect more contextual data,0.3869941311316039,43.37721372564635,0.0003676034
3712,0,subtle_anomaly,monitor closely + collect more contextual data,0.4574707257357692,55.46811618813285,0.0012834711
3713,0,subtle_anomaly,monitor closely + collect more contextual data,0.3885875662744077,48.23006224202941,0.00016077759
3714,0,subtle_anomaly,monitor closely + collect more contextual data,0.4206302331965419,52.62361213982266,4.0393617e-05
3715,1,temporal_pattern_anomaly,analyze time-series behavior + review LSTM/Transformer features,0.4483620718988458,63.830919571038265,0.99974793
3716,0,subtle_anomaly,monitor closely + collect more contextual data,0.4487256307468523,57.0377470723053,0.00040866112
3717,0,subtle_anomaly,monitor closely + collect more contextual data,0.4125769860488987,50.84495302606816,6.438637e-05
3718,0,subtle_anomaly,monitor closely + collect more contextual data,0.4527760387760808,55.65196326759675,0.0002109794
3719,1,temporal_pattern_anomaly,analyze time-series behavior + review LSTM/Transformer features,0.4502018912255237,62.00563419770922,0.9991437
3720,0,subtle_anomaly,monitor closely + collect more contextual data,0.4424805298896467,59.57871181086287,0.00012596558
3721,0,subtle_anomaly,monitor closely + collect more contextual data,0.4038663850363929,54.63701039172541,1.498101e-05
3722,0,subtle_anomaly,monitor closely + collect more contextual data,0.4290712400414785,60.90830776577826,0.0028215472
3723,0,subtle_anomaly,monitor closely + collect more contextual data,0.3858987954662498,43.2092734574826,0.00023808068
3724,0,subtle_anomaly,monitor closely + collect more contextual data,0.4031753806852258,48.89676577430857,0.00024131607
3725,0,collective_anomaly,investigate multivariate patterns + check correlated KPIs,0.4880877283673553,86.92757597575797,0.00010133555
3726,1,temporal_pattern_anomaly,analyze time-series behavior + review LSTM/Transformer features,0.4602885619287908,75.63028939259726,0.9999039
3727,0,subtle_anomaly,monitor closely + collect more contextual data,0.3841707115939581,47.545667981704575,0.00028782716
3728,0,subtle_anomaly,monitor closely + collect more contextual data,0.4200056426054211,50.63631680783008,7.956642e-05
3729,1,temporal_pattern_anomaly,analyze time-series behavior + review LSTM/Transformer features,0.4255016932908935,54.32733872773703,0.9999007
3730,1,temporal_pattern_anomaly,analyze time-series behavior + review LSTM/Transformer features,0.4156070466813454,54.535808636760414,0.99418277
3731,0,subtle_anomaly,monitor closely + collect more contextual data,0.4605966819666941,66.45561534193855,0.00012363496
3732,0,subtle_anomaly,monitor closely + collect more contextual data,0.4202263400428291,58.92107280530728,0.00018527855
3733,1,temporal_pattern_anomaly,analyze time-series behavior + review LSTM/Transformer features,0.4389667038511863,62.99555533155856,0.9999647
3734,0,subtle_anomaly,monitor closely + collect more contextual data,0.4148808638288059,52.06519691319218,3.980177e-05
3735,0,subtle_anomaly,monitor closely + collect more contextual data,0.4105260644960333,53.50636863730842,0.0005782835
3736,1,collective_anomaly,investigate multivariate patterns + check correlated KPIs,0.4800506093167165,82.20107514016107,0.999728
3737,1,temporal_pattern_anomaly,analyze time-series behavior + review LSTM/Transformer features,0.4203346573229687,54.08509184817371,0.9982028
3738,1,temporal_pattern_anomaly,analyze time-series behavior + review LSTM/Transformer features,0.4588573923056738,64.89672921690584,0.9999467
3739,0,subtle_anomaly,monitor closely + collect more contextual data,0.4592809579167434,59.26911942921904,0.00032808937
3740,0,subtle_anomaly,monitor closely + collect more contextual data,0.4009171610535036,50.4817749243154,0.00012346907
3741,1,temporal_pattern_anomaly,analyze time-series behavior + review LSTM/Transformer features,0.4913576732405719,73.87422845929414,0.9999484
3742,0,subtle_anomaly,monitor closely + collect more contextual data,0.4548701059001986,65.56029300569479,0.00024705025
3743,1,collective_anomaly,investigate multivariate patterns + check correlated KPIs,0.5231926226148305,89.93602916706072,0.99996173
3744,1,temporal_pattern_anomaly,analyze time-series behavior + review LSTM/Transformer features,0.4473486475340649,75.58801878190457,0.998706
3745,1,temporal_pattern_anomaly,analyze time-series behavior + review LSTM/Transformer features,0.4583130267200972,67.67885491578802,0.99927753
3746,1,temporal_pattern_anomaly,analyze time-series behavior + review LSTM/Transformer features,0.4140428851992971,56.88073497635209,0.9998945
3747,0,subtle_anomaly,monitor closely + collect more contextual data,0.4139086195128216,53.99332789325228,6.9722744e-05
3748,0,subtle_anomaly,monitor closely + collect more contextual data,0.4712806343348295,66.32715968624153,7.448197e-05
3749,1,temporal_pattern_anomaly,analyze time-series behavior + review LSTM/Transformer features,0.4457889316829282,59.783122710859935,0.9990934
3750,0,subtle_anomaly,monitor closely + collect more contextual data,0.4149801961677317,50.91470753913907,0.0010350134
3751,1,temporal_pattern_anomaly,analyze time-series behavior + review LSTM/Transformer features,0.46158023141584,65.44205299804742,0.9999454
3752,0,subtle_anomaly,monitor closely + collect more contextual data,0.4450444892783768,60.618513224745406,0.0001664895
3753,1,temporal_pattern_anomaly,analyze time-series behavior + review LSTM/Transformer features,0.3879724062906191,52.30016174598431,0.9999654
3754,1,temporal_pattern_anomaly,analyze time-series behavior + review LSTM/Transformer features,0.3985738515266522,47.37600081294544,0.9999417
3755,1,temporal_pattern_anomaly,analyze time-series behavior + review LSTM/Transformer features,0.4154768950766073,58.503998903263465,0.99978477
3756,0,subtle_anomaly,monitor closely + collect more contextual data,0.4131307059510355,57.2043051475985,0.0012122322
3757,1,temporal_pattern_anomaly,analyze time-series behavior + review LSTM/Transformer features,0.4569194814292063,68.55745378638058,0.9998858
3758,1,temporal_pattern_anomaly,analyze time-series behavior + review LSTM/Transformer features,0.4537618732464035,56.57975086649318,0.99992347
3759,1,collective_anomaly,investigate multivariate patterns + check correlated KPIs,0.5373197168755419,104.12029332472513,0.99852544
3760,1,temporal_pattern_anomaly,analyze time-series behavior + review LSTM/Transformer features,0.4049335248374917,49.4414884835511,0.9989924
3761,0,subtle_anomaly,monitor closely + collect more contextual data,0.4528769854199007,56.00484023488075,0.00060828833
3762,0,subtle_anomaly,monitor closely + collect more contextual data,0.3894790385946204,45.04819164416053,7.114853e-05
3763,1,temporal_pattern_anomaly,analyze time-series behavior + review LSTM/Transformer features,0.428531404362353,53.601709916926254,0.9995921
3764,1,temporal_pattern_anomaly,analyze time-series behavior + review LSTM/Transformer features,0.3863614902190641,46.19352200204565,0.9986626
3765,0,subtle_anomaly,monitor closely + collect more contextual data,0.4425056520804916,62.591125162122125,0.00035457104
3766,0,subtle_anomaly,monitor closely + collect more contextual data,0.4653586996590495,69.64141525629503,0.00012517185
3767,0,subtle_anomaly,monitor closely + collect more contextual data,0.4506096301520567,57.39461191878411,0.0002242337
3768,0,subtle_anomaly,monitor closely + collect more contextual data,0.4466835210832455,66.31020536613552,0.000112205526
3769,0,subtle_anomaly,monitor closely + collect more contextual data,0.415488917252358,54.56229790337404,7.843557e-05
3770,0,subtle_anomaly,monitor closely + collect more contextual data,0.4271220766912423,55.04005883784253,0.00016588497
3771,0,subtle_anomaly,monitor closely + collect more contextual data,0.4693625405322714,62.4806412359564,9.524456e-05
3772,0,subtle_anomaly,monitor closely + collect more contextual data,0.4780523492428556,66.74078883574634,0.0010739644
3773,0,subtle_anomaly,monitor closely + collect more contextual data,0.4081965697098715,51.67101225181722,0.00045866604
3774,1,subtle_anomaly,monitor closely + collect more contextual data,0.4682034265790575,59.02954947041129,0.8847689
3775,0,subtle_anomaly,monitor closely + collect more contextual data,0.4703945023453205,67.73459394249979,4.914967e-05
3776,0,subtle_anomaly,monitor closely + collect more contextual data,0.4405599196872979,64.26790032991596,0.0001327435
3777,1,temporal_pattern_anomaly,analyze time-series behavior + review LSTM/Transformer features,0.3993956232239231,55.20873697598598,0.99996066
3778,0,subtle_anomaly,monitor closely + collect more contextual data,0.4470666587904517,65.60066116508284,0.00012964728
3779,0,subtle_anomaly,monitor closely + collect more contextual data,0.4103545797181495,50.89035275702224,0.00050883874
3780,1,temporal_pattern_anomaly,analyze time-series behavior + review LSTM/Transformer features,0.4149892925756009,53.04725556831168,0.9603937
3781,1,temporal_pattern_anomaly,analyze time-series behavior + review LSTM/Transformer features,0.4465656563275057,62.705938736976094,0.999941
3782,1,temporal_pattern_anomaly,analyze time-series behavior + review LSTM/Transformer features,0.4191546048994883,63.226427096347706,0.9998386
3783,1,temporal_pattern_anomaly,analyze time-series behavior + review LSTM/Transformer features,0.4805062192469678,76.54221165483712,0.99995804
3784,1,temporal_pattern_anomaly,analyze time-series behavior + review LSTM/Transformer features,0.4313136428100335,56.209653508807136,0.99980336
3785,0,subtle_anomaly,monitor closely + collect more contextual data,0.4306968675048837,58.58705507491941,0.00039182918
3786,1,temporal_pattern_anomaly,analyze time-series behavior + review LSTM/Transformer features,0.414231816595452,55.94087089499048,0.99952567
3787,0,subtle_anomaly,monitor closely + collect more contextual data,0.3888028720503755,44.4606106059184,9.8449804e-05
3788,0,subtle_anomaly,monitor closely + collect more contextual data,0.446029246311005,55.93556132081494,5.3282594e-05
3789,0,subtle_anomaly,monitor closely + collect more contextual data,0.4462765224800482,57.82826699429931,0.0005337379
3790,0,isolation_outlier,inspect individual extreme values + check for sensor drift,0.4901425507313216,72.52347514248338,6.1656836e-05
3791,1,collective_anomaly,investigate multivariate patterns + check correlated KPIs,0.543474449368202,109.32754689526888,0.99992275
3792,0,isolation_outlier,inspect individual extreme values + check for sensor drift,0.5201464832352815,78.49350605401528,0.00033796445
3793,0,subtle_anomaly,monitor closely + collect more contextual data,0.3746961616817234,41.67140034857064,0.00014968375
3794,1,temporal_pattern_anomaly,analyze time-series behavior + review LSTM/Transformer features,0.3861771729277967,43.46508294960228,0.9996099
3795,1,temporal_pattern_anomaly,analyze time-series behavior + review LSTM/Transformer features,0.4156412480995733,58.49138152611943,0.99995244
3796,1,temporal_pattern_anomaly,analyze time-series behavior + review LSTM/Transformer features,0.4397303503481831,65.1396595743659,0.999936
3797,1,temporal_pattern_anomaly,analyze time-series behavior + review LSTM/Transformer features,0.434638004719341,62.67272831555002,0.99994564
3798,1,temporal_pattern_anomaly,analyze time-series behavior + review LSTM/Transformer features,0.4890953935662207,72.88473533249329,0.9998852
3799,0,subtle_anomaly,monitor closely + collect more contextual data,0.4245526724714921,51.54053567465377,3.393318e-05
3800,1,collective_anomaly,investigate multivariate patterns + check correlated KPIs,0.5286072574399456,84.08382410953143,0.99993217
3801,1,temporal_pattern_anomaly,analyze time-series behavior + review LSTM/Transformer features,0.3966399876386413,49.62129474241138,0.99980575
3802,0,subtle_anomaly,monitor closely + collect more contextual data,0.4646218368789483,65.57672279160957,0.00031272313
3803,0,subtle_anomaly,monitor closely + collect more contextual data,0.4150764241553388,48.02694566160246,0.00086227205
3804,1,temporal_pattern_anomaly,analyze time-series behavior + review LSTM/Transformer features,0.4013692595281805,46.52320714794592,0.9999641
3805,1,temporal_pattern_anomaly,analyze time-series behavior + review LSTM/Transformer features,0.44464087284941,61.82520099567565,0.9998944
3806,1,temporal_pattern_anomaly,analyze time-series behavior + review LSTM/Transformer features,0.4210502728388942,58.80052513678484,0.9994642
3807,0,subtle_anomaly,monitor closely + collect more contextual data,0.4558057749093507,63.48848546400561,0.0010625867
3808,1,temporal_pattern_anomaly,analyze time-series behavior + review LSTM/Transformer features,0.4684766966201441,73.57760575279461,0.99981254
3809,0,subtle_anomaly,monitor closely + collect more contextual data,0.4436130934954192,68.03038645059748,0.00012880382
3810,0,subtle_anomaly,monitor closely + collect more contextual data,0.4006193445356438,50.54543962004382,1.5953256e-05
3811,0,subtle_anomaly,monitor closely + collect more contextual data,0.3923155475175205,48.76888660209338,0.00026702086
3812,0,subtle_anomaly,monitor closely + collect more contextual data,0.4205284129544595,55.39815306570437,0.00011699406
3813,1,temporal_pattern_anomaly,analyze time-series behavior + review LSTM/Transformer features,0.4084122496624383,51.579893991483445,0.9986488
3814,0,subtle_anomaly,monitor closely + collect more contextual data,0.4372650913534908,58.471231010061736,0.00024504334
3815,1,temporal_pattern_anomaly,analyze time-series behavior + review LSTM/Transformer features,0.3932863103390335,49.6371614268727,0.9999373
3816,0,subtle_anomaly,monitor closely + collect more contextual data,0.4259962274520478,46.28868932018829,0.0008230323
3817,1,temporal_pattern_anomaly,analyze time-series behavior + review LSTM/Transformer features,0.4611608774421687,69.18646519604016,0.9999255
3818,1,temporal_pattern_anomaly,analyze time-series behavior + review LSTM/Transformer features,0.4365408845814804,60.47133785962031,0.99997616
3819,0,subtle_anomaly,monitor closely + collect more contextual data,0.3968993925511175,47.28012425445476,8.058589e-05
3820,1,temporal_pattern_anomaly,analyze time-series behavior + review LSTM/Transformer features,0.436724869520628,63.14748630156031,0.9998932
3821,1,temporal_pattern_anomaly,analyze time-series behavior + review LSTM/Transformer features,0.4118370542411015,51.738086138967645,0.99901235
3822,1,temporal_pattern_anomaly,analyze time-series behavior + review LSTM/Transformer features,0.3980354216416733,47.88618314720204,0.9990275
3823,1,temporal_pattern_anomaly,analyze time-series behavior + review LSTM/Transformer features,0.4427164103696913,53.755558292828034,0.95802754
3824,1,collective_anomaly,investigate multivariate patterns + check correlated KPIs,0.5277083374663956,99.36920444451222,0.9999578
3825,0,subtle_anomaly,monitor closely + collect more contextual data,0.4370923637075002,58.14248199088309,4.732608e-05
3826,0,subtle_anomaly,monitor closely + collect more contextual data,0.4086739499198459,53.46894793299042,0.00084187504
3827,0,subtle_anomaly,monitor closely + collect more contextual data,0.4344686019227741,56.152050826977565,0.00083377946
3828,1,temporal_pattern_anomaly,analyze time-series behavior + review LSTM/Transformer features,0.4046229825878861,46.73848726781399,0.99968123
3829,1,collective_anomaly,investigate multivariate patterns + check correlated KPIs,0.5222354239638509,92.6941576218407,0.999887
3830,1,temporal_pattern_anomaly,analyze time-series behavior + review LSTM/Transformer features,0.4507020106771243,59.82541302975279,0.9999418
3831,1,temporal_pattern_anomaly,analyze time-series behavior + review LSTM/Transformer features,0.4259358574874428,59.85112114369733,0.99988997
3832,0,subtle_anomaly,monitor closely + collect more contextual data,0.4308841269737531,60.78076990238119,0.0009526464
3833,1,temporal_pattern_anomaly,analyze time-series behavior + review LSTM/Transformer features,0.40207043080182,54.41922741292414,0.99995923
3834,1,temporal_pattern_anomaly,analyze time-series behavior + review LSTM/Transformer features,0.3974048533037067,52.41813581797225,0.99993193
3835,0,subtle_anomaly,monitor closely + collect more contextual data,0.4022026607693212,49.47670342324474,0.00010352644
3836,0,subtle_anomaly,monitor closely + collect more contextual data,0.4777676878835693,68.0740250366801,0.0003538317
3837,0,collective_anomaly,investigate multivariate patterns + check correlated KPIs,0.5230158950874443,92.74559004486213,0.0006906353
3838,0,subtle_anomaly,monitor closely + collect more contextual data,0.4289859245532763,56.960019213116354,0.00036261737
3839,0,subtle_anomaly,monitor closely + collect more contextual data,0.4084895920249064,53.7646584465046,0.00013220098
3840,1,temporal_pattern_anomaly,analyze time-series behavior + review LSTM/Transformer features,0.4221152912305538,53.05487168873302,0.99992883
3841,0,subtle_anomaly,monitor closely + collect more contextual data,0.4299129427384259,49.45315916755504,0.00628136
3842,0,subtle_anomaly,monitor closely + collect more contextual data,0.4149914584605035,50.0836118003237,0.0015863042
3843,0,subtle_anomaly,monitor closely + collect more contextual data,0.4144641602471045,52.05206085914146,0.0004192818
3844,0,subtle_anomaly,monitor closely + collect more contextual data,0.4394421303587792,59.49111376992092,3.9616858e-05
3845,1,temporal_pattern_anomaly,analyze time-series behavior + review LSTM/Transformer features,0.3884573460680461,47.506124349788045,0.9998542
3846,0,subtle_anomaly,monitor closely + collect more contextual data,0.3833987058737267,51.02637645481314,4.6653084e-05
3847,1,temporal_pattern_anomaly,analyze time-series behavior + review LSTM/Transformer features,0.4208707531906364,57.27893049797412,0.9999021
3848,0,subtle_anomaly,monitor closely + collect more contextual data,0.4551952423545904,59.842131141312464,0.00011027123
3849,1,temporal_pattern_anomaly,analyze time-series behavior + review LSTM/Transformer features,0.4539481973453607,60.6343134681585,0.99596584
3850,0,subtle_anomaly,monitor closely + collect more contextual data,0.455281016099259,64.12038203178305,0.0013594306
3851,0,subtle_anomaly,monitor closely + collect more contextual data,0.4160387188949995,56.19713771250393,0.0010714108
3852,1,temporal_pattern_anomaly,analyze time-series behavior + review LSTM/Transformer features,0.4729070658009697,68.26158014126149,0.9999552
3853,0,subtle_anomaly,monitor closely + collect more contextual data,0.4625889851373256,67.43609215179832,0.000108961416
3854,0,subtle_anomaly,monitor closely + collect more contextual data,0.4476617326655223,62.354102703850266,0.00026800076
3855,1,temporal_pattern_anomaly,analyze time-series behavior + review LSTM/Transformer features,0.4206734675546169,60.45925278143412,0.9999232
3856,1,collective_anomaly,investigate multivariate patterns + check correlated KPIs,0.5507497869646687,106.76768177921498,0.99996495
3857,0,subtle_anomaly,monitor closely + collect more contextual data,0.4399779748252089,64.6807367981284,0.00039180173
3858,0,subtle_anomaly,monitor closely + collect more contextual data,0.4259553813815708,57.91949142553171,0.000307773
3859,0,subtle_anomaly,monitor closely + collect more contextual data,0.3977517506125859,50.11996550136104,0.0008029546
3860,0,subtle_anomaly,monitor closely + collect more contextual data,0.3941081136536828,44.94872691531658,3.2578537e-05
3861,1,temporal_pattern_anomaly,analyze time-series behavior + review LSTM/Transformer features,0.4368900258164254,63.260009838625855,0.9999788
3862,1,temporal_pattern_anomaly,analyze time-series behavior + review LSTM/Transformer features,0.4568766502176206,67.52354860709598,0.9999423
3863,0,subtle_anomaly,monitor closely + collect more contextual data,0.4454375484719632,53.29722084911605,0.00081717985
3864,1,temporal_pattern_anomaly,analyze time-series behavior + review LSTM/Transformer features,0.4257459776463754,66.58180053216887,0.99996436
3865,0,subtle_anomaly,monitor closely + collect more contextual data,0.4391265419192288,59.14350324802077,0.0008209077
3866,1,temporal_pattern_anomaly,analyze time-series behavior + review LSTM/Transformer features,0.4807795405233557,71.40929461083171,0.9999293
3867,0,subtle_anomaly,monitor closely + collect more contextual data,0.4450697683380382,62.48485170723605,6.7764304e-05
3868,0,subtle_anomaly,monitor closely + collect more contextual data,0.4349160614820745,56.91257483101213,0.002983253
3869,0,subtle_anomaly,monitor closely + collect more contextual data,0.3732115427486956,41.92008648221713,0.00033706462
3870,1,temporal_pattern_anomaly,analyze time-series behavior + review LSTM/Transformer features,0.4176127773051735,55.07513754448855,0.9999697
3871,1,temporal_pattern_anomaly,analyze time-series behavior + review LSTM/Transformer features,0.4159659196760975,50.902714944648,0.999076
3872,0,subtle_anomaly,monitor closely + collect more contextual data,0.417355892255586,59.20762524102348,0.0017561684
3873,0,subtle_anomaly,monitor closely + collect more contextual data,0.4216815611916749,49.410224984986336,0.00078282575
3874,0,subtle_anomaly,monitor closely + collect more contextual data,0.4156009447596109,56.68984720707301,0.00011004517
3875,0,subtle_anomaly,monitor closely + collect more contextual data,0.4277668587877134,55.5325467273321,0.00011197315
3876,0,subtle_anomaly,monitor closely + collect more contextual data,0.4499189100195209,56.51761094198327,0.0003769166
3877,0,subtle_anomaly,monitor closely + collect more contextual data,0.4095385003777102,54.53099988603254,2.7314612e-05
3878,0,subtle_anomaly,monitor closely + collect more contextual data,0.4251354679857757,53.46984128999201,8.0265076e-05
3879,1,temporal_pattern_anomaly,analyze time-series behavior + review LSTM/Transformer features,0.4469961473450879,64.89504861472707,0.9999106
3880,1,temporal_pattern_anomaly,analyze time-series behavior + review LSTM/Transformer features,0.4235378797808899,55.5095527037549,0.9997758
3881,0,subtle_anomaly,monitor closely + collect more contextual data,0.392853002484107,42.17516281176627,4.6244684e-05
3882,1,temporal_pattern_anomaly,analyze time-series behavior + review LSTM/Transformer features,0.4283787728820679,56.4979467491371,0.9998429
3883,1,temporal_pattern_anomaly,analyze time-series behavior + review LSTM/Transformer features,0.4103926140915667,55.60308587513487,0.99994564
3884,0,isolation_outlier,inspect individual extreme values + check for sensor drift,0.5030821073561571,72.35068530038113,4.9946626e-05
3885,0,subtle_anomaly,monitor closely + collect more contextual data,0.3934779024008363,48.6238289223238,0.010136367
3886,0,collective_anomaly,investigate multivariate patterns + check correlated KPIs,0.5016323212484517,82.32307408828571,0.00012866105
3887,1,collective_anomaly,investigate multivariate patterns + check correlated KPIs,0.5340967717290795,106.4362954305056,0.99714345
3888,1,confirmed_anomaly,high-confidence alert - trigger immediate investigation,0.437033607433287,53.20484720852894,0.9997764
3889,0,subtle_anomaly,monitor closely + collect more contextual data,0.3906366726849172,48.00627235408013,2.7614818e-05
3890,1,temporal_pattern_anomaly,analyze time-series behavior + review LSTM/Transformer features,0.4373595833489708,53.89003411635922,0.9999143
3891,1,temporal_pattern_anomaly,analyze time-series behavior + review LSTM/Transformer features,0.3972836938978901,50.82064601303817,0.99992275
3892,1,temporal_pattern_anomaly,analyze time-series behavior + review LSTM/Transformer features,0.455821295118558,69.75946739747373,0.9999317
3893,1,temporal_pattern_anomaly,analyze time-series behavior + review LSTM/Transformer features,0.4192285920690533,57.3236815469529,0.9998696
3894,1,temporal_pattern_anomaly,analyze time-series behavior + review LSTM/Transformer features,0.4238746911965264,57.774660141488816,0.99992704
3895,0,subtle_anomaly,monitor closely + collect more contextual data,0.4056404521834207,51.9299404461477,2.0565896e-05
3896,1,temporal_pattern_anomaly,analyze time-series behavior + review LSTM/Transformer features,0.4463755229593108,57.50119440262367,0.999734
3897,1,temporal_pattern_anomaly,analyze time-series behavior + review LSTM/Transformer features,0.4625416528626915,64.88789526036655,0.9999584
3898,0,subtle_anomaly,monitor closely + collect more contextual data,0.4177095972787398,51.91446194542514,0.00021621106
3899,0,subtle_anomaly,monitor closely + collect more contextual data,0.442758309659846,53.96047734639211,0.0010587117
3900,0,subtle_anomaly,monitor closely + collect more contextual data,0.3952796475587028,47.643506064114206,4.0662846e-05
3901,0,subtle_anomaly,monitor closely + collect more contextual data,0.4178339469106988,47.38565373225381,0.0034736935
3902,0,subtle_anomaly,monitor closely + collect more contextual data,0.3975510693326624,48.49968306766626,9.003408e-05
3903,0,subtle_anomaly,monitor closely + collect more contextual data,0.4159685319968772,55.33840080559266,0.0031120956
3904,1,temporal_pattern_anomaly,analyze time-series behavior + review LSTM/Transformer features,0.4348904963061346,52.83990573880876,0.999899
3905,0,subtle_anomaly,monitor closely + collect more contextual data,0.4578816924842145,60.22251445999818,0.00037277731
3906,1,temporal_pattern_anomaly,analyze time-series behavior + review LSTM/Transformer features,0.4686465896212696,69.20263278472765,0.99902344
3907,1,collective_anomaly,investigate multivariate patterns + check correlated KPIs,0.5543266894573166,106.01602014459613,0.9992144
3908,1,temporal_pattern_anomaly,analyze time-series behavior + review LSTM/Transformer features,0.426002912358016,55.31968162620565,0.99922526
3909,1,temporal_pattern_anomaly,analyze time-series behavior + review LSTM/Transformer features,0.4354070283649913,56.928525088723205,0.9936784
3910,1,temporal_pattern_anomaly,analyze time-series behavior + review LSTM/Transformer features,0.4132999983090049,50.60309955351769,0.99551857
3911,0,subtle_anomaly,monitor closely + collect more contextual data,0.3933988712650504,49.2279186771987,0.00019997382
3912,0,subtle_anomaly,monitor closely + collect more contextual data,0.4659840667352837,59.889933456170446,0.00010034464
3913,0,subtle_anomaly,monitor closely + collect more contextual data,0.4210437523180614,52.35906101414706,0.00031810478
3914,1,temporal_pattern_anomaly,analyze time-series behavior + review LSTM/Transformer features,0.4265698484425765,53.85000751791719,0.99945897
3915,0,temporal_pattern_anomaly,analyze time-series behavior + review LSTM/Transformer features,0.4169700361642415,51.776194390159546,0.010932696
3916,1,temporal_pattern_anomaly,analyze time-series behavior + review LSTM/Transformer features,0.4150353636566053,59.207362059938326,0.99993145
3917,0,subtle_anomaly,monitor closely + collect more contextual data,0.4021483987935592,48.65747829696572,0.00068829575
3918,0,subtle_anomaly,monitor closely + collect more contextual data,0.4051946993314828,53.26610783505545,0.0001740758
3919,0,subtle_anomaly,monitor closely + collect more contextual data,0.4494469062383024,59.20390838522488,0.0003449818
3920,1,temporal_pattern_anomaly,analyze time-series behavior + review LSTM/Transformer features,0.4486544508396796,60.73587088255601,0.99979645
3921,0,subtle_anomaly,monitor closely + collect more contextual data,0.4628273538134177,63.90310527855269,0.00041211772
3922,0,subtle_anomaly,monitor closely + collect more contextual data,0.421251916920711,50.94107104071748,0.0012967533
3923,1,temporal_pattern_anomaly,analyze time-series behavior + review LSTM/Transformer features,0.3995940001584817,54.15661567001669,0.99995756
3924,0,subtle_anomaly,monitor closely + collect more contextual data,0.4110720179308961,45.750133909109735,0.0020713184
3925,0,subtle_anomaly,monitor closely + collect more contextual data,0.4350764035072363,56.6885443484508,0.0002046571
3926,0,subtle_anomaly,monitor closely + collect more contextual data,0.439653529039781,56.4667409499975,0.91795623
3927,0,collective_anomaly,investigate multivariate patterns + check correlated KPIs,0.5084507919019191,85.36765003785275,0.22619392
3928,0,subtle_anomaly,monitor closely + collect more contextual data,0.4349837467224551,59.98292668113588,2.7987206e-05
3929,0,subtle_anomaly,monitor closely + collect more contextual data,0.4025369618150043,55.45432407295495,0.00042379607
3930,1,temporal_pattern_anomaly,analyze time-series behavior + review LSTM/Transformer features,0.451975741558041,62.99287305700349,0.9998956
3931,0,isolation_outlier,inspect individual extreme values + check for sensor drift,0.4883932116116206,70.50731690996282,8.240729e-05
3932,1,temporal_pattern_anomaly,analyze time-series behavior + review LSTM/Transformer features,0.4123443614231598,56.63520912983801,0.9999434
3933,0,subtle_anomaly,monitor closely + collect more contextual data,0.456516501563487,57.30724583452692,0.0005998771
3934,1,temporal_pattern_anomaly,analyze time-series behavior + review LSTM/Transformer features,0.490978584569906,69.69699007623512,0.9262203
3935,1,temporal_pattern_anomaly,analyze time-series behavior + review LSTM/Transformer features,0.4578047939745245,69.54206658667513,0.9999026
3936,1,temporal_pattern_anomaly,analyze time-series behavior + review LSTM/Transformer features,0.4353506511001039,59.11672069022431,0.99950826
3937,0,subtle_anomaly,monitor closely + collect more contextual data,0.4084826658232553,50.61068521145065,0.00073050475
3938,1,collective_anomaly,investigate multivariate patterns + check correlated KPIs,0.5739699128326697,112.45074719368208,0.9999598
3939,0,subtle_anomaly,monitor closely + collect more contextual data,0.4433797015653792,65.9982347341709,0.000197741
3940,0,subtle_anomaly,monitor closely + collect more contextual data,0.473258450326479,70.69720408996598,0.00051704864
3941,1,temporal_pattern_anomaly,analyze time-series behavior + review LSTM/Transformer features,0.3896311515573056,48.44850659231447,0.99943334
3942,1,temporal_pattern_anomaly,analyze time-series behavior + review LSTM/Transformer features,0.3939575292897547,49.10652094471804,0.9990103
3943,0,subtle_anomaly,monitor closely + collect more contextual data,0.408088689670972,52.64013984981722,0.0030444001
3944,0,subtle_anomaly,monitor closely + collect more contextual data,0.4266794658604791,59.608500699796345,0.000104961015
3945,0,subtle_anomaly,monitor closely + collect more contextual data,0.4071100840671786,53.99558435049923,3.0903208e-05
3946,1,temporal_pattern_anomaly,analyze time-series behavior + review LSTM/Transformer features,0.4160492924329309,51.37400805417136,0.99989915
3947,0,subtle_anomaly,monitor closely + collect more contextual data,0.4134402946844976,48.51607591512693,0.0062194737
3948,0,subtle_anomaly,monitor closely + collect more contextual data,0.4431246474892837,65.87641263524073,0.00014789416
3949,1,temporal_pattern_anomaly,analyze time-series behavior + review LSTM/Transformer features,0.4913021028067857,74.53527271123477,0.99995077
3950,0,subtle_anomaly,monitor closely + collect more contextual data,0.4428705365400185,60.41047118307097,0.0003047536
3951,0,subtle_anomaly,monitor closely + collect more contextual data,0.4149431300759589,52.14455883912292,0.00012290852
3952,0,subtle_anomaly,monitor closely + collect more contextual data,0.3959477275924541,44.3395973601496,4.431575e-05
3953,0,subtle_anomaly,monitor closely + collect more contextual data,0.4426712329121349,62.73835621914339,0.00013221055
3954,0,subtle_anomaly,monitor closely + collect more contextual data,0.4155211963281539,50.835117442895445,0.0049973596
3955,1,temporal_pattern_anomaly,analyze time-series behavior + review LSTM/Transformer features,0.3973904568941933,52.25739342094676,0.9998191
3956,1,collective_anomaly,investigate multivariate patterns + check correlated KPIs,0.518371797419603,110.2710025889832,0.9997489
3957,0,subtle_anomaly,monitor closely + collect more contextual data,0.4626589429354156,61.28607233780741,0.00010279113
3958,0,subtle_anomaly,monitor closely + collect more contextual data,0.3961890991829952,45.59337389880746,5.145654e-05
3959,1,temporal_pattern_anomaly,analyze time-series behavior + review LSTM/Transformer features,0.4306293513941145,62.00592370760319,0.99994564
3960,0,subtle_anomaly,monitor closely + collect more contextual data,0.4032147682202436,51.6298579615891,0.0001617508
3961,0,subtle_anomaly,monitor closely + collect more contextual data,0.4043100080666733,51.22591457929417,6.112818e-05
3962,1,collective_anomaly,investigate multivariate patterns + check correlated KPIs,0.5241969820629034,104.5317456636302,0.9999479
3963,1,temporal_pattern_anomaly,analyze time-series behavior + review LSTM/Transformer features,0.4281728335316366,60.12201376084354,0.99984896
3964,0,subtle_anomaly,monitor closely + collect more contextual data,0.4493624229769736,61.851027816016014,0.00082479883
3965,0,subtle_anomaly,monitor closely + collect more contextual data,0.4353589573529385,60.344943548129365,0.00029369662
3966,0,subtle_anomaly,monitor closely + collect more contextual data,0.3916606488123386,44.32443730932105,0.00019495138
3967,0,subtle_anomaly,monitor closely + collect more contextual data,0.4283665382924692,45.26378101008891,0.0035288217
3968,0,subtle_anomaly,monitor closely + collect more contextual data,0.4318338678400826,56.32308009910096,0.00036431037
3969,1,collective_anomaly,investigate multivariate patterns + check correlated KPIs,0.5113012246629041,85.16688898933081,0.9960083
3970,1,temporal_pattern_anomaly,analyze time-series behavior + review LSTM/Transformer features,0.3850669536831466,43.32257661530082,0.99990237
3971,0,subtle_anomaly,monitor closely + collect more contextual data,0.4223153830554477,60.32380830233453,9.578778e-05
3972,0,subtle_anomaly,monitor closely + collect more contextual data,0.4496142740631488,67.20037981794229,9.88577e-05
3973,1,temporal_pattern_anomaly,analyze time-series behavior + review LSTM/Transformer features,0.4433697068494019,54.93784663245161,0.9998845
3974,0,subtle_anomaly,monitor closely + collect more contextual data,0.404351771125859,48.43961610940666,0.00013076543
3975,0,subtle_anomaly,monitor closely + collect more contextual data,0.4183016771119369,49.21082228184392,5.424936e-05
3976,1,temporal_pattern_anomaly,analyze time-series behavior + review LSTM/Transformer features,0.4720809113043346,75.5173131021122,0.9998217
3977,1,temporal_pattern_anomaly,analyze time-series behavior + review LSTM/Transformer features,0.3882399694611105,51.10414990760504,0.9999367
3978,0,subtle_anomaly,monitor closely + collect more contextual data,0.4196489941935696,56.64715091983146,0.000805225
3979,0,subtle_anomaly,monitor closely + collect more contextual data,0.4032167999642954,46.51484783673584,0.0020069832
3980,1,temporal_pattern_anomaly,analyze time-series behavior + review LSTM/Transformer features,0.4746076245592163,67.18077543363606,0.999899
3981,0,subtle_anomaly,monitor closely + collect more contextual data,0.433978594734164,58.70267875461273,0.00010622183
3982,0,subtle_anomaly,monitor closely + collect more contextual data,0.3804627856535282,44.21349562277391,8.162045e-05
3983,1,temporal_pattern_anomaly,analyze time-series behavior + review LSTM/Transformer features,0.4404783537140452,55.84109034947715,0.9999707
3984,1,collective_anomaly,investigate multivariate patterns + check correlated KPIs,0.5021413677615739,87.83973800442608,0.9999038
3985,0,subtle_anomaly,monitor closely + collect more contextual data,0.4056637407637696,49.21323483510797,7.770651e-05
3986,1,collective_anomaly,investigate multivariate patterns + check correlated KPIs,0.4963853391095119,84.1743235180588,0.9998611
3987,0,subtle_anomaly,monitor closely + collect more contextual data,0.4514799903855023,63.40610345868171,5.7862824e-05
3988,1,temporal_pattern_anomaly,analyze time-series behavior + review LSTM/Transformer features,0.451061296460367,62.58493892922284,0.99914396
3989,0,subtle_anomaly,monitor closely + collect more contextual data,0.4410098522374434,53.2496558232116,0.00028632235
3990,0,subtle_anomaly,monitor closely + collect more contextual data,0.4316657458898534,60.99699193550195,9.629983e-05
3991,0,subtle_anomaly,monitor closely + collect more contextual data,0.4056377495470245,47.37251436777108,9.8709155e-05
3992,1,collective_anomaly,investigate multivariate patterns + check correlated KPIs,0.4822376653201556,81.36823099321522,0.9990965
3993,0,subtle_anomaly,monitor closely + collect more contextual data,0.4474189085082051,57.44360467455242,0.0016963029
3994,0,subtle_anomaly,monitor closely + collect more contextual data,0.4378611175482392,58.499083560064776,5.8997248e-05
3995,0,subtle_anomaly,monitor closely + collect more contextual data,0.4331450557089802,56.57741476554915,0.0006522108
3996,0,subtle_anomaly,monitor closely + collect more contextual data,0.4288897799836134,57.846757082697366,0.00071943906
3997,0,subtle_anomaly,monitor closely + collect more contextual data,0.4243518440329754,54.30106049810696,7.465206e-05
3998,1,temporal_pattern_anomaly,analyze time-series behavior + review LSTM/Transformer features,0.429478535411313,54.59737480163856,0.9998197
3999,1,temporal_pattern_anomaly,analyze time-series behavior + review LSTM/Transformer features,0.4963870442527802,73.44924253308383,0.99973375
4000,0,subtle_anomaly,monitor closely + collect more contextual data,0.3712867737587824,41.41013152520077,0.00019448632
4001,0,subtle_anomaly,monitor closely + collect more contextual data,0.4474082347633454,66.0485427527857,9.6033895e-05
4002,0,subtle_anomaly,monitor closely + collect more contextual data,0.4471128379521424,60.02490017726312,0.00010914787
4003,1,temporal_pattern_anomaly,analyze time-series behavior + review LSTM/Transformer features,0.4507745556146659,62.6242658361632,0.99990404
4004,1,temporal_pattern_anomaly,analyze time-series behavior + review LSTM/Transformer features,0.4222583288151652,61.14298532932629,0.9997162
4005,0,temporal_pattern_anomaly,analyze time-series behavior + review LSTM/Transformer features,0.4283496793779658,54.73154075651623,0.58953303
4006,0,subtle_anomaly,monitor closely + collect more contextual data,0.4336215907919112,58.70578839622424,0.00014100419
4007,1,temporal_pattern_anomaly,analyze time-series behavior + review LSTM/Transformer features,0.4055129207147665,52.394453048866666,0.9999088
4008,0,subtle_anomaly,monitor closely + collect more contextual data,0.3829580468901453,44.6807022396922,3.97437e-05
4009,0,subtle_anomaly,monitor closely + collect more contextual data,0.4239953503079287,57.4624696883412,5.1288458e-05
4010,0,subtle_anomaly,monitor closely + collect more contextual data,0.3917046995811536,46.1265401165312,0.00037705177
4011,0,subtle_anomaly,monitor closely + collect more contextual data,0.4365600496583917,60.30097976040574,0.0001675126
4012,0,subtle_anomaly,monitor closely + collect more contextual data,0.4211541529169225,51.72871187884562,0.000101859
4013,1,temporal_pattern_anomaly,analyze time-series behavior + review LSTM/Transformer features,0.4460917023837549,62.15740873102459,0.27667198
4014,0,subtle_anomaly,monitor closely + collect more contextual data,0.4345908802387982,61.15355462482795,7.778984e-05
4015,0,subtle_anomaly,monitor closely + collect more contextual data,0.4340919529609516,60.358658181523225,2.4845242e-05
4016,0,subtle_anomaly,monitor closely + collect more contextual data,0.4127891276791792,46.795699933229095,0.0022029288
4017,0,subtle_anomaly,monitor closely + collect more contextual data,0.4564568770367831,59.97699662796532,0.0001528186
4018,0,subtle_anomaly,monitor closely + collect more contextual data,0.4060692985411737,50.77287161817635,0.0002814901
4019,1,temporal_pattern_anomaly,analyze time-series behavior + review LSTM/Transformer features,0.4250313466111741,51.35058346577877,0.99922156
4020,1,collective_anomaly,investigate multivariate patterns + check correlated KPIs,0.4883008364234305,88.7359187374717,0.9999409
4021,0,subtle_anomaly,monitor closely + collect more contextual data,0.4317665666923826,57.370394271395895,0.0003276152
4022,0,subtle_anomaly,monitor closely + collect more contextual data,0.450239892771861,56.22395629948603,0.03109558
4023,1,temporal_pattern_anomaly,analyze time-series behavior + review LSTM/Transformer features,0.4456645733382271,55.46616423715128,0.9967303
4024,1,temporal_pattern_anomaly,analyze time-series behavior + review LSTM/Transformer features,0.4594158918757818,79.60901956921738,0.9999424
4025,1,temporal_pattern_anomaly,analyze time-series behavior + review LSTM/Transformer features,0.4774315496389644,72.7542424439537,0.9998252
4026,0,subtle_anomaly,monitor closely + collect more contextual data,0.3955968320090619,44.69432978004964,5.0166633e-05
4027,1,temporal_pattern_anomaly,analyze time-series behavior + review LSTM/Transformer features,0.4140421346448023,55.05778951100409,0.9998092
4028,0,subtle_anomaly,monitor closely + collect more contextual data,0.4189016423789972,56.08173104755309,0.00040454764
4029,1,temporal_pattern_anomaly,analyze time-series behavior + review LSTM/Transformer features,0.4426659901177772,60.31904236712021,0.9997967
4030,0,subtle_anomaly,monitor closely + collect more contextual data,0.4345450358114265,65.50282282885442,6.679954e-05
4031,0,subtle_anomaly,monitor closely + collect more contextual data,0.4556692965019547,65.27891756996974,0.0006326332
4032,0,subtle_anomaly,monitor closely + collect more contextual data,0.4332256553974422,61.33846777086512,6.9597656e-05
4033,0,subtle_anomaly,monitor closely + collect more contextual data,0.4723626005764239,60.10670247475708,7.613696e-05
4034,0,subtle_anomaly,monitor closely + collect more contextual data,0.4208744111106286,55.30094013913028,7.851468e-05
4035,0,subtle_anomaly,monitor closely + collect more contextual data,0.4651828009553005,64.49293483555239,0.00025587538
4036,0,subtle_anomaly,monitor closely + collect more contextual data,0.412170589974775,51.672412653219816,0.00068052683
4037,1,temporal_pattern_anomaly,analyze time-series behavior + review LSTM/Transformer features,0.4835193341758554,73.38192180901677,0.9998975
4038,1,collective_anomaly,investigate multivariate patterns + check correlated KPIs,0.4970382570107445,89.7239754648892,0.99990463
4039,0,subtle_anomaly,monitor closely + collect more contextual data,0.4251744215781466,59.86523761779778,0.00013730345
4040,1,temporal_pattern_anomaly,analyze time-series behavior + review LSTM/Transformer features,0.4144725375346489,49.807551852102726,0.9999368
4041,1,temporal_pattern_anomaly,analyze time-series behavior + review LSTM/Transformer features,0.422847566824663,54.67682349817162,0.8616533
4042,0,subtle_anomaly,monitor closely + collect more contextual data,0.4018724840287194,45.94680279454265,5.9382197e-05
4043,0,subtle_anomaly,monitor closely + collect more contextual data,0.3920339218464582,46.9369139732658,0.00017991783
4044,0,subtle_anomaly,monitor closely + collect more contextual data,0.401828774818613,52.79329831293731,0.00021622302
4045,1,temporal_pattern_anomaly,analyze time-series behavior + review LSTM/Transformer features,0.4265173624301798,57.23447485279186,0.99985826
4046,0,subtle_anomaly,monitor closely + collect more contextual data,0.4081274061081308,50.07514741240009,5.181813e-05
4047,1,collective_anomaly,investigate multivariate patterns + check correlated KPIs,0.4928843924352173,88.03659539644687,0.99993634
4048,0,subtle_anomaly,monitor closely + collect more contextual data,0.3792752528221156,46.86038712094787,0.0004799693
4049,1,collective_anomaly,investigate multivariate patterns + check correlated KPIs,0.5374650793129457,95.96320976896207,0.9987759
4050,1,temporal_pattern_anomaly,analyze time-series behavior + review LSTM/Transformer features,0.4104384704440329,52.08737805981662,0.99594575
4051,1,collective_anomaly,investigate multivariate patterns + check correlated KPIs,0.5444030532708717,113.05303866534388,0.99992204
4052,0,subtle_anomaly,monitor closely + collect more contextual data,0.390464898804414,48.11454786719412,2.5440793e-05
4053,0,subtle_anomaly,monitor closely + collect more contextual data,0.45723873655008,70.01161527381745,0.0006080177
4054,1,temporal_pattern_anomaly,analyze time-series behavior + review LSTM/Transformer features,0.3846703259998955,47.40227855700925,0.99746203
4055,0,subtle_anomaly,monitor closely + collect more contextual data,0.4368086220441827,59.87645642194359,3.281617e-05
4056,1,temporal_pattern_anomaly,analyze time-series behavior + review LSTM/Transformer features,0.4683080705801005,76.30581802275249,0.9999542
4057,1,temporal_pattern_anomaly,analyze time-series behavior + review LSTM/Transformer features,0.4622458378138379,69.7880841743368,0.99980384
4058,0,subtle_anomaly,monitor closely + collect more contextual data,0.4273666700484079,50.45493699850989,0.00084548345
4059,1,temporal_pattern_anomaly,analyze time-series behavior + review LSTM/Transformer features,0.4845449590313825,77.08811971729689,0.9998766
4060,1,temporal_pattern_anomaly,analyze time-series behavior + review LSTM/Transformer features,0.4214792148112471,49.95968502967105,0.8359027
4061,0,subtle_anomaly,monitor closely + collect more contextual data,0.3894029389161287,43.007149428247885,4.532857e-05
4062,1,collective_anomaly,investigate multivariate patterns + check correlated KPIs,0.5500020515730832,103.13039931793888,0.9998111
4063,1,temporal_pattern_anomaly,analyze time-series behavior + review LSTM/Transformer features,0.4488437681185024,61.876669723138605,0.99995637
4064,0,collective_anomaly,investigate multivariate patterns + check correlated KPIs,0.5160145592472385,86.62987365891115,0.0027599982
4065,1,temporal_pattern_anomaly,analyze time-series behavior + review LSTM/Transformer features,0.4530869254526348,62.10474153122386,0.9993973
4066,0,collective_anomaly,investigate multivariate patterns + check correlated KPIs,0.4929499238213463,83.82666186788859,0.00016690166
4067,0,subtle_anomaly,monitor closely + collect more contextual data,0.405051288621121,48.39515912860477,2.1275997e-05
4068,0,subtle_anomaly,monitor closely + collect more contextual data,0.3853699834011806,43.20706155490903,0.00012700802
4069,0,subtle_anomaly,monitor closely + collect more contextual data,0.4118521990261208,52.6855482141419,0.002389002
4070,0,subtle_anomaly,monitor closely + collect more contextual data,0.45273392889219,56.16482866425061,0.00018528386
4071,1,collective_anomaly,investigate multivariate patterns + check correlated KPIs,0.5176950554415237,102.86034665289694,0.99961424
4072,0,subtle_anomaly,monitor closely + collect more contextual data,0.4075530881964733,54.42996431941664,1.117336e-05
4073,0,subtle_anomaly,monitor closely + collect more contextual data,0.4191667929684638,50.00079139571597,0.0007911684
4074,1,temporal_pattern_anomaly,analyze time-series behavior + review LSTM/Transformer features,0.423144400053714,54.7841727661542,0.9997466
4075,0,subtle_anomaly,monitor closely + collect more contextual data,0.4044646130346284,51.31546365339587,0.0011549778
4076,1,temporal_pattern_anomaly,analyze time-series behavior + review LSTM/Transformer features,0.4748451510148579,79.20404785097868,0.99926525
4077,0,subtle_anomaly,monitor closely + collect more contextual data,0.4226463699665185,52.46574337088603,0.0008632956
4078,1,collective_anomaly,investigate multivariate patterns + check correlated KPIs,0.4937629017339185,80.66110292009158,0.9999032
4079,0,subtle_anomaly,monitor closely + collect more contextual data,0.4270686658315443,54.82029959227581,7.284079e-05
4080,0,subtle_anomaly,monitor closely + collect more contextual data,0.4022534036086532,51.48301664550618,1.6211094e-05
4081,0,subtle_anomaly,monitor closely + collect more contextual data,0.3833999467373603,45.586344133595176,3.0725656e-05
4082,0,subtle_anomaly,monitor closely + collect more contextual data,0.4258573847966678,48.71247469692979,0.0012505959
4083,1,temporal_pattern_anomaly,analyze time-series behavior + review LSTM/Transformer features,0.4073655676635168,54.03800086446404,0.99994147
4084,0,subtle_anomaly,monitor closely + collect more contextual data,0.434513022363133,57.77963145179,0.0002489874
4085,1,temporal_pattern_anomaly,analyze time-series behavior + review LSTM/Transformer features,0.4396022372181781,53.45548053407363,0.99994636
4086,0,subtle_anomaly,monitor closely + collect more contextual data,0.4297212174056635,49.47618240081359,0.00025885747
4087,0,subtle_anomaly,monitor closely + collect more contextual data,0.4266168663069189,48.83488588888599,0.0012756889
4088,0,subtle_anomaly,monitor closely + collect more contextual data,0.3775983627479571,43.94542898709703,0.000111549
4089,0,subtle_anomaly,monitor closely + collect more contextual data,0.4385873009094971,57.14346965680542,0.0001265571
4090,1,temporal_pattern_anomaly,analyze time-series behavior + review LSTM/Transformer features,0.4395647352338384,56.0257859125868,0.9993599
4091,1,temporal_pattern_anomaly,analyze time-series behavior + review LSTM/Transformer features,0.4528655884541374,61.60424346197863,0.99667597
4092,1,temporal_pattern_anomaly,analyze time-series behavior + review LSTM/Transformer features,0.4313798820585577,57.37677699869462,0.99989665
4093,1,temporal_pattern_anomaly,analyze time-series behavior + review LSTM/Transformer features,0.4538296855579621,59.81289219405441,0.9998417
4094,1,temporal_pattern_anomaly,analyze time-series behavior + review LSTM/Transformer features,0.4362356330873209,57.43408575219273,0.99997234
4095,0,collective_anomaly,investigate multivariate patterns + check correlated KPIs,0.539703459441336,102.7156116130666,0.014892401
4096,0,subtle_anomaly,monitor closely + collect more contextual data,0.4612323901926164,59.71580947643182,0.0013825129
4097,0,subtle_anomaly,monitor closely + collect more contextual data,0.4783459576732308,66.26227674756737,0.0001000682
4098,0,subtle_anomaly,monitor closely + collect more contextual data,0.4320471926736323,54.88094493604399,0.0015843019
4099,0,subtle_anomaly,monitor closely + collect more contextual data,0.416091527475458,57.19190104089891,0.00011113058
4100,1,temporal_pattern_anomaly,analyze time-series behavior + review LSTM/Transformer features,0.383046284801247,49.37305386342723,0.9999299
4101,0,isolation_outlier,inspect individual extreme values + check for sensor drift,0.4864615087604966,69.37151408115491,5.0381706e-05
4102,0,subtle_anomaly,monitor closely + collect more contextual data,0.4614744610470367,67.86410217115348,4.2390962e-05
4103,0,subtle_anomaly,monitor closely + collect more contextual data,0.4215933354198213,52.37115954346523,0.00055473944
4104,1,collective_anomaly,investigate multivariate patterns + check correlated KPIs,0.4853523938624567,84.83229256265605,0.9999131
4105,0,subtle_anomaly,monitor closely + collect more contextual data,0.4061842771494905,49.3410608755861,0.00010570186
4106,0,subtle_anomaly,monitor closely + collect more contextual data,0.4033250177558591,47.66319876747482,5.144128e-05
4107,0,subtle_anomaly,monitor closely + collect more contextual data,0.4451480991748267,59.70048071436264,0.0050217644
4108,1,temporal_pattern_anomaly,analyze time-series behavior + review LSTM/Transformer features,0.4361459007365224,54.24796017281436,0.9999509
4109,1,temporal_pattern_anomaly,analyze time-series behavior + review LSTM/Transformer features,0.3931218317858883,53.31639832665842,0.99991965
4110,1,temporal_pattern_anomaly,analyze time-series behavior + review LSTM/Transformer features,0.4403209750826196,54.41368279665807,0.9993492
4111,0,subtle_anomaly,monitor closely + collect more contextual data,0.4263282944574369,55.31496874961675,0.00013419245
4112,1,temporal_pattern_anomaly,analyze time-series behavior + review LSTM/Transformer features,0.4529031703647085,63.59036146944238,0.999948
4113,1,temporal_pattern_anomaly,analyze time-series behavior + review LSTM/Transformer features,0.3833674609694644,44.25581933446158,0.9996909
4114,1,temporal_pattern_anomaly,analyze time-series behavior + review LSTM/Transformer features,0.4267325716289691,52.5647285553177,0.9999435
4115,0,subtle_anomaly,monitor closely + collect more contextual data,0.412569554625953,54.55436715815,0.0042649303
4116,0,subtle_anomaly,monitor closely + collect more contextual data,0.4319761460522028,51.14583376662855,0.00031878118
4117,0,subtle_anomaly,monitor closely + collect more contextual data,0.4179176208580784,56.31637550213102,4.6404733e-05
4118,0,subtle_anomaly,monitor closely + collect more contextual data,0.4078720216446362,48.21299189310144,0.00028174702
4119,1,temporal_pattern_anomaly,analyze time-series behavior + review LSTM/Transformer features,0.4257460756668603,56.81163033284369,0.99982244
4120,0,subtle_anomaly,monitor closely + collect more contextual data,0.4050080477422578,50.85612507374086,0.00026681166
4121,1,temporal_pattern_anomaly,analyze time-series behavior + review LSTM/Transformer features,0.448810437149293,71.68363871811135,0.99930847
4122,1,temporal_pattern_anomaly,analyze time-series behavior + review LSTM/Transformer features,0.463532655872404,66.43149478408928,0.99996924
4123,0,subtle_anomaly,monitor closely + collect more contextual data,0.445699284721741,58.17161995429807,9.1025286e-05
4124,1,collective_anomaly,investigate multivariate patterns + check correlated KPIs,0.5268175169473835,104.31556164887864,0.99985254
4125,1,temporal_pattern_anomaly,analyze time-series behavior + review LSTM/Transformer features,0.4497618913757865,61.52665645169931,0.9999652
4126,1,collective_anomaly,investigate multivariate patterns + check correlated KPIs,0.5573199181257044,108.21218815877292,0.99987125
4127,1,temporal_pattern_anomaly,analyze time-series behavior + review LSTM/Transformer features,0.465038974334784,71.15014786993088,0.9999577
4128,1,collective_anomaly,investigate multivariate patterns + check correlated KPIs,0.535280594570604,94.61057988592164,0.99992573
4129,0,subtle_anomaly,monitor closely + collect more contextual data,0.4180716219255725,52.17900006728697,0.00026474876
4130,0,subtle_anomaly,monitor closely + collect more contextual data,0.4005270209442291,52.39565968090989,4.922603e-05
4131,0,subtle_anomaly,monitor closely + collect more contextual data,0.4071155260377911,48.77669980041496,0.00051640416
4132,1,temporal_pattern_anomaly,analyze time-series behavior + review LSTM/Transformer features,0.4376513736729547,56.38262093124867,0.99978334
4133,0,subtle_anomaly,monitor closely + collect more contextual data,0.4223470093436115,52.13367035273546,0.0004839183
4134,1,temporal_pattern_anomaly,analyze time-series behavior + review LSTM/Transformer features,0.4038429672602291,57.40890709244782,0.99992967
4135,0,subtle_anomaly,monitor closely + collect more contextual data,0.460195441673056,59.8457669552958,0.00016419469
4136,0,subtle_anomaly,monitor closely + collect more contextual data,0.4178622835591221,56.003660436967,6.45951e-05
4137,0,subtle_anomaly,monitor closely + collect more contextual data,0.3708115719514482,39.75790597973919,0.00015162911
4138,1,temporal_pattern_anomaly,analyze time-series behavior + review LSTM/Transformer features,0.4130944773620087,58.74995709060933,0.9991098
4139,0,subtle_anomaly,monitor closely + collect more contextual data,0.3987066523392459,49.98197583343419,0.0005210124
4140,0,subtle_anomaly,monitor closely + collect more contextual data,0.3987591407411094,46.503057051008426,0.00013738804
4141,1,collective_anomaly,investigate multivariate patterns + check correlated KPIs,0.510136802779898,86.59661092848992,0.9996723
4142,0,temporal_pattern_anomaly,analyze time-series behavior + review LSTM/Transformer features,0.4429932594171726,60.14663526120731,0.9222158
4143,0,subtle_anomaly,monitor closely + collect more contextual data,0.3803763929442149,43.05748686445253,0.017694106
4144,1,temporal_pattern_anomaly,analyze time-series behavior + review LSTM/Transformer features,0.4743739809463616,70.91769746612101,0.99997854
4145,1,temporal_pattern_anomaly,analyze time-series behavior + review LSTM/Transformer features,0.4186854462583544,54.42342539384152,0.99943095
4146,0,subtle_anomaly,monitor closely + collect more contextual data,0.390321312051553,48.72489069407177,0.00017504916
4147,1,temporal_pattern_anomaly,analyze time-series behavior + review LSTM/Transformer features,0.3808433853815591,43.061208814124015,0.69767493
4148,1,temporal_pattern_anomaly,analyze time-series behavior + review LSTM/Transformer features,0.465427630283796,64.7654733416199,0.99993277
4149,0,subtle_anomaly,monitor closely + collect more contextual data,0.4296220273731348,57.930878531181726,0.00018006387
4150,1,collective_anomaly,investigate multivariate patterns + check correlated KPIs,0.4866963693361568,82.97672972046445,0.99989104
4151,1,temporal_pattern_anomaly,analyze time-series behavior + review LSTM/Transformer features,0.41404067584614,53.66519081585657,0.9999088
4152,0,subtle_anomaly,monitor closely + collect more contextual data,0.3834778177791331,48.8246337693829,0.00021503694
4153,0,subtle_anomaly,monitor closely + collect more contextual data,0.4180684145252679,48.78810360584389,0.0001485338
4154,0,subtle_anomaly,monitor closely + collect more contextual data,0.4360526478526254,62.97872565475146,4.487169e-05
4155,0,collective_anomaly,investigate multivariate patterns + check correlated KPIs,0.5596597979930703,121.0862980195388,0.0025121183
4156,0,subtle_anomaly,monitor closely + collect more contextual data,0.4181924266460045,59.19492743069284,3.0483736e-05
4157,0,subtle_anomaly,monitor closely + collect more contextual data,0.4137651218617721,52.26667702387154,7.093913e-05
4158,1,temporal_pattern_anomaly,analyze time-series behavior + review LSTM/Transformer features,0.4600729874903415,61.33016873785069,0.99832004
4159,0,subtle_anomaly,monitor closely + collect more contextual data,0.4138289286957218,52.90783146312258,0.0005570865
4160,0,collective_anomaly,investigate multivariate patterns + check correlated KPIs,0.5743416074490447,104.44500081729724,0.0027138637
4161,0,subtle_anomaly,monitor closely + collect more contextual data,0.4310559181000956,62.723613245312926,9.258405e-05
4162,1,temporal_pattern_anomaly,analyze time-series behavior + review LSTM/Transformer features,0.4427374723778565,53.58348369046916,0.9998048
4163,0,subtle_anomaly,monitor closely + collect more contextual data,0.41719966946533,55.33308903303303,4.070622e-05
4164,1,temporal_pattern_anomaly,analyze time-series behavior + review LSTM/Transformer features,0.4241063764093355,55.67646659117154,0.9995938
4165,1,temporal_pattern_anomaly,analyze time-series behavior + review LSTM/Transformer features,0.4449571523256085,65.58725005227164,0.99908495
4166,1,temporal_pattern_anomaly,analyze time-series behavior + review LSTM/Transformer features,0.4126942989791994,53.04074053830121,0.9996643
4167,1,collective_anomaly,investigate multivariate patterns + check correlated KPIs,0.5332847885513599,98.58416774225948,0.98925066
4168,0,subtle_anomaly,monitor closely + collect more contextual data,0.4361675464579534,56.93424143839975,0.00028871984
4169,1,temporal_pattern_anomaly,analyze time-series behavior + review LSTM/Transformer features,0.4201005372985146,55.751460933337576,0.99742305
4170,0,subtle_anomaly,monitor closely + collect more contextual data,0.4038165103917104,53.06696083326364,5.3781598e-05
4171,1,temporal_pattern_anomaly,analyze time-series behavior + review LSTM/Transformer features,0.4580056369381937,76.89393403069633,0.99989796
4172,0,subtle_anomaly,monitor closely + collect more contextual data,0.4104002807861696,52.82052060749842,4.4966484e-05
4173,0,subtle_anomaly,monitor closely + collect more contextual data,0.4043465155050218,49.98701477839311,3.575046e-05
4174,1,temporal_pattern_anomaly,analyze time-series behavior + review LSTM/Transformer features,0.4544377660906282,67.1364108136843,0.9999604
4175,0,subtle_anomaly,monitor closely + collect more contextual data,0.479555457873436,75.58182023283563,0.00021018229
4176,0,subtle_anomaly,monitor closely + collect more contextual data,0.3641744515375014,40.358179848760834,0.00023708964
4177,0,subtle_anomaly,monitor closely + collect more contextual data,0.462434073287756,61.66547704796575,0.0049126474
4178,0,subtle_anomaly,monitor closely + collect more contextual data,0.4223220952293333,51.94784643161055,0.0018348108
4179,1,temporal_pattern_anomaly,analyze time-series behavior + review LSTM/Transformer features,0.4617165628581464,60.71002260850141,0.9998958
4180,1,temporal_pattern_anomaly,analyze time-series behavior + review LSTM/Transformer features,0.3716588265299314,41.17587402273951,0.9993748
4181,0,subtle_anomaly,monitor closely + collect more contextual data,0.3887807329968625,47.32669763564416,0.00069437426
4182,0,subtle_anomaly,monitor closely + collect more contextual data,0.4379145373407171,63.96650422964717,4.612071e-05
4183,1,temporal_pattern_anomaly,analyze time-series behavior + review LSTM/Transformer features,0.4226103118862491,58.00177952735968,0.9999405
4184,1,temporal_pattern_anomaly,analyze time-series behavior + review LSTM/Transformer features,0.4259667033632792,56.033126676805935,0.9997733
4185,0,subtle_anomaly,monitor closely + collect more contextual data,0.4513311644512511,62.83100714496935,3.5407367e-05
4186,1,collective_anomaly,investigate multivariate patterns + check correlated KPIs,0.5536768705289543,125.58892313833326,0.99995255
4187,1,temporal_pattern_anomaly,analyze time-series behavior + review LSTM/Transformer features,0.4625399597146758,69.67168416884046,0.9999565
4188,0,subtle_anomaly,monitor closely + collect more contextual data,0.432775244684325,60.584414987686216,0.002579693
4189,1,temporal_pattern_anomaly,analyze time-series behavior + review LSTM/Transformer features,0.4023044479053778,47.09917466944014,0.9998165
4190,0,subtle_anomaly,monitor closely + collect more contextual data,0.4301305990559002,56.93516697546583,0.008589476
4191,1,collective_anomaly,investigate multivariate patterns + check correlated KPIs,0.4816853889519626,82.84165705744616,0.99948776
4192,1,collective_anomaly,investigate multivariate patterns + check correlated KPIs,0.5409697052737498,114.02322507891876,0.9993672
4193,0,subtle_anomaly,monitor closely + collect more contextual data,0.4687956850503229,66.0925390163851,0.00029655138
4194,0,subtle_anomaly,monitor closely + collect more contextual data,0.4296589114393507,57.25834986304309,0.0002777464
4195,0,subtle_anomaly,monitor closely + collect more contextual data,0.3835829848248168,46.51289445671576,0.03714658
4196,1,temporal_pattern_anomaly,analyze time-series behavior + review LSTM/Transformer features,0.4363951936633324,50.34538489690687,0.999564
4197,1,temporal_pattern_anomaly,analyze time-series behavior + review LSTM/Transformer features,0.4541039908121155,61.74723286892137,0.9999516
4198,1,temporal_pattern_anomaly,analyze time-series behavior + review LSTM/Transformer features,0.4391251212592159,65.04425598045762,0.9998615
4199,0,subtle_anomaly,monitor closely + collect more contextual data,0.4254139220085092,60.32156017284223,0.0062649166
4200,1,temporal_pattern_anomaly,analyze time-series behavior + review LSTM/Transformer features,0.4255818013204825,54.64705782555258,0.99911064
4201,1,temporal_pattern_anomaly,analyze time-series behavior + review LSTM/Transformer features,0.3753747686467277,43.58586908702121,0.9995999
4202,0,collective_anomaly,investigate multivariate patterns + check correlated KPIs,0.5076013555950744,88.52245018075726,0.0017193723
4203,0,subtle_anomaly,monitor closely + collect more contextual data,0.4196707078471957,57.04727593118751,0.00032673313
4204,1,temporal_pattern_anomaly,analyze time-series behavior + review LSTM/Transformer features,0.4460780841772871,61.523604013024034,0.99986374
4205,1,temporal_pattern_anomaly,analyze time-series behavior + review LSTM/Transformer features,0.4263127296435595,56.98201289187508,0.9988462
4206,0,subtle_anomaly,monitor closely + collect more contextual data,0.3966840101521637,45.542096510374606,0.0001579225
4207,0,isolation_outlier,inspect individual extreme values + check for sensor drift,0.4818618126924472,73.95432756324024,7.6203134e-05
4208,0,subtle_anomaly,monitor closely + collect more contextual data,0.4672357083719855,75.83318448084171,3.8069473e-05
4209,1,temporal_pattern_anomaly,analyze time-series behavior + review LSTM/Transformer features,0.4569845525129286,63.97119705164432,0.99969983
4210,0,subtle_anomaly,monitor closely + collect more contextual data,0.4794311090645093,69.37952824174668,0.00015925063
4211,1,temporal_pattern_anomaly,analyze time-series behavior + review LSTM/Transformer features,0.4186064636347594,55.85781213365477,0.9999682
4212,0,subtle_anomaly,monitor closely + collect more contextual data,0.4203132640424013,58.287446745379626,5.081142e-05
4213,1,temporal_pattern_anomaly,analyze time-series behavior + review LSTM/Transformer features,0.4116778926923384,55.47348301670949,0.9999263
4214,1,temporal_pattern_anomaly,analyze time-series behavior + review LSTM/Transformer features,0.414128952136586,59.34559520378282,0.9999472
4215,0,subtle_anomaly,monitor closely + collect more contextual data,0.3986890976868613,48.60239997596314,0.00023272011
4216,0,subtle_anomaly,monitor closely + collect more contextual data,0.3856322824242131,41.105368973678274,0.000119043565
4217,0,subtle_anomaly,monitor closely + collect more contextual data,0.4112865017780329,47.63794869017298,0.0012667713
4218,1,temporal_pattern_anomaly,analyze time-series behavior + review LSTM/Transformer features,0.4182915176374412,57.1589596862449,0.9999393
4219,0,subtle_anomaly,monitor closely + collect more contextual data,0.3983085432089559,46.33112319714687,0.0008114928
4220,1,temporal_pattern_anomaly,analyze time-series behavior + review LSTM/Transformer features,0.4285309545466877,60.39406292044789,0.99990857
4221,1,temporal_pattern_anomaly,analyze time-series behavior + review LSTM/Transformer features,0.4290805873748216,58.33016510448392,0.9922065
4222,1,temporal_pattern_anomaly,analyze time-series behavior + review LSTM/Transformer features,0.4004524562777883,53.294862265646,0.9999745
4223,0,subtle_anomaly,monitor closely + collect more contextual data,0.4312820458481161,62.90947961158873,0.00047137696
4224,1,temporal_pattern_anomaly,analyze time-series behavior + review LSTM/Transformer features,0.3911315357921552,44.32422628970434,0.99997234
4225,1,collective_anomaly,investigate multivariate patterns + check correlated KPIs,0.5198082347464839,97.12672668132832,0.99911326
4226,1,temporal_pattern_anomaly,analyze time-series behavior + review LSTM/Transformer features,0.4396927321974135,60.02081041599437,0.99986565
4227,0,subtle_anomaly,monitor closely + collect more contextual data,0.3886793661922021,43.79973067611225,9.081019e-05
4228,0,subtle_anomaly,monitor closely + collect more contextual data,0.3967382515022855,45.56179481826431,0.0002225099
4229,1,temporal_pattern_anomaly,analyze time-series behavior + review LSTM/Transformer features,0.3788346433490326,42.05482876543178,0.9995172
4230,1,temporal_pattern_anomaly,analyze time-series behavior + review LSTM/Transformer features,0.4618060284547784,70.05383113802331,0.9998272
4231,0,subtle_anomaly,monitor closely + collect more contextual data,0.4625298673125748,64.92404325887375,0.00012978532
4232,0,subtle_anomaly,monitor closely + collect more contextual data,0.4706339013408531,63.46355327300576,0.0007295569
4233,1,temporal_pattern_anomaly,analyze time-series behavior + review LSTM/Transformer features,0.4146540940653594,57.34864483476535,0.9994973
4234,1,temporal_pattern_anomaly,analyze time-series behavior + review LSTM/Transformer features,0.3925375838448837,46.76517933093464,0.99995005
4235,1,collective_anomaly,investigate multivariate patterns + check correlated KPIs,0.5483865891849474,102.10600682480288,0.99996996
4236,1,temporal_pattern_anomaly,analyze time-series behavior + review LSTM/Transformer features,0.4589679177425421,66.31469183363455,0.99974555
4237,0,subtle_anomaly,monitor closely + collect more contextual data,0.3985632522274909,50.77802422109651,0.0010693774
4238,0,subtle_anomaly,monitor closely + collect more contextual data,0.3871089458406189,45.40705005881468,4.5565244e-05
4239,0,subtle_anomaly,monitor closely + collect more contextual data,0.4009112110367223,48.65127239654392,0.00020977085
4240,1,temporal_pattern_anomaly,analyze time-series behavior + review LSTM/Transformer features,0.4380086321828298,58.14019218365681,0.9981799
4241,0,subtle_anomaly,monitor closely + collect more contextual data,0.4304326912881799,54.08783037025084,0.0003153837
4242,0,subtle_anomaly,monitor closely + collect more contextual data,0.4500743870600527,58.2808593042066,0.00024813093
4243,1,temporal_pattern_anomaly,analyze time-series behavior + review LSTM/Transformer features,0.4143138454188598,51.10681548721875,0.9998128
4244,0,subtle_anomaly,monitor closely + collect more contextual data,0.4079169661866621,52.525709435197584,0.38575634
4245,0,subtle_anomaly,monitor closely + collect more contextual data,0.4522579591845967,67.17200437706629,0.00021519691
4246,1,temporal_pattern_anomaly,analyze time-series behavior + review LSTM/Transformer features,0.4809239426530507,65.94831750029148,0.999969
4247,0,subtle_anomaly,monitor closely + collect more contextual data,0.4393414073353853,55.66500925953293,0.08733364
4248,1,temporal_pattern_anomaly,analyze time-series behavior + review LSTM/Transformer features,0.4326884648711468,65.88324077665638,0.99993944
4249,0,subtle_anomaly,monitor closely + collect more contextual data,0.391368515218333,45.30933324448249,3.005823e-05
4250,0,subtle_anomaly,monitor closely + collect more contextual data,0.3982206328362344,49.33149991939127,0.00035605635
4251,1,temporal_pattern_anomaly,analyze time-series behavior + review LSTM/Transformer features,0.4482143256695489,55.41683237558384,0.9996488
4252,0,subtle_anomaly,monitor closely + collect more contextual data,0.4382230612085799,59.26960059288995,7.6889126e-05
4253,1,temporal_pattern_anomaly,analyze time-series behavior + review LSTM/Transformer features,0.3993931663911842,48.99415003713416,0.99979967
4254,1,temporal_pattern_anomaly,analyze time-series behavior + review LSTM/Transformer features,0.4866859085987876,76.76081390765083,0.9992112
4255,1,temporal_pattern_anomaly,analyze time-series behavior + review LSTM/Transformer features,0.3874513636555322,47.03728438130384,0.94975775
4256,0,subtle_anomaly,monitor closely + collect more contextual data,0.418092607744457,56.840454659274606,0.00029701457
4257,1,temporal_pattern_anomaly,analyze time-series behavior + review LSTM/Transformer features,0.4336373223896603,53.16233621546069,0.99979156
4258,0,subtle_anomaly,monitor closely + collect more contextual data,0.3853463102569991,46.13854401137714,0.0012103232
4259,1,collective_anomaly,investigate multivariate patterns + check correlated KPIs,0.5244736229549227,100.53816678617152,0.9991767
4260,0,subtle_anomaly,monitor closely + collect more contextual data,0.3899519559062722,44.43227818321651,8.1540864e-05
4261,1,collective_anomaly,investigate multivariate patterns + check correlated KPIs,0.5578586735367632,119.32509894666424,0.9994875
4262,1,collective_anomaly,investigate multivariate patterns + check correlated KPIs,0.5770590112044971,117.57295886354976,0.9998252
4263,0,subtle_anomaly,monitor closely + collect more contextual data,0.4255541499650346,59.10194989205497,0.79447895
4264,1,temporal_pattern_anomaly,analyze time-series behavior + review LSTM/Transformer features,0.4682008508882219,67.87178356014162,0.99903154
4265,1,temporal_pattern_anomaly,analyze time-series behavior + review LSTM/Transformer features,0.4507698277738338,63.74869726001185,0.9999378
4266,0,subtle_anomaly,monitor closely + collect more contextual data,0.4318211415285641,50.6783650774218,0.00096847775
4267,0,isolation_outlier,inspect individual extreme values + check for sensor drift,0.4860501439088251,78.42107111104019,5.6356683e-05
4268,1,temporal_pattern_anomaly,analyze time-series behavior + review LSTM/Transformer features,0.4262255333862472,58.4826335349628,0.9228346
4269,0,subtle_anomaly,monitor closely + collect more contextual data,0.4678607873940161,65.12064647722966,0.0001901149
4270,1,temporal_pattern_anomaly,analyze time-series behavior + review LSTM/Transformer features,0.4128963417313638,54.62836116548687,0.999944
4271,0,subtle_anomaly,monitor closely + collect more contextual data,0.3877469346739793,44.16328343078252,6.84459e-05
4272,0,subtle_anomaly,monitor closely + collect more contextual data,0.4261239860282307,61.50848767876827,0.00028675128
4273,0,subtle_anomaly,monitor closely + collect more contextual data,0.4223096556301887,47.45409844212861,0.0008341705
4274,0,subtle_anomaly,monitor closely + collect more contextual data,0.4193425973377535,55.1783487737336,0.00027804927
4275,0,isolation_outlier,inspect individual extreme values + check for sensor drift,0.4811164396786395,70.07047254133688,9.2126094e-05
4276,0,subtle_anomaly,monitor closely + collect more contextual data,0.4421459352433466,62.89626424069167,6.988809e-05
4277,0,subtle_anomaly,monitor closely + collect more contextual data,0.4335773700595676,62.67068703394147,0.00019028065
4278,1,temporal_pattern_anomaly,analyze time-series behavior + review LSTM/Transformer features,0.4438425035751127,53.69983787704368,0.9853307
4279,0,subtle_anomaly,monitor closely + collect more contextual data,0.4295593828103886,59.48416824960975,0.00057359476
4280,1,collective_anomaly,investigate multivariate patterns + check correlated KPIs,0.5003373405401564,82.41253138837457,0.99993825
4281,1,collective_anomaly,investigate multivariate patterns + check correlated KPIs,0.5169025422980521,100.1981918360286,0.9999666
4282,1,temporal_pattern_anomaly,analyze time-series behavior + review LSTM/Transformer features,0.4177499850907045,60.58004723768271,0.999966
4283,0,subtle_anomaly,monitor closely + collect more contextual data,0.3883422629034392,43.443675207108,8.972039e-05
4284,0,subtle_anomaly,monitor closely + collect more contextual data,0.4514364704847928,55.70074593737492,0.0007891611
4285,1,collective_anomaly,investigate multivariate patterns + check correlated KPIs,0.574370600721507,115.83770578822929,0.99989426
4286,1,temporal_pattern_anomaly,analyze time-series behavior + review LSTM/Transformer features,0.4140789000064505,56.603200169943854,0.9999225
4287,1,temporal_pattern_anomaly,analyze time-series behavior + review LSTM/Transformer features,0.3987926259754133,50.91841210851491,0.8683062
4288,1,temporal_pattern_anomaly,analyze time-series behavior + review LSTM/Transformer features,0.4176220497636235,57.94937532137232,0.9999654
4289,0,subtle_anomaly,monitor closely + collect more contextual data,0.4167986337510141,57.67626053351079,0.00041812114
4290,1,temporal_pattern_anomaly,analyze time-series behavior + review LSTM/Transformer features,0.4236712867608495,56.4243349780976,0.999451
4291,1,temporal_pattern_anomaly,analyze time-series behavior + review LSTM/Transformer features,0.4230279949283342,52.587760686942254,0.9999628
4292,1,temporal_pattern_anomaly,analyze time-series behavior + review LSTM/Transformer features,0.4203597264717927,52.57326440012304,0.9998956
4293,1,temporal_pattern_anomaly,analyze time-series behavior + review LSTM/Transformer features,0.3941198466822709,47.24020816050324,0.9997992
4294,0,subtle_anomaly,monitor closely + collect more contextual data,0.4121578522693385,49.542661237505655,8.845243e-05
4295,0,subtle_anomaly,monitor closely + collect more contextual data,0.3941306052905013,48.0180091540502,0.00016223473
4296,0,subtle_anomaly,monitor closely + collect more contextual data,0.43225984322335,57.24865421499229,0.00030875168
4297,1,collective_anomaly,investigate multivariate patterns + check correlated KPIs,0.540643633680629,108.56368969036735,0.99990237
4298,1,temporal_pattern_anomaly,analyze time-series behavior + review LSTM/Transformer features,0.4195863301689831,55.98330874672145,0.99953794
4299,0,subtle_anomaly,monitor closely + collect more contextual data,0.4358710136348572,55.51708321386478,0.0004074595
4300,0,subtle_anomaly,monitor closely + collect more contextual data,0.4015861648298067,46.62896730421705,0.0021005215
4301,0,subtle_anomaly,monitor closely + collect more contextual data,0.3719043039653991,39.65859475284804,0.00056780444
4302,0,subtle_anomaly,monitor closely + collect more contextual data,0.4321439381247206,63.71310105032698,0.00032585152
4303,1,temporal_pattern_anomaly,analyze time-series behavior + review LSTM/Transformer features,0.4407700685056196,60.086807355146725,0.99995756
4304,1,collective_anomaly,investigate multivariate patterns + check correlated KPIs,0.4724799666608339,82.7799156813865,0.9995529
4305,1,temporal_pattern_anomaly,analyze time-series behavior + review LSTM/Transformer features,0.4476070735441255,70.74137538714153,0.9992029
4306,0,subtle_anomaly,monitor closely + collect more contextual data,0.3834603251736085,44.26539022973617,1.4511032e-05
4307,0,subtle_anomaly,monitor closely + collect more contextual data,0.4730313592117623,77.23325869848007,0.0001891591
4308,0,subtle_anomaly,monitor closely + collect more contextual data,0.4276167645072572,53.89088385372198,3.5023455e-05
4309,0,isolation_outlier,inspect individual extreme values + check for sensor drift,0.5224232929948176,78.64721332301905,0.00053585967
4310,0,collective_anomaly,investigate multivariate patterns + check correlated KPIs,0.5273113157807985,96.86998140835244,0.033904646
4311,1,temporal_pattern_anomaly,analyze time-series behavior + review LSTM/Transformer features,0.473121440932993,68.06176237901923,0.999035
4312,0,subtle_anomaly,monitor closely + collect more contextual data,0.4219870517383152,57.44778321476095,3.9366267e-05
4313,0,subtle_anomaly,monitor closely + collect more contextual data,0.412637535816138,59.85047315624064,0.0001434834
4314,0,subtle_anomaly,monitor closely + collect more contextual data,0.4661024723074405,66.27973333275438,0.0005085531
4315,0,subtle_anomaly,monitor closely + collect more contextual data,0.4092627211649344,54.82690715084209,0.0048551476
4316,1,temporal_pattern_anomaly,analyze time-series behavior + review LSTM/Transformer features,0.4378026795810022,58.3265743855848,0.52278435
4317,0,subtle_anomaly,monitor closely + collect more contextual data,0.4294960202830186,55.73990268677198,5.371251e-05
4318,1,temporal_pattern_anomaly,analyze time-series behavior + review LSTM/Transformer features,0.4112945069946225,48.71857010228487,0.99966884
4319,0,isolation_outlier,inspect individual extreme values + check for sensor drift,0.4914287628994105,67.50551095696827,8.848153e-05
4320,1,temporal_pattern_anomaly,analyze time-series behavior + review LSTM/Transformer features,0.4065113340079406,54.0513932313028,0.998838
4321,0,subtle_anomaly,monitor closely + collect more contextual data,0.4432830678465127,59.05006532864322,0.00010583894
4322,0,subtle_anomaly,monitor closely + collect more contextual data,0.4487452781139172,59.96942941233445,0.0005995927
4323,1,temporal_pattern_anomaly,analyze time-series behavior + review LSTM/Transformer features,0.4232419215686461,56.89631351621903,0.9999589
4324,0,subtle_anomaly,monitor closely + collect more contextual data,0.3934233903508678,49.8183258041815,6.806708e-05
4325,1,temporal_pattern_anomaly,analyze time-series behavior + review LSTM/Transformer features,0.4666307827327675,58.23843343476483,0.99909127
4326,0,subtle_anomaly,monitor closely + collect more contextual data,0.401288179688787,48.57491871198772,0.00019549363
4327,1,temporal_pattern_anomaly,analyze time-series behavior + review LSTM/Transformer features,0.4623818475404543,62.627564334908826,0.9999491
4328,1,temporal_pattern_anomaly,analyze time-series behavior + review LSTM/Transformer features,0.4704952841548582,74.73189431623088,0.99996436
4329,0,collective_anomaly,investigate multivariate patterns + check correlated KPIs,0.5545125120689769,113.7658827167304,0.0075477557
4330,1,temporal_pattern_anomaly,analyze time-series behavior + review LSTM/Transformer features,0.4017203422329673,52.83618954623776,0.99992
4331,0,subtle_anomaly,monitor closely + collect more contextual data,0.4030051530849269,43.85249571402717,0.0009365567
4332,0,subtle_anomaly,monitor closely + collect more contextual data,0.4045985861098677,45.81288511667621,0.0028367902
4333,1,temporal_pattern_anomaly,analyze time-series behavior + review LSTM/Transformer features,0.417405337165362,50.41342634471981,0.99898344
4334,0,subtle_anomaly,monitor closely + collect more contextual data,0.4143994021602121,51.97216590669731,0.00025522657
4335,0,subtle_anomaly,monitor closely + collect more contextual data,0.4076706524002014,53.78751265294195,0.00035992375
4336,0,subtle_anomaly,monitor closely + collect more contextual data,0.4427131882663046,62.78066954698999,0.00013567555
4337,1,temporal_pattern_anomaly,analyze time-series behavior + review LSTM/Transformer features,0.43104633202354,52.36387012275741,0.99991274
4338,0,subtle_anomaly,monitor closely + collect more contextual data,0.4384561420937601,58.9924812692605,0.0033279858
4339,1,temporal_pattern_anomaly,analyze time-series behavior + review LSTM/Transformer features,0.4825332596555765,69.57646831026851,0.99993706
4340,0,subtle_anomaly,monitor closely + collect more contextual data,0.4089764377855417,51.61258923696864,0.00035230423
4341,1,temporal_pattern_anomaly,analyze time-series behavior + review LSTM/Transformer features,0.4966810008135543,76.6517159223083,0.9999585
4342,0,subtle_anomaly,monitor closely + collect more contextual data,0.4226362154690489,56.86798323561201,0.00012208865
4343,1,temporal_pattern_anomaly,analyze time-series behavior + review LSTM/Transformer features,0.4231346193343227,57.54153541383093,0.99987376
4344,0,subtle_anomaly,monitor closely + collect more contextual data,0.3836244761046579,44.546319259271584,0.00023048496
4345,1,temporal_pattern_anomaly,analyze time-series behavior + review LSTM/Transformer features,0.4273890124294274,64.51755462065448,0.9945117
4346,1,temporal_pattern_anomaly,analyze time-series behavior + review LSTM/Transformer features,0.4258860214050287,55.23664911831664,0.9996008
4347,1,collective_anomaly,investigate multivariate patterns + check correlated KPIs,0.5042645969678975,96.16514957096128,0.9999269
4348,1,collective_anomaly,investigate multivariate patterns + check correlated KPIs,0.5043285322588761,98.2232508907444,0.9996928
4349,1,temporal_pattern_anomaly,analyze time-series behavior + review LSTM/Transformer features,0.4438467841713012,55.939687985098026,0.9998932
4350,1,temporal_pattern_anomaly,analyze time-series behavior + review LSTM/Transformer features,0.4123211315814832,55.65344163764196,0.99997294
4351,1,collective_anomaly,investigate multivariate patterns + check correlated KPIs,0.5112635189798203,94.18360540226342,0.9998951
4352,1,temporal_pattern_anomaly,analyze time-series behavior + review LSTM/Transformer features,0.4260601400583578,62.64146139922579,0.99994004
4353,0,subtle_anomaly,monitor closely + collect more contextual data,0.3851377312378133,43.52326647123794,0.00018054165
4354,0,subtle_anomaly,monitor closely + collect more contextual data,0.4208659996400107,52.34407785108816,0.0013325188
4355,1,temporal_pattern_anomaly,analyze time-series behavior + review LSTM/Transformer features,0.4679352773936143,62.890013137996085,0.9999002
4356,0,collective_anomaly,investigate multivariate patterns + check correlated KPIs,0.5252380378445654,83.68778769946084,6.524687e-05
4357,1,temporal_pattern_anomaly,analyze time-series behavior + review LSTM/Transformer features,0.3984220612382088,51.36017855676221,0.99993384
4358,0,subtle_anomaly,monitor closely + collect more contextual data,0.4314039526116913,57.44012242942095,0.00022530032
4359,1,temporal_pattern_anomaly,analyze time-series behavior + review LSTM/Transformer features,0.4757012266966866,66.46292589531348,0.9999329
4360,0,temporal_pattern_anomaly,analyze time-series behavior + review LSTM/Transformer features,0.4142762524566385,52.86100005434401,0.08497385
4361,1,temporal_pattern_anomaly,analyze time-series behavior + review LSTM/Transformer features,0.4630742668538922,67.48667825570308,0.99995565
4362,0,subtle_anomaly,monitor closely + collect more contextual data,0.4221318759906203,59.023177319236034,0.00040169773
4363,1,temporal_pattern_anomaly,analyze time-series behavior + review LSTM/Transformer features,0.4331072318443722,63.87020921265304,0.99995923
4364,1,temporal_pattern_anomaly,analyze time-series behavior + review LSTM/Transformer features,0.4050959073166912,52.97033263191511,0.99995184
4365,0,subtle_anomaly,monitor closely + collect more contextual data,0.4269883556410883,57.83490835948905,0.00046671345
4366,1,temporal_pattern_anomaly,analyze time-series behavior + review LSTM/Transformer features,0.3912096087677912,45.5133827463766,0.99977285
4367,0,subtle_anomaly,monitor closely + collect more contextual data,0.4407170410548297,52.525506270816585,0.00024135105
4368,1,collective_anomaly,investigate multivariate patterns + check correlated KPIs,0.5780965331898613,128.3798387876346,0.99988234
4369,0,collective_anomaly,investigate multivariate patterns + check correlated KPIs,0.5281329756153932,89.01465188324221,0.00020234233
4370,1,temporal_pattern_anomaly,analyze time-series behavior + review LSTM/Transformer features,0.412214002069642,55.3401584665569,0.9999106
4371,0,subtle_anomaly,monitor closely + collect more contextual data,0.4053543818357007,51.0534537717424,0.00079114543
4372,0,subtle_anomaly,monitor closely + collect more contextual data,0.4183822252021493,53.92770708085275,0.00068108254
4373,0,subtle_anomaly,monitor closely + collect more contextual data,0.4307759672788881,57.19504715996105,1.9636584e-05
4374,0,subtle_anomaly,monitor closely + collect more contextual data,0.4365422734588572,57.83438749788937,2.4500683e-05
4375,0,subtle_anomaly,monitor closely + collect more contextual data,0.4173828239797578,54.35506581683683,0.00042107445
4376,0,subtle_anomaly,monitor closely + collect more contextual data,0.4028016076226409,49.32031100072047,0.0006335636
4377,0,subtle_anomaly,monitor closely + collect more contextual data,0.3994162976988349,49.08503847223203,0.00011443186
4378,0,subtle_anomaly,monitor closely + collect more contextual data,0.4713301581447792,64.47300031890614,0.00019905042
4379,0,subtle_anomaly,monitor closely + collect more contextual data,0.4776231295987562,66.9259935077038,0.00010717415
4380,1,temporal_pattern_anomaly,analyze time-series behavior + review LSTM/Transformer features,0.4064496489982055,53.757566184408766,0.99990654
4381,0,subtle_anomaly,monitor closely + collect more contextual data,0.409501019784192,50.23202547979783,0.00042801685
4382,1,temporal_pattern_anomaly,analyze time-series behavior + review LSTM/Transformer features,0.4258369955059151,54.118809296143176,0.9998739
4383,0,subtle_anomaly,monitor closely + collect more contextual data,0.424216170175174,54.87126827892257,2.151078e-05
4384,0,subtle_anomaly,monitor closely + collect more contextual data,0.425275387886603,48.473193793955375,0.00028388796
4385,1,temporal_pattern_anomaly,analyze time-series behavior + review LSTM/Transformer features,0.4421133134570676,65.11196625587026,0.99939895
4386,1,temporal_pattern_anomaly,analyze time-series behavior + review LSTM/Transformer features,0.432748399119614,57.91366128553803,0.999561
4387,1,temporal_pattern_anomaly,analyze time-series behavior + review LSTM/Transformer features,0.4207071292986293,51.54409102694135,0.9999596
4388,0,collective_anomaly,investigate multivariate patterns + check correlated KPIs,0.5997647560888372,127.30773014197904,0.011849524
4389,1,collective_anomaly,investigate multivariate patterns + check correlated KPIs,0.4947706391789588,87.37647677001699,0.91754806
4390,0,subtle_anomaly,monitor closely + collect more contextual data,0.4180910339376182,56.12109791921584,0.00059999543
4391,0,subtle_anomaly,monitor closely + collect more contextual data,0.4321850102010975,58.95831518115198,0.000111761416
4392,0,isolation_outlier,inspect individual extreme values + check for sensor drift,0.4814768914853146,67.51699533499466,0.0001639572
4393,0,subtle_anomaly,monitor closely + collect more contextual data,0.4127629606874731,50.222922932377365,0.00016854264
4394,1,temporal_pattern_anomaly,analyze time-series behavior + review LSTM/Transformer features,0.4614782713624271,65.04558178281322,0.99995995
4395,0,subtle_anomaly,monitor closely + collect more contextual data,0.4235182384810331,63.31135727130068,0.00037910818
4396,1,temporal_pattern_anomaly,analyze time-series behavior + review LSTM/Transformer features,0.4554298521921704,61.470457780067534,0.99990296
4397,1,temporal_pattern_anomaly,analyze time-series behavior + review LSTM/Transformer features,0.4003324591911589,52.300325559844126,0.9998995
4398,1,temporal_pattern_anomaly,analyze time-series behavior + review LSTM/Transformer features,0.4827747644988674,69.9346687796679,0.99995136
4399,1,temporal_pattern_anomaly,analyze time-series behavior + review LSTM/Transformer features,0.4205506376409257,50.93211523341003,0.999943
4400,1,temporal_pattern_anomaly,analyze time-series behavior + review LSTM/Transformer features,0.4081774232453278,54.902149203998576,0.914386
4401,1,temporal_pattern_anomaly,analyze time-series behavior + review LSTM/Transformer features,0.4788795855338217,75.06130715223567,0.99994946
4402,1,temporal_pattern_anomaly,analyze time-series behavior + review LSTM/Transformer features,0.4298194960664366,59.951833582503056,0.9999198
4403,0,subtle_anomaly,monitor closely + collect more contextual data,0.3961130265230273,52.227579306578654,1.2952145e-05
4404,0,isolation_outlier,inspect individual extreme values + check for sensor drift,0.4980843698172629,73.63405461572495,0.0004681879
4405,1,temporal_pattern_anomaly,analyze time-series behavior + review LSTM/Transformer features,0.4617402255885494,64.38872452610387,0.9999161
4406,0,subtle_anomaly,monitor closely + collect more contextual data,0.4096104265368399,50.9277633048901,3.8835704e-05
4407,0,subtle_anomaly,monitor closely + collect more contextual data,0.4312750207447393,57.83138731980248,0.00039899207
4408,0,subtle_anomaly,monitor closely + collect more contextual data,0.4206339868050394,57.99568848203381,6.614474e-05
4409,0,subtle_anomaly,monitor closely + collect more contextual data,0.4063902426206151,51.48843912041414,5.5484958e-05
4410,1,temporal_pattern_anomaly,analyze time-series behavior + review LSTM/Transformer features,0.4242089674199786,54.04903120681647,0.9999037
4411,1,temporal_pattern_anomaly,analyze time-series behavior + review LSTM/Transformer features,0.437593114995089,59.340145679435565,0.9999491
4412,1,temporal_pattern_anomaly,analyze time-series behavior + review LSTM/Transformer features,0.4875817192915089,67.38982676811567,0.99898356
4413,0,subtle_anomaly,monitor closely + collect more contextual data,0.4160001043514398,50.3009288373539,0.0002627188
4414,0,collective_anomaly,investigate multivariate patterns + check correlated KPIs,0.5279764888465237,82.86962012357522,0.00010482759
4415,0,subtle_anomaly,monitor closely + collect more contextual data,0.3899343503242881,45.66331092281642,0.0010012878
4416,0,subtle_anomaly,monitor closely + collect more contextual data,0.3980943127669611,43.72621356560499,0.0039685755
4417,1,temporal_pattern_anomaly,analyze time-series behavior + review LSTM/Transformer features,0.4176670438710059,56.26206854029881,0.9999497
4418,0,subtle_anomaly,monitor closely + collect more contextual data,0.4404842905024926,53.61348722637665,0.0013747959
4419,1,temporal_pattern_anomaly,analyze time-series behavior + review LSTM/Transformer features,0.3934601945697704,49.01930815912176,0.9991466
4420,0,subtle_anomaly,monitor closely + collect more contextual data,0.4210574348319906,57.08171586944822,0.009717709
4421,1,temporal_pattern_anomaly,analyze time-series behavior + review LSTM/Transformer features,0.4236300261236513,58.833323711066505,0.9999678
4422,1,temporal_pattern_anomaly,analyze time-series behavior + review LSTM/Transformer features,0.3824601414877076,45.05576195236431,0.9999206
4423,0,subtle_anomaly,monitor closely + collect more contextual data,0.4277352311918773,54.46098282666297,0.00038012725
4424,0,subtle_anomaly,monitor closely + collect more contextual data,0.4591980875224212,76.41614968009367,0.00061798823
4425,0,subtle_anomaly,monitor closely + collect more contextual data,0.4171726664082607,51.90359044958431,0.00029295302
4426,0,subtle_anomaly,monitor closely + collect more contextual data,0.4431562613581692,57.35025948614681,0.0001602355
4427,0,collective_anomaly,investigate multivariate patterns + check correlated KPIs,0.5265273717984257,100.34238077089869,0.013663986
4428,1,temporal_pattern_anomaly,analyze time-series behavior + review LSTM/Transformer features,0.4271616838170907,55.2772098143556,0.99995375
4429,1,collective_anomaly,investigate multivariate patterns + check correlated KPIs,0.5821253827389824,131.1498194901056,0.9999654
4430,1,temporal_pattern_anomaly,analyze time-series behavior + review LSTM/Transformer features,0.4403131918135672,58.100339671748365,0.9999702
4431,0,subtle_anomaly,monitor closely + collect more contextual data,0.4017690076366335,50.09523095694356,0.0001211591
4432,0,subtle_anomaly,monitor closely + collect more contextual data,0.4198508471245525,53.29812853991074,0.00046511175
4433,0,subtle_anomaly,monitor closely + collect more contextual data,0.4690858286411254,64.82066530237923,8.2408864e-05
4434,1,collective_anomaly,investigate multivariate patterns + check correlated KPIs,0.5557473055484604,108.38613523475247,0.99981874
4435,0,subtle_anomaly,monitor closely + collect more contextual data,0.43150077662124,55.6210963446828,0.00062360254
4436,1,temporal_pattern_anomaly,analyze time-series behavior + review LSTM/Transformer features,0.4366029538389012,57.78580629743056,0.9999567
4437,0,subtle_anomaly,monitor closely + collect more contextual data,0.4408543878794861,65.7378083195563,8.498818e-05
4438,0,subtle_anomaly,monitor closely + collect more contextual data,0.4129685904758968,52.701683263301454,0.0067896266
4439,1,temporal_pattern_anomaly,analyze time-series behavior + review LSTM/Transformer features,0.3920661557305008,44.712820580096384,0.9998412
4440,1,temporal_pattern_anomaly,analyze time-series behavior + review LSTM/Transformer features,0.4232657316237768,57.07945474313177,0.99995434
4441,0,subtle_anomaly,monitor closely + collect more contextual data,0.3690084261480598,38.72452028291731,0.00021205249
4442,1,temporal_pattern_anomaly,analyze time-series behavior + review LSTM/Transformer features,0.3899887817019623,52.21279339694446,0.9999839
4443,0,subtle_anomaly,monitor closely + collect more contextual data,0.4145210838068102,48.513689923279685,0.0007825833
4444,1,temporal_pattern_anomaly,analyze time-series behavior + review LSTM/Transformer features,0.4256780669016905,54.78124785442076,0.99990547
4445,1,temporal_pattern_anomaly,analyze time-series behavior + review LSTM/Transformer features,0.5038898130865488,78.20883349723889,0.9999536
4446,0,subtle_anomaly,monitor closely + collect more contextual data,0.4473438562355522,65.3007950454096,0.00020392005
4447,1,temporal_pattern_anomaly,analyze time-series behavior + review LSTM/Transformer features,0.3832870516450908,51.933681127121446,0.9999697
4448,1,temporal_pattern_anomaly,analyze time-series behavior + review LSTM/Transformer features,0.4287961646269144,57.64185379758059,0.9994343
4449,0,subtle_anomaly,monitor closely + collect more contextual data,0.3940651995236985,46.40223299076025,0.00044194833
4450,0,subtle_anomaly,monitor closely + collect more contextual data,0.4282844427470204,55.69706894308734,0.0015727461
4451,1,collective_anomaly,investigate multivariate patterns + check correlated KPIs,0.5379714217457272,98.82785442454173,0.9885357
4452,1,temporal_pattern_anomaly,analyze time-series behavior + review LSTM/Transformer features,0.4243465056932697,55.40197894024045,0.9999298
4453,0,subtle_anomaly,monitor closely + collect more contextual data,0.3943350007759083,48.76050830675415,0.00030539668
4454,1,temporal_pattern_anomaly,analyze time-series behavior + review LSTM/Transformer features,0.4342459141281207,60.038412571367694,0.9984908
4455,0,subtle_anomaly,monitor closely + collect more contextual data,0.4196841672460198,53.75663153748778,0.003087666
4456,0,subtle_anomaly,monitor closely + collect more contextual data,0.4297804979010173,58.84045226869033,3.400341e-05
4457,1,collective_anomaly,investigate multivariate patterns + check correlated KPIs,0.5678002250872801,127.07225629780912,0.99987626
4458,1,temporal_pattern_anomaly,analyze time-series behavior + review LSTM/Transformer features,0.4313804623045011,56.18165252961816,0.9994748
4459,0,subtle_anomaly,monitor closely + collect more contextual data,0.4431160835291653,56.346598751782,0.0002262408
4460,1,temporal_pattern_anomaly,analyze time-series behavior + review LSTM/Transformer features,0.4030598910264205,54.05357891661977,0.999526
4461,1,temporal_pattern_anomaly,analyze time-series behavior + review LSTM/Transformer features,0.4092403703337187,52.11450123834087,0.9996728
4462,0,subtle_anomaly,monitor closely + collect more contextual data,0.4003479540989717,51.23815772932144,3.5334342e-05
4463,0,subtle_anomaly,monitor closely + collect more contextual data,0.43292322303365,60.172122506538905,2.3113453e-05
4464,0,subtle_anomaly,monitor closely + collect more contextual data,0.4050470115256989,45.97938588775954,2.4911174e-05
4465,0,subtle_anomaly,monitor closely + collect more contextual data,0.4423792610086958,56.728343262972665,0.0007040969
4466,1,temporal_pattern_anomaly,analyze time-series behavior + review LSTM/Transformer features,0.42298038314932,57.37631582861369,0.9999187
4467,0,subtle_anomaly,monitor closely + collect more contextual data,0.4401428264209438,55.921704458856205,0.0013521416
4468,0,subtle_anomaly,monitor closely + collect more contextual data,0.43350526455629,60.161022711953954,0.00069760013
4469,0,subtle_anomaly,monitor closely + collect more contextual data,0.4439780851873552,64.00635171361472,0.00084593106
4470,1,temporal_pattern_anomaly,analyze time-series behavior + review LSTM/Transformer features,0.4043321129444776,53.601841113629646,0.99965906
4471,1,temporal_pattern_anomaly,analyze time-series behavior + review LSTM/Transformer features,0.4435781433352795,53.28657419170105,0.99995494
4472,1,temporal_pattern_anomaly,analyze time-series behavior + review LSTM/Transformer features,0.4179251818834541,56.76533970983428,0.99994993
4473,0,subtle_anomaly,monitor closely + collect more contextual data,0.3959546867060214,50.30233147591143,0.00012465456
4474,0,subtle_anomaly,monitor closely + collect more contextual data,0.4021816030548722,48.16415520098915,0.00014610172
4475,0,subtle_anomaly,monitor closely + collect more contextual data,0.4177312109941593,51.33761688453155,0.00010982796
4476,1,temporal_pattern_anomaly,analyze time-series behavior + review LSTM/Transformer features,0.3988833027008099,49.95489677260111,0.999946
4477,1,temporal_pattern_anomaly,analyze time-series behavior + review LSTM/Transformer features,0.4466064379834731,59.70044422723381,0.99995387
4478,1,temporal_pattern_anomaly,analyze time-series behavior + review LSTM/Transformer features,0.4058671412790793,52.6643519679438,0.9978683
4479,1,temporal_pattern_anomaly,analyze time-series behavior + review LSTM/Transformer features,0.4284721836519659,51.40653948633615,0.9998442
4480,0,subtle_anomaly,monitor closely + collect more contextual data,0.4509078507565786,69.36488576105292,0.0001541479
4481,0,collective_anomaly,investigate multivariate patterns + check correlated KPIs,0.4972003158899311,88.32166248161067,0.00045945216
4482,0,subtle_anomaly,monitor closely + collect more contextual data,0.4047387312333469,52.1259030481537,5.4470664e-05
4483,0,subtle_anomaly,monitor closely + collect more contextual data,0.4001861657870983,48.436101429893625,0.00018056127
4484,1,temporal_pattern_anomaly,analyze time-series behavior + review LSTM/Transformer features,0.4034196948318069,52.39621016166051,0.9952354
4485,0,subtle_anomaly,monitor closely + collect more contextual data,0.4220333073485057,62.41058415371735,4.6424033e-05
4486,0,subtle_anomaly,monitor closely + collect more contextual data,0.4264790079271795,53.80622227920107,4.3692515e-05
4487,0,subtle_anomaly,monitor closely + collect more contextual data,0.4441494346941965,61.15679830364333,0.00037700235
4488,1,temporal_pattern_anomaly,analyze time-series behavior + review LSTM/Transformer features,0.4317467638395931,62.2255928136742,0.9998803
4489,1,temporal_pattern_anomaly,analyze time-series behavior + review LSTM/Transformer features,0.4185355108129096,61.12335268198123,0.99978215
4490,0,collective_anomaly,investigate multivariate patterns + check correlated KPIs,0.5167496798217973,84.76370427572168,0.0004368538
4491,0,collective_anomaly,investigate multivariate patterns + check correlated KPIs,0.4902670885539056,87.12379738680806,0.0019357392
4492,1,collective_anomaly,investigate multivariate patterns + check correlated KPIs,0.5227260242436823,94.45642481798969,0.99980253
4493,0,subtle_anomaly,monitor closely + collect more contextual data,0.3848950409177642,43.99652663441777,6.8822636e-05
4494,0,subtle_anomaly,monitor closely + collect more contextual data,0.4091158677377757,49.76502549136149,0.0014504672
4495,1,temporal_pattern_anomaly,analyze time-series behavior + review LSTM/Transformer features,0.415122912026048,57.69726296687735,0.99996614
4496,1,temporal_pattern_anomaly,analyze time-series behavior + review LSTM/Transformer features,0.4920745615260933,68.54192507893318,0.9998306
4497,1,collective_anomaly,investigate multivariate patterns + check correlated KPIs,0.5176036138856701,95.91264803945664,0.99989796
4498,1,collective_anomaly,investigate multivariate patterns + check correlated KPIs,0.4825296764720394,88.03446236301654,0.9999436
4499,0,subtle_anomaly,monitor closely + collect more contextual data,0.4529095360090738,63.31602972477014,2.095514e-05
4500,0,subtle_anomaly,monitor closely + collect more contextual data,0.4004870836875835,46.15723127025911,6.2750994e-05
4501,1,temporal_pattern_anomaly,analyze time-series behavior + review LSTM/Transformer features,0.4141929342090845,49.67685415679024,0.49433956
4502,1,temporal_pattern_anomaly,analyze time-series behavior + review LSTM/Transformer features,0.4171958270266379,52.88601952889228,0.99979
4503,1,temporal_pattern_anomaly,analyze time-series behavior + review LSTM/Transformer features,0.4315379456525655,61.58095443744421,0.99996555
4504,1,temporal_pattern_anomaly,analyze time-series behavior + review LSTM/Transformer features,0.4876658138624113,70.700503675476,0.99993
4505,1,temporal_pattern_anomaly,analyze time-series behavior + review LSTM/Transformer features,0.4159230482468613,52.830252941049736,0.9998305
4506,1,temporal_pattern_anomaly,analyze time-series behavior + review LSTM/Transformer features,0.4319595463250231,53.36247316629437,0.99979657
4507,1,temporal_pattern_anomaly,analyze time-series behavior + review LSTM/Transformer features,0.4688171615866532,64.96744806890209,0.9999237
4508,1,temporal_pattern_anomaly,analyze time-series behavior + review LSTM/Transformer features,0.4287228653691071,53.69005182004608,0.9887593
4509,0,subtle_anomaly,monitor closely + collect more contextual data,0.4140839376737031,51.98586452485564,4.468819e-05
4510,0,subtle_anomaly,monitor closely + collect more contextual data,0.4379645275192751,51.42931418442861,0.005343038
4511,1,temporal_pattern_anomaly,analyze time-series behavior + review LSTM/Transformer features,0.4676800606446786,75.7612071663944,0.9998938
4512,1,temporal_pattern_anomaly,analyze time-series behavior + review LSTM/Transformer features,0.444855400685732,63.86698385225757,0.9999585
4513,1,temporal_pattern_anomaly,analyze time-series behavior + review LSTM/Transformer features,0.4447183752892792,58.72248889166888,0.999778
4514,1,temporal_pattern_anomaly,analyze time-series behavior + review LSTM/Transformer features,0.4384321469492128,48.89021872635999,0.9984694
4515,0,subtle_anomaly,monitor closely + collect more contextual data,0.4395490716442334,61.64817764996739,0.00011345152
4516,0,subtle_anomaly,monitor closely + collect more contextual data,0.4206792935119268,55.09901820571436,0.0011666046
4517,0,subtle_anomaly,monitor closely + collect more contextual data,0.4212050831881318,52.92150157910604,0.0019987405
4518,1,temporal_pattern_anomaly,analyze time-series behavior + review LSTM/Transformer features,0.4472680939788926,63.0537455267623,0.9997316
4519,1,temporal_pattern_anomaly,analyze time-series behavior + review LSTM/Transformer features,0.4546611929506143,67.01021517254043,0.99946934
4520,1,temporal_pattern_anomaly,analyze time-series behavior + review LSTM/Transformer features,0.3987808818197407,50.04760182343921,0.99987936
4521,0,subtle_anomaly,monitor closely + collect more contextual data,0.4096368358604892,47.792784119595936,0.0011503301
4522,1,collective_anomaly,investigate multivariate patterns + check correlated KPIs,0.4980750042466556,80.60525939311519,0.97139466
4523,1,temporal_pattern_anomaly,analyze time-series behavior + review LSTM/Transformer features,0.4051679740070864,51.69999713516899,0.9999509
4524,1,temporal_pattern_anomaly,analyze time-series behavior + review LSTM/Transformer features,0.4592459601707832,63.61287789992375,0.99994457
4525,0,subtle_anomaly,monitor closely + collect more contextual data,0.3917895151221277,46.81309746860827,0.00031309246
4526,0,subtle_anomaly,monitor closely + collect more contextual data,0.4439753678273762,62.50751125509563,0.00010719183
4527,0,subtle_anomaly,monitor closely + collect more contextual data,0.4594590952600182,67.80996120004251,6.960868e-05
4528,0,subtle_anomaly,monitor closely + collect more contextual data,0.4216295973855872,51.98951314467457,0.0006813266
4529,0,subtle_anomaly,monitor closely + collect more contextual data,0.4538281821099135,74.76204187714971,0.00017510426
4530,1,collective_anomaly,investigate multivariate patterns + check correlated KPIs,0.516546091860373,96.12921907426382,0.9998753
4531,0,subtle_anomaly,monitor closely + collect more contextual data,0.395793242407152,53.34387889107757,0.0003581383
4532,1,temporal_pattern_anomaly,analyze time-series behavior + review LSTM/Transformer features,0.4407352624836719,64.4111023473541,0.9999286
4533,0,subtle_anomaly,monitor closely + collect more contextual data,0.4045101908238597,46.75856599166838,0.00072409527
4534,0,subtle_anomaly,monitor closely + collect more contextual data,0.4103869232924407,52.77224516402115,0.00018413714
4535,1,temporal_pattern_anomaly,analyze time-series behavior + review LSTM/Transformer features,0.42754590538235,59.003817949714914,0.99965715
4536,0,subtle_anomaly,monitor closely + collect more contextual data,0.4214816356626205,58.905356806318615,0.0081433635
4537,0,subtle_anomaly,monitor closely + collect more contextual data,0.4284830219849678,57.406997327042696,3.763616e-05
4538,1,temporal_pattern_anomaly,analyze time-series behavior + review LSTM/Transformer features,0.3868200363308224,50.85365363066038,0.9997943
4539,1,temporal_pattern_anomaly,analyze time-series behavior + review LSTM/Transformer features,0.4053294734288232,53.4552621465116,0.9999604
4540,0,subtle_anomaly,monitor closely + collect more contextual data,0.4424489143655171,53.94621758653253,0.0001768876
4541,1,collective_anomaly,investigate multivariate patterns + check correlated KPIs,0.5390932170871477,102.58096009224111,0.9998671
4542,0,subtle_anomaly,monitor closely + collect more contextual data,0.4057531948932168,51.86509331527809,0.00026964775
4543,0,subtle_anomaly,monitor closely + collect more contextual data,0.4316801934875745,50.29336818767611,0.00016808909
4544,1,temporal_pattern_anomaly,analyze time-series behavior + review LSTM/Transformer features,0.3979565520881987,49.92967090330215,0.99993384
4545,1,temporal_pattern_anomaly,analyze time-series behavior + review LSTM/Transformer features,0.4020735904530086,53.45764195786094,0.9998704
4546,0,subtle_anomaly,monitor closely + collect more contextual data,0.4436701172653231,65.33599215991602,0.00020501921
4547,0,collective_anomaly,investigate multivariate patterns + check correlated KPIs,0.51760741157208,84.6545328164496,5.770159e-05
4548,0,subtle_anomaly,monitor closely + collect more contextual data,0.4751486717759971,65.98779738058809,0.00034499756
4549,1,temporal_pattern_anomaly,analyze time-series behavior + review LSTM/Transformer features,0.4204692357428427,56.46181115843768,0.9999068
4550,0,subtle_anomaly,monitor closely + collect more contextual data,0.4308137637461931,53.552830410227166,0.04804915
4551,1,temporal_pattern_anomaly,analyze time-series behavior + review LSTM/Transformer features,0.4493655116500338,63.33774061725113,0.9999149
4552,0,subtle_anomaly,monitor closely + collect more contextual data,0.4291717762720002,57.53401630381186,0.0003244606
4553,1,temporal_pattern_anomaly,analyze time-series behavior + review LSTM/Transformer features,0.4204436215173632,59.97204653791242,0.99976796
4554,0,subtle_anomaly,monitor closely + collect more contextual data,0.4249868235714554,56.641389144115614,9.10568e-05
4555,0,subtle_anomaly,monitor closely + collect more contextual data,0.3922451355274209,42.78002064599513,0.00043013782
4556,0,subtle_anomaly,monitor closely + collect more contextual data,0.4620485591551867,57.34862636577844,4.6628487e-05
4557,0,subtle_anomaly,monitor closely + collect more contextual data,0.409650749926842,51.29007896476324,9.0488706e-05
4558,0,subtle_anomaly,monitor closely + collect more contextual data,0.408719842857319,54.37351531890929,0.0001514118
4559,0,subtle_anomaly,monitor closely + collect more contextual data,0.4224385354772904,53.06542753658477,0.00025853066
4560,1,collective_anomaly,investigate multivariate patterns + check correlated KPIs,0.5552751902346944,103.7003584291291,0.99988496
4561,0,subtle_anomaly,monitor closely + collect more contextual data,0.4350430891475818,59.416951126480186,0.00051706296
4562,0,subtle_anomaly,monitor closely + collect more contextual data,0.4445727526659553,59.88918711725205,0.00012810869
4563,0,subtle_anomaly,monitor closely + collect more contextual data,0.4408064372920155,55.6146380809576,0.00023209523
4564,1,temporal_pattern_anomaly,analyze time-series behavior + review LSTM/Transformer features,0.415892940863653,53.16079862881119,0.9999665
4565,1,collective_anomaly,investigate multivariate patterns + check correlated KPIs,0.5102143362177854,97.0574442518469,0.9997974
4566,0,isolation_outlier,inspect individual extreme values + check for sensor drift,0.4910957411074034,75.46225946592097,0.00012899235
4567,0,subtle_anomaly,monitor closely + collect more contextual data,0.4153327204839178,51.88059982896118,0.018099343
4568,1,temporal_pattern_anomaly,analyze time-series behavior + review LSTM/Transformer features,0.3959479672825646,46.60259664331377,0.9998385
4569,1,collective_anomaly,investigate multivariate patterns + check correlated KPIs,0.4827947386155437,81.41210865230144,0.99879634
4570,0,subtle_anomaly,monitor closely + collect more contextual data,0.4738704314782982,68.28823635208799,6.0601218e-05
4571,1,temporal_pattern_anomaly,analyze time-series behavior + review LSTM/Transformer features,0.4334843021598675,60.156948888635135,0.99993503
4572,0,subtle_anomaly,monitor closely + collect more contextual data,0.3919215336249476,47.98387960136362,4.5525547e-05
4573,0,subtle_anomaly,monitor closely + collect more contextual data,0.4604670853982717,60.58827762649263,0.00047883304
4574,1,collective_anomaly,investigate multivariate patterns + check correlated KPIs,0.4719796112436504,84.65457929617234,0.99975497
4575,1,temporal_pattern_anomaly,analyze time-series behavior + review LSTM/Transformer features,0.4388807876388045,60.14496314846652,0.99981683
4576,1,temporal_pattern_anomaly,analyze time-series behavior + review LSTM/Transformer features,0.4278116366466442,59.4290934965366,0.99966455
4577,1,temporal_pattern_anomaly,analyze time-series behavior + review LSTM/Transformer features,0.4488704711298933,64.22596821749087,0.9998838
4578,1,temporal_pattern_anomaly,analyze time-series behavior + review LSTM/Transformer features,0.4545450470132341,62.266458403793926,0.9996675
4579,0,subtle_anomaly,monitor closely + collect more contextual data,0.4334691809021976,60.33229965255609,0.00018485171
4580,0,subtle_anomaly,monitor closely + collect more contextual data,0.3940520184375304,46.53729281180954,0.0007708061
4581,0,subtle_anomaly,monitor closely + collect more contextual data,0.4419932412256624,65.90134912062545,4.1690422e-05
4582,0,subtle_anomaly,monitor closely + collect more contextual data,0.3967825614970496,52.16597987334069,1.668011e-05
4583,1,collective_anomaly,investigate multivariate patterns + check correlated KPIs,0.6033648007067828,123.61396778193024,0.9996754
4584,1,temporal_pattern_anomaly,analyze time-series behavior + review LSTM/Transformer features,0.4420440632372077,55.94453771739634,0.9997216
4585,0,subtle_anomaly,monitor closely + collect more contextual data,0.4276687580207077,55.90657323583393,0.016038641
4586,1,temporal_pattern_anomaly,analyze time-series behavior + review LSTM/Transformer features,0.4221415872822028,63.294135989290645,0.9999392
4587,0,subtle_anomaly,monitor closely + collect more contextual data,0.4234832906367731,57.20590753327344,2.2963764e-05
4588,1,temporal_pattern_anomaly,analyze time-series behavior + review LSTM/Transformer features,0.4269090905665727,51.74091408979034,0.99972147
4589,1,temporal_pattern_anomaly,analyze time-series behavior + review LSTM/Transformer features,0.4461123101421832,55.55699593016482,0.99989295
4590,0,subtle_anomaly,monitor closely + collect more contextual data,0.4135779358034653,46.09485077620553,0.0011284923
4591,0,subtle_anomaly,monitor closely + collect more contextual data,0.4234557012988991,52.74841215389543,0.001149201
4592,0,subtle_anomaly,monitor closely + collect more contextual data,0.4021374202734565,53.81590090937618,0.0004456736
4593,1,temporal_pattern_anomaly,analyze time-series behavior + review LSTM/Transformer features,0.4036555442132657,57.12002587695381,0.9998952
4594,1,collective_anomaly,investigate multivariate patterns + check correlated KPIs,0.5706607802854814,103.56072112175151,0.9998617
4595,1,temporal_pattern_anomaly,analyze time-series behavior + review LSTM/Transformer features,0.3805402173156949,40.38263586210909,0.99824667
4596,0,subtle_anomaly,monitor closely + collect more contextual data,0.3988684760666202,51.38617874570683,0.00097605
4597,0,subtle_anomaly,monitor closely + collect more contextual data,0.4603412293410741,66.23917437816753,0.0022449242
4598,1,temporal_pattern_anomaly,analyze time-series behavior + review LSTM/Transformer features,0.4517914235048994,66.35840713331346,0.9999734
4599,0,subtle_anomaly,monitor closely + collect more contextual data,0.4257010673714515,58.11946333823104,0.00025821535
4600,1,temporal_pattern_anomaly,analyze time-series behavior + review LSTM/Transformer features,0.4327633882573751,58.188268057366784,0.99993527
4601,0,subtle_anomaly,monitor closely + collect more contextual data,0.4298528287720271,51.9093506205702,0.00014776645
4602,0,subtle_anomaly,monitor closely + collect more contextual data,0.453034244051085,68.05633404617637,0.00011926842
4603,0,subtle_anomaly,monitor closely + collect more contextual data,0.4186098251305462,48.94511832451276,0.0046417117
4604,1,temporal_pattern_anomaly,analyze time-series behavior + review LSTM/Transformer features,0.4520338034389884,70.13380746855462,0.9996006
4605,0,subtle_anomaly,monitor closely + collect more contextual data,0.3744775678746332,40.60414598645425,0.008486703
4606,1,collective_anomaly,investigate multivariate patterns + check correlated KPIs,0.527288662163739,101.91129973760218,0.9991014
4607,1,temporal_pattern_anomaly,analyze time-series behavior + review LSTM/Transformer features,0.3945947600535445,48.65248296945538,0.9998517
4608,1,temporal_pattern_anomaly,analyze time-series behavior + review LSTM/Transformer features,0.4394610323079734,56.68834493578894,0.99993277
4609,1,collective_anomaly,investigate multivariate patterns + check correlated KPIs,0.5044698838861982,81.45127970379681,0.99986184
4610,0,subtle_anomaly,monitor closely + collect more contextual data,0.433622436653709,52.085196638230606,0.00068315916
4611,1,temporal_pattern_anomaly,analyze time-series behavior + review LSTM/Transformer features,0.453279247540498,69.42139428307756,0.9999192
4612,0,subtle_anomaly,monitor closely + collect more contextual data,0.4082214247748442,47.80782795947874,0.0001498697
4613,0,subtle_anomaly,monitor closely + collect more contextual data,0.3887063649548954,44.95098087321918,0.0001168684
4614,0,subtle_anomaly,monitor closely + collect more contextual data,0.4565379034416393,68.47271257168968,4.1027663e-05
4615,1,temporal_pattern_anomaly,analyze time-series behavior + review LSTM/Transformer features,0.3959489480754634,47.19374659028426,0.9999453
4616,0,subtle_anomaly,monitor closely + collect more contextual data,0.408455616768127,48.95405716905192,0.0004491628
4617,1,collective_anomaly,investigate multivariate patterns + check correlated KPIs,0.4650380686980541,85.1031245269726,0.9998696
4618,0,collective_anomaly,investigate multivariate patterns + check correlated KPIs,0.5457421094515195,103.24241814231397,0.0011410981
4619,1,temporal_pattern_anomaly,analyze time-series behavior + review LSTM/Transformer features,0.4446714244773825,59.43539671294025,0.99997234
4620,1,temporal_pattern_anomaly,analyze time-series behavior + review LSTM/Transformer features,0.4239705493726006,62.66623266909104,0.9999254
4621,0,subtle_anomaly,monitor closely + collect more contextual data,0.4524557245789496,57.11294844234828,0.0008968834
4622,1,temporal_pattern_anomaly,analyze time-series behavior + review LSTM/Transformer features,0.3854135888836842,48.88356942438008,0.99990547
4623,0,subtle_anomaly,monitor closely + collect more contextual data,0.4012498068915894,47.480277870767694,0.009054717
4624,1,temporal_pattern_anomaly,analyze time-series behavior + review LSTM/Transformer features,0.431985043810288,54.27235578201168,0.9996008
4625,0,temporal_pattern_anomaly,analyze time-series behavior + review LSTM/Transformer features,0.4161966161014185,57.9330469159419,0.029201588
4626,0,subtle_anomaly,monitor closely + collect more contextual data,0.4586947586183581,62.97999169491013,0.0009782354
4627,1,temporal_pattern_anomaly,analyze time-series behavior + review LSTM/Transformer features,0.4232719591710679,56.44044958700199,0.9996517
4628,0,subtle_anomaly,monitor closely + collect more contextual data,0.4228587514959841,55.45537455044983,6.813819e-05
4629,1,temporal_pattern_anomaly,analyze time-series behavior + review LSTM/Transformer features,0.4095481877500354,48.78431098405938,0.9999255
4630,1,temporal_pattern_anomaly,analyze time-series behavior + review LSTM/Transformer features,0.413135805768412,54.94234229332766,0.9999615
4631,0,temporal_pattern_anomaly,analyze time-series behavior + review LSTM/Transformer features,0.4416534253266476,57.69258899735253,0.62496084
4632,1,collective_anomaly,investigate multivariate patterns + check correlated KPIs,0.5216023537977275,94.7131218483439,0.99949276
4633,1,temporal_pattern_anomaly,analyze time-series behavior + review LSTM/Transformer features,0.3889113414946018,48.9192091923404,0.6180755
4634,0,collective_anomaly,investigate multivariate patterns + check correlated KPIs,0.533868788350157,92.35175862984325,0.00072173023
4635,1,temporal_pattern_anomaly,analyze time-series behavior + review LSTM/Transformer features,0.4012442992964291,48.58822668276424,0.99992657
4636,1,temporal_pattern_anomaly,analyze time-series behavior + review LSTM/Transformer features,0.4332912954687765,54.4682378926754,0.99981695
4637,0,subtle_anomaly,monitor closely + collect more contextual data,0.4010330029878645,47.67509796904594,8.362241e-05
4638,0,subtle_anomaly,monitor closely + collect more contextual data,0.4121883523873104,50.090455768967416,4.308026e-05
4639,1,temporal_pattern_anomaly,analyze time-series behavior + review LSTM/Transformer features,0.392491410667407,52.061716101760936,0.99993145
4640,1,temporal_pattern_anomaly,analyze time-series behavior + review LSTM/Transformer features,0.4009707161534382,48.611089990825285,0.9999676
4641,0,subtle_anomaly,monitor closely + collect more contextual data,0.4245857367871405,53.16568320610663,3.1327167e-05
4642,0,subtle_anomaly,monitor closely + collect more contextual data,0.4061439575280202,49.56594190457729,0.0011488463
4643,0,subtle_anomaly,monitor closely + collect more contextual data,0.3899188391931771,47.82402259781226,0.00016949348
4644,0,subtle_anomaly,monitor closely + collect more contextual data,0.4245930438631617,54.370154469716056,0.0008077768
4645,1,collective_anomaly,investigate multivariate patterns + check correlated KPIs,0.5065377347515384,92.2665491281116,0.99995446
4646,1,temporal_pattern_anomaly,analyze time-series behavior + review LSTM/Transformer features,0.4465949586978584,62.13710514948148,0.99990404
4647,0,subtle_anomaly,monitor closely + collect more contextual data,0.4264477401218076,58.48381257595566,9.070599e-05
4648,1,temporal_pattern_anomaly,analyze time-series behavior + review LSTM/Transformer features,0.4530087775261983,63.7682015200608,0.9997452
4649,0,subtle_anomaly,monitor closely + collect more contextual data,0.4701090798846525,64.78129758500077,7.6799435e-05
4650,1,temporal_pattern_anomaly,analyze time-series behavior + review LSTM/Transformer features,0.44156780592783,52.00135108479023,0.9998247
4651,0,subtle_anomaly,monitor closely + collect more contextual data,0.4215753844902852,54.72810093428375,8.661496e-05
4652,1,collective_anomaly,investigate multivariate patterns + check correlated KPIs,0.5142462250853731,102.23812227457056,0.99979466
4653,0,subtle_anomaly,monitor closely + collect more contextual data,0.408407003254276,54.34733068516659,5.1231214e-05
4654,1,temporal_pattern_anomaly,analyze time-series behavior + review LSTM/Transformer features,0.3886530007294475,44.31943431895385,0.99992526
4655,0,isolation_outlier,inspect individual extreme values + check for sensor drift,0.4939907287364886,71.29325786901329,9.1409056e-05
4656,0,subtle_anomaly,monitor closely + collect more contextual data,0.384791605177834,43.09744375847216,0.0001846148
4657,0,subtle_anomaly,monitor closely + collect more contextual data,0.3943137458798731,49.953589866072775,0.00017537229
4658,0,collective_anomaly,investigate multivariate patterns + check correlated KPIs,0.5504561628633551,94.80226849387267,9.8199176e-05
4659,1,temporal_pattern_anomaly,analyze time-series behavior + review LSTM/Transformer features,0.4151379823665947,59.62072900422748,0.9999145
4660,0,subtle_anomaly,monitor closely + collect more contextual data,0.4567130449489526,68.52056887848775,0.00012506651
4661,0,subtle_anomaly,monitor closely + collect more contextual data,0.4436872648624452,65.1493246036694,0.0012850184
4662,1,temporal_pattern_anomaly,analyze time-series behavior + review LSTM/Transformer features,0.4603849352078906,75.51150452259907,0.9998084
4663,0,subtle_anomaly,monitor closely + collect more contextual data,0.4194859266447872,51.80419423289237,0.0004177745
4664,1,temporal_pattern_anomaly,analyze time-series behavior + review LSTM/Transformer features,0.4378954436842563,62.84031310866422,0.9999454
4665,1,temporal_pattern_anomaly,analyze time-series behavior + review LSTM/Transformer features,0.4119606785461396,55.33872959005426,0.99993193
4666,1,temporal_pattern_anomaly,analyze time-series behavior + review LSTM/Transformer features,0.4268196575116572,63.08395265182277,0.9998981
4667,0,subtle_anomaly,monitor closely + collect more contextual data,0.3906048410381452,46.05616447078017,1.7537479e-05
4668,0,subtle_anomaly,monitor closely + collect more contextual data,0.408252739521115,49.25832578625223,3.413584e-05
4669,0,subtle_anomaly,monitor closely + collect more contextual data,0.4169232512763429,54.78993105581572,0.0058039706
4670,0,subtle_anomaly,monitor closely + collect more contextual data,0.410961160556491,49.87201648681928,0.00079343986
4671,1,temporal_pattern_anomaly,analyze time-series behavior + review LSTM/Transformer features,0.4360369383895868,52.83379977147529,0.99989235
4672,1,temporal_pattern_anomaly,analyze time-series behavior + review LSTM/Transformer features,0.3914837725647747,50.53393042375826,0.99073833
4673,1,temporal_pattern_anomaly,analyze time-series behavior + review LSTM/Transformer features,0.440163953617979,59.49539104282296,0.8532325
4674,0,subtle_anomaly,monitor closely + collect more contextual data,0.4220469429031798,58.06430252572362,4.901851e-05
4675,1,temporal_pattern_anomaly,analyze time-series behavior + review LSTM/Transformer features,0.4542215074943863,66.16952141846039,0.9999238
4676,1,collective_anomaly,investigate multivariate patterns + check correlated KPIs,0.4782330921432257,81.12855604286104,0.9993106
4677,1,temporal_pattern_anomaly,analyze time-series behavior + review LSTM/Transformer features,0.4180620165039973,60.78885108618471,0.9999467
4678,1,temporal_pattern_anomaly,analyze time-series behavior + review LSTM/Transformer features,0.4492346586572372,67.3301992081978,0.9999143
4679,1,temporal_pattern_anomaly,analyze time-series behavior + review LSTM/Transformer features,0.5034650782463475,76.29475230018653,0.99981934
4680,0,subtle_anomaly,monitor closely + collect more contextual data,0.417110888357861,49.12328681088851,0.0003125741
4681,1,collective_anomaly,investigate multivariate patterns + check correlated KPIs,0.5081082944858332,100.67694633034785,0.9999455
4682,0,subtle_anomaly,monitor closely + collect more contextual data,0.455915817411069,67.47928595152507,0.0002522358
4683,0,subtle_anomaly,monitor closely + collect more contextual data,0.4652967149446816,64.93601633291094,0.00033313362
4684,1,collective_anomaly,investigate multivariate patterns + check correlated KPIs,0.5273428850634329,99.96866658283624,0.9995896
4685,0,subtle_anomaly,monitor closely + collect more contextual data,0.3959790137804636,45.66429030387941,7.021362e-05
4686,0,collective_anomaly,investigate multivariate patterns + check correlated KPIs,0.5142569247872406,82.24632053175425,0.003006136
4687,1,temporal_pattern_anomaly,analyze time-series behavior + review LSTM/Transformer features,0.4153988553424843,54.6735501283289,0.99989533
4688,0,subtle_anomaly,monitor closely + collect more contextual data,0.3904013408124543,46.74258975083566,0.0021007303
4689,0,subtle_anomaly,monitor closely + collect more contextual data,0.4621645545480594,65.72373619278568,0.00021237988
4690,1,temporal_pattern_anomaly,analyze time-series behavior + review LSTM/Transformer features,0.4441174895498149,61.81238624612393,0.9999083
4691,1,collective_anomaly,investigate multivariate patterns + check correlated KPIs,0.5000553155441025,88.25799643143779,0.9997316
4692,0,subtle_anomaly,monitor closely + collect more contextual data,0.4049745174720504,48.05338480779936,0.00022326113
4693,0,subtle_anomaly,monitor closely + collect more contextual data,0.4467714647389925,62.62744638226686,6.8619745e-05
4694,0,collective_anomaly,investigate multivariate patterns + check correlated KPIs,0.497822789122677,87.9406107129781,0.0011798588
4695,0,subtle_anomaly,monitor closely + collect more contextual data,0.4307969108856068,51.84853387565697,0.0009975956
4696,1,temporal_pattern_anomaly,analyze time-series behavior + review LSTM/Transformer features,0.4633219763170342,71.24313003127007,0.99990356
4697,1,temporal_pattern_anomaly,analyze time-series behavior + review LSTM/Transformer features,0.433533939579655,63.207525322583855,0.9999746
4698,1,temporal_pattern_anomaly,analyze time-series behavior + review LSTM/Transformer features,0.4139260827806624,53.896275864303256,0.9985524
4699,0,subtle_anomaly,monitor closely + collect more contextual data,0.4163918344646884,49.14564072529679,4.5805034e-05
4700,1,temporal_pattern_anomaly,analyze time-series behavior + review LSTM/Transformer features,0.4223615077608748,50.7835540072297,0.9966349
4701,0,subtle_anomaly,monitor closely + collect more contextual data,0.4761849692467051,58.173461596527446,0.010947345
4702,0,subtle_anomaly,monitor closely + collect more contextual data,0.4264517902254773,57.912153087258645,6.3020314e-05
4703,0,subtle_anomaly,monitor closely + collect more contextual data,0.4287274343840047,51.82859098772012,0.0033265816
4704,1,temporal_pattern_anomaly,analyze time-series behavior + review LSTM/Transformer features,0.4274034070183775,56.23668158614165,0.99994206
4705,1,temporal_pattern_anomaly,analyze time-series behavior + review LSTM/Transformer features,0.4181641505974879,51.65969206872335,0.9992061
4706,0,subtle_anomaly,monitor closely + collect more contextual data,0.4041599924015989,49.78908749521058,4.3005763e-05
4707,1,temporal_pattern_anomaly,analyze time-series behavior + review LSTM/Transformer features,0.4197501893837744,54.20652666952592,0.9986791
4708,0,collective_anomaly,investigate multivariate patterns + check correlated KPIs,0.5547354383251327,107.3226559573004,0.001150985
4709,1,temporal_pattern_anomaly,analyze time-series behavior + review LSTM/Transformer features,0.3875012329732012,47.00619295046459,0.9755263
4710,0,subtle_anomaly,monitor closely + collect more contextual data,0.4328770861186182,51.58978041463518,4.807843e-05
4711,1,temporal_pattern_anomaly,analyze time-series behavior + review LSTM/Transformer features,0.3901681253595054,51.24621807382616,0.9398018
4712,1,collective_anomaly,investigate multivariate patterns + check correlated KPIs,0.4978741612186228,92.99951588206208,0.9990293
4713,0,subtle_anomaly,monitor closely + collect more contextual data,0.4553724147634055,58.70251566473964,0.0006625487
4714,1,temporal_pattern_anomaly,analyze time-series behavior + review LSTM/Transformer features,0.440073909676292,60.11217850901978,0.9999589
4715,1,subtle_anomaly,monitor closely + collect more contextual data,0.4396562535632459,53.76024668628269,0.2570869
4716,0,subtle_anomaly,monitor closely + collect more contextual data,0.3906793390996921,45.873816589506646,6.2592444e-05
4717,0,subtle_anomaly,monitor closely + collect more contextual data,0.3934426886779,48.12537288467591,0.00023792502
4718,0,subtle_anomaly,monitor closely + collect more contextual data,0.4227445987981376,56.61089010250538,0.00015931927
4719,0,subtle_anomaly,monitor closely + collect more contextual data,0.4171933788288267,49.992824198524005,5.204812e-05
4720,1,temporal_pattern_anomaly,analyze time-series behavior + review LSTM/Transformer features,0.3976144883870899,50.84687641111777,0.99943215
4721,1,collective_anomaly,investigate multivariate patterns + check correlated KPIs,0.5783211105744166,127.58373711510733,0.9996668
4722,1,temporal_pattern_anomaly,analyze time-series behavior + review LSTM/Transformer features,0.4452981242070823,58.14116671444437,0.9998858
4723,0,subtle_anomaly,monitor closely + collect more contextual data,0.4110630167508355,55.69700781423596,3.656275e-05
4724,1,temporal_pattern_anomaly,analyze time-series behavior + review LSTM/Transformer features,0.4334637248760679,67.9432633180839,0.9997565
4725,1,temporal_pattern_anomaly,analyze time-series behavior + review LSTM/Transformer features,0.4897044764224637,73.73332090212084,0.9999521
4726,1,temporal_pattern_anomaly,analyze time-series behavior + review LSTM/Transformer features,0.4640097841704187,65.52009291327401,0.9998561
4727,0,isolation_outlier,inspect individual extreme values + check for sensor drift,0.4814832872685257,63.74157794574665,6.7240326e-05
4728,1,collective_anomaly,investigate multivariate patterns + check correlated KPIs,0.5156945919556385,99.03460012191462,0.9999199
4729,0,subtle_anomaly,monitor closely + collect more contextual data,0.4393287643853188,56.18474302575779,0.00029468842
4730,0,temporal_pattern_anomaly,analyze time-series behavior + review LSTM/Transformer features,0.4630374951291876,67.98838808377982,0.00018977803
4731,0,subtle_anomaly,monitor closely + collect more contextual data,0.4406121320848303,54.08798010490828,0.001134183
4732,0,subtle_anomaly,monitor closely + collect more contextual data,0.4520768608802303,68.53505200748673,4.655713e-05
4733,0,subtle_anomaly,monitor closely + collect more contextual data,0.4087694772050727,52.21173238521593,0.0012508556
4734,0,subtle_anomaly,monitor closely + collect more contextual data,0.3993807620421857,46.88965660968971,7.183978e-05
4735,1,temporal_pattern_anomaly,analyze time-series behavior + review LSTM/Transformer features,0.4099502976772499,55.99648950215912,0.9994299
4736,0,subtle_anomaly,monitor closely + collect more contextual data,0.3987571021185757,48.86775246764886,0.002984297
4737,0,subtle_anomaly,monitor closely + collect more contextual data,0.4081234878613514,48.99338823443268,0.00518491
4738,0,subtle_anomaly,monitor closely + collect more contextual data,0.4362901576122555,53.53073151969368,0.0004341282
4739,1,temporal_pattern_anomaly,analyze time-series behavior + review LSTM/Transformer features,0.4093170613310482,51.62221815732973,0.9999516
4740,1,temporal_pattern_anomaly,analyze time-series behavior + review LSTM/Transformer features,0.4013464041331825,50.51171893098439,0.9998276
4741,1,temporal_pattern_anomaly,analyze time-series behavior + review LSTM/Transformer features,0.4146315547477763,50.942522942260496,0.99444336
4742,1,temporal_pattern_anomaly,analyze time-series behavior + review LSTM/Transformer features,0.4759172155748741,64.40772291467908,0.99985087
4743,0,subtle_anomaly,monitor closely + collect more contextual data,0.4474698942304637,60.83240380044924,5.9706137e-05
4744,0,subtle_anomaly,monitor closely + collect more contextual data,0.4296306987418754,57.90583759624408,0.016111558
4745,0,subtle_anomaly,monitor closely + collect more contextual data,0.4264777792677807,56.11950178361521,0.00014715958
4746,0,subtle_anomaly,monitor closely + collect more contextual data,0.3940378749659858,48.60218768760247,0.7177779
4747,1,temporal_pattern_anomaly,analyze time-series behavior + review LSTM/Transformer features,0.4427659123560636,63.03592354224911,0.9999473
4748,1,temporal_pattern_anomaly,analyze time-series behavior + review LSTM/Transformer features,0.4958983477688889,78.5607430415207,0.9997756
4749,0,subtle_anomaly,monitor closely + collect more contextual data,0.4020232830050847,48.87315627104533,1.9725849e-05
4750,0,subtle_anomaly,monitor closely + collect more contextual data,0.4057942876353778,51.90257598320646,0.0001939761
4751,1,temporal_pattern_anomaly,analyze time-series behavior + review LSTM/Transformer features,0.4183965271658866,50.84998408335685,0.9885089
4752,1,temporal_pattern_anomaly,analyze time-series behavior + review LSTM/Transformer features,0.40406452417757,56.71891826289594,0.9997124
4753,1,temporal_pattern_anomaly,analyze time-series behavior + review LSTM/Transformer features,0.4376924908074225,62.87959197408304,0.99930346
4754,0,subtle_anomaly,monitor closely + collect more contextual data,0.473627793692091,64.20575825519802,6.179988e-05
4755,1,temporal_pattern_anomaly,analyze time-series behavior + review LSTM/Transformer features,0.4177290324899616,56.06697332292083,0.9999343
4756,0,subtle_anomaly,monitor closely + collect more contextual data,0.4049408767269446,52.66221242099245,0.0003540645
4757,0,subtle_anomaly,monitor closely + collect more contextual data,0.450743297910126,59.96715141457591,0.00016904544
4758,0,subtle_anomaly,monitor closely + collect more contextual data,0.4132709548070432,47.62066977631877,0.0006342077
4759,1,temporal_pattern_anomaly,analyze time-series behavior + review LSTM/Transformer features,0.4042102365512123,54.42602554601088,0.9999361
4760,0,temporal_pattern_anomaly,analyze time-series behavior + review LSTM/Transformer features,0.4496118690485362,71.21642388218608,0.031665165
4761,1,temporal_pattern_anomaly,analyze time-series behavior + review LSTM/Transformer features,0.4657399568435658,62.83905125408904,0.999954
4762,1,temporal_pattern_anomaly,analyze time-series behavior + review LSTM/Transformer features,0.4471527287757074,62.32764365412406,0.99992347
4763,0,collective_anomaly,investigate multivariate patterns + check correlated KPIs,0.5642466015800909,127.76252404490224,0.0010044369
4764,0,subtle_anomaly,monitor closely + collect more contextual data,0.4544643873975442,60.75302799999216,9.3634844e-05
4765,1,temporal_pattern_anomaly,analyze time-series behavior + review LSTM/Transformer features,0.4514386674858754,59.52553924271249,0.99997413
4766,1,subtle_anomaly,monitor closely + collect more contextual data,0.3923446207025423,48.26781010108832,0.8461642
4767,0,subtle_anomaly,monitor closely + collect more contextual data,0.4196156669660247,60.56434744914343,0.000102470716
4768,1,temporal_pattern_anomaly,analyze time-series behavior + review LSTM/Transformer features,0.4636622308543024,65.76917227175494,0.99995303
4769,0,subtle_anomaly,monitor closely + collect more contextual data,0.4258767771919016,50.95414822947692,7.125833e-05
4770,0,subtle_anomaly,monitor closely + collect more contextual data,0.4514566210141826,64.78642861261662,0.0002494981
4771,0,temporal_pattern_anomaly,analyze time-series behavior + review LSTM/Transformer features,0.3884852355654604,47.23981789260967,0.00017153622
4772,0,temporal_pattern_anomaly,analyze time-series behavior + review LSTM/Transformer features,0.4258749412959221,54.72790855527757,0.20805606
4773,0,subtle_anomaly,monitor closely + collect more contextual data,0.376593781896134,40.93380603199032,0.00023997703
4774,1,temporal_pattern_anomaly,analyze time-series behavior + review LSTM/Transformer features,0.3803221024185049,46.77718915566287,0.999833
4775,0,subtle_anomaly,monitor closely + collect more contextual data,0.429294356944242,48.54660451364821,0.0008008121
4776,1,temporal_pattern_anomaly,analyze time-series behavior + review LSTM/Transformer features,0.4421198237379869,60.64082974724055,0.9999691
4777,1,temporal_pattern_anomaly,analyze time-series behavior + review LSTM/Transformer features,0.402771508920826,51.12477871364379,0.999648
4778,1,temporal_pattern_anomaly,analyze time-series behavior + review LSTM/Transformer features,0.4353664639588944,56.43567171853809,0.99996865
4779,1,temporal_pattern_anomaly,analyze time-series behavior + review LSTM/Transformer features,0.477951264994552,69.52833426673183,0.99967456
4780,1,temporal_pattern_anomaly,analyze time-series behavior + review LSTM/Transformer features,0.4108487538627022,55.54993741365188,0.99935514
4781,1,temporal_pattern_anomaly,analyze time-series behavior + review LSTM/Transformer features,0.4717211315039357,69.65839452308795,0.9999672
4782,0,subtle_anomaly,monitor closely + collect more contextual data,0.4523261238557957,63.746869107161615,0.0020001335
4783,1,temporal_pattern_anomaly,analyze time-series behavior + review LSTM/Transformer features,0.4391743815703103,64.23806519942957,0.999127
4784,0,isolation_outlier,inspect individual extreme values + check for sensor drift,0.5223315106840344,79.13460278195019,0.0003290203
4785,0,subtle_anomaly,monitor closely + collect more contextual data,0.4559074499387414,63.29730082811437,9.243417e-05
4786,1,temporal_pattern_anomaly,analyze time-series behavior + review LSTM/Transformer features,0.4298260859507487,54.3230168616899,0.99953115
4787,0,subtle_anomaly,monitor closely + collect more contextual data,0.4584171695996219,58.70151492933456,0.00075619685
4788,0,subtle_anomaly,monitor closely + collect more contextual data,0.4789335060129948,66.39038928362568,0.00097042246
4789,0,subtle_anomaly,monitor closely + collect more contextual data,0.4144017781734771,53.3237600932548,3.714623e-05
4790,1,temporal_pattern_anomaly,analyze time-series behavior + review LSTM/Transformer features,0.4314190132747539,57.45070814490436,0.9995474
4791,1,temporal_pattern_anomaly,analyze time-series behavior + review LSTM/Transformer features,0.4421753816630474,66.21271442444299,0.9999598
4792,0,subtle_anomaly,monitor closely + collect more contextual data,0.4257210151573902,54.47200459944428,7.724033e-05
4793,1,collective_anomaly,investigate multivariate patterns + check correlated KPIs,0.5439499864154327,102.26045901916746,0.9997234
4794,1,temporal_pattern_anomaly,analyze time-series behavior + review LSTM/Transformer features,0.4342591871730336,61.57549467347169,0.98940665
4795,1,temporal_pattern_anomaly,analyze time-series behavior + review LSTM/Transformer features,0.465107548253274,62.60907850771411,0.9999528
4796,0,subtle_anomaly,monitor closely + collect more contextual data,0.4261126341935412,55.2923219517949,4.1678417e-05
4797,0,collective_anomaly,investigate multivariate patterns + check correlated KPIs,0.5417940136325506,104.79345391890608,0.000717205
4798,1,collective_anomaly,investigate multivariate patterns + check correlated KPIs,0.535905112279537,107.22968184235198,0.99976355
4799,0,subtle_anomaly,monitor closely + collect more contextual data,0.4794967885993685,71.53145154304333,0.0002865321
4800,0,subtle_anomaly,monitor closely + collect more contextual data,0.4120262495373142,53.29607312259106,0.00015528726
4801,0,subtle_anomaly,monitor closely + collect more contextual data,0.4420835729620824,62.58490758875869,0.00021274853
4802,1,temporal_pattern_anomaly,analyze time-series behavior + review LSTM/Transformer features,0.4314494474792987,60.41377610975409,0.99763393
4803,0,subtle_anomaly,monitor closely + collect more contextual data,0.4330005671398664,65.74385636069988,0.00048156182
4804,0,subtle_anomaly,monitor closely + collect more contextual data,0.415603244651951,54.452351497095634,4.7488516e-05
4805,0,subtle_anomaly,monitor closely + collect more contextual data,0.4013814767291987,51.034610754565385,0.00012581193
4806,1,temporal_pattern_anomaly,analyze time-series behavior + review LSTM/Transformer features,0.4378896990226826,59.17252548358729,0.9994722
4807,0,subtle_anomaly,monitor closely + collect more contextual data,0.4320112590082742,58.05268490340355,0.00030137654
4808,0,isolation_outlier,inspect individual extreme values + check for sensor drift,0.4964933735856088,74.20978997223649,0.00012803737
4809,1,temporal_pattern_anomaly,analyze time-series behavior + review LSTM/Transformer features,0.4148251250213404,56.00972318140032,0.9995757
4810,1,temporal_pattern_anomaly,analyze time-series behavior + review LSTM/Transformer features,0.4006758224300761,52.50719097556836,0.999853
4811,0,subtle_anomaly,monitor closely + collect more contextual data,0.4211159784880304,59.61608643334228,0.00033531274
4812,0,subtle_anomaly,monitor closely + collect more contextual data,0.4566389856433684,68.65533277059886,7.633732e-05
4813,1,temporal_pattern_anomaly,analyze time-series behavior + review LSTM/Transformer features,0.4203007025106577,57.13492859115033,0.9997503
4814,0,subtle_anomaly,monitor closely + collect more contextual data,0.4185275374298127,49.55510998427979,6.580883e-05
4815,0,subtle_anomaly,monitor closely + collect more contextual data,0.4188551598702476,56.578883960834986,0.0017098498
4816,1,temporal_pattern_anomaly,analyze time-series behavior + review LSTM/Transformer features,0.3895792196789016,50.02430803689953,0.9998186
4817,0,subtle_anomaly,monitor closely + collect more contextual data,0.4694245997632267,59.0714975712518,0.00014652501
4818,0,subtle_anomaly,monitor closely + collect more contextual data,0.4004153195656855,48.38548705442469,6.409422e-05
4819,1,temporal_pattern_anomaly,analyze time-series behavior + review LSTM/Transformer features,0.3936850129215131,51.073629597010445,0.99986696
4820,1,temporal_pattern_anomaly,analyze time-series behavior + review LSTM/Transformer features,0.4163459759780127,62.87609561769179,0.9999496
4821,0,subtle_anomaly,monitor closely + collect more contextual data,0.4512997439326137,64.31657183116936,9.917382e-05
4822,1,temporal_pattern_anomaly,analyze time-series behavior + review LSTM/Transformer features,0.4394839253886782,58.44643173083324,0.9992799
4823,0,subtle_anomaly,monitor closely + collect more contextual data,0.479498288534708,73.8285561851754,5.5156557e-05
4824,0,subtle_anomaly,monitor closely + collect more contextual data,0.3945499198765022,51.256667698208375,2.8377792e-05
4825,1,temporal_pattern_anomaly,analyze time-series behavior + review LSTM/Transformer features,0.3996244179268643,51.8368117073106,0.99996185
4826,0,temporal_pattern_anomaly,analyze time-series behavior + review LSTM/Transformer features,0.4427011080124006,60.01337190736783,0.008717551
4827,1,collective_anomaly,investigate multivariate patterns + check correlated KPIs,0.5201777214868084,92.48565913696152,0.9999474
4828,1,temporal_pattern_anomaly,analyze time-series behavior + review LSTM/Transformer features,0.4387261577352721,64.35930695150523,0.99982566
4829,0,subtle_anomaly,monitor closely + collect more contextual data,0.4693171088771156,73.43254284269258,6.377341e-05
4830,1,collective_anomaly,investigate multivariate patterns + check correlated KPIs,0.5446758650871186,101.55508500038302,0.9999275
4831,0,subtle_anomaly,monitor closely + collect more contextual data,0.401533673607172,51.193432979488335,5.7160007e-05
4832,0,subtle_anomaly,monitor closely + collect more contextual data,0.4393020916151017,59.14718786775431,0.00013304941
4833,1,temporal_pattern_anomaly,analyze time-series behavior + review LSTM/Transformer features,0.434314181076452,54.46653589328624,0.99995947
4834,0,subtle_anomaly,monitor closely + collect more contextual data,0.4268557614870524,56.73546512314041,0.00016477783
4835,1,temporal_pattern_anomaly,analyze time-series behavior + review LSTM/Transformer features,0.4496137200809107,61.51778396579342,0.99995327
4836,0,subtle_anomaly,monitor closely + collect more contextual data,0.4200748786428524,53.52072875485955,0.00061344675
4837,1,temporal_pattern_anomaly,analyze time-series behavior + review LSTM/Transformer features,0.4373218109993831,61.0799810012448,0.999824
4838,1,temporal_pattern_anomaly,analyze time-series behavior + review LSTM/Transformer features,0.4654426175874583,67.320677896007,0.99993503
4839,1,temporal_pattern_anomaly,analyze time-series behavior + review LSTM/Transformer features,0.479473463543666,67.9348968731231,0.99946946
4840,0,subtle_anomaly,monitor closely + collect more contextual data,0.4199207240530897,54.44875360297474,0.0010178874
4841,0,subtle_anomaly,monitor closely + collect more contextual data,0.3646298159633398,37.57803533374096,0.0003567041
4842,1,temporal_pattern_anomaly,analyze time-series behavior + review LSTM/Transformer features,0.4236959203885824,56.86679152098964,0.9997904
4843,0,subtle_anomaly,monitor closely + collect more contextual data,0.4106752667118005,57.88378611153495,2.1856018e-05
4844,0,subtle_anomaly,monitor closely + collect more contextual data,0.4250684450729269,54.50815906764097,7.7461096e-05
4845,1,collective_anomaly,investigate multivariate patterns + check correlated KPIs,0.5586299088480214,106.20313633763864,0.9997948
4846,1,temporal_pattern_anomaly,analyze time-series behavior + review LSTM/Transformer features,0.4085978021888456,54.66599607298819,0.9999217
4847,0,subtle_anomaly,monitor closely + collect more contextual data,0.4521558957519349,58.8515510513811,0.00013205709
4848,0,subtle_anomaly,monitor closely + collect more contextual data,0.4161744703077829,55.18071967884745,2.3324761e-05
4849,1,temporal_pattern_anomaly,analyze time-series behavior + review LSTM/Transformer features,0.4360099598126284,68.76037475252886,0.9983132
4850,0,subtle_anomaly,monitor closely + collect more contextual data,0.4249106474548402,51.71206527926545,0.0710113
4851,0,subtle_anomaly,monitor closely + collect more contextual data,0.4437394684774858,58.82352625057153,0.0030519816
4852,0,subtle_anomaly,monitor closely + collect more contextual data,0.4569655741126335,54.87774565565135,0.002478683
4853,0,subtle_anomaly,monitor closely + collect more contextual data,0.4586888291594657,61.95338765368064,4.938957e-05
4854,0,subtle_anomaly,monitor closely + collect more contextual data,0.3826978655576226,41.05628044822732,0.0005558186
4855,1,temporal_pattern_anomaly,analyze time-series behavior + review LSTM/Transformer features,0.390575412355208,47.72252900209723,0.9998609
4856,1,temporal_pattern_anomaly,analyze time-series behavior + review LSTM/Transformer features,0.4238613289259491,67.58758632222246,0.999746
4857,0,subtle_anomaly,monitor closely + collect more contextual data,0.4113057588052372,50.50962710722206,2.2255539e-05
4858,0,subtle_anomaly,monitor closely + collect more contextual data,0.4163065236104004,55.15033698609776,0.0021619701
4859,0,subtle_anomaly,monitor closely + collect more contextual data,0.4114617816020297,49.42272933583815,0.00022915685
4860,0,subtle_anomaly,monitor closely + collect more contextual data,0.430503412989644,53.46629719842594,7.0007096e-05
4861,0,subtle_anomaly,monitor closely + collect more contextual data,0.4263500296218737,52.39270648677215,0.0001357958
4862,0,subtle_anomaly,monitor closely + collect more contextual data,0.458943411078941,62.29368034462296,0.00018478862
4863,1,temporal_pattern_anomaly,analyze time-series behavior + review LSTM/Transformer features,0.4295296923225169,57.64765566139992,0.9999627
4864,0,subtle_anomaly,monitor closely + collect more contextual data,0.4379960094372688,67.10927260774243,0.00021432196
4865,1,temporal_pattern_anomaly,analyze time-series behavior + review LSTM/Transformer features,0.4184362575177083,57.2673261266516,0.999723
4866,0,collective_anomaly,investigate multivariate patterns + check correlated KPIs,0.5371997841679855,91.15271366473084,0.0029278563
4867,0,subtle_anomaly,monitor closely + collect more contextual data,0.4535252994723819,65.34067554430113,0.000102876045
4868,0,subtle_anomaly,monitor closely + collect more contextual data,0.4019816487683,48.96950917484875,0.00020865219
4869,1,temporal_pattern_anomaly,analyze time-series behavior + review LSTM/Transformer features,0.4323029179371166,55.94507055756456,0.99993324
4870,1,temporal_pattern_anomaly,analyze time-series behavior + review LSTM/Transformer features,0.4274752791949939,60.35264598557671,0.9999472
4871,0,subtle_anomaly,monitor closely + collect more contextual data,0.4086513376628145,49.73932630369573,0.00030083684
4872,0,subtle_anomaly,monitor closely + collect more contextual data,0.4671736956647191,71.80132346579883,0.00014855957
4873,1,temporal_pattern_anomaly,analyze time-series behavior + review LSTM/Transformer features,0.4239267230463798,57.06921227601956,0.9990176
4874,1,temporal_pattern_anomaly,analyze time-series behavior + review LSTM/Transformer features,0.416998621784895,51.8111003454892,0.9051882
4875,1,temporal_pattern_anomaly,analyze time-series behavior + review LSTM/Transformer features,0.3810357835450356,40.866854625184885,0.999723
4876,1,temporal_pattern_anomaly,analyze time-series behavior + review LSTM/Transformer features,0.4400314072597341,53.31027658399229,0.9987484
4877,0,subtle_anomaly,monitor closely + collect more contextual data,0.4125700023094415,55.06076698863892,0.0003220746
4878,0,subtle_anomaly,monitor closely + collect more contextual data,0.4377763541416756,53.312438173965,0.00074067357
4879,0,subtle_anomaly,monitor closely + collect more contextual data,0.3861607174160442,41.88048979153248,3.6297813e-05
4880,1,temporal_pattern_anomaly,analyze time-series behavior + review LSTM/Transformer features,0.403682432034974,53.2441714868917,0.99997485
4881,1,temporal_pattern_anomaly,analyze time-series behavior + review LSTM/Transformer features,0.4578731759553049,70.34716805466103,0.99983895
4882,0,subtle_anomaly,monitor closely + collect more contextual data,0.4584118962813513,59.15137572954877,5.6998884e-05
4883,0,isolation_outlier,inspect individual extreme values + check for sensor drift,0.4830290209820533,66.73710598546619,0.00030444347
4884,1,temporal_pattern_anomaly,analyze time-series behavior + review LSTM/Transformer features,0.4472015900152013,61.69292920640773,0.9983734
4885,1,temporal_pattern_anomaly,analyze time-series behavior + review LSTM/Transformer features,0.4235188822785297,62.21676972317614,0.9998258
4886,0,subtle_anomaly,monitor closely + collect more contextual data,0.3988253042680482,48.253246060454266,0.90356755
4887,0,subtle_anomaly,monitor closely + collect more contextual data,0.4390737230574147,60.456227279522935,4.715278e-05
4888,0,subtle_anomaly,monitor closely + collect more contextual data,0.4644932584033007,64.12899278101996,0.00014754484
4889,1,temporal_pattern_anomaly,analyze time-series behavior + review LSTM/Transformer features,0.4402021033503275,59.26250650330683,0.9999244
4890,0,subtle_anomaly,monitor closely + collect more contextual data,0.3973705810816471,50.74684264864352,5.361016e-05
4891,0,collective_anomaly,investigate multivariate patterns + check correlated KPIs,0.53954219437385,87.77617924459663,5.8658297e-05
4892,0,subtle_anomaly,monitor closely + collect more contextual data,0.3888908273028121,45.17813916371286,7.258403e-05
4893,1,temporal_pattern_anomaly,analyze time-series behavior + review LSTM/Transformer features,0.466578834502444,71.29811311606885,0.99995756
4894,0,subtle_anomaly,monitor closely + collect more contextual data,0.4081455740905173,52.04080685801194,0.0002545903
4895,0,subtle_anomaly,monitor closely + collect more contextual data,0.3889177912779395,43.66497502836013,3.9877068e-05
4896,1,temporal_pattern_anomaly,analyze time-series behavior + review LSTM/Transformer features,0.4246369907148657,56.89954398165668,0.9994802
4897,1,collective_anomaly,investigate multivariate patterns + check correlated KPIs,0.5044839998630101,87.63703127401389,0.9973009
4898,1,temporal_pattern_anomaly,analyze time-series behavior + review LSTM/Transformer features,0.4332851418390034,56.55170860635046,0.9999312
4899,1,confirmed_anomaly,high-confidence alert - trigger immediate investigation,0.441245111347225,52.89662901461677,0.9962291
4900,1,temporal_pattern_anomaly,analyze time-series behavior + review LSTM/Transformer features,0.3993025226650725,51.69371945936847,0.9999387
4901,0,subtle_anomaly,monitor closely + collect more contextual data,0.4034665168154495,46.283845116951056,0.000453972
4902,0,subtle_anomaly,monitor closely + collect more contextual data,0.4184038589133966,57.16583703387681,0.028257757
4903,0,subtle_anomaly,monitor closely + collect more contextual data,0.445476817090138,68.33655861087804,0.0020649915
4904,1,temporal_pattern_anomaly,analyze time-series behavior + review LSTM/Transformer features,0.4150381933500072,56.753207650281546,0.94915843
4905,1,temporal_pattern_anomaly,analyze time-series behavior + review LSTM/Transformer features,0.4513475762719134,60.21773015070933,0.99965584
4906,1,temporal_pattern_anomaly,analyze time-series behavior + review LSTM/Transformer features,0.4474535145272902,58.69501822868768,0.99979323
4907,0,subtle_anomaly,monitor closely + collect more contextual data,0.4225531785462119,55.26880286417207,0.0032595266
4908,0,subtle_anomaly,monitor closely + collect more contextual data,0.4064150906126516,47.74131996310511,0.00024478018
4909,1,temporal_pattern_anomaly,analyze time-series behavior + review LSTM/Transformer features,0.4029745544809593,53.31526671777608,0.9998196
4910,0,subtle_anomaly,monitor closely + collect more contextual data,0.4113671554253318,52.59559153614963,0.00027779065
4911,0,subtle_anomaly,monitor closely + collect more contextual data,0.3799858390419419,41.61107817841484,5.9124643e-05
4912,1,temporal_pattern_anomaly,analyze time-series behavior + review LSTM/Transformer features,0.4291924373257031,60.00455851225105,0.9998945
4913,0,subtle_anomaly,monitor closely + collect more contextual data,0.4191896416480483,53.32971624835587,7.176973e-05
4914,0,subtle_anomaly,monitor closely + collect more contextual data,0.4029970283471321,56.24800888316751,3.4237622e-05
4915,0,subtle_anomaly,monitor closely + collect more contextual data,0.4730143856645024,66.4062987500194,0.0014939999
4916,1,collective_anomaly,investigate multivariate patterns + check correlated KPIs,0.5149226490122912,88.75156188218445,0.9999248
4917,0,subtle_anomaly,monitor closely + collect more contextual data,0.4166477195956401,52.54855990540239,0.00037652408
4918,0,subtle_anomaly,monitor closely + collect more contextual data,0.438958381880051,55.915791707574776,0.00019013086
4919,1,collective_anomaly,investigate multivariate patterns + check correlated KPIs,0.4974657800344098,93.35289429556472,0.9999114
4920,1,temporal_pattern_anomaly,analyze time-series behavior + review LSTM/Transformer features,0.4277902923598124,64.03240646588078,0.9998217
4921,1,temporal_pattern_anomaly,analyze time-series behavior + review LSTM/Transformer features,0.4231685863609739,59.05101409433285,0.99995387
4922,0,subtle_anomaly,monitor closely + collect more contextual data,0.4520913909517119,62.0246581846965,0.00020280492
4923,0,subtle_anomaly,monitor closely + collect more contextual data,0.3990541104729463,46.0983820049923,0.00024007018
4924,1,collective_anomaly,investigate multivariate patterns + check correlated KPIs,0.5256863582911858,97.1975039137755,0.9984036
4925,0,subtle_anomaly,monitor closely + collect more contextual data,0.3932743433115589,48.09137021759187,8.1105114e-05
4926,0,subtle_anomaly,monitor closely + collect more contextual data,0.4042326808217088,51.52640201019591,0.0045911735
4927,0,subtle_anomaly,monitor closely + collect more contextual data,0.4064209047521367,49.53022798458439,0.0005436994
4928,0,subtle_anomaly,monitor closely + collect more contextual data,0.4338746757722865,54.98157180830965,5.1859603e-05
4929,0,subtle_anomaly,monitor closely + collect more contextual data,0.4601225089184287,65.82954776907948,6.999221e-05
4930,1,temporal_pattern_anomaly,analyze time-series behavior + review LSTM/Transformer features,0.4298856433827565,62.00863638992209,0.99987483
4931,1,temporal_pattern_anomaly,analyze time-series behavior + review LSTM/Transformer features,0.4312304679542705,60.33026961531406,0.9999585
4932,0,subtle_anomaly,monitor closely + collect more contextual data,0.4447275080120148,52.124544392077865,0.00032323858
4933,0,subtle_anomaly,monitor closely + collect more contextual data,0.4388291334225808,61.04484132442244,0.00011056425
4934,1,temporal_pattern_anomaly,analyze time-series behavior + review LSTM/Transformer features,0.4070123437310755,57.52029420035645,0.99994874
4935,0,subtle_anomaly,monitor closely + collect more contextual data,0.4225533630978662,52.0309635069478,0.0008231606
4936,1,temporal_pattern_anomaly,analyze time-series behavior + review LSTM/Transformer features,0.4635794982252789,66.89583026188312,0.99992955
4937,0,subtle_anomaly,monitor closely + collect more contextual data,0.3879690972629601,47.09759833189639,3.9631406e-05
4938,0,subtle_anomaly,monitor closely + collect more contextual data,0.384901268944022,43.76358652038954,4.4495515e-05
4939,0,subtle_anomaly,monitor closely + collect more contextual data,0.4151513727597603,51.79161979198305,0.00012608973
4940,0,subtle_anomaly,monitor closely + collect more contextual data,0.4676045343884583,69.9344579157225,0.00020621532
4941,1,temporal_pattern_anomaly,analyze time-series behavior + review LSTM/Transformer features,0.3985252001596885,56.02539285084679,0.9998154
4942,1,temporal_pattern_anomaly,analyze time-series behavior + review LSTM/Transformer features,0.4538725520099521,70.4957032492806,0.9999554
4943,0,subtle_anomaly,monitor closely + collect more contextual data,0.4320600136677968,62.820178116084165,0.00027226674
4944,1,temporal_pattern_anomaly,analyze time-series behavior + review LSTM/Transformer features,0.4023264840270658,53.12474150717223,0.9999206
4945,0,subtle_anomaly,monitor closely + collect more contextual data,0.3992237509412648,46.48735873018708,0.00013349268
4946,0,subtle_anomaly,monitor closely + collect more contextual data,0.4237658446708514,56.38876931111448,0.006409564
4947,0,subtle_anomaly,monitor closely + collect more contextual data,0.4600819325574315,68.23707284935143,0.000102163576
4948,0,subtle_anomaly,monitor closely + collect more contextual data,0.4582658220100606,66.94959837859287,5.1725805e-05
4949,1,temporal_pattern_anomaly,analyze time-series behavior + review LSTM/Transformer features,0.4122461648447468,58.07149218545211,0.9999056
4950,0,subtle_anomaly,monitor closely + collect more contextual data,0.4089088227705565,50.296249703571085,0.00019807993
4951,0,subtle_anomaly,monitor closely + collect more contextual data,0.4035347780868187,52.32588035906111,0.00038697445
4952,0,subtle_anomaly,monitor closely + collect more contextual data,0.3869823046102102,41.6602864295125,5.6828354e-05
4953,0,subtle_anomaly,monitor closely + collect more contextual data,0.3985897180512333,47.61303686485244,0.00026404898
4954,0,subtle_anomaly,monitor closely + collect more contextual data,0.4322451200479135,63.463156180943606,0.000106592386
4955,1,temporal_pattern_anomaly,analyze time-series behavior + review LSTM/Transformer features,0.4223384188957866,53.82188564729177,0.9998362
4956,1,temporal_pattern_anomaly,analyze time-series behavior + review LSTM/Transformer features,0.3929433326792776,56.72083986013174,0.9999473
4957,0,subtle_anomaly,monitor closely + collect more contextual data,0.3906700670216175,48.05474002982895,8.516902e-05
4958,1,temporal_pattern_anomaly,analyze time-series behavior + review LSTM/Transformer features,0.438682089729284,58.72397300053541,0.41323876
4959,0,subtle_anomaly,monitor closely + collect more contextual data,0.4312992684231286,56.43417333790958,0.00145169
4960,0,subtle_anomaly,monitor closely + collect more contextual data,0.3836024348863214,44.12786273363908,0.00028755396
4961,1,temporal_pattern_anomaly,analyze time-series behavior + review LSTM/Transformer features,0.4199647357254702,54.62827299585366,0.9998281
4962,0,subtle_anomaly,monitor closely + collect more contextual data,0.438307584851862,60.4153594762122,0.00010648207
4963,1,temporal_pattern_anomaly,analyze time-series behavior + review LSTM/Transformer features,0.3937846064274306,50.11903585402421,0.99993074
4964,0,subtle_anomaly,monitor closely + collect more contextual data,0.4217282579278946,54.07404755110232,0.00046224103
4965,1,collective_anomaly,investigate multivariate patterns + check correlated KPIs,0.4680126933291218,83.6001349923184,0.9997874
4966,1,temporal_pattern_anomaly,analyze time-series behavior + review LSTM/Transformer features,0.4722834676590898,67.11911381995309,0.99993134
4967,0,subtle_anomaly,monitor closely + collect more contextual data,0.4245383255942849,54.527531542033,9.456005e-05
4968,1,temporal_pattern_anomaly,analyze time-series behavior + review LSTM/Transformer features,0.427881341837294,59.53549950973118,0.9998883
4969,0,subtle_anomaly,monitor closely + collect more contextual data,0.4244820003575194,51.52597712837192,0.0007388234
4970,0,subtle_anomaly,monitor closely + collect more contextual data,0.4156029994522126,55.68114524788454,0.0014304611
4971,0,subtle_anomaly,monitor closely + collect more contextual data,0.4105253944441957,50.27549204484348,3.4504956e-05
4972,1,collective_anomaly,investigate multivariate patterns + check correlated KPIs,0.5539363374671129,99.28475318118058,0.999017
4973,0,subtle_anomaly,monitor closely + collect more contextual data,0.4583965684733492,67.0592188784269,7.3814634e-05
4974,1,temporal_pattern_anomaly,analyze time-series behavior + review LSTM/Transformer features,0.4490747079233039,65.04520338490715,0.9995425
4975,0,subtle_anomaly,monitor closely + collect more contextual data,0.4212078556579935,54.62572474159398,0.00055195624
4976,1,collective_anomaly,investigate multivariate patterns + check correlated KPIs,0.4749721627863609,85.4971436025306,0.99997795
4977,1,temporal_pattern_anomaly,analyze time-series behavior + review LSTM/Transformer features,0.4124604867699979,54.94350638768924,0.99976724
4978,0,subtle_anomaly,monitor closely + collect more contextual data,0.4284664378653617,58.23706064646212,1.9420793e-05
4979,0,subtle_anomaly,monitor closely + collect more contextual data,0.3919886815192923,42.20319574134018,0.00034575452
4980,1,temporal_pattern_anomaly,analyze time-series behavior + review LSTM/Transformer features,0.455442522618054,59.46734467243425,0.9999448
4981,1,collective_anomaly,investigate multivariate patterns + check correlated KPIs,0.5715195597877956,114.0345547861323,0.99957603
4982,0,subtle_anomaly,monitor closely + collect more contextual data,0.4442141284880678,54.98626410020366,7.108594e-05
4983,1,temporal_pattern_anomaly,analyze time-series behavior + review LSTM/Transformer features,0.4238182089770211,61.19694549287528,0.5167638
4984,0,subtle_anomaly,monitor closely + collect more contextual data,0.4617926072591614,62.08696362123244,5.0515784e-05
4985,1,temporal_pattern_anomaly,analyze time-series behavior + review LSTM/Transformer features,0.4029340220173729,51.8183815988513,0.99993515
4986,0,subtle_anomaly,monitor closely + collect more contextual data,0.4434659964560412,60.43660004669636,0.00023411596
4987,0,subtle_anomaly,monitor closely + collect more contextual data,0.4179543658014424,46.078093138853845,0.0017128094
4988,1,temporal_pattern_anomaly,analyze time-series behavior + review LSTM/Transformer features,0.4662719490620202,76.03088364131617,0.5057521
4989,1,temporal_pattern_anomaly,analyze time-series behavior + review LSTM/Transformer features,0.4822637980584059,70.55909884002743,0.99976784
4990,0,subtle_anomaly,monitor closely + collect more contextual data,0.3982432845672394,49.46672402497623,0.001011858
4991,0,isolation_outlier,inspect individual extreme values + check for sensor drift,0.4827981237441014,69.6097497868438,0.000110398956
4992,1,temporal_pattern_anomaly,analyze time-series behavior + review LSTM/Transformer features,0.4179750687931111,55.51545039496606,0.9999527
4993,1,temporal_pattern_anomaly,analyze time-series behavior + review LSTM/Transformer features,0.4112830422143462,50.259047300207406,0.99857414
4994,0,isolation_outlier,inspect individual extreme values + check for sensor drift,0.490174219034818,74.08784250163785,0.00041048115
4995,0,collective_anomaly,investigate multivariate patterns + check correlated KPIs,0.5240737652305315,92.63731494380448,0.0011916523
4996,0,subtle_anomaly,monitor closely + collect more contextual data,0.3879500615151166,43.49800817089826,0.00049263786
4997,1,temporal_pattern_anomaly,analyze time-series behavior + review LSTM/Transformer features,0.447504936701776,62.5489513670989,0.9999484
4998,1,temporal_pattern_anomaly,analyze time-series behavior + review LSTM/Transformer features,0.4089019974091938,54.91720317641196,0.9998938
4999,1,collective_anomaly,investigate multivariate patterns + check correlated KPIs,0.5458922325985818,115.35096753360538,0.9998078
5000,0,subtle_anomaly,monitor closely + collect more contextual data,0.4328563325946443,57.39155591599712,0.00057409715
5001,0,subtle_anomaly,monitor closely + collect more contextual data,0.388500585479989,42.5948271943818,0.00012640658
5002,1,temporal_pattern_anomaly,analyze time-series behavior + review LSTM/Transformer features,0.3991224550804605,58.94748834661775,0.9999095
5003,0,subtle_anomaly,monitor closely + collect more contextual data,0.4752017670921584,73.36853537158659,0.00017397126
5004,0,subtle_anomaly,monitor closely + collect more contextual data,0.4108158500567789,53.03651358443896,0.00011851022
5005,0,subtle_anomaly,monitor closely + collect more contextual data,0.4302473858902937,56.02848506782514,5.1744602e-05
5006,1,temporal_pattern_anomaly,analyze time-series behavior + review LSTM/Transformer features,0.4660044147380556,66.9581409401981,0.9998779
5007,1,temporal_pattern_anomaly,analyze time-series behavior + review LSTM/Transformer features,0.4118136065841662,54.59072372624186,0.99986076
5008,0,subtle_anomaly,monitor closely + collect more contextual data,0.4040194151817841,51.77642115136447,8.200045e-05
5009,1,temporal_pattern_anomaly,analyze time-series behavior + review LSTM/Transformer features,0.4777681674768732,70.05248688611452,0.9999585
5010,1,temporal_pattern_anomaly,analyze time-series behavior + review LSTM/Transformer features,0.4266701628798404,60.08819310774878,0.9999349
5011,0,collective_anomaly,investigate multivariate patterns + check correlated KPIs,0.5266949686671372,99.00867266995964,0.5903444
5012,1,temporal_pattern_anomaly,analyze time-series behavior + review LSTM/Transformer features,0.418708762974237,51.567889299644094,0.9803728
5013,1,temporal_pattern_anomaly,analyze time-series behavior + review LSTM/Transformer features,0.3949827127206467,48.672833789107074,0.9999201
5014,1,temporal_pattern_anomaly,analyze time-series behavior + review LSTM/Transformer features,0.4071202601174054,55.31902365590731,0.9999392
5015,0,subtle_anomaly,monitor closely + collect more contextual data,0.4206495284395878,50.2763929292308,0.0006230394
5016,0,subtle_anomaly,monitor closely + collect more contextual data,0.413276515006212,54.853484792601165,5.167394e-05
5017,1,confirmed_anomaly,high-confidence alert - trigger immediate investigation,0.4165455026138226,43.891394346482336,0.9855747
5018,0,subtle_anomaly,monitor closely + collect more contextual data,0.4468115173255529,59.78767028633752,0.00010187308
5019,0,subtle_anomaly,monitor closely + collect more contextual data,0.3944608448773622,45.808005565278414,0.00038099705
5020,0,subtle_anomaly,monitor closely + collect more contextual data,0.4493166888899368,60.98760888754111,0.00027078105
5021,0,subtle_anomaly,monitor closely + collect more contextual data,0.4067227801556404,50.51020656986137,0.0002370415
5022,0,temporal_pattern_anomaly,analyze time-series behavior + review LSTM/Transformer features,0.4475695847213992,68.6810399855064,0.00024926604
5023,0,subtle_anomaly,monitor closely + collect more contextual data,0.4192927259131085,54.20153066185398,8.2511164e-05
5024,1,temporal_pattern_anomaly,analyze time-series behavior + review LSTM/Transformer features,0.3800111738501894,40.519704041893405,0.99973184
5025,1,temporal_pattern_anomaly,analyze time-series behavior + review LSTM/Transformer features,0.4280427618403849,52.021769958641606,0.9975413
5026,0,subtle_anomaly,monitor closely + collect more contextual data,0.3961247460572139,46.82737475875448,0.00011744274
5027,0,subtle_anomaly,monitor closely + collect more contextual data,0.4451047124098822,63.52147312018829,0.00026022538
5028,1,temporal_pattern_anomaly,analyze time-series behavior + review LSTM/Transformer features,0.4985743094625254,74.81183791159478,0.99989593
5029,0,subtle_anomaly,monitor closely + collect more contextual data,0.4198055498425175,60.78074174385067,0.00014056414
5030,0,subtle_anomaly,monitor closely + collect more contextual data,0.4594977983339037,66.59570628640726,0.00010712255
5031,0,subtle_anomaly,monitor closely + collect more contextual data,0.4493666491278004,63.227762702341934,4.793107e-05
5032,0,subtle_anomaly,monitor closely + collect more contextual data,0.4658270713741869,65.58800139918998,0.000115017465
5033,0,subtle_anomaly,monitor closely + collect more contextual data,0.415097893318379,54.271524302849805,4.919806e-05
5034,0,subtle_anomaly,monitor closely + collect more contextual data,0.4128071929105003,51.84228260015615,0.00021411566
5035,1,temporal_pattern_anomaly,analyze time-series behavior + review LSTM/Transformer features,0.508477411885078,77.14632786698303,0.9999378
5036,0,subtle_anomaly,monitor closely + collect more contextual data,0.4149832789031658,51.27747347202112,0.0004366575
5037,1,temporal_pattern_anomaly,analyze time-series behavior + review LSTM/Transformer features,0.4239194606523923,50.61440993876973,0.9998311
5038,0,subtle_anomaly,monitor closely + collect more contextual data,0.4584364373184414,60.82339407512652,0.00010994427
5039,0,subtle_anomaly,monitor closely + collect more contextual data,0.4571454186778993,58.41376867735981,0.00010612302
5040,1,temporal_pattern_anomaly,analyze time-series behavior + review LSTM/Transformer features,0.4374795378147454,56.339795842612496,0.9994697
5041,0,subtle_anomaly,monitor closely + collect more contextual data,0.4349855257811844,62.84171711216703,0.001556797
5042,1,temporal_pattern_anomaly,analyze time-series behavior + review LSTM/Transformer features,0.4250363964384349,51.69563037578792,0.9997693
5043,1,temporal_pattern_anomaly,analyze time-series behavior + review LSTM/Transformer features,0.4574209975288622,65.08539213398137,0.99420434
5044,1,temporal_pattern_anomaly,analyze time-series behavior + review LSTM/Transformer features,0.3923300924633811,50.60549521513457,0.9983347
5045,1,temporal_pattern_anomaly,analyze time-series behavior + review LSTM/Transformer features,0.4098144612362558,57.28823126352767,0.9991573
5046,0,subtle_anomaly,monitor closely + collect more contextual data,0.4401654927097111,58.280501138389226,4.1944808e-05
5047,1,temporal_pattern_anomaly,analyze time-series behavior + review LSTM/Transformer features,0.4101227497407506,56.36235317275248,0.9997148
5048,0,subtle_anomaly,monitor closely + collect more contextual data,0.4424956033624387,58.78799667230001,0.0014444009
5049,1,temporal_pattern_anomaly,analyze time-series behavior + review LSTM/Transformer features,0.4333742614733309,63.927821916876965,0.99995625
5050,0,subtle_anomaly,monitor closely + collect more contextual data,0.38037903454686,44.76430992957369,0.00021958123
5051,1,temporal_pattern_anomaly,analyze time-series behavior + review LSTM/Transformer features,0.4332314959079532,54.37465033365446,0.99950325
5052,1,temporal_pattern_anomaly,analyze time-series behavior + review LSTM/Transformer features,0.3857334940557922,48.76670933747134,0.9999449
5053,0,subtle_anomaly,monitor closely + collect more contextual data,0.4009375861514104,47.92516592132384,4.361604e-05
5054,1,collective_anomaly,investigate multivariate patterns + check correlated KPIs,0.516945318389532,87.93207453965886,0.99993503
5055,1,temporal_pattern_anomaly,analyze time-series behavior + review LSTM/Transformer features,0.4053556579213984,52.65339588877946,0.99966466
5056,0,subtle_anomaly,monitor closely + collect more contextual data,0.4183784608493318,57.97541472446201,0.0007676877
5057,1,temporal_pattern_anomaly,analyze time-series behavior + review LSTM/Transformer features,0.5009694093779984,74.72024203599217,0.9995542
5058,0,subtle_anomaly,monitor closely + collect more contextual data,0.385296426263483,43.065581958670506,0.00023170564
5059,0,subtle_anomaly,monitor closely + collect more contextual data,0.4303062731883148,63.99547967815974,2.8035101e-05
5060,0,subtle_anomaly,monitor closely + collect more contextual data,0.3796551978367105,42.34120402115503,3.9149727e-05
5061,0,subtle_anomaly,monitor closely + collect more contextual data,0.3989489334429599,51.62358895032758,0.010039081
5062,1,temporal_pattern_anomaly,analyze time-series behavior + review LSTM/Transformer features,0.4078438406799464,55.75924256831195,0.9999038
5063,1,temporal_pattern_anomaly,analyze time-series behavior + review LSTM/Transformer features,0.4128965525393433,56.69640153106479,0.9999263
5064,1,temporal_pattern_anomaly,analyze time-series behavior + review LSTM/Transformer features,0.426070199506192,55.47448404772258,0.99994564
5065,0,subtle_anomaly,monitor closely + collect more contextual data,0.4171905511273654,49.41334442369047,0.00090561307
5066,0,subtle_anomaly,monitor closely + collect more contextual data,0.4096783732744398,50.72681488709023,8.787443e-05
5067,1,temporal_pattern_anomaly,analyze time-series behavior + review LSTM/Transformer features,0.4067987329333309,52.82764046210518,0.99998355
5068,1,temporal_pattern_anomaly,analyze time-series behavior + review LSTM/Transformer features,0.4354993207443239,57.024503187713286,0.99992824
5069,1,collective_anomaly,investigate multivariate patterns + check correlated KPIs,0.5337569597983439,107.32417726491484,0.9984712
5070,0,subtle_anomaly,monitor closely + collect more contextual data,0.4628566039947251,64.95303787596838,0.0005713644
5071,1,temporal_pattern_anomaly,analyze time-series behavior + review LSTM/Transformer features,0.400689405915145,53.80326369149062,0.9998299
5072,0,subtle_anomaly,monitor closely + collect more contextual data,0.4033212710242912,47.794703946244894,0.00039873406
5073,1,temporal_pattern_anomaly,analyze time-series behavior + review LSTM/Transformer features,0.3905010684150999,44.21774551101984,0.9916853
5074,1,temporal_pattern_anomaly,analyze time-series behavior + review LSTM/Transformer features,0.4054308458725448,54.37524294637558,0.9999615
5075,0,subtle_anomaly,monitor closely + collect more contextual data,0.4756735947127107,70.51938917869984,9.060718e-05
5076,0,subtle_anomaly,monitor closely + collect more contextual data,0.4285385328387151,58.89079787648345,0.0002084279
5077,0,collective_anomaly,investigate multivariate patterns + check correlated KPIs,0.5804080227170968,129.61356305870763,0.0004586783
5078,0,subtle_anomaly,monitor closely + collect more contextual data,0.3838180438539069,44.43691374227762,0.00014010622
5079,0,subtle_anomaly,monitor closely + collect more contextual data,0.4662567307291392,66.35716022853991,0.0018416633
5080,0,subtle_anomaly,monitor closely + collect more contextual data,0.4023069646573758,48.04418523069207,0.00013738319
5081,0,subtle_anomaly,monitor closely + collect more contextual data,0.4127620810738031,53.34249374093546,0.00015596199
5082,0,subtle_anomaly,monitor closely + collect more contextual data,0.417952974730915,49.68847472928961,0.0005784379
5083,0,subtle_anomaly,monitor closely + collect more contextual data,0.4033663146339143,51.76020533092028,0.00011297316
5084,0,subtle_anomaly,monitor closely + collect more contextual data,0.4011139259253019,48.11533185034391,1.3834205e-05
5085,0,subtle_anomaly,monitor closely + collect more contextual data,0.4243641221254951,55.18013194747615,0.001617556
5086,1,temporal_pattern_anomaly,analyze time-series behavior + review LSTM/Transformer features,0.4820907829263389,66.77394016076254,0.9999137
5087,0,subtle_anomaly,monitor closely + collect more contextual data,0.4140130014670904,47.37049434059463,0.00046476515
5088,0,subtle_anomaly,monitor closely + collect more contextual data,0.4582501241571995,61.48200292437468,3.2568132e-05
5089,1,temporal_pattern_anomaly,analyze time-series behavior + review LSTM/Transformer features,0.4318034971718956,58.61472712829512,0.9997335
5090,1,temporal_pattern_anomaly,analyze time-series behavior + review LSTM/Transformer features,0.3912874651529699,49.34476012659409,0.99600047
5091,0,subtle_anomaly,monitor closely + collect more contextual data,0.4213158309639535,50.677509625073526,0.00015698596
5092,1,temporal_pattern_anomaly,analyze time-series behavior + review LSTM/Transformer features,0.4055756658703481,55.0243147641496,0.999871
5093,1,temporal_pattern_anomaly,analyze time-series behavior + review LSTM/Transformer features,0.4289092343232191,61.5861486530241,0.99995375
5094,1,temporal_pattern_anomaly,analyze time-series behavior + review LSTM/Transformer features,0.433676703338162,53.33102896645352,0.9999633
5095,0,subtle_anomaly,monitor closely + collect more contextual data,0.4047880730089148,47.56580607288233,0.00042699822
5096,1,temporal_pattern_anomaly,analyze time-series behavior + review LSTM/Transformer features,0.4002778434062815,49.122121126520106,0.9990964
5097,0,subtle_anomaly,monitor closely + collect more contextual data,0.4181195792685183,58.90205364795369,0.016117455
5098,0,subtle_anomaly,monitor closely + collect more contextual data,0.4566538794190274,63.55926062940368,2.8556478e-05
5099,0,subtle_anomaly,monitor closely + collect more contextual data,0.4252402111229826,51.75038018295111,0.09695316
5100,0,subtle_anomaly,monitor closely + collect more contextual data,0.3763847903122486,41.36134384418515,0.00013260194
5101,1,temporal_pattern_anomaly,analyze time-series behavior + review LSTM/Transformer features,0.4524517538437628,67.21544512521866,0.99997044
5102,0,subtle_anomaly,monitor closely + collect more contextual data,0.4025459309220155,52.62976416373478,0.00033451067
5103,1,temporal_pattern_anomaly,analyze time-series behavior + review LSTM/Transformer features,0.3947510053026395,45.77519092701508,0.99995816
5104,1,temporal_pattern_anomaly,analyze time-series behavior + review LSTM/Transformer features,0.420941409154392,49.10631025085822,0.9998363
5105,0,subtle_anomaly,monitor closely + collect more contextual data,0.4094916490299603,48.3304505272466,0.00033942683
5106,1,temporal_pattern_anomaly,analyze time-series behavior + review LSTM/Transformer features,0.4730680667227313,71.00839367272016,0.9999125
5107,1,collective_anomaly,investigate multivariate patterns + check correlated KPIs,0.5067012886801315,92.86236127023192,0.99909127
5108,1,temporal_pattern_anomaly,analyze time-series behavior + review LSTM/Transformer features,0.4098067313508202,54.65356531075963,0.99996185
5109,1,temporal_pattern_anomaly,analyze time-series behavior + review LSTM/Transformer features,0.4245560422308501,58.74843438852908,0.9998746
5110,1,temporal_pattern_anomaly,analyze time-series behavior + review LSTM/Transformer features,0.4192624949732009,60.37991858022781,0.99995625
5111,0,subtle_anomaly,monitor closely + collect more contextual data,0.4049142520758764,46.11375519543476,0.0027145995
5112,0,subtle_anomaly,monitor closely + collect more contextual data,0.4264394549582458,52.19277410496525,0.00021451495
5113,1,temporal_pattern_anomaly,analyze time-series behavior + review LSTM/Transformer features,0.4310639561768465,57.309277416069634,0.99965334
5114,1,temporal_pattern_anomaly,analyze time-series behavior + review LSTM/Transformer features,0.4222648919502088,51.2041932678195,0.9998658
5115,0,subtle_anomaly,monitor closely + collect more contextual data,0.404454044855951,50.74777888013227,6.777426e-05
5116,1,temporal_pattern_anomaly,analyze time-series behavior + review LSTM/Transformer features,0.4183197369356859,55.159791732081935,0.9994616
5117,0,subtle_anomaly,monitor closely + collect more contextual data,0.4414449011655651,60.36224642100055,0.00017861433
5118,1,temporal_pattern_anomaly,analyze time-series behavior + review LSTM/Transformer features,0.4562509171276603,64.21382973702651,0.9998299
5119,1,temporal_pattern_anomaly,analyze time-series behavior + review LSTM/Transformer features,0.4411760308379766,57.13670813600224,0.99980277
5120,1,temporal_pattern_anomaly,analyze time-series behavior + review LSTM/Transformer features,0.4808044577402992,61.51550965199422,0.99994147
5121,1,temporal_pattern_anomaly,analyze time-series behavior + review LSTM/Transformer features,0.4544792032120445,72.14142346225003,0.99983716
5122,1,temporal_pattern_anomaly,analyze time-series behavior + review LSTM/Transformer features,0.4034374969203461,50.38212248842076,0.9993517
5123,1,temporal_pattern_anomaly,analyze time-series behavior + review LSTM/Transformer features,0.4464808929617031,66.21338079865623,0.9998246
5124,0,subtle_anomaly,monitor closely + collect more contextual data,0.3793208474578466,43.17821562146195,0.00011541584
5125,1,temporal_pattern_anomaly,analyze time-series behavior + review LSTM/Transformer features,0.4286159221331723,54.2146481606226,0.9999616
5126,1,temporal_pattern_anomaly,analyze time-series behavior + review LSTM/Transformer features,0.4651253985198378,66.25402237986611,0.9998859
5127,0,subtle_anomaly,monitor closely + collect more contextual data,0.384376720320261,47.10083778002351,0.00014911634
5128,0,subtle_anomaly,monitor closely + collect more contextual data,0.3986801769630382,47.17042933110913,3.9404313e-05
5129,0,subtle_anomaly,monitor closely + collect more contextual data,0.4078122305563053,52.446306388913705,8.451765e-05
5130,1,temporal_pattern_anomaly,analyze time-series behavior + review LSTM/Transformer features,0.4225322949004945,58.85083942300219,0.9996773
5131,1,temporal_pattern_anomaly,analyze time-series behavior + review LSTM/Transformer features,0.3990063935907615,50.07633688638364,0.9997962
5132,1,temporal_pattern_anomaly,analyze time-series behavior + review LSTM/Transformer features,0.4203747873688163,51.407857887231465,0.9982981
5133,1,temporal_pattern_anomaly,analyze time-series behavior + review LSTM/Transformer features,0.4188537007711354,54.51017486674675,0.9997749
5134,1,temporal_pattern_anomaly,analyze time-series behavior + review LSTM/Transformer features,0.4255432875488648,56.56539899973463,0.99992716
5135,0,subtle_anomaly,monitor closely + collect more contextual data,0.3730049866708664,39.79234619063874,0.0003272166
5136,0,subtle_anomaly,monitor closely + collect more contextual data,0.4146978253126707,52.390583390916966,2.6424259e-05
5137,1,collective_anomaly,investigate multivariate patterns + check correlated KPIs,0.5265924875701682,102.54728819581976,0.99992967
5138,0,subtle_anomaly,monitor closely + collect more contextual data,0.4446481950623912,49.01196574968623,0.00023996927
5139,1,temporal_pattern_anomaly,analyze time-series behavior + review LSTM/Transformer features,0.4651070158028155,67.8539645201634,0.99987936
5140,1,temporal_pattern_anomaly,analyze time-series behavior + review LSTM/Transformer features,0.4564711262084175,76.95857320865615,0.9994924
5141,1,collective_anomaly,investigate multivariate patterns + check correlated KPIs,0.5550091214092711,107.39839731757016,0.9999523
5142,0,subtle_anomaly,monitor closely + collect more contextual data,0.4060194238442336,50.56341894714834,0.00037770922
5143,0,subtle_anomaly,monitor closely + collect more contextual data,0.4118013460395744,50.67110592131965,0.00067297404
5144,1,temporal_pattern_anomaly,analyze time-series behavior + review LSTM/Transformer features,0.3857201357755556,45.22243333211352,0.9998889
5145,0,subtle_anomaly,monitor closely + collect more contextual data,0.4264364404785841,51.48837318973,4.1340445e-05
5146,1,temporal_pattern_anomaly,analyze time-series behavior + review LSTM/Transformer features,0.4411344334899223,56.35209954349842,0.99996436
5147,0,subtle_anomaly,monitor closely + collect more contextual data,0.4052284453038137,53.15359279361439,0.00029647985
5148,1,collective_anomaly,investigate multivariate patterns + check correlated KPIs,0.4905125046101805,89.70856774992909,0.9998903
5149,1,temporal_pattern_anomaly,analyze time-series behavior + review LSTM/Transformer features,0.407400020630733,51.77943286033359,0.9998535
5150,1,temporal_pattern_anomaly,analyze time-series behavior + review LSTM/Transformer features,0.4025646204511108,49.54328534173196,0.9998927
5151,1,temporal_pattern_anomaly,analyze time-series behavior + review LSTM/Transformer features,0.444847664648605,63.033834609831786,0.99947804
5152,0,subtle_anomaly,monitor closely + collect more contextual data,0.4133630858014082,52.053529086127575,7.89283e-05
5153,0,subtle_anomaly,monitor closely + collect more contextual data,0.4686179181795837,65.29514876304381,0.0005627673
5154,0,subtle_anomaly,monitor closely + collect more contextual data,0.4251300388304109,54.90737090431832,0.00079518376
5155,1,temporal_pattern_anomaly,analyze time-series behavior + review LSTM/Transformer features,0.4194530626453286,48.64361666519591,0.9816949
5156,0,temporal_pattern_anomaly,analyze time-series behavior + review LSTM/Transformer features,0.3973298399483135,50.069298770439005,0.0039404756
5157,0,subtle_anomaly,monitor closely + collect more contextual data,0.467076595451856,68.31831976794416,0.00013300325
5158,1,temporal_pattern_anomaly,analyze time-series behavior + review LSTM/Transformer features,0.4249743637903722,51.452480697544296,0.99988556
5159,1,temporal_pattern_anomaly,analyze time-series behavior + review LSTM/Transformer features,0.4795379837024098,75.07602235227546,0.9915971
5160,0,subtle_anomaly,monitor closely + collect more contextual data,0.4411000661113728,56.827043107724926,0.001784084
5161,0,subtle_anomaly,monitor closely + collect more contextual data,0.4098434425595068,47.34841298336048,0.0030042543
5162,1,collective_anomaly,investigate multivariate patterns + check correlated KPIs,0.515900075865341,83.29687804246984,0.99949074
5163,0,subtle_anomaly,monitor closely + collect more contextual data,0.4120969669667967,51.10120804756223,0.00024427354
5164,0,subtle_anomaly,monitor closely + collect more contextual data,0.3966557869316841,48.51179266893422,7.3770934e-05
5165,1,temporal_pattern_anomaly,analyze time-series behavior + review LSTM/Transformer features,0.4119051476304302,58.77279530349413,0.99995816
5166,1,temporal_pattern_anomaly,analyze time-series behavior + review LSTM/Transformer features,0.4299829143764468,58.59941194860368,0.9999074
5167,1,temporal_pattern_anomaly,analyze time-series behavior + review LSTM/Transformer features,0.4071133411914581,54.364121760139,0.99982786
5168,0,subtle_anomaly,monitor closely + collect more contextual data,0.4493999982026108,64.30093528233121,9.674605e-05
5169,0,subtle_anomaly,monitor closely + collect more contextual data,0.3882661931313453,46.30319799536691,0.0041826866
5170,0,subtle_anomaly,monitor closely + collect more contextual data,0.4420475574362371,60.46120699831346,4.7181882e-05
5171,0,subtle_anomaly,monitor closely + collect more contextual data,0.4430912248651767,61.93978299385323,0.00019001342
5172,0,subtle_anomaly,monitor closely + collect more contextual data,0.4229996217688289,53.765243605111344,0.00043942552
5173,0,subtle_anomaly,monitor closely + collect more contextual data,0.4274182213531561,58.48522138985975,0.000152853
5174,0,subtle_anomaly,monitor closely + collect more contextual data,0.4105697399491733,51.43793646645194,0.00024111668
5175,1,temporal_pattern_anomaly,analyze time-series behavior + review LSTM/Transformer features,0.4477759330160253,60.497134123065486,0.99996984
5176,1,temporal_pattern_anomaly,analyze time-series behavior + review LSTM/Transformer features,0.4619030191532309,67.42177458821706,0.99994516
5177,0,subtle_anomaly,monitor closely + collect more contextual data,0.4244734482535355,56.34051084086786,0.000879227
5178,0,subtle_anomaly,monitor closely + collect more contextual data,0.3815708635046566,43.14513205788371,0.00011388725
5179,0,subtle_anomaly,monitor closely + collect more contextual data,0.4414807236859245,71.36540285320885,0.00066984823
5180,0,subtle_anomaly,monitor closely + collect more contextual data,0.4339172026399217,60.15316336310296,8.7535045e-05
5181,0,subtle_anomaly,monitor closely + collect more contextual data,0.4292985035528267,52.22114109369263,0.0030357144
5182,0,subtle_anomaly,monitor closely + collect more contextual data,0.4289219569125939,56.07895396292392,0.00022806614
5183,1,temporal_pattern_anomaly,analyze time-series behavior + review LSTM/Transformer features,0.4174541877144129,57.28272741503052,0.9999237
5184,0,subtle_anomaly,monitor closely + collect more contextual data,0.4170785921483009,49.2620516406087,0.0016502724
5185,0,subtle_anomaly,monitor closely + collect more contextual data,0.4120875132823077,50.84633896298958,3.1096843e-05
5186,1,temporal_pattern_anomaly,analyze time-series behavior + review LSTM/Transformer features,0.4094161725150738,48.19649990807901,0.9816667
5187,0,subtle_anomaly,monitor closely + collect more contextual data,0.4226194326640123,52.39755876431104,0.0010424034
5188,1,temporal_pattern_anomaly,analyze time-series behavior + review LSTM/Transformer features,0.4454216387975195,54.64858061319031,0.9999293
5189,1,temporal_pattern_anomaly,analyze time-series behavior + review LSTM/Transformer features,0.4046504163557418,48.4819619255098,0.9961099
5190,0,subtle_anomaly,monitor closely + collect more contextual data,0.4140551536466615,45.52289634314521,0.0011063773
5191,0,subtle_anomaly,monitor closely + collect more contextual data,0.3691624549332708,40.670844693279214,0.0005339419
5192,1,temporal_pattern_anomaly,analyze time-series behavior + review LSTM/Transformer features,0.4271612923039241,54.244634708829096,0.9999391
5193,0,subtle_anomaly,monitor closely + collect more contextual data,0.410564976561997,51.24710897536135,0.00014436817
5194,1,temporal_pattern_anomaly,analyze time-series behavior + review LSTM/Transformer features,0.4159863884565083,58.0104507004991,0.99995625
5195,1,temporal_pattern_anomaly,analyze time-series behavior + review LSTM/Transformer features,0.4430270242262916,61.35142519001119,0.99997175
5196,0,subtle_anomaly,monitor closely + collect more contextual data,0.4025105310852577,50.49205144051208,0.006205431
5197,1,subtle_anomaly,monitor closely + collect more contextual data,0.4321868424986786,55.57339808351104,0.45717236
5198,0,subtle_anomaly,monitor closely + collect more contextual data,0.3804517308532,48.598060361254745,0.00044979004
5199,1,temporal_pattern_anomaly,analyze time-series behavior + review LSTM/Transformer features,0.4409559891775851,63.72787638060323,0.99990976
5200,0,subtle_anomaly,monitor closely + collect more contextual data,0.3888259332614629,48.24069498181442,0.000415125
5201,1,collective_anomaly,investigate multivariate patterns + check correlated KPIs,0.5134906779428948,102.14098127804014,0.9999107
5202,0,temporal_pattern_anomaly,analyze time-series behavior + review LSTM/Transformer features,0.3987969195479976,51.91933084095485,0.15254739
5203,0,subtle_anomaly,monitor closely + collect more contextual data,0.4474065197765879,63.85905665184493,0.00019534885
5204,0,subtle_anomaly,monitor closely + collect more contextual data,0.4016285616126789,55.022702613240654,0.000106365354
5205,1,temporal_pattern_anomaly,analyze time-series behavior + review LSTM/Transformer features,0.4358035533106081,63.40584319714674,0.999926
5206,0,subtle_anomaly,monitor closely + collect more contextual data,0.4130493600836155,53.756207813133656,0.00049298524
5207,1,temporal_pattern_anomaly,analyze time-series behavior + review LSTM/Transformer features,0.4296560791010811,65.31511259784983,0.9999778
5208,1,temporal_pattern_anomaly,analyze time-series behavior + review LSTM/Transformer features,0.4062467938698777,47.232795003459366,0.9952899
5209,1,temporal_pattern_anomaly,analyze time-series behavior + review LSTM/Transformer features,0.3994155695389448,46.10769495578723,0.9985763
5210,0,subtle_anomaly,monitor closely + collect more contextual data,0.4265988328226852,58.44992758088969,6.012546e-05
5211,1,temporal_pattern_anomaly,analyze time-series behavior + review LSTM/Transformer features,0.4296230879956726,51.93540367477614,0.99996495
5212,0,subtle_anomaly,monitor closely + collect more contextual data,0.4179651917145114,56.47053434793702,0.006208699
5213,1,temporal_pattern_anomaly,analyze time-series behavior + review LSTM/Transformer features,0.4159296739801821,53.401611166236094,0.99665606
5214,0,subtle_anomaly,monitor closely + collect more contextual data,0.4435220550993255,56.79077469552378,0.00012510932
5215,0,subtle_anomaly,monitor closely + collect more contextual data,0.4324211563397474,62.96410365163411,0.00079092575
5216,1,temporal_pattern_anomaly,analyze time-series behavior + review LSTM/Transformer features,0.4205275279655613,48.84368939103141,0.9740044
5217,1,temporal_pattern_anomaly,analyze time-series behavior + review LSTM/Transformer features,0.4110874136813657,49.096116895898426,0.9995716
5218,1,temporal_pattern_anomaly,analyze time-series behavior + review LSTM/Transformer features,0.4180974856348824,58.00726162429496,0.99934393
5219,0,subtle_anomaly,monitor closely + collect more contextual data,0.3937551932139815,46.9701193804574,6.128507e-05
5220,1,temporal_pattern_anomaly,analyze time-series behavior + review LSTM/Transformer features,0.3999393539734141,47.52658092752908,0.9996159
5221,0,collective_anomaly,investigate multivariate patterns + check correlated KPIs,0.5478002404549843,106.53085409281996,0.0037442395
5222,0,subtle_anomaly,monitor closely + collect more contextual data,0.4457418055500003,59.4579606048808,5.089726e-05
5223,0,subtle_anomaly,monitor closely + collect more contextual data,0.3935451692358154,44.991428555472616,0.0003179762
5224,1,temporal_pattern_anomaly,analyze time-series behavior + review LSTM/Transformer features,0.4465361588385263,57.322990664247634,0.99978644
5225,0,subtle_anomaly,monitor closely + collect more contextual data,0.4184320117927284,57.755854136969965,2.4394578e-05
5226,0,subtle_anomaly,monitor closely + collect more contextual data,0.4224913317837172,52.8102658116244,0.00021023117
5227,0,subtle_anomaly,monitor closely + collect more contextual data,0.3999414495613198,50.874613705127736,0.00021337607
5228,1,temporal_pattern_anomaly,analyze time-series behavior + review LSTM/Transformer features,0.4689421280527256,62.75538650547569,0.9999554
5229,0,subtle_anomaly,monitor closely + collect more contextual data,0.4322104466300223,55.79637785936293,0.0009488703
5230,0,subtle_anomaly,monitor closely + collect more contextual data,0.4153227516512193,52.52196319232447,0.004084596
5231,0,subtle_anomaly,monitor closely + collect more contextual data,0.4137173068198252,54.303594669075046,0.00014067166
5232,1,temporal_pattern_anomaly,analyze time-series behavior + review LSTM/Transformer features,0.4320664553748566,60.09576192529391,0.99996495
5233,1,temporal_pattern_anomaly,analyze time-series behavior + review LSTM/Transformer features,0.4401446053068819,55.23990820408413,0.9999621
5234,1,temporal_pattern_anomaly,analyze time-series behavior + review LSTM/Transformer features,0.4051027060152257,51.12113623876211,0.9999769
5235,0,subtle_anomaly,monitor closely + collect more contextual data,0.4579802391272017,67.20090950911131,0.00015216995
5236,1,temporal_pattern_anomaly,analyze time-series behavior + review LSTM/Transformer features,0.4411530950387212,53.04302541811171,0.9995591
5237,1,temporal_pattern_anomaly,analyze time-series behavior + review LSTM/Transformer features,0.4076695942685625,48.52232308665485,0.99968815
5238,0,subtle_anomaly,monitor closely + collect more contextual data,0.392195607116057,47.69431171177973,0.0002775254
5239,0,collective_anomaly,investigate multivariate patterns + check correlated KPIs,0.5310738272689736,88.2333727041213,0.0071320035
5240,0,isolation_outlier,inspect individual extreme values + check for sensor drift,0.5037569491923549,72.85861242342428,0.00037511982
5241,0,subtle_anomaly,monitor closely + collect more contextual data,0.4236053263500238,55.2347987322785,0.0017524193
5242,1,temporal_pattern_anomaly,analyze time-series behavior + review LSTM/Transformer features,0.435827367986224,59.17124760692887,0.99995196
5243,1,temporal_pattern_anomaly,analyze time-series behavior + review LSTM/Transformer features,0.4368594230156756,61.18290948737483,0.9997731
5244,0,subtle_anomaly,monitor closely + collect more contextual data,0.3905431389138446,46.34541250829613,0.00026618206
5245,0,subtle_anomaly,monitor closely + collect more contextual data,0.4679073011049207,64.10973494326575,0.00017721477
5246,0,subtle_anomaly,monitor closely + collect more contextual data,0.4363752755176059,61.96615782135611,4.73343e-05
5247,0,subtle_anomaly,monitor closely + collect more contextual data,0.419528111548495,53.51040553044015,0.0001826487
5248,1,temporal_pattern_anomaly,analyze time-series behavior + review LSTM/Transformer features,0.431603807277071,58.591368365819335,0.99895597
5249,0,subtle_anomaly,monitor closely + collect more contextual data,0.3865062155347286,45.01640677026853,0.00035430575
5250,1,temporal_pattern_anomaly,analyze time-series behavior + review LSTM/Transformer features,0.5066811483592104,76.90162633196694,0.999803
5251,1,temporal_pattern_anomaly,analyze time-series behavior + review LSTM/Transformer features,0.4108152899113382,57.17361966624242,0.99926776
5252,1,collective_anomaly,investigate multivariate patterns + check correlated KPIs,0.5062154981039573,93.3829465995384,0.9998777
5253,0,subtle_anomaly,monitor closely + collect more contextual data,0.4634289104268908,67.51935084245171,0.0001969986
5254,1,temporal_pattern_anomaly,analyze time-series behavior + review LSTM/Transformer features,0.3999494543624258,55.0855442766588,0.9999702
5255,0,subtle_anomaly,monitor closely + collect more contextual data,0.4200206273696727,51.144172403276855,0.000778412
5256,0,subtle_anomaly,monitor closely + collect more contextual data,0.4158254612061203,54.10833828541315,0.00018533421
5257,0,subtle_anomaly,monitor closely + collect more contextual data,0.3968953048688722,46.2890984858234,2.070246e-05
5258,0,subtle_anomaly,monitor closely + collect more contextual data,0.4207164104827457,53.46877417351768,4.624464e-05
5259,0,subtle_anomaly,monitor closely + collect more contextual data,0.4711189343855907,61.08464942349365,0.00020548832
5260,0,subtle_anomaly,monitor closely + collect more contextual data,0.3861165124085032,43.494732328645306,8.229892e-05
5261,0,subtle_anomaly,monitor closely + collect more contextual data,0.4135941771109809,53.81853652433517,0.0003735176
5262,0,temporal_pattern_anomaly,analyze time-series behavior + review LSTM/Transformer features,0.4072909781524053,50.04154956182588,0.48275608
5263,1,temporal_pattern_anomaly,analyze time-series behavior + review LSTM/Transformer features,0.4528087136234638,61.85538567927917,0.9998709
5264,1,temporal_pattern_anomaly,analyze time-series behavior + review LSTM/Transformer features,0.4498217890277148,65.12392951903658,0.9999374
5265,0,subtle_anomaly,monitor closely + collect more contextual data,0.4161536468730944,53.90672273253191,0.00025396553
5266,0,subtle_anomaly,monitor closely + collect more contextual data,0.4544159663778471,61.15230097786736,0.00032340872
5267,1,collective_anomaly,investigate multivariate patterns + check correlated KPIs,0.5346008182280855,97.55521091389858,0.99990845
5268,0,subtle_anomaly,monitor closely + collect more contextual data,0.4083907721470832,52.5596621442404,0.0008871069
5269,0,temporal_pattern_anomaly,analyze time-series behavior + review LSTM/Transformer features,0.4302116291299498,63.16768280759069,0.0013442604
5270,1,temporal_pattern_anomaly,analyze time-series behavior + review LSTM/Transformer features,0.4098928398534308,56.27468162933883,0.99992883
5271,0,subtle_anomaly,monitor closely + collect more contextual data,0.3790280839605672,41.383682521157226,0.0008982727
5272,1,temporal_pattern_anomaly,analyze time-series behavior + review LSTM/Transformer features,0.4113354694807114,50.2456616720696,0.9994293
5273,0,subtle_anomaly,monitor closely + collect more contextual data,0.4088463676667099,50.86577266034102,0.0016803362
5274,0,subtle_anomaly,monitor closely + collect more contextual data,0.43567804177425,66.98648851114801,4.581709e-05
5275,0,subtle_anomaly,monitor closely + collect more contextual data,0.4070018783955774,50.09477620416621,2.4679845e-05
5276,0,subtle_anomaly,monitor closely + collect more contextual data,0.396400808135072,47.79328021885526,0.00012505733
5277,0,subtle_anomaly,monitor closely + collect more contextual data,0.4145921547179437,49.28528847377774,0.0001331879
5278,1,temporal_pattern_anomaly,analyze time-series behavior + review LSTM/Transformer features,0.4145095036445073,48.41925272408612,0.9999379
5279,0,subtle_anomaly,monitor closely + collect more contextual data,0.4162571136004501,55.56254242065522,0.0002843398
5280,1,temporal_pattern_anomaly,analyze time-series behavior + review LSTM/Transformer features,0.4281891667702059,57.424022129050535,0.99987507
5281,0,subtle_anomaly,monitor closely + collect more contextual data,0.3953237582840825,48.36665808736181,0.00020916389
5282,0,subtle_anomaly,monitor closely + collect more contextual data,0.3988114680387447,50.185396652808,0.00012885233
5283,1,temporal_pattern_anomaly,analyze time-series behavior + review LSTM/Transformer features,0.4034365413005484,50.41947691105098,0.99984133
5284,1,temporal_pattern_anomaly,analyze time-series behavior + review LSTM/Transformer features,0.4456759414881955,58.88831026214723,0.9999261
5285,1,temporal_pattern_anomaly,analyze time-series behavior + review LSTM/Transformer features,0.3803248801191808,44.17068424235696,0.9981804
5286,0,subtle_anomaly,monitor closely + collect more contextual data,0.4086357321503643,52.20093994726869,0.0068478403
5287,0,isolation_outlier,inspect individual extreme values + check for sensor drift,0.5002175264259836,77.83732590045418,0.00012610464
5288,0,subtle_anomaly,monitor closely + collect more contextual data,0.42859484497707,50.22694155404965,0.00017204975
5289,1,temporal_pattern_anomaly,analyze time-series behavior + review LSTM/Transformer features,0.4028441401185549,55.8171392068433,0.99995756
5290,0,subtle_anomaly,monitor closely + collect more contextual data,0.4477037054593336,58.722327072116826,0.0042347293
5291,1,temporal_pattern_anomaly,analyze time-series behavior + review LSTM/Transformer features,0.418840961359727,49.91432174044431,0.99709046
5292,0,subtle_anomaly,monitor closely + collect more contextual data,0.4204958942743754,52.50208569750514,0.0027397925
5293,0,collective_anomaly,investigate multivariate patterns + check correlated KPIs,0.4966442637919598,85.55794830272065,0.009561774
5294,0,subtle_anomaly,monitor closely + collect more contextual data,0.3948530841599369,46.29876364138075,0.0008375515
5295,1,temporal_pattern_anomaly,analyze time-series behavior + review LSTM/Transformer features,0.4533076742414588,58.49889589801395,0.99991107
5296,0,subtle_anomaly,monitor closely + collect more contextual data,0.4486922128721906,70.82450307031729,0.00013895084
5297,1,temporal_pattern_anomaly,analyze time-series behavior + review LSTM/Transformer features,0.4456664832208173,63.1794964556223,0.9997602
5298,0,subtle_anomaly,monitor closely + collect more contextual data,0.415825642039173,51.3799729910973,5.7870657e-05
5299,1,temporal_pattern_anomaly,analyze time-series behavior + review LSTM/Transformer features,0.4025955688726461,51.828660105465,0.99998534
5300,1,temporal_pattern_anomaly,analyze time-series behavior + review LSTM/Transformer features,0.4393096122887124,71.02448740689333,0.7393276
5301,0,subtle_anomaly,monitor closely + collect more contextual data,0.4144277271269256,52.90962075592521,1.3962213e-05
5302,1,temporal_pattern_anomaly,analyze time-series behavior + review LSTM/Transformer features,0.4314658836349698,61.46555264398053,0.9996995
5303,0,subtle_anomaly,monitor closely + collect more contextual data,0.4630695806495099,64.61109595752087,0.0020865123
5304,1,confirmed_anomaly,high-confidence alert - trigger immediate investigation,0.4221796409609724,56.37675297447975,0.9993636
5305,0,subtle_anomaly,monitor closely + collect more contextual data,0.4355563367741576,54.013481116759785,0.00010740485
5306,1,temporal_pattern_anomaly,analyze time-series behavior + review LSTM/Transformer features,0.4266222306339708,57.07504457087656,0.9991992
5307,0,subtle_anomaly,monitor closely + collect more contextual data,0.4007201165748627,47.486786036776486,0.002490572
5308,0,isolation_outlier,inspect individual extreme values + check for sensor drift,0.4938122927908493,73.32539723360374,0.0016474616
5309,0,subtle_anomaly,monitor closely + collect more contextual data,0.4066574664382226,55.26853147340423,0.0001502122
5310,1,temporal_pattern_anomaly,analyze time-series behavior + review LSTM/Transformer features,0.4671459117289771,71.96841022108035,0.99994874
5311,1,temporal_pattern_anomaly,analyze time-series behavior + review LSTM/Transformer features,0.3973266825380054,50.657047427124695,0.9995109
5312,0,subtle_anomaly,monitor closely + collect more contextual data,0.4710741178612637,67.90183554673199,6.700861e-05
5313,0,subtle_anomaly,monitor closely + collect more contextual data,0.4424519288928187,54.98645869919137,7.582178e-05
5314,1,temporal_pattern_anomaly,analyze time-series behavior + review LSTM/Transformer features,0.4333019723183548,54.28072259735574,0.999708
5315,1,temporal_pattern_anomaly,analyze time-series behavior + review LSTM/Transformer features,0.4284339723658661,57.71091488218526,0.99993
5316,0,subtle_anomaly,monitor closely + collect more contextual data,0.4090035047837854,54.21638291998474,5.8605518e-05
5317,0,subtle_anomaly,monitor closely + collect more contextual data,0.4512395892939339,58.36920210384021,6.8634006e-05
5318,1,temporal_pattern_anomaly,analyze time-series behavior + review LSTM/Transformer features,0.4138922902700899,51.23632374239992,0.9447808
5319,0,subtle_anomaly,monitor closely + collect more contextual data,0.4062794062988292,49.26666510832501,0.00050391955
5320,0,subtle_anomaly,monitor closely + collect more contextual data,0.4184256196389636,52.719704049276174,0.00038318237
5321,0,subtle_anomaly,monitor closely + collect more contextual data,0.4220548774503224,57.9823767499634,6.758412e-05
5322,0,subtle_anomaly,monitor closely + collect more contextual data,0.423014642705172,56.78510672946012,6.215064e-05
5323,1,temporal_pattern_anomaly,analyze time-series behavior + review LSTM/Transformer features,0.4180362101584619,58.28590701979428,0.9998971
5324,0,subtle_anomaly,monitor closely + collect more contextual data,0.4208212710139355,54.208585544416366,1.5706992e-05
5325,1,collective_anomaly,investigate multivariate patterns + check correlated KPIs,0.5285296317266069,101.42675246986796,0.99984074
5326,0,subtle_anomaly,monitor closely + collect more contextual data,0.4407834378420451,53.04342409940753,0.00028449084
5327,0,subtle_anomaly,monitor closely + collect more contextual data,0.3951674059920396,47.893734032503644,6.072444e-05
5328,1,temporal_pattern_anomaly,analyze time-series behavior + review LSTM/Transformer features,0.4245067250488346,49.95832449536333,0.9990102
5329,1,temporal_pattern_anomaly,analyze time-series behavior + review LSTM/Transformer features,0.4533886727220695,63.64863414854519,0.99993324
5330,1,temporal_pattern_anomaly,analyze time-series behavior + review LSTM/Transformer features,0.4265742591889398,53.44252247798217,0.9972101
5331,0,subtle_anomaly,monitor closely + collect more contextual data,0.4532122530628611,78.89100487608297,0.0008358
5332,0,subtle_anomaly,monitor closely + collect more contextual data,0.4646766280541776,64.54167669604193,0.0012917331
5333,0,subtle_anomaly,monitor closely + collect more contextual data,0.4364159851798434,58.10163306246461,7.118437e-05
5334,0,subtle_anomaly,monitor closely + collect more contextual data,0.4556468372463587,64.89528235957526,0.00036426052
5335,0,subtle_anomaly,monitor closely + collect more contextual data,0.4612785300302294,64.42240618783309,0.008663556
5336,0,subtle_anomaly,monitor closely + collect more contextual data,0.439409523677095,54.7003963337169,0.0019697177
5337,0,isolation_outlier,inspect individual extreme values + check for sensor drift,0.4824083792021718,69.60354982235474,0.00079836743
5338,0,subtle_anomaly,monitor closely + collect more contextual data,0.3890129440963004,45.41278305347243,6.5899956e-05
5339,1,temporal_pattern_anomaly,analyze time-series behavior + review LSTM/Transformer features,0.4343484675769094,60.70765996869219,0.9998318
5340,1,temporal_pattern_anomaly,analyze time-series behavior + review LSTM/Transformer features,0.466066428820214,62.75880105325392,0.9999578
5341,1,temporal_pattern_anomaly,analyze time-series behavior + review LSTM/Transformer features,0.4100576384289414,49.57483896004288,0.9970511
5342,1,collective_anomaly,investigate multivariate patterns + check correlated KPIs,0.5165699906837358,105.61400116837282,0.9999474
5343,1,temporal_pattern_anomaly,analyze time-series behavior + review LSTM/Transformer features,0.4239761743856647,53.725401264214426,0.99678504
5344,0,subtle_anomaly,monitor closely + collect more contextual data,0.3994850522431187,48.93304721678954,0.00018086936
5345,1,temporal_pattern_anomaly,analyze time-series behavior + review LSTM/Transformer features,0.4312613733490936,60.9151142545311,0.9998901
5346,1,temporal_pattern_anomaly,analyze time-series behavior + review LSTM/Transformer features,0.4443497315370958,60.21251688817027,0.99868363
5347,1,temporal_pattern_anomaly,analyze time-series behavior + review LSTM/Transformer features,0.4334721765919514,59.90095992751647,0.9998797
5348,0,subtle_anomaly,monitor closely + collect more contextual data,0.4036703476951539,52.90396302251119,0.0026127098
5349,1,temporal_pattern_anomaly,analyze time-series behavior + review LSTM/Transformer features,0.4802560161861255,74.53607485683739,0.9999275
5350,1,temporal_pattern_anomaly,analyze time-series behavior + review LSTM/Transformer features,0.404136086016967,51.63826787695206,0.99993384
5351,1,temporal_pattern_anomaly,analyze time-series behavior + review LSTM/Transformer features,0.4879446161487296,66.56918827013803,0.9999442
5352,1,temporal_pattern_anomaly,analyze time-series behavior + review LSTM/Transformer features,0.4305110112873048,50.42859286239233,0.9987099
5353,0,subtle_anomaly,monitor closely + collect more contextual data,0.4147781376432093,47.7465444545393,0.0014026746
5354,1,temporal_pattern_anomaly,analyze time-series behavior + review LSTM/Transformer features,0.423810394436473,53.28546330296578,0.9999063
5355,0,subtle_anomaly,monitor closely + collect more contextual data,0.3861128592261045,44.77597459772901,0.0003205115
5356,0,subtle_anomaly,monitor closely + collect more contextual data,0.3965281790466504,51.98468757636392,6.75771e-05
5357,1,temporal_pattern_anomaly,analyze time-series behavior + review LSTM/Transformer features,0.4073947612347919,54.21267576698444,0.9897653
5358,1,collective_anomaly,investigate multivariate patterns + check correlated KPIs,0.5306219007940188,92.8691299335609,0.9985518
5359,0,subtle_anomaly,monitor closely + collect more contextual data,0.401244661434221,53.94460444574448,0.00011659869
5360,0,subtle_anomaly,monitor closely + collect more contextual data,0.3843392571816083,44.49154979079496,0.00033547662
5361,1,temporal_pattern_anomaly,analyze time-series behavior + review LSTM/Transformer features,0.4159433453235881,58.52940882224965,0.9999709
5362,0,subtle_anomaly,monitor closely + collect more contextual data,0.4358312076451356,62.51349315436328,9.793695e-05
5363,0,subtle_anomaly,monitor closely + collect more contextual data,0.4383576424881462,61.412137678166445,0.0009073599
5364,0,subtle_anomaly,monitor closely + collect more contextual data,0.3715656615882857,39.72675085655127,6.371542e-05
5365,0,subtle_anomaly,monitor closely + collect more contextual data,0.4516891541528752,57.67849972559739,0.00041814565
5366,1,temporal_pattern_anomaly,analyze time-series behavior + review LSTM/Transformer features,0.4632677865823407,67.8464227335695,0.99992
5367,1,temporal_pattern_anomaly,analyze time-series behavior + review LSTM/Transformer features,0.4182818379965889,56.7150016034154,0.99968374
5368,1,collective_anomaly,investigate multivariate patterns + check correlated KPIs,0.4931841412202175,82.6617674073678,0.9997428
5369,0,subtle_anomaly,monitor closely + collect more contextual data,0.3732764220614123,43.78333844052779,0.0005053802
5370,0,subtle_anomaly,monitor closely + collect more contextual data,0.4084975293688336,52.39972353701189,0.0040153894
5371,1,temporal_pattern_anomaly,analyze time-series behavior + review LSTM/Transformer features,0.4434799339496242,64.40401582145911,0.9999242
5372,0,subtle_anomaly,monitor closely + collect more contextual data,0.3926863123065496,46.708070464029134,2.9185463e-05
5373,1,temporal_pattern_anomaly,analyze time-series behavior + review LSTM/Transformer features,0.43910750703482,63.35840580156121,0.9999672
5374,0,subtle_anomaly,monitor closely + collect more contextual data,0.3991765046831937,45.648489335080434,0.003601715
5375,0,subtle_anomaly,monitor closely + collect more contextual data,0.3746940019411509,40.17906795742804,2.9862433e-05
5376,1,collective_anomaly,investigate multivariate patterns + check correlated KPIs,0.4861915602112738,87.65926974663536,0.9999324
5377,0,subtle_anomaly,monitor closely + collect more contextual data,0.3989465897672569,50.55943682830837,3.660123e-05
5378,0,subtle_anomaly,monitor closely + collect more contextual data,0.421437913814728,50.402099767561324,0.0005939623
5379,0,subtle_anomaly,monitor closely + collect more contextual data,0.3966367411061043,48.32909517678577,0.00012381216
5380,1,temporal_pattern_anomaly,analyze time-series behavior + review LSTM/Transformer features,0.4667153717734005,70.88181471206029,0.99959844
5381,1,collective_anomaly,investigate multivariate patterns + check correlated KPIs,0.5208756379596493,103.19987715356392,0.9999697
5382,1,collective_anomaly,investigate multivariate patterns + check correlated KPIs,0.5215364746492895,91.6602997171742,0.99995494
5383,1,temporal_pattern_anomaly,analyze time-series behavior + review LSTM/Transformer features,0.4399738233163267,58.19558207933985,0.9997484
5384,1,temporal_pattern_anomaly,analyze time-series behavior + review LSTM/Transformer features,0.4125433688274044,52.38790538797905,0.9999156
5385,0,subtle_anomaly,monitor closely + collect more contextual data,0.3977797392440647,49.15936514322439,0.00014584101
5386,0,subtle_anomaly,monitor closely + collect more contextual data,0.4393679947300037,55.26476726901952,0.041167267
5387,1,temporal_pattern_anomaly,analyze time-series behavior + review LSTM/Transformer features,0.4683500149458917,68.336037300779,0.9999478
5388,0,subtle_anomaly,monitor closely + collect more contextual data,0.4322861625285371,50.70791794329546,0.550064
5389,0,subtle_anomaly,monitor closely + collect more contextual data,0.440794971638553,62.52271799527574,5.3519598e-05
5390,0,subtle_anomaly,monitor closely + collect more contextual data,0.3952691409497516,48.75930776431765,0.00017964543
5391,1,temporal_pattern_anomaly,analyze time-series behavior + review LSTM/Transformer features,0.4124835015168099,55.739693650930505,0.9991461
5392,0,temporal_pattern_anomaly,analyze time-series behavior + review LSTM/Transformer features,0.3808655700017484,47.780563126244594,0.9502634
5393,1,temporal_pattern_anomaly,analyze time-series behavior + review LSTM/Transformer features,0.4021287656414592,53.93791536456471,0.999964
5394,1,temporal_pattern_anomaly,analyze time-series behavior + review LSTM/Transformer features,0.410650060828286,49.52762676566661,0.9986093
5395,1,temporal_pattern_anomaly,analyze time-series behavior + review LSTM/Transformer features,0.4228176030163679,59.85854959846235,0.9995509
5396,1,temporal_pattern_anomaly,analyze time-series behavior + review LSTM/Transformer features,0.4169061145688152,58.21015698086353,0.9997141
5397,1,temporal_pattern_anomaly,analyze time-series behavior + review LSTM/Transformer features,0.4436769211633558,63.05928482927257,0.9999136
5398,0,subtle_anomaly,monitor closely + collect more contextual data,0.3792420423349674,44.98543018930896,6.668936e-05
5399,0,subtle_anomaly,monitor closely + collect more contextual data,0.4105622677510303,51.68171619567732,6.218075e-05
5400,0,subtle_anomaly,monitor closely + collect more contextual data,0.4391913358326339,57.5189951867448,0.0013577304
5401,0,subtle_anomaly,monitor closely + collect more contextual data,0.4053778835911803,54.07462167395863,1.4820365e-05
5402,1,temporal_pattern_anomaly,analyze time-series behavior + review LSTM/Transformer features,0.3912266309218455,52.55050532791056,0.9999701
5403,0,subtle_anomaly,monitor closely + collect more contextual data,0.4622450601471211,64.3032260683627,0.00010301416
5404,1,temporal_pattern_anomaly,analyze time-series behavior + review LSTM/Transformer features,0.4577887022081859,59.827310247019895,0.99984884
5405,1,temporal_pattern_anomaly,analyze time-series behavior + review LSTM/Transformer features,0.4249519683732849,55.53564446619796,0.99991465
5406,0,subtle_anomaly,monitor closely + collect more contextual data,0.4329074555487953,67.38210029681981,0.0002506901
5407,1,temporal_pattern_anomaly,analyze time-series behavior + review LSTM/Transformer features,0.4037989430227897,45.84197741411716,0.8484061
5408,0,collective_anomaly,investigate multivariate patterns + check correlated KPIs,0.5598346029690873,104.6818357945256,0.13783869
5409,0,isolation_outlier,inspect individual extreme values + check for sensor drift,0.4941909577836561,72.20114260721643,0.00023840164
5410,0,collective_anomaly,investigate multivariate patterns + check correlated KPIs,0.5388378140105211,88.11990085884165,9.454994e-05
5411,1,temporal_pattern_anomaly,analyze time-series behavior + review LSTM/Transformer features,0.4181293340658171,54.16642523312193,0.99878985
5412,0,subtle_anomaly,monitor closely + collect more contextual data,0.4213043181942922,54.08934404815204,0.00014459975
5413,1,temporal_pattern_anomaly,analyze time-series behavior + review LSTM/Transformer features,0.4895086847172082,74.2116708109465,0.99989486
5414,0,isolation_outlier,inspect individual extreme values + check for sensor drift,0.5191312756163188,78.73375174926329,0.00041141175
5415,1,temporal_pattern_anomaly,analyze time-series behavior + review LSTM/Transformer features,0.4536995552179677,66.82865284683625,0.9999466
5416,0,subtle_anomaly,monitor closely + collect more contextual data,0.4135048051951453,49.94071383157973,0.00019166929
5417,1,temporal_pattern_anomaly,analyze time-series behavior + review LSTM/Transformer features,0.4967483010401514,78.22323433361555,0.68674254
5418,0,subtle_anomaly,monitor closely + collect more contextual data,0.4396368310660574,58.78186932100634,7.078782e-05
5419,1,temporal_pattern_anomaly,analyze time-series behavior + review LSTM/Transformer features,0.4123105395475219,62.270578548831125,0.99993575
5420,0,subtle_anomaly,monitor closely + collect more contextual data,0.3957202673243534,50.85225599987808,6.880951e-05
5421,1,temporal_pattern_anomaly,analyze time-series behavior + review LSTM/Transformer features,0.4442749182388671,67.17261465038382,0.99987423
5422,1,temporal_pattern_anomaly,analyze time-series behavior + review LSTM/Transformer features,0.4600612382799703,69.14893030269772,0.99995923
5423,0,temporal_pattern_anomaly,analyze time-series behavior + review LSTM/Transformer features,0.4372603442725187,65.17103902502713,0.002524513
5424,1,collective_anomaly,investigate multivariate patterns + check correlated KPIs,0.5251550345688414,94.23056887125774,0.9997478
5425,0,subtle_anomaly,monitor closely + collect more contextual data,0.4260642976434455,60.84347228861589,0.00036040446
5426,1,temporal_pattern_anomaly,analyze time-series behavior + review LSTM/Transformer features,0.439454163258191,58.21938875222875,0.9999447
5427,1,temporal_pattern_anomaly,analyze time-series behavior + review LSTM/Transformer features,0.4090298055582748,56.62221564336394,0.99994135
5428,0,subtle_anomaly,monitor closely + collect more contextual data,0.4525179092912334,59.00692734282805,0.00010124322
5429,0,isolation_outlier,inspect individual extreme values + check for sensor drift,0.5021760166298667,75.59846313883995,0.0002750346
5430,0,subtle_anomaly,monitor closely + collect more contextual data,0.38336745761545,41.97636334778549,5.138813e-05
5431,1,temporal_pattern_anomaly,analyze time-series behavior + review LSTM/Transformer features,0.410084029751545,53.05134534239127,0.99992275
5432,1,temporal_pattern_anomaly,analyze time-series behavior + review LSTM/Transformer features,0.4426856462999614,63.22069366231924,0.999956
5433,1,temporal_pattern_anomaly,analyze time-series behavior + review LSTM/Transformer features,0.3955113459753019,51.69888751327995,0.99994767
5434,0,subtle_anomaly,monitor closely + collect more contextual data,0.454443638060637,65.62602470996752,6.3246625e-05
5435,1,temporal_pattern_anomaly,analyze time-series behavior + review LSTM/Transformer features,0.4545447725859238,62.22958037034869,0.99995923
5436,1,temporal_pattern_anomaly,analyze time-series behavior + review LSTM/Transformer features,0.4092164029162227,55.06808362235327,0.9375776
5437,0,subtle_anomaly,monitor closely + collect more contextual data,0.4351280798262108,53.45456068004596,0.00067158625
5438,0,isolation_outlier,inspect individual extreme values + check for sensor drift,0.4859123274950646,70.78507275792485,0.00017915074
5439,0,subtle_anomaly,monitor closely + collect more contextual data,0.4036449732656118,48.01471462216976,9.6643154e-05
5440,0,subtle_anomaly,monitor closely + collect more contextual data,0.4361957860688114,56.41609795450152,0.14172006
5441,1,collective_anomaly,investigate multivariate patterns + check correlated KPIs,0.4811771764754008,86.89476208603647,0.9998741
5442,1,temporal_pattern_anomaly,analyze time-series behavior + review LSTM/Transformer features,0.3969232975074996,47.20886273593604,0.9983783
5443,0,subtle_anomaly,monitor closely + collect more contextual data,0.4314032435969362,58.18325852172865,0.0011600986
5444,0,subtle_anomaly,monitor closely + collect more contextual data,0.3818970891614194,46.2847085255272,0.0061532925
5445,1,temporal_pattern_anomaly,analyze time-series behavior + review LSTM/Transformer features,0.4098676025067621,59.00347063658078,0.99989414
5446,1,temporal_pattern_anomaly,analyze time-series behavior + review LSTM/Transformer features,0.4112250845757058,49.94169881028122,0.99979466
5447,1,temporal_pattern_anomaly,analyze time-series behavior + review LSTM/Transformer features,0.4588933077924915,64.90105206367802,0.99988115
5448,0,subtle_anomaly,monitor closely + collect more contextual data,0.4033064391933539,49.986320056519,3.2142947e-05
5449,0,subtle_anomaly,monitor closely + collect more contextual data,0.4153623240166816,52.66466167018297,0.00054949225
5450,1,collective_anomaly,investigate multivariate patterns + check correlated KPIs,0.487652357524873,81.70612096275623,0.999951
5451,0,temporal_pattern_anomaly,analyze time-series behavior + review LSTM/Transformer features,0.4108167855881937,52.39534052697698,0.0049825157
5452,0,subtle_anomaly,monitor closely + collect more contextual data,0.421412313617951,55.45832810749364,9.327828e-05
5453,1,temporal_pattern_anomaly,analyze time-series behavior + review LSTM/Transformer features,0.4580389464175701,72.072882927489,0.99996805
5454,0,subtle_anomaly,monitor closely + collect more contextual data,0.3884303257256956,43.76603126020485,0.00017820978
5455,1,temporal_pattern_anomaly,analyze time-series behavior + review LSTM/Transformer features,0.414892142636041,50.65155543923877,0.9998803
5456,0,subtle_anomaly,monitor closely + collect more contextual data,0.4303664093376423,57.079240972267584,0.0012394565
5457,0,subtle_anomaly,monitor closely + collect more contextual data,0.456347805515626,63.99094732584201,0.00052526203
5458,1,temporal_pattern_anomaly,analyze time-series behavior + review LSTM/Transformer features,0.4282195683608931,55.26185721323405,0.9999831
5459,0,subtle_anomaly,monitor closely + collect more contextual data,0.4510089398523885,59.20923136485302,0.001267554
5460,1,collective_anomaly,investigate multivariate patterns + check correlated KPIs,0.5114396520242809,85.11875021901712,0.9998566
5461,0,subtle_anomaly,monitor closely + collect more contextual data,0.419981036838328,56.5178585154833,0.00013326909
5462,1,collective_anomaly,investigate multivariate patterns + check correlated KPIs,0.5215185817729294,101.49440511691895,0.9998753
5463,1,temporal_pattern_anomaly,analyze time-series behavior + review LSTM/Transformer features,0.4235683983460589,51.48587740818777,0.9999138
5464,0,subtle_anomaly,monitor closely + collect more contextual data,0.446563252039974,63.3080674387018,0.00012487273
5465,1,temporal_pattern_anomaly,analyze time-series behavior + review LSTM/Transformer features,0.4675579666534685,64.79270302410193,0.9999478
5466,1,temporal_pattern_anomaly,analyze time-series behavior + review LSTM/Transformer features,0.4244545103515501,57.33498092819927,0.99171984
5467,1,temporal_pattern_anomaly,analyze time-series behavior + review LSTM/Transformer features,0.4209690465051865,58.82721914271339,0.9999411
5468,0,subtle_anomaly,monitor closely + collect more contextual data,0.3963619989821186,43.11565075888868,8.2454055e-05
5469,0,subtle_anomaly,monitor closely + collect more contextual data,0.4088645204797695,46.41515997634277,0.03704647
5470,0,isolation_outlier,inspect individual extreme values + check for sensor drift,0.482431176720166,69.66292236165701,0.0013508442
5471,0,subtle_anomaly,monitor closely + collect more contextual data,0.4166489851755748,58.13018749327032,0.0014520474
5472,1,temporal_pattern_anomaly,analyze time-series behavior + review LSTM/Transformer features,0.4085238130736632,50.0537381060894,0.999793
5473,0,subtle_anomaly,monitor closely + collect more contextual data,0.435320952409737,62.64557687427116,0.00012869688
5474,0,subtle_anomaly,monitor closely + collect more contextual data,0.4276220025313153,53.757073282941015,0.0013155037
5475,1,temporal_pattern_anomaly,analyze time-series behavior + review LSTM/Transformer features,0.5168328808575948,72.45213482379143,0.99751234
5476,0,collective_anomaly,investigate multivariate patterns + check correlated KPIs,0.4947568505049325,81.71002983746274,0.00021477795
5477,0,subtle_anomaly,monitor closely + collect more contextual data,0.415917402942612,57.18982728362852,7.9699304e-05
5478,0,subtle_anomaly,monitor closely + collect more contextual data,0.3850853121731716,42.35986439504662,0.0010318721
5479,1,collective_anomaly,investigate multivariate patterns + check correlated KPIs,0.5561765525489515,106.37633587112146,0.9988844
5480,0,temporal_pattern_anomaly,analyze time-series behavior + review LSTM/Transformer features,0.4128737837893617,56.57065520921778,0.0028823072
5481,0,subtle_anomaly,monitor closely + collect more contextual data,0.3935902897774503,45.90712706023326,0.002345038
5482,0,subtle_anomaly,monitor closely + collect more contextual data,0.4067805310358366,48.21484128821464,7.583082e-05
5483,0,temporal_pattern_anomaly,analyze time-series behavior + review LSTM/Transformer features,0.4753516665084883,79.34101494196162,9.519589e-05
5484,0,subtle_anomaly,monitor closely + collect more contextual data,0.4185626418270782,54.35900841055814,0.0049167424
5485,0,subtle_anomaly,monitor closely + collect more contextual data,0.445787921274121,59.04542262661712,0.00153538
5486,0,isolation_outlier,inspect individual extreme values + check for sensor drift,0.4824271241446806,68.54578932832845,0.005936993
5487,1,temporal_pattern_anomaly,analyze time-series behavior + review LSTM/Transformer features,0.4333102526220275,61.52929358488049,0.99992883
5488,0,subtle_anomaly,monitor closely + collect more contextual data,0.4544587623071558,59.250491141409775,0.00032289486
5489,0,subtle_anomaly,monitor closely + collect more contextual data,0.4764766160930255,66.72013874998663,0.00037929614
5490,0,subtle_anomaly,monitor closely + collect more contextual data,0.4313411485682428,57.805291251924295,7.272363e-05
5491,0,subtle_anomaly,monitor closely + collect more contextual data,0.4609323852443262,66.90321138815405,0.00014451458
5492,1,collective_anomaly,investigate multivariate patterns + check correlated KPIs,0.539270396732692,98.40040787565157,0.9956922
5493,1,temporal_pattern_anomaly,analyze time-series behavior + review LSTM/Transformer features,0.4210955861112113,54.961383445134906,0.99972135
5494,0,subtle_anomaly,monitor closely + collect more contextual data,0.4050848304554498,48.85994840721734,5.932933e-05
5495,0,subtle_anomaly,monitor closely + collect more contextual data,0.4480486002727381,58.06506223592954,0.00041125176
5496,1,temporal_pattern_anomaly,analyze time-series behavior + review LSTM/Transformer features,0.3909237884386096,50.07668082006398,0.9995334
5497,0,subtle_anomaly,monitor closely + collect more contextual data,0.388626985917766,45.0608734893507,0.00034136078
5498,0,subtle_anomaly,monitor closely + collect more contextual data,0.3820866403966535,43.08993918152516,6.244268e-05
5499,0,subtle_anomaly,monitor closely + collect more contextual data,0.4467496309534724,64.28971879455457,0.00011708637
5500,1,temporal_pattern_anomaly,analyze time-series behavior + review LSTM/Transformer features,0.4812767232261082,76.9573437179194,0.9998611
5501,0,collective_anomaly,investigate multivariate patterns + check correlated KPIs,0.5538880811667223,102.94450093880488,0.6739503
5502,1,temporal_pattern_anomaly,analyze time-series behavior + review LSTM/Transformer features,0.3819021816573443,47.1600070812685,0.9884996
5503,0,subtle_anomaly,monitor closely + collect more contextual data,0.4475226077886133,56.02627779047644,0.0011045176
5504,0,subtle_anomaly,monitor closely + collect more contextual data,0.4169331273301001,52.40717787479762,4.6090325e-05
5505,0,subtle_anomaly,monitor closely + collect more contextual data,0.4009243509262393,47.932254798012245,0.002164115
5506,1,collective_anomaly,investigate multivariate patterns + check correlated KPIs,0.4750406914745791,87.73580117972669,0.9999193
5507,0,subtle_anomaly,monitor closely + collect more contextual data,0.4093831737985259,49.31664715005771,0.00012434245
5508,0,isolation_outlier,inspect individual extreme values + check for sensor drift,0.4897235695450648,67.21608745186819,0.0020014523
5509,1,temporal_pattern_anomaly,analyze time-series behavior + review LSTM/Transformer features,0.4327577220361381,61.559000181443,0.9997625
5510,0,subtle_anomaly,monitor closely + collect more contextual data,0.4073368970482903,52.947058304924205,2.2988985e-05
5511,1,temporal_pattern_anomaly,analyze time-series behavior + review LSTM/Transformer features,0.4097392970350565,58.50474234140368,0.9999653
5512,0,subtle_anomaly,monitor closely + collect more contextual data,0.4018897902378654,47.673256037739456,5.5197335e-05
5513,0,subtle_anomaly,monitor closely + collect more contextual data,0.4197762525409063,57.88776112419036,3.5686084e-05
5514,0,subtle_anomaly,monitor closely + collect more contextual data,0.4364362538062734,55.7561228424634,0.00047977603
5515,0,subtle_anomaly,monitor closely + collect more contextual data,0.4219229148301921,56.56212082276853,0.00012019148
5516,0,temporal_pattern_anomaly,analyze time-series behavior + review LSTM/Transformer features,0.4547135628541509,66.37998580120417,0.000379305
5517,0,subtle_anomaly,monitor closely + collect more contextual data,0.4597288331745263,61.612453156791375,6.208885e-05
5518,1,collective_anomaly,investigate multivariate patterns + check correlated KPIs,0.4901646487772455,87.90439227276082,0.99997973
5519,1,temporal_pattern_anomaly,analyze time-series behavior + review LSTM/Transformer features,0.4133537969809002,51.78956176286903,0.96229714
5520,0,temporal_pattern_anomaly,analyze time-series behavior + review LSTM/Transformer features,0.4355129332705198,62.22557314444226,0.002634638
5521,0,subtle_anomaly,monitor closely + collect more contextual data,0.3786045047173145,40.676794094954616,0.00015420066
5522,0,subtle_anomaly,monitor closely + collect more contextual data,0.3927204605417267,48.571954103243584,0.0001287488
5523,0,subtle_anomaly,monitor closely + collect more contextual data,0.4003455849555409,54.743379030953975,0.002263326
5524,1,temporal_pattern_anomaly,analyze time-series behavior + review LSTM/Transformer features,0.4186279402602456,56.68932305737664,0.99990904
5525,0,subtle_anomaly,monitor closely + collect more contextual data,0.4441756146698611,73.5871390760352,0.00012322784
5526,0,subtle_anomaly,monitor closely + collect more contextual data,0.4644364303081876,60.015298638649455,0.0019831879
5527,0,subtle_anomaly,monitor closely + collect more contextual data,0.4448255417798646,61.259864870841135,9.929144e-05
5528,0,subtle_anomaly,monitor closely + collect more contextual data,0.4256099142682698,56.39640186081837,0.0016032984
5529,1,temporal_pattern_anomaly,analyze time-series behavior + review LSTM/Transformer features,0.4359650146312829,62.03766943670456,0.9999534
5530,1,temporal_pattern_anomaly,analyze time-series behavior + review LSTM/Transformer features,0.4206037222543782,52.36259962482064,0.99957675
5531,1,temporal_pattern_anomaly,analyze time-series behavior + review LSTM/Transformer features,0.3920843402480898,48.51806236463316,0.9997105
5532,1,temporal_pattern_anomaly,analyze time-series behavior + review LSTM/Transformer features,0.4130029595818403,50.14521844544987,0.99970704
5533,1,temporal_pattern_anomaly,analyze time-series behavior + review LSTM/Transformer features,0.4598587968192922,74.98212195742381,0.17840067
5534,0,subtle_anomaly,monitor closely + collect more contextual data,0.4230411543278232,51.84080153032888,0.0010884814
5535,0,subtle_anomaly,monitor closely + collect more contextual data,0.4513311282219066,58.63881071166753,0.0001993722
5536,0,subtle_anomaly,monitor closely + collect more contextual data,0.4358638362634993,59.68403414399946,0.00051124376
5537,0,subtle_anomaly,monitor closely + collect more contextual data,0.4705100154281619,67.90731966401593,0.003907855
5538,1,temporal_pattern_anomaly,analyze time-series behavior + review LSTM/Transformer features,0.4130043337577487,57.39410732273074,0.9999577
5539,0,subtle_anomaly,monitor closely + collect more contextual data,0.3875916636869065,44.52338206721338,0.00011803338
5540,1,temporal_pattern_anomaly,analyze time-series behavior + review LSTM/Transformer features,0.4146476737980736,52.7671710564349,0.98775315
5541,0,subtle_anomaly,monitor closely + collect more contextual data,0.4324407547024392,55.24092535574284,0.0006806844
5542,0,subtle_anomaly,monitor closely + collect more contextual data,0.420364337118837,58.54491352133842,0.00030466414
5543,1,collective_anomaly,investigate multivariate patterns + check correlated KPIs,0.507952080078894,87.97799289835262,0.9262743
5544,0,subtle_anomaly,monitor closely + collect more contextual data,0.4142262269825784,55.5202966087811,0.00020047283
5545,1,temporal_pattern_anomaly,analyze time-series behavior + review LSTM/Transformer features,0.3881550056505619,46.41110818108262,0.999882
5546,1,temporal_pattern_anomaly,analyze time-series behavior + review LSTM/Transformer features,0.4158244593146724,51.23916847640382,0.9994653
5547,1,temporal_pattern_anomaly,analyze time-series behavior + review LSTM/Transformer features,0.4096181547787221,49.90630283463402,0.9987656
5548,0,subtle_anomaly,monitor closely + collect more contextual data,0.4279061806152634,56.80485444666383,9.0274705e-05
5549,1,temporal_pattern_anomaly,analyze time-series behavior + review LSTM/Transformer features,0.4486912517273617,63.585850953793454,0.9961649
5550,1,temporal_pattern_anomaly,analyze time-series behavior + review LSTM/Transformer features,0.4083155698433212,55.4084043202922,0.99991703
5551,1,temporal_pattern_anomaly,analyze time-series behavior + review LSTM/Transformer features,0.416415366783235,59.48998542171227,0.999926
5552,0,subtle_anomaly,monitor closely + collect more contextual data,0.4002020649399159,49.706848073948976,3.1735082e-05
5553,0,subtle_anomaly,monitor closely + collect more contextual data,0.4261339315322837,54.75789659180094,0.0005853184
5554,0,isolation_outlier,inspect individual extreme values + check for sensor drift,0.5071451749698218,71.2596993363844,0.0007626198
5555,1,temporal_pattern_anomaly,analyze time-series behavior + review LSTM/Transformer features,0.4033994049216571,54.298784374496016,0.9929583
5556,0,subtle_anomaly,monitor closely + collect more contextual data,0.3887912954388487,44.90361229551976,0.00081293227
5557,0,subtle_anomaly,monitor closely + collect more contextual data,0.4494945847679395,63.36716579760535,0.00015989027
5558,1,temporal_pattern_anomaly,analyze time-series behavior + review LSTM/Transformer features,0.4107608344990791,58.30862208965425,0.9999567
5559,1,temporal_pattern_anomaly,analyze time-series behavior + review LSTM/Transformer features,0.4349313291515399,64.87275542107946,0.9999707
5560,0,subtle_anomaly,monitor closely + collect more contextual data,0.4459302391996263,59.62385272222253,0.00016684881
5561,1,temporal_pattern_anomaly,analyze time-series behavior + review LSTM/Transformer features,0.3974357073325629,49.76481161785327,0.99989796
5562,0,subtle_anomaly,monitor closely + collect more contextual data,0.3959775322110214,48.4442493780304,0.000264949
5563,1,temporal_pattern_anomaly,analyze time-series behavior + review LSTM/Transformer features,0.3873596472258482,51.7591256135302,0.99987066
5564,1,temporal_pattern_anomaly,analyze time-series behavior + review LSTM/Transformer features,0.41131673834617,54.53040791040214,0.99979395
5565,1,temporal_pattern_anomaly,analyze time-series behavior + review LSTM/Transformer features,0.4317795135639708,50.703067852868784,0.99975425
5566,0,subtle_anomaly,monitor closely + collect more contextual data,0.4164326305133398,54.10912264966141,0.0029711467
5567,0,subtle_anomaly,monitor closely + collect more contextual data,0.4779181949562618,74.93290512396516,0.00012054764
5568,1,temporal_pattern_anomaly,analyze time-series behavior + review LSTM/Transformer features,0.4147634332117715,52.54318243912793,0.99980515
5569,0,subtle_anomaly,monitor closely + collect more contextual data,0.4559208611083259,61.26123292402954,6.241202e-05
5570,1,temporal_pattern_anomaly,analyze time-series behavior + review LSTM/Transformer features,0.4819966462867651,72.80720469451805,0.99995494
5571,1,temporal_pattern_anomaly,analyze time-series behavior + review LSTM/Transformer features,0.4400744698232236,61.73074957272702,0.9996532
5572,0,subtle_anomaly,monitor closely + collect more contextual data,0.4503919620819179,60.08644325057996,0.00016829629
5573,0,subtle_anomaly,monitor closely + collect more contextual data,0.4518553044661408,59.40116761414769,3.6978312e-05
5574,0,subtle_anomaly,monitor closely + collect more contextual data,0.4286867667621123,52.01600712656794,0.00058659737
5575,0,subtle_anomaly,monitor closely + collect more contextual data,0.3999168816591443,48.81059072717797,0.00065483263
5576,1,collective_anomaly,investigate multivariate patterns + check correlated KPIs,0.5192105227922841,83.5616153742977,0.9998449
5577,0,collective_anomaly,investigate multivariate patterns + check correlated KPIs,0.5570331092676967,105.75092134026777,0.0035104123
5578,0,subtle_anomaly,monitor closely + collect more contextual data,0.4216592364637415,52.84948882960201,0.00065847713
5579,1,temporal_pattern_anomaly,analyze time-series behavior + review LSTM/Transformer features,0.4445562163054036,76.70041561886862,0.9998393
5580,0,subtle_anomaly,monitor closely + collect more contextual data,0.4641984236044502,60.54902866368492,0.0001643598
5581,0,subtle_anomaly,monitor closely + collect more contextual data,0.4113824728463288,52.89549027065969,0.0027485145
5582,1,temporal_pattern_anomaly,analyze time-series behavior + review LSTM/Transformer features,0.4636204160276014,64.78687059692935,0.9999162
5583,1,collective_anomaly,investigate multivariate patterns + check correlated KPIs,0.5191772130649334,86.24786631570467,0.9996321
5584,1,temporal_pattern_anomaly,analyze time-series behavior + review LSTM/Transformer features,0.4170561898352938,61.58317454272248,0.99917185
5585,1,temporal_pattern_anomaly,analyze time-series behavior + review LSTM/Transformer features,0.3891847871188332,53.50293153505549,0.9994411
5586,0,subtle_anomaly,monitor closely + collect more contextual data,0.4265636030515912,53.83930680890539,0.005469464
5587,0,subtle_anomaly,monitor closely + collect more contextual data,0.4331811638939426,59.35231745210599,0.00036530974
5588,1,temporal_pattern_anomaly,analyze time-series behavior + review LSTM/Transformer features,0.4532426776749456,58.798018370789706,0.99996674
5589,0,subtle_anomaly,monitor closely + collect more contextual data,0.4280450795411479,51.48448992734807,0.001409755
5590,0,collective_anomaly,investigate multivariate patterns + check correlated KPIs,0.5279809056726992,90.4264729581592,0.00013979034
5591,1,temporal_pattern_anomaly,analyze time-series behavior + review LSTM/Transformer features,0.39746061908746,49.12683438829541,0.99989665
5592,0,subtle_anomaly,monitor closely + collect more contextual data,0.4582417313575763,65.8442152033837,0.015576429
5593,0,subtle_anomaly,monitor closely + collect more contextual data,0.479534393527941,72.43064131343027,0.00014891826
5594,1,collective_anomaly,investigate multivariate patterns + check correlated KPIs,0.5834286523525741,115.16711292147654,0.9999243
5595,1,temporal_pattern_anomaly,analyze time-series behavior + review LSTM/Transformer features,0.4277677544956372,58.097222325563806,0.9999144
5596,1,collective_anomaly,investigate multivariate patterns + check correlated KPIs,0.4901512485940828,85.27805312699097,0.9997491
5597,1,temporal_pattern_anomaly,analyze time-series behavior + review LSTM/Transformer features,0.4143038592469429,52.0974131077588,0.9998882
5598,1,temporal_pattern_anomaly,analyze time-series behavior + review LSTM/Transformer features,0.4253905712998051,62.77003473941619,0.99953747
5599,1,temporal_pattern_anomaly,analyze time-series behavior + review LSTM/Transformer features,0.4067692386917642,55.77767989953041,0.99982965
5600,1,temporal_pattern_anomaly,analyze time-series behavior + review LSTM/Transformer features,0.4599251439658744,61.39807856806655,0.9998896
5601,0,subtle_anomaly,monitor closely + collect more contextual data,0.3988684899762648,44.45431404139367,0.00037264833
5602,1,collective_anomaly,investigate multivariate patterns + check correlated KPIs,0.5547746813273937,113.28677863811173,0.9999423
5603,1,subtle_anomaly,monitor closely + collect more contextual data,0.4272239171635392,53.87524113457613,0.4518553
5604,1,temporal_pattern_anomaly,analyze time-series behavior + review LSTM/Transformer features,0.431108643558769,55.03450654902928,0.99981254
5605,1,temporal_pattern_anomaly,analyze time-series behavior + review LSTM/Transformer features,0.4120798694571815,57.49510165771002,0.9999622
5606,1,temporal_pattern_anomaly,analyze time-series behavior + review LSTM/Transformer features,0.4041639179874089,53.95153032368661,0.9999651
5607,1,temporal_pattern_anomaly,analyze time-series behavior + review LSTM/Transformer features,0.4589885702457654,59.68650307905322,0.9998746
5608,0,subtle_anomaly,monitor closely + collect more contextual data,0.4038444531716842,53.10871571405719,0.00032368326
5609,1,temporal_pattern_anomaly,analyze time-series behavior + review LSTM/Transformer features,0.4411559044977899,67.78817039602016,0.999894
5610,1,temporal_pattern_anomaly,analyze time-series behavior + review LSTM/Transformer features,0.4291838085984225,57.60116209081704,0.9999578
5611,1,temporal_pattern_anomaly,analyze time-series behavior + review LSTM/Transformer features,0.4217452917360115,58.23235642037768,0.9998485
5612,1,temporal_pattern_anomaly,analyze time-series behavior + review LSTM/Transformer features,0.4532989249947707,61.792118000182455,0.9999658
5613,1,collective_anomaly,investigate multivariate patterns + check correlated KPIs,0.4898874771249896,85.39335933896045,0.997821
5614,1,temporal_pattern_anomaly,analyze time-series behavior + review LSTM/Transformer features,0.3984310140731702,49.12648605478166,0.99914
5615,1,temporal_pattern_anomaly,analyze time-series behavior + review LSTM/Transformer features,0.4316306132902627,57.27994743251824,0.9999269
5616,1,collective_anomaly,investigate multivariate patterns + check correlated KPIs,0.4953163418847491,81.61420001228389,0.9999629
5617,1,temporal_pattern_anomaly,analyze time-series behavior + review LSTM/Transformer features,0.4343876275146719,56.05097928615255,0.99990404
5618,0,subtle_anomaly,monitor closely + collect more contextual data,0.4381343670288687,59.707968326188,5.545089e-05
5619,0,subtle_anomaly,monitor closely + collect more contextual data,0.4257036618133886,60.28164357417408,0.0005108799
5620,0,subtle_anomaly,monitor closely + collect more contextual data,0.4187219496554922,54.59826834955102,0.0030429445
5621,1,collective_anomaly,investigate multivariate patterns + check correlated KPIs,0.5336357460331467,95.71382769765071,0.9998678
5622,0,subtle_anomaly,monitor closely + collect more contextual data,0.4581277963230596,60.72686310326847,0.00031172298
5623,1,temporal_pattern_anomaly,analyze time-series behavior + review LSTM/Transformer features,0.4582280825652872,75.51393439313334,0.99969614
5624,1,temporal_pattern_anomaly,analyze time-series behavior + review LSTM/Transformer features,0.4036781920833947,51.164542138465016,0.99992895
5625,0,subtle_anomaly,monitor closely + collect more contextual data,0.4077666463636267,47.09818883946957,0.002324322
5626,1,collective_anomaly,investigate multivariate patterns + check correlated KPIs,0.5125932805441177,101.3022679759428,0.9998921
5627,1,temporal_pattern_anomaly,analyze time-series behavior + review LSTM/Transformer features,0.4414164103044109,56.004018330885344,0.9999554
5628,1,temporal_pattern_anomaly,analyze time-series behavior + review LSTM/Transformer features,0.4486757988502907,64.87767400536563,0.9999821
5629,1,temporal_pattern_anomaly,analyze time-series behavior + review LSTM/Transformer features,0.4355175626966491,58.87096705995421,0.9997203
5630,1,temporal_pattern_anomaly,analyze time-series behavior + review LSTM/Transformer features,0.4295317003167905,59.10102966052384,0.9999654
5631,0,subtle_anomaly,monitor closely + collect more contextual data,0.392036046752935,44.32487334867094,0.0002023456
5632,1,temporal_pattern_anomaly,analyze time-series behavior + review LSTM/Transformer features,0.3932498706534973,52.56780747740512,0.9989668
5633,0,subtle_anomaly,monitor closely + collect more contextual data,0.4551790506136776,63.79282781057347,0.0015374765
5634,0,subtle_anomaly,monitor closely + collect more contextual data,0.4405937686896954,63.069386799271456,0.00039122958
5635,0,subtle_anomaly,monitor closely + collect more contextual data,0.4086237513962928,50.62067110688469,0.00047764758
5636,0,subtle_anomaly,monitor closely + collect more contextual data,0.4447967907178644,54.46810011922036,0.00014087383
5637,1,temporal_pattern_anomaly,analyze time-series behavior + review LSTM/Transformer features,0.4322946918110615,55.46171040319649,0.99972385
5638,1,temporal_pattern_anomaly,analyze time-series behavior + review LSTM/Transformer features,0.4201958073970517,49.475052681455054,0.99857473
5639,1,collective_anomaly,investigate multivariate patterns + check correlated KPIs,0.5108772465263879,100.20559020630084,0.9993563
5640,0,subtle_anomaly,monitor closely + collect more contextual data,0.4698878301620867,70.6765832983612,7.220654e-05
5641,0,subtle_anomaly,monitor closely + collect more contextual data,0.3907083162862471,48.072176907676656,0.0002590587
5642,1,temporal_pattern_anomaly,analyze time-series behavior + review LSTM/Transformer features,0.4463838331127037,57.3866935537906,0.9999137
5643,1,temporal_pattern_anomaly,analyze time-series behavior + review LSTM/Transformer features,0.4114391438390348,49.54961858315284,0.9996964
5644,1,temporal_pattern_anomaly,analyze time-series behavior + review LSTM/Transformer features,0.4008035497576053,52.97268596565703,0.9989667
5645,0,subtle_anomaly,monitor closely + collect more contextual data,0.4432578214753347,59.616856354433374,0.0006989238
5646,1,temporal_pattern_anomaly,analyze time-series behavior + review LSTM/Transformer features,0.4160879673037287,50.43365652586436,0.9996177
5647,0,subtle_anomaly,monitor closely + collect more contextual data,0.4502908146027048,65.50578674474531,0.00039548092
5648,0,subtle_anomaly,monitor closely + collect more contextual data,0.3940683553198714,48.52791193859077,0.0007663768
5649,0,subtle_anomaly,monitor closely + collect more contextual data,0.4306013331522217,52.73841301201022,0.0011503444
5650,1,collective_anomaly,investigate multivariate patterns + check correlated KPIs,0.5525531559232151,117.88112732867432,0.9998641
5651,0,subtle_anomaly,monitor closely + collect more contextual data,0.4109685267124624,48.602932576602015,0.0006806461
5652,0,temporal_pattern_anomaly,analyze time-series behavior + review LSTM/Transformer features,0.4380723710745875,59.52128722261046,0.25619632
5653,0,subtle_anomaly,monitor closely + collect more contextual data,0.4172095592494246,53.78792676388918,0.0005672722
5654,0,subtle_anomaly,monitor closely + collect more contextual data,0.4240140708016247,59.733342681554376,0.0004732781
5655,0,subtle_anomaly,monitor closely + collect more contextual data,0.3806760799376624,42.79082801145634,0.00016109848
5656,0,subtle_anomaly,monitor closely + collect more contextual data,0.4041200655626597,51.02793640139364,8.070131e-05
5657,0,subtle_anomaly,monitor closely + collect more contextual data,0.4267755239255806,57.20261761310778,0.00011440863
5658,0,subtle_anomaly,monitor closely + collect more contextual data,0.4246496110096096,53.35583717776095,0.00036512833
5659,0,subtle_anomaly,monitor closely + collect more contextual data,0.4108035715561995,55.84612980838609,9.883546e-05
5660,0,subtle_anomaly,monitor closely + collect more contextual data,0.4124549065292433,51.758288941144485,0.00011206374
5661,1,temporal_pattern_anomaly,analyze time-series behavior + review LSTM/Transformer features,0.4095018107370469,49.846228600615525,0.99988925
5662,0,subtle_anomaly,monitor closely + collect more contextual data,0.4485840405077542,62.9128069345066,0.001027874
5663,0,subtle_anomaly,monitor closely + collect more contextual data,0.4044058765679165,47.10172927535758,0.005579896
5664,1,temporal_pattern_anomaly,analyze time-series behavior + review LSTM/Transformer features,0.4825183981743314,68.99428395662163,0.9998598
5665,0,subtle_anomaly,monitor closely + collect more contextual data,0.383699243769048,45.04235836307458,3.1547246e-05
5666,1,temporal_pattern_anomaly,analyze time-series behavior + review LSTM/Transformer features,0.4011218551539406,49.722741584304245,0.9999428
5667,1,temporal_pattern_anomaly,analyze time-series behavior + review LSTM/Transformer features,0.4667486519971378,64.52721843539003,0.9996113
5668,1,temporal_pattern_anomaly,analyze time-series behavior + review LSTM/Transformer features,0.4624089613725404,62.85533621338754,0.9999225
5669,0,subtle_anomaly,monitor closely + collect more contextual data,0.434410215614039,58.80497857552695,0.0025857512
5670,0,subtle_anomaly,monitor closely + collect more contextual data,0.3957537346736388,47.90513976165769,4.0260056e-05
5671,0,subtle_anomaly,monitor closely + collect more contextual data,0.4296723803499397,50.70038042593776,0.00096127525
5672,1,temporal_pattern_anomaly,analyze time-series behavior + review LSTM/Transformer features,0.4097071775288615,54.7516136264201,0.9999807
5673,0,subtle_anomaly,monitor closely + collect more contextual data,0.4320635825679467,50.753824157104845,0.00047466464
5674,1,temporal_pattern_anomaly,analyze time-series behavior + review LSTM/Transformer features,0.3852962692792566,49.149639117288125,0.99993277
5675,0,subtle_anomaly,monitor closely + collect more contextual data,0.4464368689191474,64.01005638439665,6.129559e-05
5676,0,isolation_outlier,inspect individual extreme values + check for sensor drift,0.4879076936569091,70.42046383213692,0.00010636596
5677,1,collective_anomaly,investigate multivariate patterns + check correlated KPIs,0.502532783064463,95.31868624628636,0.99997365
5678,1,collective_anomaly,investigate multivariate patterns + check correlated KPIs,0.5671309164678554,122.2413346305512,0.99970394
5679,0,subtle_anomaly,monitor closely + collect more contextual data,0.4342975307483149,58.23054861204603,0.0007622064
5680,1,temporal_pattern_anomaly,analyze time-series behavior + review LSTM/Transformer features,0.4474012697205997,55.929662566629055,0.99989665
5681,1,temporal_pattern_anomaly,analyze time-series behavior + review LSTM/Transformer features,0.4271348073283811,55.87848231472658,0.99994004
5682,1,temporal_pattern_anomaly,analyze time-series behavior + review LSTM/Transformer features,0.4375543892164147,59.783167696155616,0.9998627
5683,0,subtle_anomaly,monitor closely + collect more contextual data,0.4107018011259239,47.44833222708449,0.006056239
5684,1,temporal_pattern_anomaly,analyze time-series behavior + review LSTM/Transformer features,0.4038207696228132,52.45194644126578,0.99996364
5685,0,subtle_anomaly,monitor closely + collect more contextual data,0.40605906642915,56.25963508070292,0.0006291785
5686,1,temporal_pattern_anomaly,analyze time-series behavior + review LSTM/Transformer features,0.4130897750228222,53.6487461926548,0.999193
5687,0,subtle_anomaly,monitor closely + collect more contextual data,0.3924277575449854,45.34976288835082,0.00050547294
5688,0,subtle_anomaly,monitor closely + collect more contextual data,0.3982136586213576,47.80805572815846,0.0003488611
5689,0,subtle_anomaly,monitor closely + collect more contextual data,0.4030199469882419,51.75733235164433,0.00088000484
5690,1,temporal_pattern_anomaly,analyze time-series behavior + review LSTM/Transformer features,0.4511158917487334,63.31876709239616,0.9997397
5691,1,temporal_pattern_anomaly,analyze time-series behavior + review LSTM/Transformer features,0.4248523133834013,54.96689415902247,0.9998216
5692,1,temporal_pattern_anomaly,analyze time-series behavior + review LSTM/Transformer features,0.4430096376972922,57.63913793531051,0.99993086
5693,1,temporal_pattern_anomaly,analyze time-series behavior + review LSTM/Transformer features,0.4139421346054209,48.86917323926578,0.9968791
5694,1,temporal_pattern_anomaly,analyze time-series behavior + review LSTM/Transformer features,0.4217864047690148,52.1123596026439,0.9729301
5695,1,temporal_pattern_anomaly,analyze time-series behavior + review LSTM/Transformer features,0.4049196957655207,54.71543174136408,0.99969816
5696,1,temporal_pattern_anomaly,analyze time-series behavior + review LSTM/Transformer features,0.4359471275816056,58.61529113100799,0.9998128
5697,0,subtle_anomaly,monitor closely + collect more contextual data,0.4327055181933136,55.30009752217829,0.023518791
5698,1,temporal_pattern_anomaly,analyze time-series behavior + review LSTM/Transformer features,0.4676812298116988,64.07632313889053,0.99996316
5699,1,temporal_pattern_anomaly,analyze time-series behavior + review LSTM/Transformer features,0.4232151956875148,51.9999477644273,0.9999404
5700,0,subtle_anomaly,monitor closely + collect more contextual data,0.3736414964955618,41.748827941372106,0.00020907895
5701,1,temporal_pattern_anomaly,analyze time-series behavior + review LSTM/Transformer features,0.4600740641076059,62.20681650142495,0.9999403
5702,1,temporal_pattern_anomaly,analyze time-series behavior + review LSTM/Transformer features,0.392502961428391,50.7282972866331,0.99993896
5703,1,collective_anomaly,investigate multivariate patterns + check correlated KPIs,0.4985046980681948,80.08014877101395,0.9995696
5704,1,temporal_pattern_anomaly,analyze time-series behavior + review LSTM/Transformer features,0.4162160210372624,49.29635285367523,0.99386555
5705,0,subtle_anomaly,monitor closely + collect more contextual data,0.4709024531360135,69.89953269895754,4.5670695e-05
5706,0,subtle_anomaly,monitor closely + collect more contextual data,0.4362053252426946,53.16434416084704,0.00034817497
5707,1,collective_anomaly,investigate multivariate patterns + check correlated KPIs,0.5399582880140933,96.68084600454416,0.9998473
5708,1,temporal_pattern_anomaly,analyze time-series behavior + review LSTM/Transformer features,0.4653646682330387,63.61618653247131,0.9999486
5709,0,subtle_anomaly,monitor closely + collect more contextual data,0.4176321879404869,47.46122676469874,0.00023162016
5710,1,temporal_pattern_anomaly,analyze time-series behavior + review LSTM/Transformer features,0.413581149684091,62.27597519701911,0.9998659
5711,0,subtle_anomaly,monitor closely + collect more contextual data,0.4488927729824976,61.46629993576211,5.0772716e-05
5712,1,temporal_pattern_anomaly,analyze time-series behavior + review LSTM/Transformer features,0.4740383344063625,71.85161973119263,0.9993326
5713,0,isolation_outlier,inspect individual extreme values + check for sensor drift,0.4920945950937785,73.15694456899483,4.848517e-05
5714,1,temporal_pattern_anomaly,analyze time-series behavior + review LSTM/Transformer features,0.4364706625855228,56.34489491470535,0.9996605
5715,1,temporal_pattern_anomaly,analyze time-series behavior + review LSTM/Transformer features,0.4070897584487018,51.92722716035413,0.9998816
5716,0,subtle_anomaly,monitor closely + collect more contextual data,0.4387853971197583,58.61116270742912,0.00014266552
5717,0,isolation_outlier,inspect individual extreme values + check for sensor drift,0.4989569474280252,70.78793251048491,6.2546256e-05
5718,1,temporal_pattern_anomaly,analyze time-series behavior + review LSTM/Transformer features,0.4127244535021714,45.12475449536196,0.9997305
5719,1,collective_anomaly,investigate multivariate patterns + check correlated KPIs,0.4967623162204633,91.24503892863636,0.9999676
5720,0,subtle_anomaly,monitor closely + collect more contextual data,0.4602862814117282,58.22500184906177,0.0003813452
5721,0,subtle_anomaly,monitor closely + collect more contextual data,0.4152527702820431,53.052833341630325,7.165819e-05
5722,1,temporal_pattern_anomaly,analyze time-series behavior + review LSTM/Transformer features,0.4348221391123215,53.334055351851205,0.9995109
5723,0,subtle_anomaly,monitor closely + collect more contextual data,0.4028325129286135,50.53150864461263,4.7918773e-05
5724,1,temporal_pattern_anomaly,analyze time-series behavior + review LSTM/Transformer features,0.3991579060464066,46.42909406913464,0.99985874
5725,0,subtle_anomaly,monitor closely + collect more contextual data,0.4074751712340823,47.31015078138053,9.120444e-05
5726,1,temporal_pattern_anomaly,analyze time-series behavior + review LSTM/Transformer features,0.4019672290128503,58.09144138351035,0.9999411
5727,0,subtle_anomaly,monitor closely + collect more contextual data,0.3985958180285682,50.969910887833926,0.00040189366
5728,0,subtle_anomaly,monitor closely + collect more contextual data,0.3966143144321766,49.71279612214256,0.00018234017
5729,0,subtle_anomaly,monitor closely + collect more contextual data,0.4330337529827959,62.56909559337098,0.00012437043
5730,0,subtle_anomaly,monitor closely + collect more contextual data,0.381910703143159,38.79618488245139,8.9738016e-05
5731,1,collective_anomaly,investigate multivariate patterns + check correlated KPIs,0.5472867182631047,118.98045882611872,0.99886703
5732,0,subtle_anomaly,monitor closely + collect more contextual data,0.458059089111706,61.87882367451664,6.6174325e-05
5733,1,temporal_pattern_anomaly,analyze time-series behavior + review LSTM/Transformer features,0.4273914692661285,61.48772302382375,0.99994516
5734,0,subtle_anomaly,monitor closely + collect more contextual data,0.4089676712851776,47.932282911459495,0.0006835766
5735,1,temporal_pattern_anomaly,analyze time-series behavior + review LSTM/Transformer features,0.4730480914265544,68.40694346595464,0.9999187
5736,0,subtle_anomaly,monitor closely + collect more contextual data,0.4572825132988458,61.85918662091019,0.00067327457
5737,1,temporal_pattern_anomaly,analyze time-series behavior + review LSTM/Transformer features,0.4757878053701814,65.83351391910745,0.99997544
5738,1,temporal_pattern_anomaly,analyze time-series behavior + review LSTM/Transformer features,0.3956536146788011,54.3211467519988,0.99992824
5739,1,temporal_pattern_anomaly,analyze time-series behavior + review LSTM/Transformer features,0.4011703968623142,48.11382767727525,0.9997949
5740,1,temporal_pattern_anomaly,analyze time-series behavior + review LSTM/Transformer features,0.4161264412077576,57.686685835661336,0.9999701
5741,1,temporal_pattern_anomaly,analyze time-series behavior + review LSTM/Transformer features,0.4810180237423789,70.15505095134888,0.99852043
5742,1,temporal_pattern_anomaly,analyze time-series behavior + review LSTM/Transformer features,0.4362444632172767,62.19746599138459,0.9998857
5743,0,subtle_anomaly,monitor closely + collect more contextual data,0.4177977857391096,52.95552170632405,0.00019643703
5744,0,subtle_anomaly,monitor closely + collect more contextual data,0.4242673257488047,48.57703545787718,0.0055143237
5745,0,subtle_anomaly,monitor closely + collect more contextual data,0.4035385723883155,53.423710374049634,2.4913881e-05
5746,0,subtle_anomaly,monitor closely + collect more contextual data,0.4080126780239098,48.35132160512949,0.00055394636
5747,1,temporal_pattern_anomaly,analyze time-series behavior + review LSTM/Transformer features,0.417933203602043,53.22761944227732,0.99981254
5748,0,subtle_anomaly,monitor closely + collect more contextual data,0.4536166702486837,65.00105138807496,4.2652024e-05
5749,0,subtle_anomaly,monitor closely + collect more contextual data,0.4546819901487977,57.22770435671838,0.1273361
5750,0,subtle_anomaly,monitor closely + collect more contextual data,0.3901151965870379,46.31232240570032,0.00034915254
5751,0,subtle_anomaly,monitor closely + collect more contextual data,0.464922221008853,56.73038830503485,0.0021500264
5752,0,subtle_anomaly,monitor closely + collect more contextual data,0.434175617815848,54.81174210831907,0.00016222669
5753,1,temporal_pattern_anomaly,analyze time-series behavior + review LSTM/Transformer features,0.4156924511152707,49.84296872521973,0.9998406
5754,0,subtle_anomaly,monitor closely + collect more contextual data,0.3972868487887977,47.8834449756685,0.00030903937
5755,0,subtle_anomaly,monitor closely + collect more contextual data,0.3905531139894982,46.31387198433197,4.8468664e-05
5756,1,temporal_pattern_anomaly,analyze time-series behavior + review LSTM/Transformer features,0.4046696106054471,56.36773972706289,0.99996245
5757,0,subtle_anomaly,monitor closely + collect more contextual data,0.4382705328966384,62.59438348535985,8.3417406e-05
5758,1,temporal_pattern_anomaly,analyze time-series behavior + review LSTM/Transformer features,0.4387968447009266,55.22929654404534,0.9998795
5759,1,collective_anomaly,investigate multivariate patterns + check correlated KPIs,0.5081065679492673,97.04938034820628,0.99955803
5760,1,temporal_pattern_anomaly,analyze time-series behavior + review LSTM/Transformer features,0.4919112623260299,69.90426386333705,0.9999554
5761,0,subtle_anomaly,monitor closely + collect more contextual data,0.4129947023270723,50.72966432529216,7.673626e-05
5762,0,subtle_anomaly,monitor closely + collect more contextual data,0.4142880843559849,55.17113827119304,0.0027656895
5763,1,collective_anomaly,investigate multivariate patterns + check correlated KPIs,0.5367090096834364,110.84393952990033,0.9995677
5764,1,temporal_pattern_anomaly,analyze time-series behavior + review LSTM/Transformer features,0.4862867137901925,73.86442141109171,0.99995875
5765,1,temporal_pattern_anomaly,analyze time-series behavior + review LSTM/Transformer features,0.457076197149175,72.4717178659456,0.9999491
5766,1,temporal_pattern_anomaly,analyze time-series behavior + review LSTM/Transformer features,0.4290252168648923,59.40159300002618,0.9998865
5767,0,subtle_anomaly,monitor closely + collect more contextual data,0.3953908148283073,48.39927444139452,3.261139e-05
5768,0,subtle_anomaly,monitor closely + collect more contextual data,0.4222959225880992,53.93081870182135,5.45683e-05
5769,1,temporal_pattern_anomaly,analyze time-series behavior + review LSTM/Transformer features,0.4304456431906693,62.41785072675915,0.9999536
5770,0,subtle_anomaly,monitor closely + collect more contextual data,0.4144655306405561,50.02708864628237,0.00043936542
5771,1,temporal_pattern_anomaly,analyze time-series behavior + review LSTM/Transformer features,0.4827562064476469,66.85676235767386,0.16985282
5772,0,subtle_anomaly,monitor closely + collect more contextual data,0.4344871817925629,57.80655338129069,0.010484415
5773,1,temporal_pattern_anomaly,analyze time-series behavior + review LSTM/Transformer features,0.4245689770324491,60.42180967471567,0.99995923
5774,1,temporal_pattern_anomaly,analyze time-series behavior + review LSTM/Transformer features,0.4946228859046696,75.8577190139061,0.9996741
5775,1,temporal_pattern_anomaly,analyze time-series behavior + review LSTM/Transformer features,0.4314730252392443,57.83515343596506,0.9999783
5776,1,temporal_pattern_anomaly,analyze time-series behavior + review LSTM/Transformer features,0.4089929426594955,53.92401898555312,0.99509686
5777,0,subtle_anomaly,monitor closely + collect more contextual data,0.4512872773113683,67.06309076140239,0.00036616065
5778,1,temporal_pattern_anomaly,analyze time-series behavior + review LSTM/Transformer features,0.4670994083124917,68.299196645535,0.99993825
5779,0,collective_anomaly,investigate multivariate patterns + check correlated KPIs,0.5325056914155913,81.64198764856636,0.0039636763
5780,1,temporal_pattern_anomaly,analyze time-series behavior + review LSTM/Transformer features,0.4147832056183044,55.576998404457,0.9997727
5781,0,subtle_anomaly,monitor closely + collect more contextual data,0.3895087782874958,46.79992305158014,0.00011904254
5782,0,subtle_anomaly,monitor closely + collect more contextual data,0.4293262073584667,54.619267750522006,4.1320895e-05
5783,0,subtle_anomaly,monitor closely + collect more contextual data,0.4481727876410404,63.803939966671656,7.1440125e-05
5784,0,subtle_anomaly,monitor closely + collect more contextual data,0.4194702231757279,50.38116945369772,0.00030770228
5785,0,subtle_anomaly,monitor closely + collect more contextual data,0.417128823378644,46.70454117539889,0.00030964662
5786,0,subtle_anomaly,monitor closely + collect more contextual data,0.3827069613674069,44.50589602610871,0.00012526452
5787,1,collective_anomaly,investigate multivariate patterns + check correlated KPIs,0.5265100301626963,98.18817538423974,0.9995782
5788,0,subtle_anomaly,monitor closely + collect more contextual data,0.4274171176641896,53.53696263120311,5.003892e-05
5789,1,temporal_pattern_anomaly,analyze time-series behavior + review LSTM/Transformer features,0.4012440085809203,50.13223711169665,0.999556
5790,1,temporal_pattern_anomaly,analyze time-series behavior + review LSTM/Transformer features,0.4080165957684563,53.734180361686576,0.99950635
5791,1,temporal_pattern_anomaly,analyze time-series behavior + review LSTM/Transformer features,0.4194760289179828,53.724975528930415,0.9996049
5792,0,subtle_anomaly,monitor closely + collect more contextual data,0.424426485907865,55.894644633786974,0.006728768
5793,1,temporal_pattern_anomaly,analyze time-series behavior + review LSTM/Transformer features,0.4162404004995738,52.8595584389293,0.9998462
5794,1,temporal_pattern_anomaly,analyze time-series behavior + review LSTM/Transformer features,0.4371066296009394,71.72987738817072,0.99679875
5795,1,temporal_pattern_anomaly,analyze time-series behavior + review LSTM/Transformer features,0.4091436438560601,52.88956904606272,0.99994314
5796,1,temporal_pattern_anomaly,analyze time-series behavior + review LSTM/Transformer features,0.4261454450391664,55.453303651659766,0.999694
5797,0,subtle_anomaly,monitor closely + collect more contextual data,0.4234865909463431,58.611182640192695,5.6103047e-05
5798,1,temporal_pattern_anomaly,analyze time-series behavior + review LSTM/Transformer features,0.42769085894308,60.40787229723488,0.99981636
5799,0,subtle_anomaly,monitor closely + collect more contextual data,0.4562649724981799,56.01383862826211,0.007174772
5800,0,subtle_anomaly,monitor closely + collect more contextual data,0.4178367308455929,60.78407391735905,0.00019590676
5801,0,subtle_anomaly,monitor closely + collect more contextual data,0.3883910060880413,44.398968526383534,0.002369608
5802,1,temporal_pattern_anomaly,analyze time-series behavior + review LSTM/Transformer features,0.4169243672865274,52.97434158774566,0.9998661
5803,0,subtle_anomaly,monitor closely + collect more contextual data,0.4092392978166607,49.05676506839155,2.554738e-05
5804,1,collective_anomaly,investigate multivariate patterns + check correlated KPIs,0.5489020159624486,100.25854077971944,0.9986337
5805,0,subtle_anomaly,monitor closely + collect more contextual data,0.4504361636470227,60.11288867045123,0.00021908873
5806,1,temporal_pattern_anomaly,analyze time-series behavior + review LSTM/Transformer features,0.4654425362340605,71.36134790522738,0.999795
5807,0,subtle_anomaly,monitor closely + collect more contextual data,0.3953399564625677,42.55936211931555,0.00012870634
5808,1,temporal_pattern_anomaly,analyze time-series behavior + review LSTM/Transformer features,0.3953748468330272,52.12127196634906,0.9951142
5809,1,temporal_pattern_anomaly,analyze time-series behavior + review LSTM/Transformer features,0.4456467325484207,60.189300909770566,0.99981946
5810,0,subtle_anomaly,monitor closely + collect more contextual data,0.4212160276639705,53.08001549075893,0.00010814563
5811,1,collective_anomaly,investigate multivariate patterns + check correlated KPIs,0.4885754070009041,80.46848802843206,0.9999633
5812,0,subtle_anomaly,monitor closely + collect more contextual data,0.4192491672237196,50.83951504716955,0.000865331
5813,0,subtle_anomaly,monitor closely + collect more contextual data,0.3825591830454519,45.47270561507814,2.682732e-05
5814,1,collective_anomaly,investigate multivariate patterns + check correlated KPIs,0.5029245221581793,90.45388776638632,0.9995797
5815,0,subtle_anomaly,monitor closely + collect more contextual data,0.4326710493786541,54.91852546284609,0.00086454314
5816,1,collective_anomaly,investigate multivariate patterns + check correlated KPIs,0.5564005222562906,105.90548089129938,0.999907
5817,0,subtle_anomaly,monitor closely + collect more contextual data,0.4228165727516798,49.596504212479616,5.555315e-05
5818,0,subtle_anomaly,monitor closely + collect more contextual data,0.4273535869449461,58.506744330563166,0.00016540955
5819,0,subtle_anomaly,monitor closely + collect more contextual data,0.3868288888935876,43.404417779687066,5.843553e-05
5820,0,subtle_anomaly,monitor closely + collect more contextual data,0.4556280047881804,64.37314943959507,8.616162e-05
5821,0,subtle_anomaly,monitor closely + collect more contextual data,0.4212848687569957,58.56560689995954,0.0006498475
5822,0,subtle_anomaly,monitor closely + collect more contextual data,0.45290736044591,60.79089372095907,0.0011074672
5823,0,subtle_anomaly,monitor closely + collect more contextual data,0.4043219380995711,50.75380394447133,0.00062322675
5824,0,isolation_outlier,inspect individual extreme values + check for sensor drift,0.490629541893084,70.30896325790056,7.0537084e-05
5825,0,subtle_anomaly,monitor closely + collect more contextual data,0.4203042155535809,52.87386428363734,0.0009517034
5826,0,subtle_anomaly,monitor closely + collect more contextual data,0.4439431001528521,59.11809205634393,0.00068006094
5827,1,temporal_pattern_anomaly,analyze time-series behavior + review LSTM/Transformer features,0.3839398908983297,48.60287799128431,0.9998797
5828,1,temporal_pattern_anomaly,analyze time-series behavior + review LSTM/Transformer features,0.4385858049584591,59.622797658940605,0.9999671
5829,0,subtle_anomaly,monitor closely + collect more contextual data,0.4097977019451466,56.1597638770644,4.7197856e-05
5830,0,subtle_anomaly,monitor closely + collect more contextual data,0.4224549492700437,49.309204399591714,0.0014031169
5831,1,temporal_pattern_anomaly,analyze time-series behavior + review LSTM/Transformer features,0.4841722843174805,63.94376000277626,0.9999646
5832,0,subtle_anomaly,monitor closely + collect more contextual data,0.4342857496697024,62.39540245209049,6.1469495e-05
5833,1,temporal_pattern_anomaly,analyze time-series behavior + review LSTM/Transformer features,0.420987619271252,59.02601539108502,0.99995494
5834,0,subtle_anomaly,monitor closely + collect more contextual data,0.449578910044113,58.55900932761693,0.00016847387
5835,0,subtle_anomaly,monitor closely + collect more contextual data,0.4358208783565815,56.50603872079591,0.00010714952
5836,1,temporal_pattern_anomaly,analyze time-series behavior + review LSTM/Transformer features,0.4024423316769352,50.62870774794592,0.9993857
5837,1,temporal_pattern_anomaly,analyze time-series behavior + review LSTM/Transformer features,0.4166666606996185,55.16593196557203,0.99997485
5838,0,subtle_anomaly,monitor closely + collect more contextual data,0.4351012747156393,62.91534440874179,8.2923936e-05
5839,1,temporal_pattern_anomaly,analyze time-series behavior + review LSTM/Transformer features,0.4457804560207276,66.08646454392927,0.9985233
5840,1,temporal_pattern_anomaly,analyze time-series behavior + review LSTM/Transformer features,0.4097547122823697,53.900161622123576,0.9999579
5841,0,subtle_anomaly,monitor closely + collect more contextual data,0.4143280587055363,53.80207550275665,0.00028554816
5842,0,subtle_anomaly,monitor closely + collect more contextual data,0.4539704383326784,57.11737403260851,0.00012314232
5843,0,subtle_anomaly,monitor closely + collect more contextual data,0.4384089413593268,60.75094389469539,4.362407e-05
5844,1,temporal_pattern_anomaly,analyze time-series behavior + review LSTM/Transformer features,0.4070457394542148,57.84064636998305,0.99761224
5845,1,temporal_pattern_anomaly,analyze time-series behavior + review LSTM/Transformer features,0.4816672479469183,72.81835309082345,0.99987006
5846,1,collective_anomaly,investigate multivariate patterns + check correlated KPIs,0.534149170514975,101.17852250327644,0.99610436
5847,1,temporal_pattern_anomaly,analyze time-series behavior + review LSTM/Transformer features,0.3817649589411642,46.60216034916216,0.99963796
5848,0,subtle_anomaly,monitor closely + collect more contextual data,0.4113947337695581,47.35994666611316,0.0002448997
5849,1,temporal_pattern_anomaly,analyze time-series behavior + review LSTM/Transformer features,0.4278489894881698,53.98609910110528,0.9997192
5850,1,temporal_pattern_anomaly,analyze time-series behavior + review LSTM/Transformer features,0.4289472992104861,54.742807832808346,0.99995553
5851,0,subtle_anomaly,monitor closely + collect more contextual data,0.4674837780305949,67.83793349748102,6.690594e-05
5852,1,temporal_pattern_anomaly,analyze time-series behavior + review LSTM/Transformer features,0.4173063345876437,59.36696656751169,0.9999323
5853,1,temporal_pattern_anomaly,analyze time-series behavior + review LSTM/Transformer features,0.421251079915921,59.58618629917167,0.99994457
5854,1,temporal_pattern_anomaly,analyze time-series behavior + review LSTM/Transformer features,0.4584765603060977,69.0499779434856,0.9997806
5855,1,collective_anomaly,investigate multivariate patterns + check correlated KPIs,0.4624655352866008,80.6924025796534,0.9999031
5856,0,subtle_anomaly,monitor closely + collect more contextual data,0.4162822062202196,47.732178177791646,0.0016903388
5857,1,temporal_pattern_anomaly,analyze time-series behavior + review LSTM/Transformer features,0.4239498479490085,56.22733110364977,0.9989384
5858,1,temporal_pattern_anomaly,analyze time-series behavior + review LSTM/Transformer features,0.409099071377693,49.99804161326212,0.9997384
5859,1,temporal_pattern_anomaly,analyze time-series behavior + review LSTM/Transformer features,0.4105658837646432,53.205393398170784,0.9998343
5860,1,temporal_pattern_anomaly,analyze time-series behavior + review LSTM/Transformer features,0.4821558950401588,75.78239162711131,0.9889614
5861,1,temporal_pattern_anomaly,analyze time-series behavior + review LSTM/Transformer features,0.4054480024474436,55.378470379169926,0.9999361
5862,0,subtle_anomaly,monitor closely + collect more contextual data,0.4028834884047589,51.63275425417107,1.6506518e-05
5863,1,temporal_pattern_anomaly,analyze time-series behavior + review LSTM/Transformer features,0.402786238147971,53.7341462983623,0.9996761
5864,1,temporal_pattern_anomaly,analyze time-series behavior + review LSTM/Transformer features,0.4682151879494288,68.93078827511057,0.998273
5865,1,collective_anomaly,investigate multivariate patterns + check correlated KPIs,0.5685415667917763,117.14932824118974,0.99941444
5866,1,temporal_pattern_anomaly,analyze time-series behavior + review LSTM/Transformer features,0.4237926589730277,49.84026365256212,0.9996176
5867,1,temporal_pattern_anomaly,analyze time-series behavior + review LSTM/Transformer features,0.4281936827083099,56.42906858729918,0.99977547
5868,0,subtle_anomaly,monitor closely + collect more contextual data,0.4391079897084394,50.78503019146125,0.00011012002
5869,0,subtle_anomaly,monitor closely + collect more contextual data,0.4522912199995069,57.99833557154325,0.0011940849
5870,0,subtle_anomaly,monitor closely + collect more contextual data,0.3861235048776198,43.969440193865736,0.0006112019
5871,0,subtle_anomaly,monitor closely + collect more contextual data,0.4632131670268734,63.25336378081588,0.0007332573
5872,0,subtle_anomaly,monitor closely + collect more contextual data,0.4437277271900963,58.29971146377786,0.00011610442
5873,0,subtle_anomaly,monitor closely + collect more contextual data,0.4015944457615656,50.29251740512301,0.00013011132
5874,0,subtle_anomaly,monitor closely + collect more contextual data,0.4185140144688449,50.97850738248252,0.00024018626
5875,0,subtle_anomaly,monitor closely + collect more contextual data,0.4273166901522963,50.86851862289856,0.004729312
5876,0,subtle_anomaly,monitor closely + collect more contextual data,0.4113236351779649,55.439907103657085,0.00014513281
5877,1,temporal_pattern_anomaly,analyze time-series behavior + review LSTM/Transformer features,0.4418851675572799,62.03416627105897,0.9998097
5878,1,collective_anomaly,investigate multivariate patterns + check correlated KPIs,0.4797452881739628,84.40408382160253,0.99994814
5879,0,subtle_anomaly,monitor closely + collect more contextual data,0.4241991727751606,52.68826364552485,0.003946005
5880,1,temporal_pattern_anomaly,analyze time-series behavior + review LSTM/Transformer features,0.4312835218934293,59.05685245141619,0.99995935
5881,0,subtle_anomaly,monitor closely + collect more contextual data,0.4505745950563709,57.15410258164059,0.0006530794
5882,0,subtle_anomaly,monitor closely + collect more contextual data,0.404090261909338,49.52153389546163,4.8529255e-05
5883,0,isolation_outlier,inspect individual extreme values + check for sensor drift,0.4816736361365467,76.56400174417804,0.00052059017
5884,0,collective_anomaly,investigate multivariate patterns + check correlated KPIs,0.5096038598833669,81.14633057747211,0.00022870829
5885,1,temporal_pattern_anomaly,analyze time-series behavior + review LSTM/Transformer features,0.4087897648263842,57.49911209567964,0.99985564
5886,0,subtle_anomaly,monitor closely + collect more contextual data,0.4601097014949975,63.13918399538448,0.000108060274
5887,0,subtle_anomaly,monitor closely + collect more contextual data,0.4362731776745229,63.6110285117475,0.00011682551
5888,0,subtle_anomaly,monitor closely + collect more contextual data,0.3817299231906365,41.4981535092434,0.0006022789
5889,0,subtle_anomaly,monitor closely + collect more contextual data,0.3836535158947006,44.22989405734976,0.00011767073
5890,1,temporal_pattern_anomaly,analyze time-series behavior + review LSTM/Transformer features,0.4488081806740709,65.11668951624483,0.9997625
5891,0,subtle_anomaly,monitor closely + collect more contextual data,0.447889903601841,60.16942203506658,0.00062255055
5892,0,subtle_anomaly,monitor closely + collect more contextual data,0.4772076701029965,74.46511967062939,5.3055646e-05
5893,1,temporal_pattern_anomaly,analyze time-series behavior + review LSTM/Transformer features,0.4297355264288447,65.02448975476952,0.99991786
5894,1,temporal_pattern_anomaly,analyze time-series behavior + review LSTM/Transformer features,0.4254270431760511,59.28495651641197,0.9999417
5895,1,temporal_pattern_anomaly,analyze time-series behavior + review LSTM/Transformer features,0.4369843300933031,63.15384805539397,0.9999664
5896,0,subtle_anomaly,monitor closely + collect more contextual data,0.4305972534986216,52.69788919573369,6.8822046e-05
5897,0,subtle_anomaly,monitor closely + collect more contextual data,0.453761401526184,64.99674386255217,4.5258508e-05
5898,1,temporal_pattern_anomaly,analyze time-series behavior + review LSTM/Transformer features,0.468235680589146,62.94403847859055,0.99995327
5899,1,temporal_pattern_anomaly,analyze time-series behavior + review LSTM/Transformer features,0.4284037229010682,53.99019606340579,0.9996828
5900,1,temporal_pattern_anomaly,analyze time-series behavior + review LSTM/Transformer features,0.4377323026669875,57.22212207390897,0.9998355
5901,1,temporal_pattern_anomaly,analyze time-series behavior + review LSTM/Transformer features,0.4409287115736764,64.35430928509044,0.999223
5902,0,subtle_anomaly,monitor closely + collect more contextual data,0.473070910975908,79.81358296330836,0.0047911434
5903,1,temporal_pattern_anomaly,analyze time-series behavior + review LSTM/Transformer features,0.3930548735497366,52.36766581122919,0.99990106
5904,1,temporal_pattern_anomaly,analyze time-series behavior + review LSTM/Transformer features,0.4432028743197903,60.02913106345459,0.9989911
5905,0,collective_anomaly,investigate multivariate patterns + check correlated KPIs,0.5213059038019981,80.63488084198202,0.0002868642
5906,1,collective_anomaly,investigate multivariate patterns + check correlated KPIs,0.5334380714484138,108.41824767769826,0.99986386
5907,0,subtle_anomaly,monitor closely + collect more contextual data,0.4076075080139349,47.86476874902306,0.00039694927
5908,1,collective_anomaly,investigate multivariate patterns + check correlated KPIs,0.4988191886250757,97.29745103477772,0.9998934
5909,1,temporal_pattern_anomaly,analyze time-series behavior + review LSTM/Transformer features,0.4955617966685441,76.38019250451381,0.9998584
5910,1,temporal_pattern_anomaly,analyze time-series behavior + review LSTM/Transformer features,0.4393063018166629,56.559462708691576,0.9765262
5911,0,subtle_anomaly,monitor closely + collect more contextual data,0.4111587196076252,47.78968002527054,0.0008957023
5912,1,temporal_pattern_anomaly,analyze time-series behavior + review LSTM/Transformer features,0.4475456844150163,58.23716076613093,0.99989986
5913,1,temporal_pattern_anomaly,analyze time-series behavior + review LSTM/Transformer features,0.4676789388691569,73.82749788073792,0.9990158
5914,0,subtle_anomaly,monitor closely + collect more contextual data,0.4451401957189821,59.19971870086426,4.5093548e-05
5915,0,subtle_anomaly,monitor closely + collect more contextual data,0.4351068954083225,53.46696771477742,0.0027197872
5916,1,temporal_pattern_anomaly,analyze time-series behavior + review LSTM/Transformer features,0.408117493286852,55.37478804897001,0.99997175
5917,0,subtle_anomaly,monitor closely + collect more contextual data,0.42059587689491,51.738613797043634,0.00025642733
5918,0,subtle_anomaly,monitor closely + collect more contextual data,0.4736583799368331,64.69766939416436,0.00025092778
5919,1,temporal_pattern_anomaly,analyze time-series behavior + review LSTM/Transformer features,0.4328985445698073,62.31832135349493,0.9999411
5920,0,subtle_anomaly,monitor closely + collect more contextual data,0.4341539077958252,48.38341795871078,8.541335e-05
5921,1,temporal_pattern_anomaly,analyze time-series behavior + review LSTM/Transformer features,0.4530206017294784,64.85856874565057,0.98814386
5922,0,subtle_anomaly,monitor closely + collect more contextual data,0.3927007519498598,45.61046089521273,0.0016359268
5923,0,isolation_outlier,inspect individual extreme values + check for sensor drift,0.4912883033325784,69.75477405560487,3.972737e-05
5924,0,subtle_anomaly,monitor closely + collect more contextual data,0.4562608327624734,60.98187228837416,0.0001650708
5925,0,subtle_anomaly,monitor closely + collect more contextual data,0.4486037925718589,55.70094361809269,0.00014393752
5926,1,temporal_pattern_anomaly,analyze time-series behavior + review LSTM/Transformer features,0.4506430127743485,53.71910265552863,0.99957854
5927,1,temporal_pattern_anomaly,analyze time-series behavior + review LSTM/Transformer features,0.4621905480908085,64.60349881476911,0.9998783
5928,0,isolation_outlier,inspect individual extreme values + check for sensor drift,0.4806327061769651,76.34067670200776,4.106144e-05
5929,0,subtle_anomaly,monitor closely + collect more contextual data,0.4257840738817317,54.57830730865016,0.0008853513
5930,0,subtle_anomaly,monitor closely + collect more contextual data,0.3910149287893103,45.77175903755017,0.00032005622
5931,0,subtle_anomaly,monitor closely + collect more contextual data,0.4205591474427671,51.24836569164201,0.00045495687
5932,1,temporal_pattern_anomaly,analyze time-series behavior + review LSTM/Transformer features,0.4115437783167956,50.89114058013149,0.9990382
5933,1,temporal_pattern_anomaly,analyze time-series behavior + review LSTM/Transformer features,0.4610673022599212,57.63021942672464,0.99910176
5934,0,subtle_anomaly,monitor closely + collect more contextual data,0.4108335570722694,52.44329975438154,0.0002532493
5935,1,temporal_pattern_anomaly,analyze time-series behavior + review LSTM/Transformer features,0.4286804984997406,49.50374662214909,0.9996859
5936,0,subtle_anomaly,monitor closely + collect more contextual data,0.4110078674744382,51.07516182577303,0.00015174177
5937,1,temporal_pattern_anomaly,analyze time-series behavior + review LSTM/Transformer features,0.3977098459088727,47.77716757479869,0.99996746
5938,0,subtle_anomaly,monitor closely + collect more contextual data,0.4704203116985129,63.36915946715674,0.00084699655
5939,0,subtle_anomaly,monitor closely + collect more contextual data,0.4244839233443364,60.01283991935558,0.0052761985
5940,0,subtle_anomaly,monitor closely + collect more contextual data,0.4202132949492209,54.59279266890617,2.3101135e-05
5941,1,temporal_pattern_anomaly,analyze time-series behavior + review LSTM/Transformer features,0.4150415534256663,50.7756387733355,0.99985576
5942,1,temporal_pattern_anomaly,analyze time-series behavior + review LSTM/Transformer features,0.4226473874052366,55.28645308963557,0.9993698
5943,0,subtle_anomaly,monitor closely + collect more contextual data,0.4103056032454394,57.63844891287179,7.1598835e-05
5944,0,subtle_anomaly,monitor closely + collect more contextual data,0.4340836317790989,65.01773880454111,9.1160975e-05
5945,1,temporal_pattern_anomaly,analyze time-series behavior + review LSTM/Transformer features,0.4811886627302741,69.96209503204422,0.99990535
5946,0,subtle_anomaly,monitor closely + collect more contextual data,0.4708773778065223,61.32556149784846,7.673626e-05
5947,0,subtle_anomaly,monitor closely + collect more contextual data,0.4138718860367056,51.89082179941538,0.00027213048
5948,1,temporal_pattern_anomaly,analyze time-series behavior + review LSTM/Transformer features,0.3961241466158917,51.71974912226087,0.999918
5949,1,temporal_pattern_anomaly,analyze time-series behavior + review LSTM/Transformer features,0.4137530898002174,54.283160237597215,0.9995265
5950,0,subtle_anomaly,monitor closely + collect more contextual data,0.4102755688386861,47.12576227591216,0.00037341204
5951,1,temporal_pattern_anomaly,analyze time-series behavior + review LSTM/Transformer features,0.4330615396578214,52.70404205805329,0.97329617
5952,0,subtle_anomaly,monitor closely + collect more contextual data,0.3717866248129785,40.16898808405168,0.0009088663
5953,0,isolation_outlier,inspect individual extreme values + check for sensor drift,0.5019429087050148,74.41745639288915,0.00020034214
5954,1,collective_anomaly,investigate multivariate patterns + check correlated KPIs,0.5723294137646329,114.33270110937524,0.99950063
5955,0,subtle_anomaly,monitor closely + collect more contextual data,0.4181217236391126,56.73642894592757,6.214631e-05
5956,1,temporal_pattern_anomaly,analyze time-series behavior + review LSTM/Transformer features,0.3975396538872454,51.95424030550336,0.999315
5957,0,subtle_anomaly,monitor closely + collect more contextual data,0.4738890079230443,68.95963523135286,0.0002980593
5958,0,subtle_anomaly,monitor closely + collect more contextual data,0.4027510496719716,47.01799287243615,8.441012e-05
5959,1,temporal_pattern_anomaly,analyze time-series behavior + review LSTM/Transformer features,0.4656014318220409,67.99204479181262,0.9997359
5960,0,subtle_anomaly,monitor closely + collect more contextual data,0.4071500038938143,52.79172307145535,5.223767e-05
5961,1,temporal_pattern_anomaly,analyze time-series behavior + review LSTM/Transformer features,0.4498241534315537,60.54849586810664,0.9999291
5962,0,subtle_anomaly,monitor closely + collect more contextual data,0.4375031512649495,60.34985577912371,0.00013368209
5963,0,subtle_anomaly,monitor closely + collect more contextual data,0.4690081045421855,72.67004581670369,6.1630795e-05
5964,0,subtle_anomaly,monitor closely + collect more contextual data,0.4020955213759164,47.92385947043368,5.8217604e-05
5965,1,temporal_pattern_anomaly,analyze time-series behavior + review LSTM/Transformer features,0.4009357781478825,50.65935582767239,0.9992107
5966,0,subtle_anomaly,monitor closely + collect more contextual data,0.4383498090318656,55.96551519087407,4.6146662e-05
5967,0,subtle_anomaly,monitor closely + collect more contextual data,0.4465399628787261,55.45582934667409,0.0008329854
5968,0,subtle_anomaly,monitor closely + collect more contextual data,0.4420685291737595,64.13718581413967,3.892907e-05
5969,0,subtle_anomaly,monitor closely + collect more contextual data,0.4290158535837771,59.00216850278495,0.0004141854
5970,0,collective_anomaly,investigate multivariate patterns + check correlated KPIs,0.5197210358901189,97.36496613203136,0.00081496174
5971,0,subtle_anomaly,monitor closely + collect more contextual data,0.3861293268771099,45.742671518398005,0.00015680493
5972,0,subtle_anomaly,monitor closely + collect more contextual data,0.3820164634389268,42.16430945319004,5.2084266e-05
5973,0,subtle_anomaly,monitor closely + collect more contextual data,0.4209620223902596,53.43262824263863,0.00020880581
5974,1,temporal_pattern_anomaly,analyze time-series behavior + review LSTM/Transformer features,0.4310518442177575,54.25095135312115,0.999835
5975,0,subtle_anomaly,monitor closely + collect more contextual data,0.4017721509778052,49.32307760371976,0.00012855878
5976,0,subtle_anomaly,monitor closely + collect more contextual data,0.4542198561324191,59.219136275566704,0.0002285132
5977,1,collective_anomaly,investigate multivariate patterns + check correlated KPIs,0.5327244226179566,100.27554213414643,0.9995161
5978,0,subtle_anomaly,monitor closely + collect more contextual data,0.465986011931716,66.76688378167853,0.0009056911
5979,0,subtle_anomaly,monitor closely + collect more contextual data,0.4196221183324681,51.51234686758731,0.0026081137
5980,1,temporal_pattern_anomaly,analyze time-series behavior + review LSTM/Transformer features,0.4546770120755418,55.98473280688029,0.9999604
5981,1,temporal_pattern_anomaly,analyze time-series behavior + review LSTM/Transformer features,0.4567733662115092,58.80062871255954,0.9999504
5982,1,temporal_pattern_anomaly,analyze time-series behavior + review LSTM/Transformer features,0.3876186343601847,46.3624919399682,0.9999002
5983,0,subtle_anomaly,monitor closely + collect more contextual data,0.4159946564177355,55.62083590671952,0.00038511137
5984,1,temporal_pattern_anomaly,analyze time-series behavior + review LSTM/Transformer features,0.4852293561578479,73.2517144655293,0.999938
5985,1,temporal_pattern_anomaly,analyze time-series behavior + review LSTM/Transformer features,0.4237444386491566,58.67812924310884,0.99992645
5986,0,subtle_anomaly,monitor closely + collect more contextual data,0.4489121049445922,67.17236672778299,0.00013261245
5987,0,subtle_anomaly,monitor closely + collect more contextual data,0.4271708147113002,53.89825833595521,0.0007068986
5988,1,temporal_pattern_anomaly,analyze time-series behavior + review LSTM/Transformer features,0.4744395081315881,65.4795222304204,0.99940944
5989,1,temporal_pattern_anomaly,analyze time-series behavior + review LSTM/Transformer features,0.4417645379158156,66.95073758625024,0.99984634
5990,0,subtle_anomaly,monitor closely + collect more contextual data,0.458264437840463,70.21584984702265,0.00015680748
5991,0,subtle_anomaly,monitor closely + collect more contextual data,0.4070624975025418,48.7411342036291,4.5451714e-05
5992,1,temporal_pattern_anomaly,analyze time-series behavior + review LSTM/Transformer features,0.4472102346412876,66.03173780452593,0.99997747
5993,1,temporal_pattern_anomaly,analyze time-series behavior + review LSTM/Transformer features,0.4257749074216924,55.97112327562121,0.9996394
5994,0,subtle_anomaly,monitor closely + collect more contextual data,0.449648693199433,60.33751458669023,0.00034392305
5995,1,collective_anomaly,investigate multivariate patterns + check correlated KPIs,0.5266141222712253,96.31770034991963,0.9998727
5996,0,subtle_anomaly,monitor closely + collect more contextual data,0.4712206637257288,67.36775299189493,0.00012346166
5997,0,subtle_anomaly,monitor closely + collect more contextual data,0.3822906184322472,42.9936085158884,0.000111732115
5998,0,confirmed_anomaly,high-confidence alert - trigger immediate investigation,0.448660417466324,59.33972977831433,0.99829215
5999,0,subtle_anomaly,monitor closely + collect more contextual data,0.4018293176763172,50.42802672933466,0.006303125
6000,0,subtle_anomaly,monitor closely + collect more contextual data,0.4279007622299823,53.7370910846259,5.4941902e-05
6001,1,temporal_pattern_anomaly,analyze time-series behavior + review LSTM/Transformer features,0.3971731034083197,52.41065073425236,0.9997131
6002,0,subtle_anomaly,monitor closely + collect more contextual data,0.4079875701267401,50.43044474913706,0.0014388921
6003,0,subtle_anomaly,monitor closely + collect more contextual data,0.4131867387432795,50.92225597333341,0.00037281535
6004,0,subtle_anomaly,monitor closely + collect more contextual data,0.4395540170573956,59.69190257880729,0.00018811606
6005,1,collective_anomaly,investigate multivariate patterns + check correlated KPIs,0.5123631179983887,87.02719955412908,0.9999311
6006,1,collective_anomaly,investigate multivariate patterns + check correlated KPIs,0.5409053975878201,105.6527531225021,0.9997359
6007,0,subtle_anomaly,monitor closely + collect more contextual data,0.4468558496293172,53.85332646843732,0.00015075401
6008,1,temporal_pattern_anomaly,analyze time-series behavior + review LSTM/Transformer features,0.4354831182018095,59.89403528969306,0.999866
6009,1,temporal_pattern_anomaly,analyze time-series behavior + review LSTM/Transformer features,0.4438977252366595,63.98746459771807,0.9999461
6010,1,temporal_pattern_anomaly,analyze time-series behavior + review LSTM/Transformer features,0.4382513546625299,57.543818576763655,0.99986005
6011,1,temporal_pattern_anomaly,analyze time-series behavior + review LSTM/Transformer features,0.4420669124871911,63.04048207868065,0.9999771
6012,0,subtle_anomaly,monitor closely + collect more contextual data,0.4209905493135274,49.30206461517203,0.001534902
6013,0,subtle_anomaly,monitor closely + collect more contextual data,0.4346080641635622,56.16862263898615,0.0003705858
6014,0,subtle_anomaly,monitor closely + collect more contextual data,0.4134237577750218,55.57546654154624,0.00011089918
6015,0,subtle_anomaly,monitor closely + collect more contextual data,0.4452684660086623,62.908890601746776,0.0012195046
6016,1,temporal_pattern_anomaly,analyze time-series behavior + review LSTM/Transformer features,0.4119720307582286,50.02805120982331,0.9999125
6017,0,subtle_anomaly,monitor closely + collect more contextual data,0.4212069530288598,53.6350802797482,0.00044823738
6018,0,subtle_anomaly,monitor closely + collect more contextual data,0.4020700933841058,48.3851568894446,0.0003087387
6019,0,subtle_anomaly,monitor closely + collect more contextual data,0.3727215748323334,41.17283758649401,0.00014165278
6020,1,temporal_pattern_anomaly,analyze time-series behavior + review LSTM/Transformer features,0.4945780353541562,75.6322177384274,0.99994564
6021,1,temporal_pattern_anomaly,analyze time-series behavior + review LSTM/Transformer features,0.4530996163231006,58.40543410752692,0.9992918
6022,1,temporal_pattern_anomaly,analyze time-series behavior + review LSTM/Transformer features,0.4221324437621801,58.85872506422537,0.9999151
6023,1,temporal_pattern_anomaly,analyze time-series behavior + review LSTM/Transformer features,0.4122139351632525,58.09513708098163,0.99995697
6024,0,subtle_anomaly,monitor closely + collect more contextual data,0.4174713881963761,52.73164219956246,0.000560652
6025,1,collective_anomaly,investigate multivariate patterns + check correlated KPIs,0.5686530798717345,115.62512881077664,0.99989605
6026,0,subtle_anomaly,monitor closely + collect more contextual data,0.3961893400308435,47.56511501998703,0.0031272767
6027,0,subtle_anomaly,monitor closely + collect more contextual data,0.378797880641506,45.87490908824888,0.00041497088
6028,0,subtle_anomaly,monitor closely + collect more contextual data,0.4281970007998932,53.67133375044574,0.00037403213
6029,1,temporal_pattern_anomaly,analyze time-series behavior + review LSTM/Transformer features,0.4520632604899303,65.47829250903624,0.9999238
6030,0,subtle_anomaly,monitor closely + collect more contextual data,0.3900202280504662,49.749195363393405,0.0003035398
6031,1,collective_anomaly,investigate multivariate patterns + check correlated KPIs,0.5336493713013909,97.1091123256942,0.9999244
6032,0,subtle_anomaly,monitor closely + collect more contextual data,0.4185426633888864,51.714626283379374,0.00023387189
6033,1,temporal_pattern_anomaly,analyze time-series behavior + review LSTM/Transformer features,0.4795150521428606,67.8743625083935,0.9999151
6034,1,temporal_pattern_anomaly,analyze time-series behavior + review LSTM/Transformer features,0.44227162913395,60.17603034860636,0.99976796
6035,0,subtle_anomaly,monitor closely + collect more contextual data,0.4258031680680366,57.69569862224507,8.382009e-05
6036,1,temporal_pattern_anomaly,analyze time-series behavior + review LSTM/Transformer features,0.4687970769292235,70.2621593759735,0.9999088
6037,1,temporal_pattern_anomaly,analyze time-series behavior + review LSTM/Transformer features,0.4521515002322629,66.3288425392082,0.99994075
6038,1,temporal_pattern_anomaly,analyze time-series behavior + review LSTM/Transformer features,0.4312888080902499,53.74118223831032,0.9990945
6039,0,subtle_anomaly,monitor closely + collect more contextual data,0.4354435972534158,57.042333367311535,0.0024316658
6040,1,temporal_pattern_anomaly,analyze time-series behavior + review LSTM/Transformer features,0.4182217460055775,48.58840820177834,0.99964
6041,0,subtle_anomaly,monitor closely + collect more contextual data,0.4616149505135271,66.3876477895856,0.00014303601
6042,0,subtle_anomaly,monitor closely + collect more contextual data,0.404680082857425,47.129689798863126,0.011437037
6043,1,temporal_pattern_anomaly,analyze time-series behavior + review LSTM/Transformer features,0.4505888605548463,63.81908531809955,0.99885833
6044,1,collective_anomaly,investigate multivariate patterns + check correlated KPIs,0.5305206976887349,100.04632260395567,0.9997634
6045,1,temporal_pattern_anomaly,analyze time-series behavior + review LSTM/Transformer features,0.4191948685853384,59.26212522859466,0.9999299
6046,0,subtle_anomaly,monitor closely + collect more contextual data,0.4251725217407116,52.815528228531335,0.00012374572
6047,0,subtle_anomaly,monitor closely + collect more contextual data,0.4225832374088391,51.175799564537165,0.00024473396
6048,1,temporal_pattern_anomaly,analyze time-series behavior + review LSTM/Transformer features,0.4520847414681618,62.96380802667119,0.999956
6049,1,temporal_pattern_anomaly,analyze time-series behavior + review LSTM/Transformer features,0.4468396190756842,62.6403359985738,0.9999343
6050,1,collective_anomaly,investigate multivariate patterns + check correlated KPIs,0.5167509709704746,86.77896181325652,0.99996483
6051,0,subtle_anomaly,monitor closely + collect more contextual data,0.4019391242033522,51.88989995112315,0.01226433
6052,0,subtle_anomaly,monitor closely + collect more contextual data,0.3985576590815762,46.55665244780478,0.000842021
6053,1,collective_anomaly,investigate multivariate patterns + check correlated KPIs,0.5372477012995589,98.226533690255,0.9975484
6054,0,subtle_anomaly,monitor closely + collect more contextual data,0.441443155739544,55.35034580751131,0.0005134274
6055,1,collective_anomaly,investigate multivariate patterns + check correlated KPIs,0.503859907536876,95.75769029614224,0.99993515
6056,0,isolation_outlier,inspect individual extreme values + check for sensor drift,0.519734527505717,72.90557895692487,0.0016227955
6057,0,subtle_anomaly,monitor closely + collect more contextual data,0.3885606444458268,46.99163425859923,0.010917203
6058,1,temporal_pattern_anomaly,analyze time-series behavior + review LSTM/Transformer features,0.439583493059474,67.8147417064393,0.99993145
6059,0,subtle_anomaly,monitor closely + collect more contextual data,0.4038917432193603,47.707858790065046,4.0702922e-05
6060,1,temporal_pattern_anomaly,analyze time-series behavior + review LSTM/Transformer features,0.446801320900057,61.77282705152913,0.99644923
6061,0,subtle_anomaly,monitor closely + collect more contextual data,0.4073637389587395,52.426370614659575,8.666419e-05
6062,1,temporal_pattern_anomaly,analyze time-series behavior + review LSTM/Transformer features,0.4201718174044782,56.23491981349787,0.9998516
6063,1,collective_anomaly,investigate multivariate patterns + check correlated KPIs,0.5379447601065676,105.0002628385662,0.999948
6064,1,temporal_pattern_anomaly,analyze time-series behavior + review LSTM/Transformer features,0.44362106315014,65.17962931884668,0.99994373
6065,0,subtle_anomaly,monitor closely + collect more contextual data,0.4201763261708324,57.117523739149895,2.0935546e-05
6066,0,subtle_anomaly,monitor closely + collect more contextual data,0.3765939621281915,43.128508534104206,0.00038328156
6067,0,subtle_anomaly,monitor closely + collect more contextual data,0.4259703268550185,55.02246230569396,5.619006e-05
6068,1,temporal_pattern_anomaly,analyze time-series behavior + review LSTM/Transformer features,0.4157729387810568,60.384749414929885,0.99987376
6069,0,temporal_pattern_anomaly,analyze time-series behavior + review LSTM/Transformer features,0.424955949961537,56.34060267189131,0.030450886
6070,0,subtle_anomaly,monitor closely + collect more contextual data,0.4750534971326861,74.46536058793886,4.6765595e-05
6071,0,collective_anomaly,investigate multivariate patterns + check correlated KPIs,0.524366730157517,92.3190764209514,0.018320246
6072,0,subtle_anomaly,monitor closely + collect more contextual data,0.388235812563589,43.61223452239585,5.9215774e-05
6073,1,collective_anomaly,investigate multivariate patterns + check correlated KPIs,0.5074991525878809,87.47029597193152,0.99979204
6074,0,subtle_anomaly,monitor closely + collect more contextual data,0.4440522004892723,65.16950908227571,0.00019340229
6075,0,subtle_anomaly,monitor closely + collect more contextual data,0.4475753197395683,66.8035888694964,0.0011853476
6076,1,temporal_pattern_anomaly,analyze time-series behavior + review LSTM/Transformer features,0.4348236229868652,57.789084822568434,0.99901116
6077,0,subtle_anomaly,monitor closely + collect more contextual data,0.3979851405266449,46.99140924359982,6.886518e-05
6078,1,temporal_pattern_anomaly,analyze time-series behavior + review LSTM/Transformer features,0.4231275746210921,63.28541371261485,0.999899
6079,0,subtle_anomaly,monitor closely + collect more contextual data,0.3990262121969606,44.33657642396353,0.00019909085
6080,0,subtle_anomaly,monitor closely + collect more contextual data,0.4794768712323615,62.74914596329143,0.00035894514
6081,0,subtle_anomaly,monitor closely + collect more contextual data,0.4351587239378277,65.61257103522763,0.0012386026
6082,0,subtle_anomaly,monitor closely + collect more contextual data,0.4201069075698883,53.75645776111113,6.739369e-05
6083,1,temporal_pattern_anomaly,analyze time-series behavior + review LSTM/Transformer features,0.4189879632142875,50.10645555785508,0.99983597
6084,1,temporal_pattern_anomaly,analyze time-series behavior + review LSTM/Transformer features,0.4140368746601703,53.40669863188481,0.9997819
6085,0,subtle_anomaly,monitor closely + collect more contextual data,0.452508776559645,67.97263051007101,9.006225e-05
6086,0,subtle_anomaly,monitor closely + collect more contextual data,0.4327576021496712,57.521256926251255,0.002289099
6087,1,temporal_pattern_anomaly,analyze time-series behavior + review LSTM/Transformer features,0.4358179196366749,56.0063557026646,0.86900854
6088,1,temporal_pattern_anomaly,analyze time-series behavior + review LSTM/Transformer features,0.4002133937249291,52.87554700008321,0.9998596
6089,0,subtle_anomaly,monitor closely + collect more contextual data,0.4211301821750943,54.61987850116948,0.0002640092
6090,0,isolation_outlier,inspect individual extreme values + check for sensor drift,0.4973836636853978,73.78570925998112,5.7840094e-05
6091,0,subtle_anomaly,monitor closely + collect more contextual data,0.424823385937507,60.77626330363716,0.00043485945
6092,0,subtle_anomaly,monitor closely + collect more contextual data,0.4323249422401566,57.42793287833108,0.00022353268
6093,0,subtle_anomaly,monitor closely + collect more contextual data,0.3820402286774929,45.4430163133224,0.00025258787
6094,1,temporal_pattern_anomaly,analyze time-series behavior + review LSTM/Transformer features,0.421312951130127,54.13621142816338,0.9998264
6095,0,subtle_anomaly,monitor closely + collect more contextual data,0.412379863287718,54.618056165684536,0.00037006117
6096,0,subtle_anomaly,monitor closely + collect more contextual data,0.4197060094958111,51.30782996316668,0.00023022579
6097,0,subtle_anomaly,monitor closely + collect more contextual data,0.4556532766349816,64.3200317480524,1.8206347e-05
6098,0,collective_anomaly,investigate multivariate patterns + check correlated KPIs,0.493609647312681,81.77587010824871,0.00025802758
6099,0,subtle_anomaly,monitor closely + collect more contextual data,0.3843760346860307,46.099138196964695,0.00027122028
6100,0,subtle_anomaly,monitor closely + collect more contextual data,0.4094575434391219,48.16554416373327,0.00043913702
6101,0,subtle_anomaly,monitor closely + collect more contextual data,0.4357172684164511,60.01385020903102,0.00044828528
6102,1,subtle_anomaly,monitor closely + collect more contextual data,0.3923466375214658,48.81844634804459,0.010675501
6103,0,subtle_anomaly,monitor closely + collect more contextual data,0.4239322956333984,52.00978656851489,0.0003100333
6104,0,collective_anomaly,investigate multivariate patterns + check correlated KPIs,0.4991990000709148,85.29836229547622,0.0006629949
6105,0,subtle_anomaly,monitor closely + collect more contextual data,0.4055917315333344,51.98472540772103,0.00020189426
6106,0,subtle_anomaly,monitor closely + collect more contextual data,0.3822088437482994,43.40939666059294,8.727442e-05
6107,0,subtle_anomaly,monitor closely + collect more contextual data,0.3887710930101069,48.108968371984815,0.18775778
6108,0,subtle_anomaly,monitor closely + collect more contextual data,0.3807319819219089,42.268344398657895,0.00015687014
6109,0,subtle_anomaly,monitor closely + collect more contextual data,0.4330472095069441,63.146269560902496,5.169188e-05
6110,1,temporal_pattern_anomaly,analyze time-series behavior + review LSTM/Transformer features,0.4278919519933636,50.69895498927252,0.99923277
6111,1,collective_anomaly,investigate multivariate patterns + check correlated KPIs,0.5337885197058152,104.66858079986557,0.9974687
6112,0,subtle_anomaly,monitor closely + collect more contextual data,0.4007296895065711,48.62750808327212,0.00025609066
6113,1,temporal_pattern_anomaly,analyze time-series behavior + review LSTM/Transformer features,0.4598569747544611,56.48355626577971,0.9997811
6114,1,temporal_pattern_anomaly,analyze time-series behavior + review LSTM/Transformer features,0.4390477802742815,59.76125799717463,0.99944
6115,1,temporal_pattern_anomaly,analyze time-series behavior + review LSTM/Transformer features,0.4120915340001568,53.796680302232886,0.99787664
6116,1,temporal_pattern_anomaly,analyze time-series behavior + review LSTM/Transformer features,0.4212276293798717,53.26529728535064,0.9999739
6117,0,subtle_anomaly,monitor closely + collect more contextual data,0.3906582389945663,43.214025174473925,3.068153e-05
6118,0,subtle_anomaly,monitor closely + collect more contextual data,0.4133585767916493,45.56747375708922,0.0014629234
6119,1,temporal_pattern_anomaly,analyze time-series behavior + review LSTM/Transformer features,0.4125603427816054,61.47660563929279,0.9999449
6120,1,collective_anomaly,investigate multivariate patterns + check correlated KPIs,0.5825377199991179,112.97432450174186,0.99666995
6121,0,subtle_anomaly,monitor closely + collect more contextual data,0.3835458808123059,47.38381828293023,7.862534e-05
6122,0,subtle_anomaly,monitor closely + collect more contextual data,0.4187508739691064,54.995152826986775,0.0001804826
6123,0,subtle_anomaly,monitor closely + collect more contextual data,0.3973394937086454,47.717980348202886,0.001398549
6124,0,subtle_anomaly,monitor closely + collect more contextual data,0.4661701925277587,60.741997202545306,0.00037472934
6125,1,temporal_pattern_anomaly,analyze time-series behavior + review LSTM/Transformer features,0.402221037288835,54.044189050337,0.99732983
6126,0,subtle_anomaly,monitor closely + collect more contextual data,0.4081680747586368,52.660653090228834,0.00012386554
6127,0,subtle_anomaly,monitor closely + collect more contextual data,0.4483141460928632,59.45857797902803,0.0016420104
6128,1,collective_anomaly,investigate multivariate patterns + check correlated KPIs,0.5000436775883126,81.32314738883011,0.9999682
6129,1,temporal_pattern_anomaly,analyze time-series behavior + review LSTM/Transformer features,0.4339646862859247,65.88080769274866,0.9999064
6130,1,temporal_pattern_anomaly,analyze time-series behavior + review LSTM/Transformer features,0.4183106740873119,55.47564576216468,0.9999149
6131,0,subtle_anomaly,monitor closely + collect more contextual data,0.422140191608809,48.591610573423175,0.0011608298
6132,1,temporal_pattern_anomaly,analyze time-series behavior + review LSTM/Transformer features,0.3990295968728512,47.2282505924436,0.9998436
6133,0,subtle_anomaly,monitor closely + collect more contextual data,0.4034861531268481,45.04959780907563,8.496492e-05
6134,1,temporal_pattern_anomaly,analyze time-series behavior + review LSTM/Transformer features,0.4096544974054077,51.21622932273473,0.9998816
6135,0,subtle_anomaly,monitor closely + collect more contextual data,0.4149490574308569,51.07724485988364,0.0016943265
6136,1,temporal_pattern_anomaly,analyze time-series behavior + review LSTM/Transformer features,0.3947324850610087,48.5896562062207,0.9997968
6137,1,temporal_pattern_anomaly,analyze time-series behavior + review LSTM/Transformer features,0.3960779794260238,46.85939689175308,0.9828609
6138,0,subtle_anomaly,monitor closely + collect more contextual data,0.4466152299473864,63.04850306183764,0.00020882832
6139,0,collective_anomaly,investigate multivariate patterns + check correlated KPIs,0.5939118240618397,130.15424026993855,0.00082098285
6140,0,subtle_anomaly,monitor closely + collect more contextual data,0.4396864782852808,60.07915167265458,0.000402954
6141,1,temporal_pattern_anomaly,analyze time-series behavior + review LSTM/Transformer features,0.4151687755051542,53.33827332652636,0.9999442
6142,0,subtle_anomaly,monitor closely + collect more contextual data,0.4166149593194869,52.764727009281785,5.954369e-05
6143,0,subtle_anomaly,monitor closely + collect more contextual data,0.4163061360996097,49.4852499484234,0.00012420949
6144,0,subtle_anomaly,monitor closely + collect more contextual data,0.3890406688841966,47.68912401992928,0.00017815507
6145,1,temporal_pattern_anomaly,analyze time-series behavior + review LSTM/Transformer features,0.424572095265429,58.53760028951602,0.9995747
6146,0,subtle_anomaly,monitor closely + collect more contextual data,0.4337373058534751,56.9767930609142,0.00015119843
6147,0,subtle_anomaly,monitor closely + collect more contextual data,0.4109822724650733,51.35088150502881,8.47652e-05
6148,0,subtle_anomaly,monitor closely + collect more contextual data,0.4285997654007836,57.06666734111382,0.00037588715
6149,0,subtle_anomaly,monitor closely + collect more contextual data,0.4253874939199536,57.103561265795065,0.00024853655
6150,0,subtle_anomaly,monitor closely + collect more contextual data,0.4433883504305658,65.46632927508423,3.5918354e-05
6151,0,subtle_anomaly,monitor closely + collect more contextual data,0.428386651689539,52.21495757021767,0.00010315877
6152,0,subtle_anomaly,monitor closely + collect more contextual data,0.4084553780317917,52.74914338542021,2.679375e-05
6153,0,subtle_anomaly,monitor closely + collect more contextual data,0.4231040676113249,54.64784371266223,0.0009853969
6154,0,subtle_anomaly,monitor closely + collect more contextual data,0.4419647513820965,57.7401183219004,4.0248655e-05
6155,1,temporal_pattern_anomaly,analyze time-series behavior + review LSTM/Transformer features,0.4673844195081153,65.8168126314235,0.99995184
6156,0,subtle_anomaly,monitor closely + collect more contextual data,0.414535533439702,47.84904246167686,8.841212e-05
6157,0,subtle_anomaly,monitor closely + collect more contextual data,0.4389202782867261,63.205706676482606,0.16130348
6158,0,subtle_anomaly,monitor closely + collect more contextual data,0.4044608180098815,47.641995376798,0.000718536
6159,0,subtle_anomaly,monitor closely + collect more contextual data,0.4186124977463599,54.55388729218534,0.00043425758
6160,0,isolation_outlier,inspect individual extreme values + check for sensor drift,0.505236335312306,77.25158568410214,0.00015295258
6161,0,subtle_anomaly,monitor closely + collect more contextual data,0.4108900377287654,52.942960234203234,0.0023858696
6162,0,subtle_anomaly,monitor closely + collect more contextual data,0.4217198461022317,63.173420764992535,0.000175137
6163,1,temporal_pattern_anomaly,analyze time-series behavior + review LSTM/Transformer features,0.4557342479756063,65.68792830731465,0.9999578
6164,1,temporal_pattern_anomaly,analyze time-series behavior + review LSTM/Transformer features,0.3767428955959351,39.48311115904813,0.9999337
6165,1,temporal_pattern_anomaly,analyze time-series behavior + review LSTM/Transformer features,0.432210963418391,61.40048379578996,0.99995315
6166,1,temporal_pattern_anomaly,analyze time-series behavior + review LSTM/Transformer features,0.4120750273237639,50.97380300401213,0.99991083
6167,1,temporal_pattern_anomaly,analyze time-series behavior + review LSTM/Transformer features,0.3890405845951536,44.67745871640866,0.99979967
6168,0,subtle_anomaly,monitor closely + collect more contextual data,0.4135910655486851,53.14897950247428,0.0030522808
6169,0,subtle_anomaly,monitor closely + collect more contextual data,0.3975617182201238,48.11735451043421,4.984299e-05
6170,1,temporal_pattern_anomaly,analyze time-series behavior + review LSTM/Transformer features,0.4728631945484224,68.9398179769612,0.9999397
6171,1,temporal_pattern_anomaly,analyze time-series behavior + review LSTM/Transformer features,0.3962084492797992,46.46023941468288,0.9997857
6172,1,temporal_pattern_anomaly,analyze time-series behavior + review LSTM/Transformer features,0.4261870839351666,55.471018789770575,0.9996741
6173,0,subtle_anomaly,monitor closely + collect more contextual data,0.4111595386925274,52.22817901478779,0.00018409922
6174,0,temporal_pattern_anomaly,analyze time-series behavior + review LSTM/Transformer features,0.4448470007868098,61.945026019658975,0.0557096
6175,0,subtle_anomaly,monitor closely + collect more contextual data,0.4365812263694875,51.54100407009208,7.366822e-05
6176,1,temporal_pattern_anomaly,analyze time-series behavior + review LSTM/Transformer features,0.458976509183234,67.86084488590943,0.99992657
6177,1,temporal_pattern_anomaly,analyze time-series behavior + review LSTM/Transformer features,0.4143010292132128,55.52540003720203,0.9999684
6178,0,subtle_anomaly,monitor closely + collect more contextual data,0.386394761107923,44.36108883153971,0.00029809057
6179,0,subtle_anomaly,monitor closely + collect more contextual data,0.431957109675698,51.77929807462043,0.00077273446
6180,1,temporal_pattern_anomaly,analyze time-series behavior + review LSTM/Transformer features,0.4307860882874089,63.53625269899246,0.99995935
6181,1,temporal_pattern_anomaly,analyze time-series behavior + review LSTM/Transformer features,0.4129980322337049,49.84239419971691,0.9999144
6182,0,subtle_anomaly,monitor closely + collect more contextual data,0.3813459657419834,41.79050536321033,0.00030104024
6183,0,subtle_anomaly,monitor closely + collect more contextual data,0.396493144374157,48.12691727734495,9.243241e-05
6184,0,isolation_outlier,inspect individual extreme values + check for sensor drift,0.4892363214826503,73.30353879522924,8.5256856e-05
6185,0,subtle_anomaly,monitor closely + collect more contextual data,0.4380074379137149,58.45140237297884,0.00040920844
6186,0,subtle_anomaly,monitor closely + collect more contextual data,0.3954304855633232,50.13240582063907,8.630964e-05
6187,1,temporal_pattern_anomaly,analyze time-series behavior + review LSTM/Transformer features,0.4262540617354227,62.32713630734638,0.99996245
6188,1,temporal_pattern_anomaly,analyze time-series behavior + review LSTM/Transformer features,0.3819034653211344,43.31514818779039,0.9999534
6189,0,subtle_anomaly,monitor closely + collect more contextual data,0.4428059019542289,66.22459850444051,6.052926e-05
6190,1,temporal_pattern_anomaly,analyze time-series behavior + review LSTM/Transformer features,0.4753595019495243,69.4081223132819,0.99991643
6191,1,temporal_pattern_anomaly,analyze time-series behavior + review LSTM/Transformer features,0.4339666572477048,63.848104249202,0.9999114
6192,0,subtle_anomaly,monitor closely + collect more contextual data,0.4260155086033781,58.1048471299984,0.0068364437
6193,0,subtle_anomaly,monitor closely + collect more contextual data,0.4462142500951037,59.95182397253495,9.815078e-05
6194,1,temporal_pattern_anomaly,analyze time-series behavior + review LSTM/Transformer features,0.3862031028908055,46.60261560219053,0.9945791
6195,1,collective_anomaly,investigate multivariate patterns + check correlated KPIs,0.5034093783013468,94.98228506629896,0.9999546
6196,1,temporal_pattern_anomaly,analyze time-series behavior + review LSTM/Transformer features,0.427839821482215,48.98276261128128,0.9999516
6197,0,subtle_anomaly,monitor closely + collect more contextual data,0.3930859654317253,45.47802981711374,8.3280465e-05
6198,1,temporal_pattern_anomaly,analyze time-series behavior + review LSTM/Transformer features,0.4106824853885286,51.86618755341934,0.9999565
6199,0,subtle_anomaly,monitor closely + collect more contextual data,0.4258115607211926,54.119291489318165,6.776993e-05
6200,0,collective_anomaly,investigate multivariate patterns + check correlated KPIs,0.4985317912261941,81.5193498630714,0.0005752098
6201,0,subtle_anomaly,monitor closely + collect more contextual data,0.4115111558225293,49.576984516602536,4.321461e-05
6202,0,subtle_anomaly,monitor closely + collect more contextual data,0.4339467058460479,52.84001066161965,0.0014902204
6203,1,temporal_pattern_anomaly,analyze time-series behavior + review LSTM/Transformer features,0.4514289860924182,62.81635891074304,0.99502677
6204,0,subtle_anomaly,monitor closely + collect more contextual data,0.435362036448553,59.6543824593798,0.0528496
6205,0,subtle_anomaly,monitor closely + collect more contextual data,0.3699318754466359,41.3000129580668,0.00022100635
6206,1,temporal_pattern_anomaly,analyze time-series behavior + review LSTM/Transformer features,0.4073409814422613,59.45436770649206,0.9989483
6207,0,subtle_anomaly,monitor closely + collect more contextual data,0.3885249769424849,45.82382512894625,0.00021691994
6208,0,subtle_anomaly,monitor closely + collect more contextual data,0.4184681002996961,54.593317820034805,0.0006546252
6209,0,subtle_anomaly,monitor closely + collect more contextual data,0.4198807627704962,52.41908863541911,8.79972e-05
6210,1,temporal_pattern_anomaly,analyze time-series behavior + review LSTM/Transformer features,0.4452438784979423,70.674069732424,0.9996468
6211,0,subtle_anomaly,monitor closely + collect more contextual data,0.4437918579856756,57.42173708829719,0.0014384942
6212,1,temporal_pattern_anomaly,analyze time-series behavior + review LSTM/Transformer features,0.4329111807030912,54.763185328944985,0.9999176
6213,1,temporal_pattern_anomaly,analyze time-series behavior + review LSTM/Transformer features,0.4386644941598357,55.49652940069999,0.9969092
6214,1,temporal_pattern_anomaly,analyze time-series behavior + review LSTM/Transformer features,0.4462252604140684,66.4114465527789,0.9997702
6215,1,collective_anomaly,investigate multivariate patterns + check correlated KPIs,0.5405512899506344,98.96123309941471,0.99988353
6216,0,subtle_anomaly,monitor closely + collect more contextual data,0.4437093973733296,56.1016569053201,0.0006141274
6217,0,subtle_anomaly,monitor closely + collect more contextual data,0.4555888641315679,68.31529977404372,0.00012697038
6218,0,subtle_anomaly,monitor closely + collect more contextual data,0.408856802569247,48.35893134178758,0.00024379496
6219,1,temporal_pattern_anomaly,analyze time-series behavior + review LSTM/Transformer features,0.4780099884890391,74.40024484387344,0.99995005
6220,0,subtle_anomaly,monitor closely + collect more contextual data,0.4093118088531216,49.46260147110801,0.00013930068
6221,0,subtle_anomaly,monitor closely + collect more contextual data,0.4372851413964523,60.96512367866908,0.00033158512
6222,1,temporal_pattern_anomaly,analyze time-series behavior + review LSTM/Transformer features,0.4548260344563584,68.9574474566,0.9829352
6223,0,collective_anomaly,investigate multivariate patterns + check correlated KPIs,0.5132398907335628,87.14062198055643,0.00025477968
6224,1,temporal_pattern_anomaly,analyze time-series behavior + review LSTM/Transformer features,0.4669545528926498,67.12193039914264,0.999926
6225,0,subtle_anomaly,monitor closely + collect more contextual data,0.4491813843288592,56.22052101198889,5.938361e-05
6226,1,temporal_pattern_anomaly,analyze time-series behavior + review LSTM/Transformer features,0.3973868322376426,43.27014762804762,0.9996069
6227,1,temporal_pattern_anomaly,analyze time-series behavior + review LSTM/Transformer features,0.4318386834105385,57.77834103434528,0.9992919
6228,0,subtle_anomaly,monitor closely + collect more contextual data,0.3911523348410523,46.53700705869088,7.413567e-05
6229,1,temporal_pattern_anomaly,analyze time-series behavior + review LSTM/Transformer features,0.4104566407513222,53.847250788952,0.9999589
6230,1,collective_anomaly,investigate multivariate patterns + check correlated KPIs,0.4929751421878812,81.70299794836214,0.9993168
6231,0,subtle_anomaly,monitor closely + collect more contextual data,0.387477163529835,45.52178310645202,0.0038539045
6232,0,subtle_anomaly,monitor closely + collect more contextual data,0.4492027420502139,58.360914122087,0.0013259333
6233,1,temporal_pattern_anomaly,analyze time-series behavior + review LSTM/Transformer features,0.469071932198664,72.08756202456992,0.9999716
6234,0,isolation_outlier,inspect individual extreme values + check for sensor drift,0.4912371387993946,75.77739693366533,0.00035386643
6235,0,subtle_anomaly,monitor closely + collect more contextual data,0.4517345028876636,61.46402475393607,0.0006737056
6236,0,subtle_anomaly,monitor closely + collect more contextual data,0.4119326747958665,52.22076775461431,0.00053704984
6237,1,temporal_pattern_anomaly,analyze time-series behavior + review LSTM/Transformer features,0.4723418196988198,64.09134203928144,0.9999497
6238,0,subtle_anomaly,monitor closely + collect more contextual data,0.3840928057135478,42.43396531807941,0.00021491703
6239,1,temporal_pattern_anomaly,analyze time-series behavior + review LSTM/Transformer features,0.434883377843647,51.69909442090434,0.9995183
6240,1,temporal_pattern_anomaly,analyze time-series behavior + review LSTM/Transformer features,0.442106329177987,61.67969613526317,0.99984324
6241,0,subtle_anomaly,monitor closely + collect more contextual data,0.406413202147748,48.664477595536106,0.00010018239
6242,0,subtle_anomaly,monitor closely + collect more contextual data,0.411709935737214,49.73015730639684,0.00011384338
6243,0,subtle_anomaly,monitor closely + collect more contextual data,0.4216417813873627,53.9113139845775,0.00022545524
6244,1,temporal_pattern_anomaly,analyze time-series behavior + review LSTM/Transformer features,0.4331711964415006,63.07707879763797,0.99996233
6245,1,collective_anomaly,investigate multivariate patterns + check correlated KPIs,0.5514241740979147,106.46704042034348,0.9998043
6246,1,temporal_pattern_anomaly,analyze time-series behavior + review LSTM/Transformer features,0.3933515255458831,45.90685224540883,0.9996227
6247,0,subtle_anomaly,monitor closely + collect more contextual data,0.4739605919844,67.67756705595058,0.00018692204
6248,0,subtle_anomaly,monitor closely + collect more contextual data,0.4548686321254725,60.92683644868549,0.00012536896
6249,0,subtle_anomaly,monitor closely + collect more contextual data,0.4379887990538361,52.44439374086759,0.0002623541
6250,0,subtle_anomaly,monitor closely + collect more contextual data,0.4201767946147904,52.92533361857129,8.3716004e-05
6251,0,subtle_anomaly,monitor closely + collect more contextual data,0.4243858961456309,54.96497365104952,0.00021162209
6252,0,subtle_anomaly,monitor closely + collect more contextual data,0.3999790277760434,49.629659519751264,0.00023986517
6253,1,temporal_pattern_anomaly,analyze time-series behavior + review LSTM/Transformer features,0.4226678261952362,56.676646422141005,0.9999751
6254,1,collective_anomaly,investigate multivariate patterns + check correlated KPIs,0.5094499904960692,96.31584406249776,0.9995894
6255,1,temporal_pattern_anomaly,analyze time-series behavior + review LSTM/Transformer features,0.4522787342469505,62.92213346815856,0.9999491
6256,1,subtle_anomaly,monitor closely + collect more contextual data,0.4189319656306488,53.72316981796177,0.21732832
6257,0,subtle_anomaly,monitor closely + collect more contextual data,0.4231251809942805,63.30523554958579,4.938613e-05
6258,1,temporal_pattern_anomaly,analyze time-series behavior + review LSTM/Transformer features,0.411590395754667,55.621263337886695,0.99991035
6259,0,subtle_anomaly,monitor closely + collect more contextual data,0.4029507857036077,47.86727203792622,0.0003192596
6260,0,subtle_anomaly,monitor closely + collect more contextual data,0.4047673098675184,50.86975823255798,0.000116451796
6261,1,temporal_pattern_anomaly,analyze time-series behavior + review LSTM/Transformer features,0.4728587698605034,69.489717748373,0.9998735
6262,0,subtle_anomaly,monitor closely + collect more contextual data,0.4115291496852768,49.67650552391507,7.3114286e-05
6263,1,temporal_pattern_anomaly,analyze time-series behavior + review LSTM/Transformer features,0.4513559165874398,59.774384872674574,0.99995124
6264,0,subtle_anomaly,monitor closely + collect more contextual data,0.4367493059178434,53.53483728932928,0.0010357858
6265,0,subtle_anomaly,monitor closely + collect more contextual data,0.4127516065417173,48.76681286327737,0.003632404
6266,1,collective_anomaly,investigate multivariate patterns + check correlated KPIs,0.4867131391436635,90.20067178774762,0.99996305
6267,0,subtle_anomaly,monitor closely + collect more contextual data,0.4069891073992199,45.85488681045288,0.0028306448
6268,1,temporal_pattern_anomaly,analyze time-series behavior + review LSTM/Transformer features,0.4360031475990543,58.81095423561452,0.9999585
6269,1,temporal_pattern_anomaly,analyze time-series behavior + review LSTM/Transformer features,0.4114454613926315,51.19643030741631,0.99978215
6270,0,subtle_anomaly,monitor closely + collect more contextual data,0.4271657543417503,52.71533426670007,0.000111759815
6271,0,subtle_anomaly,monitor closely + collect more contextual data,0.4606416298921164,59.88269591722042,0.0014004416
6272,1,temporal_pattern_anomaly,analyze time-series behavior + review LSTM/Transformer features,0.4019259568937108,47.40294483644298,0.99990046
6273,1,collective_anomaly,investigate multivariate patterns + check correlated KPIs,0.4775664305633048,80.71758252182588,0.9991229
6274,0,subtle_anomaly,monitor closely + collect more contextual data,0.418365736436683,58.22790731582128,0.000120160774
6275,0,subtle_anomaly,monitor closely + collect more contextual data,0.3977743027826909,51.34065182843971,5.5924644e-05
6276,1,temporal_pattern_anomaly,analyze time-series behavior + review LSTM/Transformer features,0.4235778189309609,61.26642865888664,0.9990871
6277,0,subtle_anomaly,monitor closely + collect more contextual data,0.3849128828108228,49.41818045292002,0.00018278109
6278,0,subtle_anomaly,monitor closely + collect more contextual data,0.4435480051237958,54.844098927320765,0.00056543306
6279,0,subtle_anomaly,monitor closely + collect more contextual data,0.414569936710445,51.6742449283698,1.5818288e-05
6280,1,collective_anomaly,investigate multivariate patterns + check correlated KPIs,0.5273690703744714,95.29318625763968,0.56667536
6281,0,subtle_anomaly,monitor closely + collect more contextual data,0.4140980396596252,47.98339028860514,0.0003172141
6282,1,collective_anomaly,investigate multivariate patterns + check correlated KPIs,0.5671244106411959,117.08831123198806,0.99994874
6283,0,subtle_anomaly,monitor closely + collect more contextual data,0.3953930103721442,47.54837870610961,0.00018309525
6284,1,temporal_pattern_anomaly,analyze time-series behavior + review LSTM/Transformer features,0.4260540536776544,53.29317150413495,0.98512065
6285,0,collective_anomaly,investigate multivariate patterns + check correlated KPIs,0.6020784698575946,135.85794075057512,0.0065046363
6286,0,subtle_anomaly,monitor closely + collect more contextual data,0.4699570760759209,64.90665498026166,0.003930862
6287,1,collective_anomaly,investigate multivariate patterns + check correlated KPIs,0.5389687086553079,108.61993298845417,0.9999068
6288,0,subtle_anomaly,monitor closely + collect more contextual data,0.3868818013271269,40.91301177976342,0.00015921539
6289,1,collective_anomaly,investigate multivariate patterns + check correlated KPIs,0.5219687701738767,98.28782950555312,0.99966323
6290,0,isolation_outlier,inspect individual extreme values + check for sensor drift,0.4950468561117877,77.47627053226006,0.00029100166
6291,0,subtle_anomaly,monitor closely + collect more contextual data,0.4250916316002915,50.52854053831304,0.00058727706
6292,0,subtle_anomaly,monitor closely + collect more contextual data,0.4283293305651393,50.82710521387009,0.0016131956
6293,1,temporal_pattern_anomaly,analyze time-series behavior + review LSTM/Transformer features,0.4232791432575664,53.09106719610067,0.9999552
6294,0,subtle_anomaly,monitor closely + collect more contextual data,0.4060086141614866,50.36394680897184,0.000108353
6295,1,temporal_pattern_anomaly,analyze time-series behavior + review LSTM/Transformer features,0.3902827201074468,45.388564893595614,0.9955427
6296,0,temporal_pattern_anomaly,analyze time-series behavior + review LSTM/Transformer features,0.4606422294816324,63.10358297887784,0.00029009086
6297,0,subtle_anomaly,monitor closely + collect more contextual data,0.3945759218374708,50.31544804990968,0.00025675955
6298,1,temporal_pattern_anomaly,analyze time-series behavior + review LSTM/Transformer features,0.3868539653925057,43.04033123240294,0.9998698
6299,1,temporal_pattern_anomaly,analyze time-series behavior + review LSTM/Transformer features,0.4079158837833657,45.47041633998967,0.99925715
6300,1,collective_anomaly,investigate multivariate patterns + check correlated KPIs,0.5403650126566867,112.89610703274836,0.99985325
6301,0,isolation_outlier,inspect individual extreme values + check for sensor drift,0.4846458091792495,65.74998390463887,0.00011577331
6302,0,subtle_anomaly,monitor closely + collect more contextual data,0.4092686557777518,50.86146245428351,0.0010855359
6303,0,subtle_anomaly,monitor closely + collect more contextual data,0.423535947651066,52.76437061788521,0.00041868852
6304,1,temporal_pattern_anomaly,analyze time-series behavior + review LSTM/Transformer features,0.44195561030496,56.78027164216613,0.99979466
6305,1,temporal_pattern_anomaly,analyze time-series behavior + review LSTM/Transformer features,0.451488531015188,67.22568498415328,0.9998915
6306,1,temporal_pattern_anomaly,analyze time-series behavior + review LSTM/Transformer features,0.427878509718205,61.62424700931448,0.9998578
6307,1,temporal_pattern_anomaly,analyze time-series behavior + review LSTM/Transformer features,0.4458832684888909,59.69542014602832,0.99953413
6308,0,subtle_anomaly,monitor closely + collect more contextual data,0.4783140301159813,68.30655282983135,0.025497261
6309,1,temporal_pattern_anomaly,analyze time-series behavior + review LSTM/Transformer features,0.3825978030018132,44.34579568141885,0.9987804
6310,0,subtle_anomaly,monitor closely + collect more contextual data,0.4371511119107468,52.94055550585049,0.0029210157
6311,0,subtle_anomaly,monitor closely + collect more contextual data,0.4118775194038626,55.599784069540746,2.6664158e-05
6312,1,temporal_pattern_anomaly,analyze time-series behavior + review LSTM/Transformer features,0.4243334553072964,54.43206729518258,0.99978393
6313,0,subtle_anomaly,monitor closely + collect more contextual data,0.4094322619894879,46.64030748834576,0.0017089953
6314,0,subtle_anomaly,monitor closely + collect more contextual data,0.4401567838005449,55.77297349090549,0.0013438981
6315,1,temporal_pattern_anomaly,analyze time-series behavior + review LSTM/Transformer features,0.4098923764363033,54.04669175178801,0.9998913
6316,0,subtle_anomaly,monitor closely + collect more contextual data,0.4214324671994878,49.6194321090681,0.00057810446
6317,1,temporal_pattern_anomaly,analyze time-series behavior + review LSTM/Transformer features,0.4195378177452587,53.42000509954639,0.99933773
6318,1,collective_anomaly,investigate multivariate patterns + check correlated KPIs,0.5340657452512998,105.3844011811264,0.99995303
6319,1,temporal_pattern_anomaly,analyze time-series behavior + review LSTM/Transformer features,0.4469774667788948,64.28156859673821,0.99575055
6320,1,temporal_pattern_anomaly,analyze time-series behavior + review LSTM/Transformer features,0.4079875279975805,51.24362238677132,0.9999633
6321,1,temporal_pattern_anomaly,analyze time-series behavior + review LSTM/Transformer features,0.4015116110711354,54.78106239268009,0.9999374
6322,1,temporal_pattern_anomaly,analyze time-series behavior + review LSTM/Transformer features,0.4240418001112229,58.138462219128805,0.9998017
6323,0,subtle_anomaly,monitor closely + collect more contextual data,0.4346926313349752,53.9012253639916,5.3627187e-05
6324,1,temporal_pattern_anomaly,analyze time-series behavior + review LSTM/Transformer features,0.4100218281763509,55.06829555608947,0.9999473
6325,1,temporal_pattern_anomaly,analyze time-series behavior + review LSTM/Transformer features,0.4275179683047029,61.73149085859345,0.9999615
6326,1,temporal_pattern_anomaly,analyze time-series behavior + review LSTM/Transformer features,0.3990957381025345,48.4661223338861,0.99980754
6327,0,subtle_anomaly,monitor closely + collect more contextual data,0.386191334075097,45.79796741942958,0.00023496753
6328,0,subtle_anomaly,monitor closely + collect more contextual data,0.4330757372062743,46.042977288817085,0.02303236
6329,1,temporal_pattern_anomaly,analyze time-series behavior + review LSTM/Transformer features,0.4364251264891849,58.380402238284425,0.9999474
6330,1,temporal_pattern_anomaly,analyze time-series behavior + review LSTM/Transformer features,0.4275323019260821,56.30040859364016,0.9998845
6331,0,subtle_anomaly,monitor closely + collect more contextual data,0.3884527699252888,47.059576578635365,5.7581376e-05
6332,0,temporal_pattern_anomaly,analyze time-series behavior + review LSTM/Transformer features,0.4141201273016661,54.910522025791934,0.013171064
6333,1,temporal_pattern_anomaly,analyze time-series behavior + review LSTM/Transformer features,0.4176040371516348,55.48109220165941,0.99992335
6334,0,isolation_outlier,inspect individual extreme values + check for sensor drift,0.4801953144109577,68.84020130878984,0.0009866082
6335,0,subtle_anomaly,monitor closely + collect more contextual data,0.4054325027127891,53.08202572624118,5.4959353e-05
6336,0,subtle_anomaly,monitor closely + collect more contextual data,0.432795239405654,56.29872567454404,0.00032861557
6337,0,subtle_anomaly,monitor closely + collect more contextual data,0.3900657211419608,45.02483427777499,4.1599873e-05
6338,1,temporal_pattern_anomaly,analyze time-series behavior + review LSTM/Transformer features,0.4271232187977221,63.5017046282795,0.99993753
6339,0,subtle_anomaly,monitor closely + collect more contextual data,0.4224493990075029,55.3635621824383,4.9685434e-05
6340,0,subtle_anomaly,monitor closely + collect more contextual data,0.3952690290917633,51.59484312451106,0.0018561091
6341,1,temporal_pattern_anomaly,analyze time-series behavior + review LSTM/Transformer features,0.4505767980984393,72.39946752454705,0.99846077
6342,0,subtle_anomaly,monitor closely + collect more contextual data,0.4025336712298321,48.85442055939432,0.00018054731
6343,1,temporal_pattern_anomaly,analyze time-series behavior + review LSTM/Transformer features,0.4340804311593261,54.29078969447531,0.9996395
6344,1,temporal_pattern_anomaly,analyze time-series behavior + review LSTM/Transformer features,0.4124652907187033,46.61778194760105,0.9998142
6345,1,temporal_pattern_anomaly,analyze time-series behavior + review LSTM/Transformer features,0.4339556162480706,61.05244242884691,0.9999441
6346,0,subtle_anomaly,monitor closely + collect more contextual data,0.4518988828028407,62.30293300421378,0.00018145997
6347,1,temporal_pattern_anomaly,analyze time-series behavior + review LSTM/Transformer features,0.3827631388177754,51.30921597449071,0.9998965
6348,1,temporal_pattern_anomaly,analyze time-series behavior + review LSTM/Transformer features,0.4532972920886744,70.26903921735435,0.9999609
6349,1,collective_anomaly,investigate multivariate patterns + check correlated KPIs,0.5108240515693534,95.04951670551516,0.99731076
6350,1,temporal_pattern_anomaly,analyze time-series behavior + review LSTM/Transformer features,0.4446558472954375,55.60492667191459,0.9999486
6351,0,temporal_pattern_anomaly,analyze time-series behavior + review LSTM/Transformer features,0.4628300207775781,75.2772977017487,0.0003489173
6352,1,confirmed_anomaly,high-confidence alert - trigger immediate investigation,0.4041552211870267,53.72358056440865,0.99959046
6353,0,subtle_anomaly,monitor closely + collect more contextual data,0.4075431836294317,53.40903858589537,0.00016085703
6354,0,subtle_anomaly,monitor closely + collect more contextual data,0.410765434266623,54.79940743970069,9.369495e-05
6355,1,temporal_pattern_anomaly,analyze time-series behavior + review LSTM/Transformer features,0.4210564594872832,61.48560040124099,0.9936074
6356,1,temporal_pattern_anomaly,analyze time-series behavior + review LSTM/Transformer features,0.4885898578020511,78.02330849815526,0.99991333
6357,1,temporal_pattern_anomaly,analyze time-series behavior + review LSTM/Transformer features,0.4542265952750284,62.97919655088636,0.99920577
6358,1,temporal_pattern_anomaly,analyze time-series behavior + review LSTM/Transformer features,0.4021222853714732,50.732091129096574,0.9999821
6359,0,subtle_anomaly,monitor closely + collect more contextual data,0.4542896970093614,65.07462761620414,0.00015126188
6360,1,temporal_pattern_anomaly,analyze time-series behavior + review LSTM/Transformer features,0.419123109534524,59.28997693144593,0.9999629
6361,1,temporal_pattern_anomaly,analyze time-series behavior + review LSTM/Transformer features,0.4156818388305374,55.14738863801489,0.99946135
6362,0,subtle_anomaly,monitor closely + collect more contextual data,0.431642725713757,55.19488743971113,0.001981024
6363,1,temporal_pattern_anomaly,analyze time-series behavior + review LSTM/Transformer features,0.3942419862031995,54.57416032853853,0.99994063
6364,0,temporal_pattern_anomaly,analyze time-series behavior + review LSTM/Transformer features,0.4715026995254602,78.00716889891456,0.63496745
6365,0,subtle_anomaly,monitor closely + collect more contextual data,0.3798760389339323,44.15935074053576,0.0004315116
6366,0,subtle_anomaly,monitor closely + collect more contextual data,0.4567131421893484,60.69908580584135,5.6923163e-05
6367,1,temporal_pattern_anomaly,analyze time-series behavior + review LSTM/Transformer features,0.4373865543824025,59.85800081090281,0.9999299
6368,1,temporal_pattern_anomaly,analyze time-series behavior + review LSTM/Transformer features,0.4181954292917074,54.54842309724907,0.99961096
6369,1,temporal_pattern_anomaly,analyze time-series behavior + review LSTM/Transformer features,0.4180470183240563,55.29060335412553,0.99994755
6370,1,temporal_pattern_anomaly,analyze time-series behavior + review LSTM/Transformer features,0.3865219568473755,44.44822888639323,0.56901664
6371,0,subtle_anomaly,monitor closely + collect more contextual data,0.4182111815602704,54.75652867653924,3.635005e-05
6372,1,temporal_pattern_anomaly,analyze time-series behavior + review LSTM/Transformer features,0.4194185247504121,58.05987713931974,0.99998355
6373,0,subtle_anomaly,monitor closely + collect more contextual data,0.3929267924158285,46.74626398726468,0.0011748653
6374,0,subtle_anomaly,monitor closely + collect more contextual data,0.4156920287448066,50.54110010355984,0.009514816
6375,0,subtle_anomaly,monitor closely + collect more contextual data,0.3982122699612113,47.34715645879892,4.695485e-05
6376,1,temporal_pattern_anomaly,analyze time-series behavior + review LSTM/Transformer features,0.4587463095355721,65.87563242155588,0.9999269
6377,0,collective_anomaly,investigate multivariate patterns + check correlated KPIs,0.5459426814062048,111.8787657407531,0.00011972056
6378,1,temporal_pattern_anomaly,analyze time-series behavior + review LSTM/Transformer features,0.4333340326184774,54.76000196949581,0.9935514
6379,1,temporal_pattern_anomaly,analyze time-series behavior + review LSTM/Transformer features,0.4189290726259316,56.24152372310471,0.9999559
6380,1,temporal_pattern_anomaly,analyze time-series behavior + review LSTM/Transformer features,0.4116556347562294,49.006584622146704,0.9979321
6381,1,temporal_pattern_anomaly,analyze time-series behavior + review LSTM/Transformer features,0.4353991748854957,54.53720770704341,0.9997615
6382,0,subtle_anomaly,monitor closely + collect more contextual data,0.4627486390436568,62.89443642532832,0.00043393913
6383,0,subtle_anomaly,monitor closely + collect more contextual data,0.4692813408145008,64.05304825890236,0.0020831055
6384,0,subtle_anomaly,monitor closely + collect more contextual data,0.4234198653418201,54.569653567315854,9.363002e-05
6385,0,subtle_anomaly,monitor closely + collect more contextual data,0.4008071653595267,51.37365028838156,0.00014781817
6386,1,temporal_pattern_anomaly,analyze time-series behavior + review LSTM/Transformer features,0.3857450895496659,50.33476026590389,0.99992275
6387,0,subtle_anomaly,monitor closely + collect more contextual data,0.3768608954712893,40.72176452323316,0.00023931966
6388,0,subtle_anomaly,monitor closely + collect more contextual data,0.448209209649976,61.77614147009712,3.510193e-05
6389,0,subtle_anomaly,monitor closely + collect more contextual data,0.4560123372998839,65.10245230922673,0.0015476944
6390,1,temporal_pattern_anomaly,analyze time-series behavior + review LSTM/Transformer features,0.4532502311792823,66.86948333876495,0.9999305
6391,0,subtle_anomaly,monitor closely + collect more contextual data,0.4091175045516688,57.405967756965765,0.0006833861
6392,1,temporal_pattern_anomaly,analyze time-series behavior + review LSTM/Transformer features,0.4537837216239337,75.01718635760946,0.9997675
6393,1,collective_anomaly,investigate multivariate patterns + check correlated KPIs,0.4937737806653888,88.53489896380687,0.9998172
6394,0,subtle_anomaly,monitor closely + collect more contextual data,0.4544714444664918,60.28481597369928,0.022314984
6395,0,subtle_anomaly,monitor closely + collect more contextual data,0.4231616788883381,50.80184588557908,0.00030243373
6396,0,subtle_anomaly,monitor closely + collect more contextual data,0.3828898895471671,43.61356814473962,0.00028124946
6397,0,subtle_anomaly,monitor closely + collect more contextual data,0.4359124238173689,56.45672625982755,0.00019986324
6398,0,subtle_anomaly,monitor closely + collect more contextual data,0.4213122678740509,52.38088014626531,6.9018686e-05
6399,1,temporal_pattern_anomaly,analyze time-series behavior + review LSTM/Transformer features,0.4297453112999705,62.28029901633959,0.99996066
6400,0,subtle_anomaly,monitor closely + collect more contextual data,0.4340898582826076,61.32664073409462,0.000175792
6401,1,temporal_pattern_anomaly,analyze time-series behavior + review LSTM/Transformer features,0.4839369910048573,71.04734187471287,0.9999136
6402,0,subtle_anomaly,monitor closely + collect more contextual data,0.4534224651668313,62.45737718206863,0.0045053423
6403,0,subtle_anomaly,monitor closely + collect more contextual data,0.4191756697991146,52.7171010338024,0.0008817393
6404,1,temporal_pattern_anomaly,analyze time-series behavior + review LSTM/Transformer features,0.3947029440257822,50.44616490231466,0.9999367
6405,0,subtle_anomaly,monitor closely + collect more contextual data,0.3862003121335395,42.02030360096808,0.0003358068
6406,0,subtle_anomaly,monitor closely + collect more contextual data,0.4069041483023441,52.365107943264,3.0883497e-05
6407,1,temporal_pattern_anomaly,analyze time-series behavior + review LSTM/Transformer features,0.4339757187943837,61.87651949044823,0.99087334
6408,0,subtle_anomaly,monitor closely + collect more contextual data,0.4015754712326786,47.71731744352324,0.00016246276
6409,0,subtle_anomaly,monitor closely + collect more contextual data,0.4174259889385825,57.55138429593729,2.7651211e-05
6410,0,subtle_anomaly,monitor closely + collect more contextual data,0.4261824849303064,54.46916229960213,0.007718552
6411,0,subtle_anomaly,monitor closely + collect more contextual data,0.443953298439545,57.79988767535391,6.381575e-05
6412,1,temporal_pattern_anomaly,analyze time-series behavior + review LSTM/Transformer features,0.4006299504540216,50.60812270311018,0.9926898
6413,0,subtle_anomaly,monitor closely + collect more contextual data,0.450649090115404,60.344093182224064,5.994918e-05
6414,1,temporal_pattern_anomaly,analyze time-series behavior + review LSTM/Transformer features,0.4390624763594166,64.79624350501763,0.9997286
6415,1,temporal_pattern_anomaly,analyze time-series behavior + review LSTM/Transformer features,0.4072369191457646,48.98723314892199,0.9991473
6416,0,subtle_anomaly,monitor closely + collect more contextual data,0.4051306509263588,48.625671787562666,0.00023390801
6417,0,isolation_outlier,inspect individual extreme values + check for sensor drift,0.4914476310260445,75.20331856259479,4.9702492e-05
6418,0,subtle_anomaly,monitor closely + collect more contextual data,0.4229107539538957,55.60638187248975,0.0010957359
6419,1,temporal_pattern_anomaly,analyze time-series behavior + review LSTM/Transformer features,0.3967659821655271,47.14984499420609,0.9992939
6420,0,subtle_anomaly,monitor closely + collect more contextual data,0.4096375898235781,48.35501203168658,0.00021968698
6421,1,temporal_pattern_anomaly,analyze time-series behavior + review LSTM/Transformer features,0.3930737376560753,46.57078459801371,0.99993646
6422,0,subtle_anomaly,monitor closely + collect more contextual data,0.3912044005711649,51.12548822579824,0.014038782
6423,0,collective_anomaly,investigate multivariate patterns + check correlated KPIs,0.5339243018199683,103.389918342224,0.00013678073
6424,0,subtle_anomaly,monitor closely + collect more contextual data,0.4224217457955903,53.33982377812176,0.0011671375
6425,0,subtle_anomaly,monitor closely + collect more contextual data,0.3975507795542007,47.469677096692,5.549141e-05
6426,0,subtle_anomaly,monitor closely + collect more contextual data,0.4747830939416013,68.190030906706,0.0007230375
6427,1,collective_anomaly,investigate multivariate patterns + check correlated KPIs,0.4985007309886597,84.71510602940565,0.99989974
6428,0,subtle_anomaly,monitor closely + collect more contextual data,0.4702385765147663,71.38022036502419,0.0013148366
6429,1,temporal_pattern_anomaly,analyze time-series behavior + review LSTM/Transformer features,0.4717168082135552,67.83832821613635,0.9998109
6430,0,subtle_anomaly,monitor closely + collect more contextual data,0.4603754957163785,71.64382463998132,0.00012618619
6431,0,subtle_anomaly,monitor closely + collect more contextual data,0.4315676371047091,60.694173439125706,0.027001137
6432,0,subtle_anomaly,monitor closely + collect more contextual data,0.3752689462948471,43.93138469644281,7.3724936e-05
6433,0,subtle_anomaly,monitor closely + collect more contextual data,0.4733380649538263,73.34066238769472,0.00414562
6434,0,isolation_outlier,inspect individual extreme values + check for sensor drift,0.4934466434209625,68.14657389027099,0.0037315323
6435,0,subtle_anomaly,monitor closely + collect more contextual data,0.4335650198790691,64.33633407968922,0.00021497587
6436,0,subtle_anomaly,monitor closely + collect more contextual data,0.4051768584508464,46.59248272643531,0.0029036175
6437,0,subtle_anomaly,monitor closely + collect more contextual data,0.4014062694975929,45.3120765214633,0.00015496937
6438,0,subtle_anomaly,monitor closely + collect more contextual data,0.4473308385670642,58.21926034604589,8.054962e-05
6439,0,subtle_anomaly,monitor closely + collect more contextual data,0.4470274087163455,65.57211787356302,0.00023829099
6440,1,collective_anomaly,investigate multivariate patterns + check correlated KPIs,0.5183279618951718,84.77241265075597,0.9873591
6441,1,temporal_pattern_anomaly,analyze time-series behavior + review LSTM/Transformer features,0.3827540405246165,46.93543520125122,0.9996314
6442,0,subtle_anomaly,monitor closely + collect more contextual data,0.408275805537564,45.18377904974052,0.000335759
6443,0,subtle_anomaly,monitor closely + collect more contextual data,0.4573220545243549,66.28634199382101,0.0011297297
6444,1,temporal_pattern_anomaly,analyze time-series behavior + review LSTM/Transformer features,0.4207312750493104,54.07501278549631,0.99989545
6445,0,temporal_pattern_anomaly,analyze time-series behavior + review LSTM/Transformer features,0.4015716619831427,51.76557863378876,0.0003653883
6446,1,temporal_pattern_anomaly,analyze time-series behavior + review LSTM/Transformer features,0.4199766571598178,56.15521051541533,0.990484
6447,1,temporal_pattern_anomaly,analyze time-series behavior + review LSTM/Transformer features,0.4226426720972071,54.34742671454068,0.9998622
6448,1,temporal_pattern_anomaly,analyze time-series behavior + review LSTM/Transformer features,0.4429656236757199,55.91091628339745,0.9995177
6449,0,subtle_anomaly,monitor closely + collect more contextual data,0.4404540809836756,61.75713101521719,0.00012605113
6450,1,collective_anomaly,investigate multivariate patterns + check correlated KPIs,0.5162901906322768,104.54431337060522,0.99989676
6451,0,subtle_anomaly,monitor closely + collect more contextual data,0.4071892847989309,46.82721379484918,0.0003525179
6452,1,temporal_pattern_anomaly,analyze time-series behavior + review LSTM/Transformer features,0.4560825085016624,69.25489259086314,0.99991953
6453,0,subtle_anomaly,monitor closely + collect more contextual data,0.4063143930200356,52.65756780282382,3.501838e-05
6454,0,temporal_pattern_anomaly,analyze time-series behavior + review LSTM/Transformer features,0.4184718966691501,51.83795863466833,0.007927686
6455,1,temporal_pattern_anomaly,analyze time-series behavior + review LSTM/Transformer features,0.4090461657971472,51.50074421644384,0.9998431
6456,0,subtle_anomaly,monitor closely + collect more contextual data,0.4599300923534021,56.336600776774965,0.00016898983
6457,0,temporal_pattern_anomaly,analyze time-series behavior + review LSTM/Transformer features,0.4522147862905603,64.20598046556292,0.0017122941
6458,1,temporal_pattern_anomaly,analyze time-series behavior + review LSTM/Transformer features,0.4584287816660994,64.9355461707363,0.9997851
6459,1,temporal_pattern_anomaly,analyze time-series behavior + review LSTM/Transformer features,0.4258076077935873,57.65402039424991,0.9999851
6460,1,collective_anomaly,investigate multivariate patterns + check correlated KPIs,0.5032495281647965,80.75573185122,0.99985313
6461,1,collective_anomaly,investigate multivariate patterns + check correlated KPIs,0.5390149636096472,99.46833177132322,0.9997336
6462,0,subtle_anomaly,monitor closely + collect more contextual data,0.4009558489009607,50.0989085515698,2.6054746e-05
6463,0,subtle_anomaly,monitor closely + collect more contextual data,0.4075803288218556,49.69033743138901,0.0001694017
6464,1,temporal_pattern_anomaly,analyze time-series behavior + review LSTM/Transformer features,0.4469858529179254,66.29623312373629,0.99819833
6465,0,subtle_anomaly,monitor closely + collect more contextual data,0.4368375850508491,60.152086264104106,0.000535931
6466,1,temporal_pattern_anomaly,analyze time-series behavior + review LSTM/Transformer features,0.4352216832163569,64.36323437296991,0.99427575
6467,0,subtle_anomaly,monitor closely + collect more contextual data,0.4079877119470636,48.185499590719,5.623321e-05
6468,1,temporal_pattern_anomaly,analyze time-series behavior + review LSTM/Transformer features,0.4402482725359457,59.0069482360187,0.99985516
6469,0,subtle_anomaly,monitor closely + collect more contextual data,0.4244867588419919,48.63164407858051,0.0029090494
6470,1,temporal_pattern_anomaly,analyze time-series behavior + review LSTM/Transformer features,0.4193521024623085,52.44242232364131,0.99963415
6471,1,temporal_pattern_anomaly,analyze time-series behavior + review LSTM/Transformer features,0.4664891340875938,67.7047509125023,0.9999311
6472,1,temporal_pattern_anomaly,analyze time-series behavior + review LSTM/Transformer features,0.4271428420446359,57.37899423908475,0.9981981
6473,0,subtle_anomaly,monitor closely + collect more contextual data,0.416118884345761,56.37832030084861,4.5473695e-05
6474,1,temporal_pattern_anomaly,analyze time-series behavior + review LSTM/Transformer features,0.4580300820425832,69.4379791726508,0.9999548
6475,1,temporal_pattern_anomaly,analyze time-series behavior + review LSTM/Transformer features,0.4347084860363773,66.6219266318883,0.9998995
6476,0,subtle_anomaly,monitor closely + collect more contextual data,0.4002206863213226,49.88350587018226,8.60566e-05
6477,1,temporal_pattern_anomaly,analyze time-series behavior + review LSTM/Transformer features,0.4302322811226461,59.44502405947576,0.9994586
6478,0,subtle_anomaly,monitor closely + collect more contextual data,0.438396548503382,56.88332952544356,9.587285e-05
6479,0,subtle_anomaly,monitor closely + collect more contextual data,0.3992306318876069,47.46124099719583,8.16973e-05
6480,0,subtle_anomaly,monitor closely + collect more contextual data,0.4618178402403976,62.69434958747771,6.412204e-05
6481,1,temporal_pattern_anomaly,analyze time-series behavior + review LSTM/Transformer features,0.4556853863957275,58.16132223036199,0.99390656
6482,1,temporal_pattern_anomaly,analyze time-series behavior + review LSTM/Transformer features,0.4041995259622524,53.91118102241853,0.99996555
6483,1,temporal_pattern_anomaly,analyze time-series behavior + review LSTM/Transformer features,0.3903674690885576,50.27494312446021,0.9998416
6484,0,subtle_anomaly,monitor closely + collect more contextual data,0.4068184531137436,53.23934013359781,0.00045328657
